asset_name,2024-04-01,2024-04-02,2024-04-03,2024-04-04,2024-04-05,2024-04-08,2024-04-09,2024-04-10,2024-04-11,2024-04-12,2024-04-15,2024-04-16,2024-04-17,2024-04-18,2024-04-19,2024-04-22,2024-04-23,2024-04-24,2024-04-25,2024-04-26,2024-04-29,2024-04-30,2024-05-01,2024-05-02,2024-05-03,2024-05-06,2024-05-07,2024-05-08,2024-05-09,2024-05-10,2024-05-13,2024-05-14,2024-05-15,2024-05-16,2024-05-17,2024-05-20,2024-05-21,2024-05-22,2024-05-23,2024-05-24,2024-05-28,2024-05-29,2024-05-30,2024-05-31,2024-06-03,2024-06-04,2024-06-05,2024-06-06,2024-06-07,2024-06-10,2024-06-11,2024-06-12,2024-06-13,2024-06-14,2024-06-17,2024-06-18,2024-06-20,2024-06-21,2024-06-24,2024-06-25,2024-06-26,2024-06-27,2024-06-28
MICROSOFT CORP,0.009151,-0.007372,-0.002349,-0.006113,0.018283,-0.002186,0.00398,-0.007085,0.011033,-0.014091,-0.019578,0.002272,-0.006609,-0.018381,-0.012739,0.00461,0.016486,0.003656,-0.024495,0.018244,-0.010017,-0.032119,0.014409,0.007343,0.02217,0.016918,-0.010156,0.002932,0.004336,0.005869,-0.002459,0.006865,0.017452,-0.00494,-0.001853,0.012208,0.008699,0.00345,-0.008176,0.0074,0.000372,-0.002672,-0.033786,0.001109,-0.003878,0.006167,0.019083,0.001203,-0.001578,0.009484,0.011242,0.019368,0.001179,0.002242,0.013105,-0.004528,-0.001434,0.009154,-0.004691,0.007327,0.002683,0.001526,-0.013029
APPLE INC,-0.008456,-0.006999,0.004797,-0.004892,0.004502,-0.006664,0.007243,-0.011139,0.043271,0.008627,-0.021864,-0.019167,-0.008147,-0.005714,-0.012213,0.005091,0.006392,0.012702,0.005147,-0.003473,0.024808,-0.018271,-0.006047,0.022032,0.059816,-0.009107,0.003797,0.001864,0.010014,-0.006881,0.017645,0.006173,0.012218,0.000632,0.000158,0.006162,0.006857,-0.007538,-0.021058,0.016588,5.3e-05,0.001579,0.005255,0.005019,0.009259,0.001649,0.007821,-0.007097,0.012392,-0.019148,0.072649,0.028578,0.005491,-0.008168,0.019672,-0.010985,-0.021513,-0.010444,0.003133,0.004468,0.019993,0.003986,-0.016254
NVIDIA CORP,7.7e-05,-0.010082,-0.005455,-0.034385,0.024481,-0.009942,-0.020417,0.019741,0.041097,-0.026816,-0.024777,0.016442,-0.038666,0.007568,-0.100046,0.043543,0.036533,-0.033316,0.037087,0.061756,0.000251,-0.01544,-0.0389,0.033429,0.034632,0.037741,-0.017213,-0.001568,-0.018416,0.012744,0.005797,0.010586,0.035838,-0.002864,-0.019924,0.024881,0.006394,-0.004571,0.093196,0.025723,0.069804,0.008112,-0.037666,-0.007846,0.048954,0.012496,0.051556,-0.011777,-0.000909,0.007461,-0.007143,0.035481,0.035224,0.017514,-0.006824,0.03512,-0.035404,-0.032192,-0.066841,0.067564,0.002459,-0.019067,-0.003629
AMAZON COM INC,0.003271,-0.001547,0.009519,-0.013212,0.028167,0.000648,0.002592,0.001508,0.016671,-0.015446,-0.013485,-0.001634,-0.011128,-0.011364,-0.025611,0.014889,0.013034,-0.016431,-0.016536,0.03426,0.00746,-0.032936,0.022857,0.031955,0.008066,0.013372,0.000318,-0.004026,0.007979,-0.01066,-0.004854,0.00268,-0.005773,-0.012689,0.005827,-0.00628,-0.002125,-0.000109,-0.011358,-0.001657,0.007745,-0.000714,-0.014834,-0.016061,0.010769,0.005607,0.010818,0.020521,-0.003784,0.014976,0.000909,-0.001816,-0.016373,-0.000925,0.002178,-0.006791,0.017997,0.016013,-0.018564,0.004149,0.039015,0.0219,-0.02325
META PLATFORMS INC,0.011883,0.012252,0.018839,0.008249,0.032138,-0.015341,-0.004526,0.005668,0.006406,-0.021523,-0.022797,-0.00094,-0.011185,0.01544,-0.041311,0.001372,0.02983,-0.005241,-0.105613,0.004327,-0.02407,-0.005663,0.020968,0.00567,0.023275,0.030357,0.005497,0.009312,0.005967,0.001641,-0.017199,0.008205,0.020536,-0.017257,-0.002789,-0.006505,-0.00898,0.00678,-0.004276,0.026708,0.003555,-0.011585,-0.01541,-0.000471,0.022835,-0.001047,0.037883,-0.002626,-0.00162,0.019555,0.00969,0.0027,-0.009315,0.001111,0.004899,-0.014093,0.004425,-0.013793,0.008347,0.023431,0.004935,0.012551,-0.029525
ALPHABET INC,0.030213,-0.005981,0.002329,-0.028337,0.013087,0.01541,0.011301,-0.002937,0.020943,-0.010539,-0.018196,-0.00297,0.00693,0.003473,-0.012307,0.014213,0.01267,0.005497,-0.01967,0.102244,-0.033731,-0.020283,0.006635,0.016844,0.003721,0.005142,0.018739,-0.01092,0.003424,-0.007708,0.002905,0.007095,0.012739,0.009681,0.010794,0.004885,0.005257,-0.008265,-0.016045,0.008297,0.008058,-0.002834,-0.021546,0.002266,0.003884,0.00358,0.009322,0.007525,-0.012844,0.004299,0.009199,0.006624,-0.014793,0.009306,0.002545,-0.012131,0.006911,0.018888,-0.002282,0.026839,-0.000815,0.008321,-0.017583
ALPHABET INC,0.027847,-0.004026,0.003208,-0.02833,0.013163,0.014291,0.012809,-0.003035,0.019853,-0.009951,-0.017966,-0.002111,0.005641,0.003697,-0.011051,0.014321,0.012472,0.007379,-0.019553,0.099652,-0.033335,-0.019416,0.005649,0.017455,0.003146,0.004971,0.018548,-0.010521,0.002454,-0.007518,0.003582,0.006027,0.011342,0.008914,0.010603,0.006599,0.006052,-0.008577,-0.016517,0.007255,0.009584,-0.003483,-0.021646,0.002305,0.002644,0.004071,0.011078,0.007229,-0.013457,0.005001,0.008832,0.007688,-0.015705,0.009223,0.002299,-0.013033,0.007141,0.014349,0.00294,0.026495,-0.001132,0.008038,-0.01841
LILLY ELI & CO,-0.022379,0.004484,0.015747,-0.010193,0.021,-0.008824,-0.025795,0.00626,-0.003137,-0.010466,-0.001157,-0.005368,0.005397,-0.00642,-0.026329,0.006912,0.019635,-0.018091,-0.010011,0.011919,0.005031,0.05955,-0.005569,-0.02683,-0.027702,0.043145,0.014465,-0.003561,-0.004452,-0.01497,-0.003026,0.008288,0.03186,-0.020203,-0.001452,0.017117,0.025524,-0.000324,0.0069,-0.001262,0.000533,0.004543,0.00435,0.006478,0.013312,0.0016,-0.000997,0.006649,0.015168,0.017659,0.000948,0.001709,0.018483,-0.005525,0.007468,0.007288,-0.006136,-0.002382,0.007048,0.01629,-0.003703,0.008632,-0.004026
BROADCOM INC,0.018749,-0.008517,0.018263,-0.033531,0.016645,-0.002486,-0.001512,-0.008778,0.045441,-0.027769,-0.024835,0.014016,-0.034935,-0.018431,-0.043114,0.016394,0.020197,0.006108,0.029917,0.038357,-0.004055,-0.028649,-0.044152,-0.003452,0.031924,0.025194,-0.005495,0.017082,-0.014864,0.020779,0.003534,0.03179,0.04068,-0.016739,-0.011925,0.013431,-0.010488,-0.004974,0.000754,0.010443,0.003275,-0.01542,-0.01912,-0.026047,-0.005005,0.006748,0.061819,-0.008365,0.003832,0.02405,0.014273,0.0236,0.122687,0.033383,0.054079,-0.014408,-0.037703,-0.043775,-0.03688,-0.007172,0.007091,-0.003354,0.011893
TESLA INC,-0.003242,-0.049024,0.010502,0.016213,-0.036293,0.048999,0.022546,-0.028946,0.016535,-0.020332,-0.055949,-0.027062,-0.010566,-0.03551,-0.019209,-0.034002,0.018515,0.120611,0.049651,-0.011106,0.153069,-0.055501,-0.017951,0.000111,0.006555,0.019703,-0.037616,-0.017378,-0.01574,-0.020352,0.0203,0.032928,-0.020051,0.004885,0.014985,-0.014144,0.066591,-0.03478,-0.035367,0.031657,-0.013892,-0.003168,0.014757,-0.003971,-0.010052,-0.008622,0.001316,0.0168,-0.002585,-0.020791,-0.01801,0.038849,0.029218,-0.024442,0.052975,-0.013764,-0.017797,0.007931,-0.00235,0.026126,0.048145,0.005347,0.00233
JPMORGAN CHASE & CO,-0.00679,-0.000402,-0.002816,-0.007564,0.0092,0.005217,-0.006701,-0.008521,-0.000205,-0.064678,0.000547,-0.011428,-0.003982,0.006497,0.025104,0.01943,0.014413,0.004892,0.001502,0.000621,-0.001085,-0.007968,0.000626,-0.001042,-0.006,0.007821,-0.001302,0.020339,0.009456,0.00643,-0.000201,0.013989,0.002978,0.001781,0.011458,-0.044973,0.020145,-0.006065,-0.007009,0.019246,-0.006029,-0.006967,0.006158,0.016556,-0.003997,-0.01318,-0.00954,-0.001774,0.015439,-0.0017,-0.026301,-0.014561,0.011121,0.00062,0.006193,0.01036,0.008477,-0.011929,0.013143,-0.004073,-0.003231,0.008813,0.015514
WALMART INC,-0.002825,-0.014,0.004564,0.001178,0.005882,-0.00117,0.000167,0.013882,-0.008743,0.000832,-0.003492,-0.001502,-0.003175,-0.006538,0.004556,0.010247,-0.017459,0.0132,0.005679,-0.00083,0.00133,-0.014774,-0.008425,0.014613,0.001842,0.000836,0.012527,-0.005279,0.005763,0.000662,-0.001157,-0.009104,-0.000501,0.069865,0.009998,-0.00727,0.015114,0.001535,-0.006284,0.008328,-0.0052,-0.001845,-0.000462,0.013407,0.000912,0.011851,0.007357,0.000894,-0.018913,0.016394,-0.003435,-0.006294,0.005881,0.004798,0.005968,0.00267,0.006065,-0.00147,0.014578,-0.021481,0.012904,-0.006004,-0.002504
BERKSHIRE HATHAWAY INC DEL,-0.000761,-0.003046,0.003151,-0.011708,0.007946,-0.00633,-0.003077,-0.013456,-0.003667,-0.010672,-0.007439,-0.008345,0.002066,0.005406,0.012979,0.009134,-9.8e-05,-0.006826,-0.002562,-0.00694,-0.002835,-0.01055,0.004663,0.005068,0.000674,0.010103,0.003013,0.000566,0.006029,0.007901,-0.002014,-0.002383,0.006143,0.000872,0.009247,-0.00945,0.003317,-0.000917,-0.01959,0.00377,-0.008615,0.00047,0.011186,0.01417,0.000941,-0.012681,0.000781,0.003001,0.006422,-0.007034,-0.005623,0.000661,-0.006972,-0.000936,0.004389,0.001547,0.002941,0.001149,0.010644,-0.007271,-0.001728,-0.005631,-0.002819
EXXON MOBIL CORP,0.006452,0.019574,0.000168,0.003521,0.013782,-0.006756,0.005226,0.008417,-0.003355,-0.011659,-0.005732,-0.008272,-0.000506,-0.000927,0.011475,0.005672,0.003898,0.000165,0.002313,-0.027776,0.014242,-0.011451,-0.01894,0.00181,-0.002065,0.006466,-0.004968,-0.000172,0.019716,-0.004053,-0.000424,0.006021,0.007734,-0.005988,0.015017,-0.008108,-0.00691,-0.02011,-0.017059,-0.000793,0.012696,-0.010709,0.003168,0.028687,-0.023964,-0.015553,0.003994,0.007514,-0.010705,0.002927,-0.008047,-0.011055,-0.008023,-0.008451,-0.006874,0.009413,0.021576,-0.00877,0.029704,0.002806,0.00035,0.004283,0.001915
UNITEDHEALTH GROUP INC,-0.010107,-0.064448,0.003492,-0.009484,0.000791,0.000571,0.008158,-0.021035,-0.018509,-0.005705,0.01464,0.052196,0.02154,0.029625,0.01612,-0.019755,-0.01028,0.002304,0.013462,0.003017,-0.012759,-0.010899,0.000848,0.018302,-0.001055,0.003919,0.01331,0.004491,0.007591,0.0114,-0.002087,0.004182,0.007142,0.007188,0.006446,-0.014105,0.012219,-0.004202,-0.00867,-0.016756,-0.008836,-0.037643,-0.006334,0.028485,0.004179,0.016183,-0.004689,-0.002385,-0.022374,0.008784,0.002465,-0.006348,0.008579,-0.000362,-0.011647,-0.01672,0.007213,-0.003983,0.015313,-0.011184,-0.000949,0.004958,0.046912
VISA INC,-0.002867,0.000575,-0.005315,-0.010687,0.01146,0.002237,-0.003744,-0.008095,0.004372,0.001016,-0.016959,0.000258,0.004938,-0.004841,-0.005859,0.009452,0.006536,0.00332,0.000509,-0.002326,-0.009762,-0.011882,-0.004802,0.001085,0.003288,0.015569,0.0139,0.002641,0.00487,0.007898,-0.004809,-0.005906,0.013538,-0.00405,0.000929,-0.005569,-0.009298,-0.001341,-0.004899,0.000948,-0.012787,-0.007824,0.009075,0.004276,-0.007634,0.007545,0.007635,0.009253,0.005884,-0.013026,-0.001345,-0.015837,0.003218,-0.001954,0.001884,0.009035,0.011695,-0.00578,0.003924,-0.010025,0.000256,-0.025621,-0.015454
MASTERCARD INC,-0.006583,0.002153,-0.004192,-0.016024,0.01571,0.004946,-0.013971,-0.006333,-0.001833,-0.006257,-0.012012,6.5e-05,0.000739,-0.011865,0.001517,0.002986,0.01329,-0.000691,-0.000843,0.000671,-0.011505,-0.012907,-0.020235,-0.002194,0.005622,0.013053,0.008212,0.003774,0.001583,0.003271,0.001707,-0.007777,0.008366,0.0019,0.003051,-0.001325,-0.001218,-0.00562,-0.011632,-6.6e-05,-0.01352,-0.005864,-0.000836,0.011242,-0.008679,0.003565,0.004249,0.004522,0.002474,-0.001201,-0.000467,-0.013451,0.004515,-0.000831,0.007827,0.004463,0.005332,0.005171,0.004639,-0.002867,-0.007177,-0.021287,-0.003591
PROCTER & GAMBLE CO,-0.010293,-6.2e-05,-0.027527,-0.004483,0.004181,-0.000384,0.003973,0.003702,-0.008904,-0.003273,0.000773,0.003216,0.006477,0.008515,0.005404,0.015176,0.00598,0.006811,-0.000308,-0.007752,0.002294,0.009526,0.001225,0.002693,0.003784,-0.000122,0.008027,-0.004163,0.005876,0.004878,-0.005874,-0.000663,0.004525,0.008108,-0.001311,-0.001969,0.006216,-0.003208,-0.013825,-0.000967,-0.013428,-0.008951,0.005753,0.012056,0.000669,0.014333,-0.005748,0.014574,-0.008369,0.001736,0.000777,-0.013733,0.007446,0.002283,0.004257,0.006328,-0.00528,0.003519,0.001129,-0.009498,0.003596,-0.004957,-0.010203
ORACLE CORP,-0.001035,-0.009085,0.015281,-0.016239,0.005717,-0.004404,-0.00579,-0.01201,0.012238,-0.017283,-0.010156,0.006173,-0.016167,-0.022499,-0.009655,-0.003047,0.00489,0.002172,-0.003901,0.020193,-0.006143,-0.023521,0.007736,0.002879,0.007307,0.021934,-0.003465,-0.004579,-0.006389,0.000257,-0.002571,0.03867,0.006288,0.004358,0.010969,0.008259,0.000883,-0.000241,-0.004093,-0.009509,0.012855,-0.006025,-0.053742,0.000854,0.017834,0.006623,0.021321,0.007095,0.019595,-0.011277,-0.00498,0.133193,-0.003775,-0.012299,0.023022,0.023565,-0.011961,-0.009866,-0.011378,-0.005147,-0.006754,0.014107,0.007276
COSTCO WHOLESALE CORP NEW,-0.015547,-0.013782,-0.007887,-0.001148,0.012541,-0.002676,0.009525,0.005553,0.013521,-0.00142,-0.017817,-0.003216,-0.001089,-0.005509,-0.002446,0.008386,0.010091,0.001674,-0.001202,0.010141,-0.003908,-0.004722,-0.000941,0.014151,0.015646,0.016871,0.019644,-0.010242,0.020474,0.010462,-0.015295,0.003548,0.01175,0.007662,0.003455,-0.003531,0.01,0.001161,-0.006884,0.016814,0.004248,-0.008178,0.010936,-0.006684,0.006791,0.014717,0.008352,0.009996,0.003489,0.003264,0.001143,-0.001766,-0.002182,0.011478,0.014305,0.003272,-0.009543,-0.016384,-0.000177,0.008666,0.001555,-0.007259,-0.000741
JOHNSON & JOHNSON,-0.002592,-0.000317,-0.022,-0.011409,-0.000721,-0.00525,0.004618,-0.013724,-0.009388,-0.008535,0.000474,-0.021275,0.002215,0.0067,0.01489,0.008181,0.002951,-0.006887,-0.011513,-0.004632,0.004653,-0.015189,0.045577,-0.008334,-0.004336,-0.004623,0.000942,0.001547,0.006042,0.0004,0.008739,0.001058,0.008522,0.010546,0.002333,-0.013774,-0.000198,0.014943,-0.024756,-0.018236,-0.017623,0.000416,0.005816,0.009568,0.007295,0.000406,-0.012382,0.003083,0.004508,0.00034,-0.002515,-0.009199,0.000275,0.000619,0.002817,-0.002056,0.014624,0.006564,0.002487,-0.012943,-0.002514,-0.006947,0.002469
BERKSHIRE HATHAWAY INC DEL,-0.000646,-0.0059,0.005728,-0.008643,0.004511,-0.004143,-0.002768,-0.012681,-0.003684,-0.013912,-0.005905,-0.010488,0.003578,0.006403,0.011752,0.009881,-0.003417,-0.002853,-0.003032,-0.007587,-0.00234,-0.009909,0.004337,0.007164,-0.005629,0.00961,0.004046,0.001377,0.006102,0.010011,-0.001608,-0.002818,0.005757,0.003669,0.006839,-0.009732,0.003049,-8e-05,-0.020445,0.005847,-0.011203,-0.000302,0.014576,0.01572,0.005913,-0.021668,0.000915,0.003236,0.003695,-0.007378,-0.003126,-0.000288,-0.006647,-0.000981,0.004845,0.001857,0.003658,-0.003643,0.014766,-0.005259,-0.006007,-0.003356,-0.004486
HOME DEPOT INC,-0.040589,-0.013667,-0.00854,-0.006168,0.000531,0.01168,-0.00174,-0.030048,-0.0091,-0.012955,-0.014408,-0.009174,-0.005973,0.00018,0.00742,0.002236,0.008598,-0.01767,-0.003093,0.009368,0.005103,-0.00766,-0.006732,0.010724,0.021816,-0.001633,-0.004674,-0.00546,0.025411,-0.002907,-0.01579,-0.001349,0.023994,-0.017036,0.004318,-0.018564,-0.004944,-0.01654,-0.011192,-0.005476,0.011074,-0.008488,0.016937,0.017285,-0.020486,0.000762,0.006093,0.002543,-0.012292,0.01691,0.009502,0.025081,0.010868,-0.00299,0.007669,0.012504,-0.001215,0.006677,-0.013828,-0.035796,0.010345,-0.000965,0.008053
MERCK & CO INC NEW,-0.007275,-0.004886,-0.003452,-0.017244,0.002585,-0.011173,0.001185,0.000316,-0.004734,-0.00325,0.003579,-0.008955,0.002479,-0.001117,0.004392,0.009222,-0.000473,0.000946,0.029291,0.003672,-0.008232,-0.006917,-0.00325,-0.004193,-0.005847,0.000471,0.022027,-0.006366,0.005249,-0.001305,-0.00592,-0.004873,0.023861,-0.006453,0.002369,-0.001524,-0.001756,0.0026,-7.6e-05,-0.012205,-0.026257,-0.001507,-0.010882,0.008111,0.022941,0.002258,0.005749,0.008266,0.001149,0.006275,0.002662,-0.012439,-0.006375,0.00085,-0.009345,0.003843,0.013126,0.008098,0.017136,-0.000301,-0.010683,-0.012776,-0.046372
BANK OF AMERICA CORP,-0.010549,-0.005864,0.003753,-0.013889,0.005146,0.010509,0.006133,-0.028624,-0.008186,-0.015406,0.004471,-0.035327,0.015859,0.015328,0.033548,0.020557,0.016963,-0.001303,-0.010699,-0.00211,-0.007402,-0.014381,-0.001621,-0.001894,0.010033,0.011812,0.00398,-0.003436,0.015115,0.004441,-0.006242,0.007328,0.010912,0.007967,0.001785,-0.011962,0.021381,0.002774,-0.014839,0.013531,-0.009572,-0.015259,-0.002324,0.035206,-0.002751,-0.005015,0.007056,-0.006506,0.00806,-0.002765,-0.020418,0.014153,-0.003806,-0.000509,0.006881,0.012149,0.0,-0.012503,0.013421,-0.015992,-0.00965,0.00641,0.013248
ABBVIE INC,-0.007359,-0.000387,-0.018595,-0.053178,0.012508,-0.001176,0.002002,-0.006524,-0.008933,-0.022027,-0.003759,0.005381,0.010521,0.002496,0.010628,0.008894,0.009828,-0.010263,-0.003039,-0.045849,0.011903,0.006934,-0.005657,-0.005627,0.018531,-0.006472,-0.001106,-0.012919,-0.000312,0.002182,0.003297,0.001922,0.013615,0.003419,0.012595,-0.011177,-0.009905,-0.020377,-0.008458,-0.007582,-0.010951,-0.003541,0.00982,0.03154,-0.006512,0.012173,0.020353,0.018919,0.005042,0.006139,-0.016192,-0.0096,0.00283,0.012188,0.006465,0.009901,0.004493,-0.010109,0.013792,-0.01152,0.002343,-0.01262,0.014971
NETFLIX INC,0.011493,-0.000163,0.025838,-0.020537,0.030852,-0.012214,-0.016247,0.000615,0.016489,-0.009463,-0.025175,0.01708,-0.006202,-0.0051,-0.090933,-0.000793,0.041742,-0.039169,0.017438,-0.006321,-0.0031,-0.015818,0.001943,0.024361,0.025108,0.030431,0.015126,0.005726,0.004299,-0.001993,0.009364,-0.004752,-0.000228,-0.00489,0.017329,0.03175,0.015277,-0.015585,-0.007494,0.017431,0.003479,0.008659,-0.010632,-0.009326,-0.012204,-0.003424,0.029527,-0.002691,-0.010871,0.004724,0.006284,0.002328,0.004923,0.024676,0.009636,0.01456,-0.009684,0.010441,-0.024923,0.005067,0.007852,0.009813,-0.013824
CHEVRON CORP NEW,0.008495,0.0044,0.004131,0.001558,0.005663,-0.002042,0.004527,0.004136,-0.004795,-0.018099,-0.008619,-0.008313,0.000768,0.007481,0.015422,0.012,0.005744,0.004421,0.010454,0.003691,0.002652,-0.030421,-0.010169,0.006891,-0.002986,0.012793,0.00228,-0.000799,0.017903,0.002236,-0.00778,-0.005592,-0.003423,-0.002024,0.009808,-0.009406,-0.007261,-0.015003,-0.003998,0.005161,0.008177,-0.013456,0.008668,0.025528,-0.029821,-0.008447,-0.007366,0.00613,0.000962,0.004229,-0.001595,-0.014506,-0.008948,-0.001766,0.004064,0.000914,0.021587,-0.008682,0.025953,-0.005335,-0.01584,0.002373,0.00064
COCA COLA CO,-0.008173,-0.008734,-0.00532,-0.008858,0.003541,-0.004033,0.007592,-0.013396,0.002206,-0.01304,-0.002402,-0.001376,0.007751,0.006836,0.021389,0.006315,0.001486,0.015007,0.003087,0.0,0.004859,-0.004352,0.00259,0.000969,0.002904,0.002895,0.00433,0.003673,0.000477,0.006043,0.005059,-0.00755,0.000475,0.00301,-0.00458,-0.007298,0.005434,0.001431,-0.014444,-0.00145,-0.002903,-0.001941,0.004376,0.015491,0.0,0.01605,-0.000313,0.003598,-0.003741,-0.005007,-0.000629,-0.010543,0.001749,0.000714,0.001119,0.00016,-0.007185,0.009489,0.019117,-0.002032,0.00329,-0.002186,-0.004068
ADVANCED MICRO DEVICES INC,0.01579,-0.025308,0.011584,-0.082647,0.027679,-0.003051,0.00518,-0.021314,0.020103,-0.042346,-0.018128,0.019586,-0.057751,0.006882,-0.054424,0.013639,0.024422,-0.003481,0.013312,0.023673,0.017789,-0.011361,-0.08909,0.0131,0.030378,0.034396,-0.008666,-0.005245,-0.008007,-0.003084,-0.008952,0.017269,0.042505,0.018476,0.011376,0.011309,-0.01004,0.005223,-0.030752,0.036963,0.031558,-0.037702,0.009749,0.0009,-0.020072,-0.021767,0.038627,0.003671,0.006536,-0.044856,-0.008607,0.008052,-0.002122,-0.001688,-0.007705,-0.0238,0.046239,-0.0034,-0.006078,0.0,-0.016911,0.012251,0.017182
SALESFORCE INC,0.003586,0.005757,0.002434,-0.034784,0.026416,-0.000596,0.002121,-0.009095,-0.001569,-0.016146,-0.072778,0.016526,-0.003929,-0.015924,-0.0057,0.012723,0.010482,-0.001771,-0.011043,0.00421,0.005286,-0.024661,-0.00093,0.012803,0.005622,0.007199,0.005623,0.006458,-0.013622,0.005451,0.003072,-0.002594,0.038801,-0.009947,0.003267,0.005112,-0.01153,0.000211,-0.018498,-0.022544,-0.009035,0.006634,-0.197371,0.075364,0.009299,-0.007438,0.007111,0.026339,-0.003749,-4.1e-05,-0.003515,-0.021536,-0.028711,0.012706,-0.006295,0.005771,0.043096,0.013482,-0.020893,0.007585,0.00575,0.039893,0.016808
ADOBE INC,-0.004974,-0.005736,-0.004407,-0.019919,-0.004085,-0.001732,0.017077,-0.010821,-0.006034,-0.021042,-0.008416,0.013019,-0.003717,-0.002677,-0.017245,0.004021,0.012872,0.008924,-0.007713,0.008702,-0.009402,-0.021646,0.014174,0.015296,0.020165,0.015241,-0.002674,-0.008471,-0.011166,-0.000746,0.0017,-0.014821,0.01975,-0.005089,0.001139,0.002606,-0.005859,0.004317,-0.001281,-0.016304,0.00631,-0.001735,-0.066436,-0.002489,-0.012906,0.021297,0.016571,0.005112,0.015934,-0.011796,0.005979,-0.006095,-0.002457,0.145115,-0.012507,0.006766,0.00134,0.020059,-0.017378,0.00517,0.003378,0.034238,0.016058
PEPSICO INC,-0.011599,-0.008903,-0.010266,-0.000177,-0.003006,0.002601,0.006074,-0.00973,-0.003492,-0.001544,-0.006841,0.003294,0.011821,0.016462,0.010797,0.013381,-0.029695,0.036152,-0.004115,-0.006226,0.003189,-0.001306,-0.00432,0.001713,0.00399,-0.001873,0.012513,-0.003427,0.003664,0.009716,0.006174,-0.005694,-0.002279,0.020339,-0.005024,-0.010319,0.00427,0.005578,-0.015487,-0.00714,-0.0259,-0.012862,-0.003915,0.014195,-0.009659,0.015535,-0.0023,-0.001672,-0.004648,-0.030051,-0.005003,-0.007512,-0.003052,0.002939,0.014224,0.002046,0.001201,0.0036,0.004782,-0.004343,-0.003645,-0.002879,-0.008
QUALCOMM INC,0.014294,-0.00396,0.01678,-0.023863,0.010427,0.012184,0.011232,-0.026827,0.024991,-0.021927,-0.008465,-0.007419,-0.02527,-0.017527,-0.0236,0.016177,0.007304,0.014131,-0.002017,0.014452,0.021369,-0.019799,-0.010491,0.097435,-0.002554,0.012302,-0.009348,0.00222,-5.5e-05,0.00853,0.011698,0.02584,0.029846,-0.006886,0.003053,0.020118,0.015625,0.010356,-0.005766,0.042625,0.01293,-0.022621,-0.012532,-0.003662,0.009115,-0.007479,0.036845,-0.011609,-0.013465,0.013213,-0.003965,0.032947,0.011235,-0.011386,0.031997,0.021915,-0.051169,-0.013645,-0.055004,0.006622,-0.02394,-0.011048,0.020651
THERMO FISHER SCIENTIFIC INC,-0.006469,-0.0102,0.007768,-0.009358,0.01551,-0.001139,0.017968,-0.02629,0.001499,-0.016256,-0.013021,-0.005951,-0.013164,-0.010471,0.00602,0.006608,0.047795,0.004873,-0.009803,0.003271,0.005736,-0.014162,0.011025,-0.006504,0.001978,0.002044,-0.001186,0.001344,0.007479,0.026128,-0.003929,0.006941,0.007095,-0.003122,-0.003098,-0.002167,-0.006549,0.001152,-0.009766,-0.001675,-0.019656,-0.009204,-0.008003,0.009276,0.002817,0.000158,0.009848,0.007927,0.002156,0.000671,-0.009613,-0.000347,-0.005315,-0.000332,-0.00708,0.00206,-0.021013,0.013262,0.002391,-0.016662,0.002965,-0.01324,0.004031
WELLS FARGO & CO NEW,-0.006039,-0.004513,-0.003836,-0.007877,0.012703,0.006794,-0.003634,-0.011115,-0.004391,-0.003881,0.008854,-0.00983,0.01365,0.027282,0.027409,0.012428,-0.002619,-0.005579,-0.011056,-0.000334,-0.001836,-0.008027,0.003372,0.005208,0.001838,0.004171,0.001163,0.016097,0.006533,0.009954,-0.010179,0.010284,0.007271,-0.020533,0.000328,-0.006221,0.012521,-0.008623,-0.020515,0.008881,-0.012124,-0.012273,0.00783,0.011991,-0.00968,-0.010785,-0.000341,-0.01619,0.010913,-0.007368,-0.01381,0.002976,-0.000524,0.00227,0.014634,0.013908,-0.001524,-0.014586,0.015663,-0.030673,-0.003322,0.007192,0.034309
T MOBILE U S INC,-0.00337,-0.003627,0.00728,-0.010107,-0.003094,-0.001304,0.000622,-0.003851,0.001933,-0.003983,-0.001437,-0.000188,0.001877,0.004747,0.009201,0.000185,0.005482,0.005697,-0.000792,-0.000549,0.001769,-0.000487,0.007919,-0.003384,-0.00188,-0.013548,-0.001109,0.003946,0.011362,-0.002915,-0.005177,-0.005755,0.001662,0.005532,0.002568,-0.00061,0.002807,0.006936,-0.003202,0.006244,0.007892,0.009384,0.010777,0.028764,-0.010745,0.027906,0.013265,-0.002774,0.000278,0.004838,-0.012674,-0.025841,0.007595,0.005025,0.007898,0.001297,-0.006587,0.001644,0.006903,-0.001798,-0.007431,0.006296,-0.006989
APPLIED MATERIALS INC,0.011929,-0.012363,0.006162,-0.01924,0.021928,0.005725,0.006554,-0.005513,0.017826,-0.02404,-0.010488,0.018475,-0.04578,-0.027865,-0.023415,-0.001634,0.019951,0.014593,0.007345,0.029772,0.009244,-0.032203,-0.023458,0.020207,0.031226,0.023372,-0.007373,0.000193,-0.004967,0.016478,-0.014781,0.015438,0.036555,-0.015909,-0.009111,0.037109,-0.000682,-0.005687,-0.000917,0.013489,0.001947,-0.010257,-0.011459,-0.006742,-0.004045,-0.00929,0.05254,-0.007253,-9e-05,0.028999,0.007933,0.033396,-0.000421,-0.002189,0.024596,0.020465,-0.031635,-0.019084,-0.023661,0.019274,-0.008964,0.001551,0.01488
CISCO SYSTEMS INC,0.002605,-0.013589,-0.004457,-0.012926,0.009146,-0.006385,0.036692,-0.015997,0.006503,-0.020997,-0.005156,-0.006634,-0.002713,0.006696,0.004365,-0.003725,0.003739,0.000621,-0.005171,-0.00499,-0.001672,-0.016743,-0.00298,-0.001067,0.007053,-0.000212,0.003609,0.015229,-0.004375,0.00565,0.012901,0.005546,0.014709,-0.026777,-0.003517,-0.02159,-0.004031,0.010439,-0.0175,-0.003863,-0.003016,-0.004321,0.000868,0.008239,0.003226,0.016506,-0.029523,0.004563,-0.008436,0.000218,-0.001745,-0.003277,-0.002192,0.003515,0.000219,0.006128,0.016315,0.0122,-0.000212,0.002115,-0.010975,0.012591,0.001264
DANAHER CORP,-0.007729,-0.007466,-0.006506,-0.009986,0.009839,-0.000123,0.022723,-0.015733,-0.007606,-0.016598,-0.001209,0.002837,-0.003953,-0.012657,-0.003596,0.00242,0.072137,-0.010667,-0.01841,0.003173,0.000973,-0.00081,0.001095,-0.000203,0.006239,-0.003946,0.005497,0.003176,0.007534,0.007756,-0.006986,0.030404,0.0162,0.005238,0.003625,0.004929,-0.002097,0.002401,-0.02167,0.005279,-0.015488,-0.010746,-0.012464,0.016064,0.017835,0.00746,0.017165,0.000485,-0.018285,0.006044,-0.012922,0.012861,-0.03628,-0.000627,-0.002825,0.0133,-0.034756,0.025748,0.00706,-0.010204,-0.002164,-0.007216,-0.006514
INTUIT INC,-0.015631,-0.020708,-0.005729,-0.002761,0.023275,0.015006,-0.000449,-0.024422,-0.001034,-0.010515,-0.014474,-0.001029,0.002813,-0.007877,-0.005276,0.007601,0.03462,0.007307,-0.01432,0.01622,0.002891,-0.020004,-0.016656,-0.001886,0.024803,0.008534,0.010258,-0.013601,-0.008807,0.008694,-0.008097,0.013122,0.031019,-0.002687,0.011953,0.013567,-0.003477,0.003669,-0.01195,-0.083457,-0.011483,-0.0029,-0.059019,0.023927,-0.015995,0.008533,0.003863,-0.002821,0.002183,-0.011605,-0.000952,0.045033,0.004053,0.001816,0.011449,0.011883,0.010497,0.026084,-0.013082,0.010563,0.011119,0.021899,0.008857
MCDONALDS CORP,-0.006136,-0.00885,-0.007921,-0.019779,-0.012588,0.003262,0.007026,-0.002858,-0.000186,-0.004579,-0.004338,-0.003005,0.017029,0.003816,0.003727,0.013199,0.004717,-0.00047,-0.004155,-0.009107,0.001684,-0.001864,0.005091,-0.00419,-0.010831,-0.003773,-0.006684,0.003701,-0.002011,0.026311,-0.013382,-0.002433,0.01186,-0.001314,-0.004131,-0.016558,-0.007466,-0.000376,-0.029499,0.000698,-0.017706,-0.016447,0.010827,0.027056,0.009772,0.011434,-0.010391,0.002808,-0.017298,-0.009367,0.001852,0.000787,-0.003065,-0.000473,-0.000276,-0.010729,0.012002,0.022025,0.003817,-0.011522,0.001748,0.001319,-0.012899
DISNEY WALT CO,-0.006783,0.010615,-0.031265,-0.015885,0.011017,-0.008701,0.005283,-0.006612,-0.000341,-0.026803,-0.009297,0.008234,-0.008254,-0.004516,0.001601,-0.005506,0.015359,0.001847,-0.010095,-0.000355,-0.005766,-0.008744,-0.005581,0.01937,0.009235,0.024723,-0.095132,0.000474,0.003414,-9.5e-05,0.000378,-0.004536,-0.02449,0.005838,-0.001161,-0.00339,0.001069,9.7e-05,-0.022908,0.010928,0.006682,-0.015229,0.008128,0.021731,-0.010971,0.005449,-0.01771,-0.002857,0.003261,0.011818,-0.018201,-0.000694,-0.007044,-0.001199,0.015505,-0.000197,0.00335,0.004222,-0.002836,0.002157,-0.000196,-9.8e-05,-0.028188
ABBOTT LABORATORIES,-0.013813,-0.000624,-0.006606,-0.010514,0.009899,-0.006115,0.017373,-0.011295,0.002519,-0.016061,-0.002016,0.002939,-0.030309,-0.005949,0.019094,-0.001957,0.004857,-0.006506,-0.000281,0.00627,-0.002418,-0.012119,0.00302,-0.003481,-0.000189,-0.002455,0.005017,-0.011585,-0.002573,0.000669,0.000286,-0.007254,0.005576,0.002677,-0.007438,-0.008454,-0.002422,0.018065,-0.005629,-0.002686,-0.01924,-0.011967,0.010027,0.004423,0.006654,0.005444,-0.001934,0.010075,0.031745,-0.000837,-0.015629,-0.013515,-0.00891,0.002223,-0.002218,0.00522,0.02481,-0.007976,-0.003973,0.001804,-0.005783,-0.002193,-0.007071
TEXAS INSTRUMENTS INC,-0.00597,-0.016227,-0.000117,-0.010626,-0.006112,0.011702,0.023604,-0.026173,0.013498,-0.028446,0.00012,0.007454,-0.011278,-0.012251,-0.024378,0.023485,0.012483,0.056445,0.002517,0.012725,0.010198,-0.016008,-0.006915,0.003425,0.017691,0.015427,0.01266,0.007007,0.007448,0.009335,0.004117,0.017623,0.023021,-0.002864,0.000256,0.021434,-0.000954,0.017738,-0.025921,0.00958,0.002109,-0.023497,0.00395,-0.003424,-0.006615,-0.002168,0.014382,0.000816,-0.00321,0.010276,-0.000911,0.0078,-0.013569,-0.012126,0.005157,0.006927,-0.017784,0.01437,-0.008285,0.002888,-0.007045,0.001709,0.005687
GENERAL ELECTRIC CO,-0.000968,-0.022183,0.067048,0.012155,0.060452,0.001408,-0.01297,0.013723,0.006832,-0.017567,-0.006014,0.019909,-0.006953,-0.017537,-0.031908,0.014386,0.082762,-0.021092,0.013003,0.006759,0.013181,-0.016232,-0.013101,0.01841,0.009038,0.023521,0.004822,0.000474,-0.008054,-0.024597,-0.023748,0.003135,0.021688,-0.014376,-0.007634,-0.003815,0.010799,-0.00118,0.027672,0.012526,0.007351,-0.029426,0.003667,0.005725,-0.022284,-0.000495,0.00725,-0.011873,0.008094,0.005682,-0.01523,0.004303,-0.033282,0.00122,0.047152,0.01066,0.000182,-0.004606,-0.022528,-0.005045,0.005697,-0.000872,-0.009533
VERIZON COMMUNICATIONS INC,0.007626,0.00615,0.007052,-0.009104,-0.007774,-0.009259,-0.005392,-0.007835,-0.008885,-0.010956,0.009819,-0.008477,0.000251,0.008798,0.008971,-0.046678,0.028498,-0.00529,-0.006837,0.011729,0.010333,-0.014966,-0.007344,-0.006888,-0.001028,0.011314,-0.000509,0.004325,0.007852,0.015331,0.003465,-0.001233,0.0,-0.005927,-0.00472,0.001498,-0.012463,0.004291,-0.009048,0.007862,-0.009562,-0.006606,0.031458,0.020332,-0.004131,0.014153,-0.005053,-0.000484,-0.009436,-0.012946,0.000247,-0.016081,0.000251,-0.002765,-0.005294,0.015712,0.003992,0.0,0.023111,-0.002186,-0.001461,-0.004876,0.010289
AMGEN INC,-0.004502,-0.024131,-0.006481,-0.023067,0.006938,-0.002778,0.004309,-0.014462,0.013323,-0.010074,-0.006622,0.00049,-0.00591,-0.004999,0.02352,0.011081,0.005995,-0.001938,-0.013296,0.002227,0.023705,-0.008828,0.012521,0.003677,0.11818,-0.037939,0.002738,0.023343,0.01806,-0.008662,-0.005481,0.009596,0.024502,-0.006488,-0.007149,0.006625,0.000986,-0.017278,-0.009405,-0.002153,-0.018474,-0.012725,0.015622,0.016113,0.005133,-0.000163,3.3e-05,-0.005498,-0.002192,-0.000984,-0.013192,0.001264,-0.008569,0.000402,0.015605,0.008936,0.012746,-0.005583,0.032418,0.003646,-0.020325,0.002781,-0.003953
AMERICAN EXPRESS CO,-0.000351,-0.009138,0.004877,-0.027975,0.01307,0.007417,-0.019053,-0.009962,0.002527,0.0,0.000917,-0.000275,-0.003069,-0.000781,0.062253,0.008483,0.025579,0.00067,-0.008448,-0.006158,0.01392,-0.020467,-0.010982,0.004493,-0.007441,0.015427,0.001408,0.006733,0.012276,0.013214,-0.015064,0.012068,0.000704,-0.001572,0.006216,-0.002142,0.003219,-0.012301,-0.019284,0.011552,-0.003905,-0.005522,0.005425,0.011719,-0.013,0.001562,-0.01079,-0.00571,-0.002914,-0.000989,-0.03403,-0.002182,-0.008257,0.011837,0.015346,0.004556,0.003925,0.000738,0.004731,-0.003802,0.00039,-0.009884,0.013792
CATERPILLAR INC,-0.007341,0.002997,0.030042,-0.015966,0.025717,-0.01537,-0.004204,0.000457,-0.000242,-0.017071,-0.004704,-0.011074,-0.004335,-0.001088,-0.005504,0.008318,0.015771,0.000743,-0.070202,0.015917,0.018696,-0.043539,-0.010461,0.0132,0.003905,0.015887,0.008477,-0.001449,0.021132,0.008557,0.005327,0.004205,0.005193,-0.025886,0.015825,0.018189,-0.010145,-0.008717,-0.014722,-0.005133,-0.006965,-0.024129,0.003372,-0.002152,-0.021151,-0.011438,0.005739,-0.003521,0.00198,0.002037,-0.006978,0.004338,-0.00721,-0.014983,0.002893,0.008499,0.012272,-0.003919,0.006589,-0.007879,-0.002046,0.002234,0.017224
SERVICENOW INC,0.007831,-0.014798,0.002853,-0.002121,0.034255,0.00268,-0.004302,-0.016658,0.002795,-0.00341,-0.042799,0.012191,-0.011185,-0.006912,-0.02386,0.011262,0.026318,0.007207,-0.040252,0.010192,-0.003303,-0.038591,-0.011135,0.014746,0.030084,0.013828,-0.018209,0.010795,0.002649,0.009475,0.000452,-0.011642,0.053976,-0.003366,0.009287,0.011934,0.003707,-0.008005,-0.01645,-0.025905,-0.013067,0.003101,-0.120131,0.021204,0.004841,0.018012,0.047783,-0.001349,-0.006186,0.014797,0.004075,0.013286,-0.016272,0.026516,-0.004227,0.006437,0.00567,0.020455,-0.012998,0.020579,-0.001192,0.02682,0.016199
INTERNATIONAL BUSINESS MACHS COR,-0.005918,-0.005004,0.010695,-0.015506,0.006385,0.003595,-0.002687,-0.017273,-0.000753,-0.019527,-0.005596,0.013793,-0.003537,-0.008902,0.000606,0.001762,0.001594,0.010484,-0.08251,-0.010538,0.001795,-0.007346,-0.01065,0.001581,0.006193,0.0175,-0.001364,0.009027,-0.011536,0.005293,0.002453,-0.001194,0.005378,0.00422,0.000355,0.005265,0.020892,0.001268,-0.017387,0.001289,-0.007198,-0.015384,-0.0085,0.007366,-0.00941,0.003207,0.009469,0.004899,0.010761,0.002176,-0.006221,-0.00189,0.00071,0.000532,0.001714,0.006195,0.01976,-0.008395,0.014786,-0.013771,-0.00423,-0.005935,0.012291
PFIZER INC,-0.001081,-0.006133,-0.011978,-0.020941,0.000375,-0.003001,0.007524,-0.017177,0.00076,-0.018223,0.001933,-0.008491,-0.01051,-0.00118,0.024025,0.01,0.002285,-0.0019,-0.038447,0.005542,0.009449,-0.00078,0.06089,0.019132,0.003971,0.012585,-0.013849,0.018005,0.011673,-0.006033,0.015352,-0.00211,0.015504,0.00347,-0.009682,-0.003841,0.001051,0.036415,-0.030743,0.006622,-0.020083,-0.016961,0.013659,0.016312,0.02268,0.006141,0.002035,-0.025381,-0.007639,-0.017845,-0.001425,-0.0132,-0.000362,-0.00434,-0.019978,0.015938,0.012039,0.0,0.02235,-0.013047,-0.020364,0.013859,0.006475
INTUITIVE SURGICAL INC,-0.010574,-0.031681,0.002772,-0.011737,0.024992,-0.003759,0.010415,-0.006395,0.009782,-0.019018,-0.019335,0.003153,-0.01157,-0.004116,-0.01688,0.00707,0.022091,-0.005489,-0.00504,0.005923,-0.00317,-0.009408,0.002914,0.016008,0.009824,0.004432,0.01462,-0.021305,0.013356,0.003243,-0.01505,0.00869,0.039564,-0.007411,0.006029,0.003034,0.0052,-0.003009,-0.006261,0.016215,-0.009436,-0.006558,0.012525,-0.003148,0.004327,0.006809,0.026143,0.002181,-0.001291,0.001844,0.000956,0.022255,-0.012147,0.00681,0.009911,0.011628,-0.005632,2.3e-05,-0.008138,0.03093,0.000565,0.005762,-0.000584
MORGAN STANLEY DEAN WITTER & CO,-0.006691,-0.008767,0.003128,-0.007742,0.002059,0.008003,0.009334,-0.025829,-0.052482,-0.007485,0.009282,0.024716,0.010545,0.001998,0.004432,0.015773,0.018135,0.00096,-0.013745,0.002917,0.0014,-0.013788,0.007706,0.012126,0.010685,0.012281,0.01055,-0.001566,0.025826,0.001733,0.002849,0.00832,0.011471,-0.009351,0.006427,0.001098,0.011961,-0.007781,-0.018066,0.000505,-0.003031,-0.014189,-0.000411,0.006274,-0.004395,-0.008521,0.000828,0.001966,0.002994,-0.007721,-0.00996,0.002305,-0.0046,0.003046,0.016126,0.005462,-0.001332,-0.013136,0.009775,0.007209,-0.009305,-0.01156,0.014827
PHILIP MORRIS INTERNATIONAL INC,-0.001965,0.004156,-0.008931,-0.00989,-0.006881,0.009388,0.008304,-0.014824,-0.003232,-0.006486,-0.002814,0.010158,0.012067,0.006845,0.02818,0.003093,0.038274,0.013926,-0.02959,-0.011135,0.006104,-0.006904,0.011692,0.013118,0.000925,0.000513,0.000821,0.007382,0.012316,0.002011,-0.003713,0.005539,0.007312,0.000895,-0.008246,-0.002404,0.006426,0.008381,-0.01405,0.00281,0.001201,-0.004498,-0.001908,0.019817,0.015585,0.008061,0.002698,0.001634,-0.006044,0.000676,0.00135,-0.01127,-0.006527,0.002157,-0.001468,-0.007937,-0.000395,0.000198,0.019516,0.001669,-0.000784,-0.003825,-0.002363
UBER TECHNOLOGIES INC,-0.007663,0.007592,-0.002208,-0.024606,0.029899,-0.027605,0.001466,-0.010514,0.024613,-0.011814,-0.024973,0.009945,-0.029543,-0.008896,-0.029453,-0.003179,0.026385,-0.020339,-0.000721,-0.003751,-0.023896,-0.016766,0.022937,0.011506,0.009625,0.032934,-0.015103,-0.05722,0.023042,-0.013838,-0.01448,-0.010603,0.019902,-0.008556,-0.005753,-0.015532,-0.010518,0.023605,-0.028711,0.010377,-0.011516,0.022198,-0.012475,0.006862,-0.011927,0.011914,0.019675,0.046794,0.005951,-0.010244,0.014432,0.051157,-0.031306,-0.01129,0.006138,-0.00227,-0.000427,-0.00128,0.0047,0.011908,-0.007425,-0.007198,0.033267
COMCAST CORP NEW,-0.024683,-0.003784,-0.006697,-0.010113,-0.005108,-0.004646,-0.013756,-0.01071,0.010574,-0.019183,0.001524,-0.007862,-0.003323,0.016158,0.015649,0.008201,-0.005176,-0.003717,-0.058195,0.018484,0.00726,-0.019048,0.002362,0.004188,0.008603,-0.005169,0.0,0.014549,-0.01306,0.019979,0.009921,0.0,-0.011335,0.003057,-0.00254,-0.001528,0.0,-0.008161,-0.0054,-0.003619,0.0,-0.015568,0.024512,0.029843,-0.011242,-0.000505,-0.010617,-0.001788,-0.002815,-0.004363,-0.012117,-0.012787,-0.006609,-0.003725,-0.003472,-0.010989,0.025745,0.016645,0.0,-0.002079,-0.004688,0.00157,0.022989
GOLDMAN SACHS GROUP INC,-0.010007,-0.008126,0.009387,-0.01872,0.00448,0.006053,0.000414,-0.024226,-0.008184,-0.020102,0.029243,-0.010028,0.017765,-0.001981,0.002208,0.033045,0.015934,-0.002264,-0.007068,0.017903,0.007578,-0.009517,0.000562,0.013163,0.012969,0.012529,0.000293,0.007098,0.019264,-0.001822,-0.002573,0.010826,0.016621,-0.003368,0.006889,-0.01022,0.016136,-0.01707,-0.009148,0.006614,-0.002971,-0.005741,-0.009165,0.013971,-0.003373,0.000703,0.014013,-0.007754,-0.006964,-0.00299,-0.020461,0.009971,-0.005237,0.000246,0.008332,0.016105,0.001355,-0.017182,0.026456,-0.010193,-0.003323,-0.021717,0.014261
MICRON TECHNOLOGY INC,0.054373,-0.01247,0.042851,-0.030623,-0.00411,-0.005098,-0.002603,-0.003506,0.043453,-0.039134,-0.009386,0.003296,-0.044674,-0.037823,-0.0461,0.02201,0.030609,-0.006047,-0.001789,0.029217,-0.00418,-0.012242,-0.02886,0.023975,0.021099,0.047341,-0.007658,0.000923,-0.012655,0.029115,0.014517,0.014715,0.024037,0.000626,-0.02033,0.029611,-0.011628,-0.009569,-7.9e-05,0.025501,0.024558,-0.008216,-0.040204,-0.010215,0.02536,-0.011937,0.055828,-0.027223,0.006689,0.029632,0.001854,0.042052,0.016981,-0.012435,0.04577,0.038017,-0.060345,-0.032249,-0.003798,0.015179,0.008787,-0.071158,-0.005294
NEXTERA ENERGY INC,-0.008293,-0.007889,-0.005248,0.018865,0.007061,0.010595,0.008017,-0.020954,-0.001094,-0.01345,-0.005231,-0.016733,0.033874,0.003449,0.004531,0.015708,0.013627,0.005438,0.005108,-0.013602,0.02167,-0.006675,0.024489,0.003498,0.018736,0.015826,0.009825,0.012509,0.023748,-0.010593,0.010706,0.011263,0.021612,-0.008306,-0.004188,-0.002891,0.014235,-0.008187,-0.013103,0.017127,0.012009,-0.010964,0.019692,0.023405,-0.022432,-0.007206,-0.001296,-0.004543,-0.01708,0.020958,-0.054957,-0.006599,0.012732,-0.00164,-0.010266,-0.025861,0.028677,0.00483,0.014284,-0.011781,0.005344,0.00477,-0.039474
S & P GLOBAL INC,0.003855,-0.002295,0.000821,0.004596,0.007399,0.005839,0.00205,-0.025195,-0.002641,-0.012083,-0.019746,-0.002442,0.008689,0.003057,-0.00196,0.010592,-0.008802,4.8e-05,0.005372,0.000674,-0.00113,0.001252,0.00089,0.001826,0.019714,0.001364,0.006576,0.001517,0.007176,-0.001666,-0.008249,4.7e-05,0.017919,0.005325,0.008812,-0.009369,0.004866,0.005524,-0.013611,0.004493,-0.016521,-0.011903,-0.00793,0.014042,0.004093,0.00601,0.010305,-0.003736,-0.01362,0.002939,-0.002767,0.026679,-0.006951,-0.006382,-0.002532,0.005885,0.006562,0.001163,0.013091,0.008562,-0.000936,0.001227,-0.006482
LAM RESH CORP,0.010519,-0.014728,0.011413,-0.027331,0.017812,-0.001363,0.006286,-0.012021,0.022711,-0.026884,-0.011358,0.018031,-0.052916,-0.025585,-0.021003,-0.002505,0.022291,-0.002851,0.018737,0.026512,0.003717,-0.037037,-0.029416,0.017947,0.028121,0.017622,-0.010416,-0.001782,-0.006285,0.008683,-0.012705,0.009681,0.038585,-0.005117,-0.032697,0.032859,0.023311,0.001836,-0.007911,0.012984,0.000711,-0.018553,-0.002665,-0.019207,0.003421,-0.013788,0.053092,-0.009807,0.000551,0.041913,-0.00331,0.03789,0.000838,-0.002427,0.034479,0.01855,-0.025946,-0.010327,-0.024687,0.027801,0.002716,6.6e-05,0.008543
HONEYWELL INTERNATIONAL INC,-0.015786,-0.008811,-0.011287,-0.009698,0.005611,0.003094,0.003287,-0.013911,0.006236,-0.003606,-0.010808,-0.01711,-0.001888,0.003782,0.016642,0.006795,0.002966,-0.006984,-0.009087,0.002228,0.001654,-0.005367,0.013335,-0.0085,0.011206,-0.004137,0.009487,0.006096,0.013027,0.011414,0.004337,-0.002895,0.009104,0.012874,-0.003146,-0.006554,-0.005425,-0.003489,-0.016815,0.001505,-0.002554,-0.010593,0.019485,0.006371,0.001335,0.02356,0.009844,-0.003918,0.001583,0.009388,-0.005979,-0.004678,0.000624,-0.000479,0.016401,0.004341,0.005966,0.004436,0.003719,-0.00667,-0.004756,0.004451,-0.003918
UNION PACIFIC CORP,-0.010694,-0.003165,-0.004041,-0.00356,0.005484,-0.007107,0.002081,-0.016363,-0.002913,-0.007453,-0.001962,-0.011456,-0.008778,0.00253,0.009878,0.010298,0.007762,-0.01824,0.049875,-0.003121,-0.007579,-0.015729,-0.009276,0.011619,0.011233,-0.004784,0.013252,0.014523,0.002887,0.003203,-0.006952,-0.003012,0.006532,-0.002596,-0.003782,-0.00547,-0.035587,-0.001064,-0.008521,-0.002836,-0.013101,-0.013668,0.014875,0.021288,-0.019328,-0.003066,-0.000923,0.003958,-0.001489,0.004299,-0.006726,-0.004134,-0.019208,-9e-05,-0.003242,0.005421,0.011636,0.004175,0.001106,-0.010161,-0.002008,-0.000626,0.012485
A T & T INC,-0.005682,0.001143,0.005137,-0.002271,-0.008537,-0.009759,-0.004203,-0.010059,-0.01853,-0.006699,-0.004292,-0.009236,0.001865,0.013027,0.011023,-0.012114,0.011649,0.018788,-0.013682,0.010253,0.016119,-0.007638,0.001776,-0.00591,0.001784,0.008309,0.005297,0.001756,0.004091,-0.000582,0.005242,0.002317,0.001734,-0.001731,0.00578,0.006897,-0.014269,0.013318,-0.001714,0.001717,-0.013143,-0.008686,0.029206,0.034052,-0.011526,0.018878,-0.002725,-0.001093,-0.009847,-0.01326,0.0,-0.013998,0.003407,-0.001698,0.001701,0.021505,0.003324,0.016013,0.013587,0.002145,0.003745,-0.000533,0.0192
R T X CORP,0.002358,0.008081,-0.010147,0.018042,0.023965,0.001868,-0.002748,-0.002362,-0.005722,-0.006747,-0.000799,0.008198,-0.000892,-0.000397,0.00844,0.0,-0.001772,-0.003551,0.00683,-0.00295,0.010157,-0.008981,-0.002955,0.006619,-0.004809,0.00503,0.012953,0.006878,0.017318,0.005485,-0.004891,-0.000945,-0.003311,-0.004556,-0.000576,0.008063,0.003904,0.008347,-0.008466,0.008159,-0.007058,-0.009003,0.010997,0.019769,-0.004081,0.004936,0.005005,-0.002398,-0.000647,-0.009435,-0.001587,-0.001403,-0.016297,-0.007617,0.002303,0.002872,0.002863,0.005139,-0.034561,-0.003825,-0.003052,-0.00632,-0.002286
BOOKING HOLDINGS INC,-0.016266,-0.000779,0.018589,-0.030407,0.022706,-0.000203,-0.005468,0.001298,0.014428,-0.029157,-0.013073,-0.005124,-0.006881,-0.003998,-0.004466,0.014109,0.0205,-0.00466,-0.004276,0.005311,-0.001784,-0.017859,-0.010542,0.016767,0.030081,0.005879,0.001945,0.015141,0.032795,0.006804,-0.015963,0.007437,0.005216,-0.015167,-0.007138,0.016253,0.014255,0.000722,-0.018933,0.011371,-0.001378,-0.01473,0.005444,0.005788,-0.003366,0.010022,0.007808,-0.005476,0.003092,-0.006391,-5e-06,0.02315,-0.005229,0.000768,0.02435,0.005087,-0.000277,0.004285,-0.00198,0.008334,-0.007971,0.006785,-0.011947
CONOCOPHILLIPS,0.010999,0.015465,0.007347,0.000912,0.013435,-0.008239,-0.001284,0.00431,0.000753,-0.01294,-0.007241,-0.005528,-0.009264,-0.004052,0.012284,-0.000386,0.003943,-0.004313,0.00642,0.000999,-0.000154,-0.035325,-0.01019,-0.016809,-0.000164,0.010799,-8.1e-05,-0.003885,0.002682,-0.005673,-0.002625,-0.004523,-0.002809,-0.007208,0.015689,-0.006737,-0.003971,-0.018437,-0.004569,-0.0034,0.014584,-0.031187,-0.01449,0.025533,-0.022407,-0.014051,-0.000356,-0.000267,-0.001783,0.011607,0.002913,-0.012673,-0.011588,-0.013527,0.001371,-0.001187,0.017549,9e-05,0.034399,-0.001563,-0.012001,0.003169,0.003597
INTEL CORP,0.007924,-0.013028,-0.082157,-0.014877,-0.025673,-0.018858,0.009215,-0.029481,0.011559,-0.051555,0.017372,-0.001377,-0.015996,-0.017937,-0.023973,0.00614,-0.003778,0.006418,0.017681,-0.091997,-0.016311,-0.02838,-0.003282,0.00461,0.012783,0.006311,-0.009364,-0.022164,0.003,-0.007976,0.022111,0.017699,0.007085,0.024304,-0.006244,0.008483,-0.011215,-0.010082,-0.042648,0.021277,0.011068,-0.029942,0.001991,0.021862,-0.018152,-0.008584,0.024975,-0.011696,0.010519,0.00553,0.000324,-0.005175,-0.009753,-0.000328,0.017406,-0.011298,-0.000326,0.015349,-0.016726,0.005561,-0.006506,0.001637,0.012422
SCHWAB CHARLES CORP NEW,0.000415,-0.012574,-0.00056,-0.00098,0.007568,0.006677,-0.001244,-0.016325,-0.006751,-0.008355,0.017136,0.025832,-0.007801,0.005931,0.006719,0.011441,0.013062,-0.000532,-0.00399,0.001335,-0.005734,-0.008181,0.008384,0.010192,0.009425,0.010784,-0.017174,0.011385,-0.009293,0.008881,-0.018526,0.031727,0.02089,-0.008134,0.009482,-0.001523,0.003051,-0.046008,-0.038927,-0.000968,-0.020479,-0.003673,0.019141,0.019477,-0.012418,-0.005251,0.033338,-0.001882,-0.00431,0.002435,-0.008906,0.001498,-0.002311,-0.001908,-0.006007,0.000412,-0.001922,0.008803,0.016226,-0.008453,-0.00866,0.004095,0.001767
STRYKER CORP,-0.008942,-0.014915,0.004637,-0.010313,0.010478,-0.003618,0.003317,-0.010202,-0.002994,-0.012244,-0.008537,-0.004335,-0.004827,-0.025533,-0.006169,0.006914,0.022064,0.005793,0.000891,-0.004568,0.009714,-0.006994,-0.024903,-0.004541,0.005572,-0.008982,0.020399,-0.008611,0.004798,-0.000846,-0.01821,-0.000801,0.023713,0.005994,0.002096,-0.01479,0.002366,0.014856,-0.015801,0.016418,0.011236,0.005393,-0.001818,0.001674,-0.004984,0.00769,0.011667,0.010521,-0.000858,-0.003321,-0.005084,2.9e-05,-0.009786,0.005714,-0.000812,0.011517,-0.020994,0.003779,-0.010419,0.001416,0.002827,8.8e-05,0.001498
ELEVANCE HEALTH INC,-0.004898,-0.032519,0.013581,-0.014625,0.017549,0.005223,0.008628,-0.012947,-0.011384,-0.008905,0.005226,0.013758,0.003945,0.031868,0.011862,0.001505,0.001315,0.00152,0.011148,-0.004484,-0.006105,-0.010113,-0.007076,0.001467,0.002569,0.005636,0.011775,-0.00526,0.009806,0.001114,-0.00076,-0.007684,0.010026,0.007222,0.007023,-0.011119,0.007367,0.004014,-0.007046,-0.04142,-0.004258,-0.02633,0.0036,0.061379,0.007874,-0.004219,-0.000777,0.001907,-0.003881,-0.001967,0.001268,-0.011771,0.015341,-0.007313,-0.000804,-0.01323,0.014185,-0.000692,0.013641,-0.011851,-0.001812,0.002714,0.011367
LOWES COMPANIES INC,-0.021395,-0.019376,-0.015341,-0.011176,0.005504,0.013664,0.00742,-0.029584,-0.007252,-0.014399,-0.008791,-0.007217,0.002233,-0.000306,0.006338,0.0043,0.014834,-0.014001,-0.001433,-0.000391,0.004655,-0.012774,-0.002062,0.009054,0.011107,-0.001852,-0.001036,0.002635,0.017495,-0.004658,-0.008722,-0.006009,0.019432,-0.016181,-0.004951,-0.008394,-0.018807,-0.016588,-0.016506,-0.010438,0.000743,-0.005107,0.005554,0.027058,-0.020606,-0.000923,0.013578,-0.004648,-0.008148,0.0066,0.001146,0.030547,0.008177,-0.015472,0.015312,0.00441,-0.001054,0.004659,-0.000875,-0.048776,0.007043,0.004662,0.003003
T J X COMPANIES INC NEW,-0.016959,-0.002307,-0.022017,-0.015728,0.011071,-0.005991,0.009041,-0.008445,-0.004362,-0.015022,-0.015251,0.004302,-0.002677,-0.005047,0.007554,0.007712,0.004464,0.008254,0.011965,-0.000622,-0.015463,-0.008222,-0.00287,0.011618,0.002107,0.024603,0.004823,0.005923,0.004162,-0.001011,-0.000607,0.002937,-0.001868,0.004468,0.01385,-0.024928,-0.00092,0.035005,-0.009494,0.019768,-0.007049,0.000197,0.019026,-0.002612,0.022697,0.004078,0.018135,-0.007978,0.00477,-0.001117,-0.002236,9.3e-05,0.010925,0.002217,0.015853,0.000363,0.001088,0.005708,0.00036,-0.003422,-0.001175,9e-05,-0.004071
PROGRESSIVE CORP OH,0.015134,0.000381,0.003999,-0.007259,0.008411,-0.002891,-0.026522,0.006543,-0.01887,0.008108,0.013193,0.008519,0.003696,0.003013,0.023552,-0.007872,0.004789,-0.008504,-0.010038,-0.009711,-0.006538,0.007645,0.017047,-0.013078,-0.001483,0.032532,-0.000232,0.002042,-0.010097,0.009545,-0.015527,0.005932,-0.020686,-0.010705,0.010676,-0.010707,0.011595,-0.014519,-0.015315,0.003593,0.006228,-0.009894,0.018607,0.020538,-0.008523,0.01237,0.003019,0.002728,-0.003096,-0.010587,-0.008512,-0.029018,0.00573,0.001572,0.021185,0.012053,0.000475,-0.007873,0.007123,-0.011392,-0.000432,0.015179,-0.017223
CITIGROUP INC,0.003479,-0.00977,-0.018301,-0.012644,0.011328,0.00211,-0.001134,-0.024003,0.008807,-0.016966,-0.018767,-0.026298,0.020168,0.002579,0.01406,0.030605,0.02822,-0.003191,-0.010885,0.01408,-0.006384,-0.014937,0.000326,0.003097,0.008287,0.020969,-0.012896,0.012097,0.009084,0.003316,-0.002046,0.002997,0.010222,-0.001557,-0.001091,-0.014203,0.025016,-0.014211,-0.012535,0.008886,-0.017773,-0.007046,-0.00129,0.006136,-0.006259,-0.014373,0.012125,0.002752,-0.002583,-0.005665,-0.037278,0.014711,0.003666,-0.014943,0.012304,0.011988,-0.002632,-0.010393,0.022504,0.003913,-0.005359,0.004898,0.031032
VERTEX PHARMACEUTICALS INC,0.005909,-0.026303,-0.00149,-0.011741,0.006584,-0.006025,0.000643,-0.017059,0.006665,-0.009195,0.002043,-0.008028,-0.002715,0.000967,0.002033,0.014305,0.012478,-0.010249,-0.007635,-0.000553,-0.00322,-0.008556,0.023752,-0.004924,0.002299,0.00354,0.01923,0.020915,0.000406,0.009046,0.016912,-0.003117,0.020766,0.0072,0.010371,0.001482,-0.00868,0.012511,0.007307,0.013643,-0.022037,-0.012867,0.004352,0.02774,0.032591,0.010145,0.017033,0.005155,-0.005128,0.000497,-0.003621,-0.01192,0.00681,0.003549,-0.014644,-0.013532,0.008774,-0.005664,0.013313,-0.002379,0.00038,-0.003143,-0.008021
BLACKROCK INC,-0.008312,-0.012313,-0.002192,-0.027872,0.006906,0.007222,0.000722,-0.02519,0.002948,-0.028704,-0.000537,-0.017458,0.005496,-0.00861,0.003586,0.013507,0.008565,-0.004983,-0.006751,0.006903,-0.002097,-0.008722,-0.004055,0.007211,0.009128,0.014046,0.008107,-0.003317,0.013876,0.009555,-0.007958,0.015981,0.015866,-0.009795,0.005584,-0.008655,-0.000323,-0.006609,-0.018834,-0.003378,-0.013416,-0.019225,0.006979,0.013349,0.006917,0.010188,0.004572,-0.01312,-0.006088,-0.003278,-0.011146,0.016472,-0.000519,-0.000494,0.015273,0.00329,-0.001046,0.006093,0.014411,-0.005707,-0.008736,-0.008026,0.007924
REGENERON PHARMACEUTICALS INC,0.007086,-0.015093,-0.003907,-0.014649,0.006062,-0.004477,0.005765,-0.008147,-0.016962,-0.016972,-0.006787,-0.004919,0.007885,-0.007989,0.003166,0.003724,0.007954,-0.00086,-0.017495,-0.008398,0.010507,-0.002039,0.014394,0.037776,0.02068,0.001714,0.011819,-0.01465,0.012807,0.005992,0.003245,0.007861,-0.00653,-0.010458,0.014783,0.00507,0.006766,-0.010212,-0.003283,0.004538,-0.01204,-0.006854,0.003539,0.010568,0.009509,0.003851,0.012665,-0.00505,0.002158,-0.001216,0.008795,0.016951,-0.00109,0.009712,0.008538,-0.005988,0.005081,0.008378,0.010208,0.006862,-0.001895,-0.017116,0.000162
ANALOG DEVICES INC,-0.005915,-0.00885,0.002463,-0.017455,0.014639,0.00991,0.037775,-0.038164,0.011766,-0.032068,-0.010298,0.00494,-0.009413,-0.009766,-0.022497,0.016089,0.01943,0.034592,0.007328,0.02036,0.009556,-0.016135,-0.033498,0.01341,0.015981,0.018484,0.00123,0.006337,-0.000342,0.011719,0.005744,0.017084,0.017977,-0.007555,-0.000187,0.015882,-0.003862,0.108567,-0.023318,-0.00874,0.004,-0.022661,0.008109,0.019522,-0.009723,-0.002842,0.021897,0.007341,-0.01112,0.002556,0.003951,0.009056,-0.018495,-0.012135,0.005191,0.012866,-0.024938,0.00671,-0.01121,0.008229,-0.010854,-0.005091,0.00697
BOSTON SCIENTIFIC CORP,-0.005694,-0.009545,0.010082,-0.005578,0.011956,0.001896,-0.000437,-0.000146,0.002768,-0.011185,-0.009255,0.010083,-0.002349,-0.007946,-0.001335,0.010248,0.014261,0.05682,0.0048,-0.001229,-0.009157,-0.00869,0.004731,-0.002493,0.011384,-0.004118,0.01213,-0.009669,0.018977,-0.005533,-0.011942,0.009339,0.013063,0.001343,0.001341,0.009511,0.004114,-0.003965,-0.013135,0.016806,-0.006082,-0.002528,0.000267,0.0076,-0.000926,0.005563,-0.000395,0.003031,0.013006,0.00402,-0.003487,0.00337,-0.005813,-0.002599,-0.007426,0.001575,0.009042,0.009221,-0.012868,0.010429,-0.00529,-0.001297,0.00013
LOCKHEED MARTIN CORP,-0.004573,0.000994,-0.011782,0.013708,0.002951,-0.006588,-0.010633,0.00925,0.00135,-0.004245,0.00595,0.002715,0.00383,8.8e-05,0.017058,-0.005476,-0.00271,-0.002043,0.012284,-0.007509,0.013571,-0.005604,-0.006883,0.003184,-0.002785,0.001883,0.008427,-0.001114,0.004784,0.001046,0.003583,-0.007183,-0.006636,0.001616,0.002947,0.001888,0.002633,0.002989,-0.005599,0.000578,-0.018979,-0.012563,0.018157,0.020393,0.000872,0.002759,-0.007806,0.007287,0.003222,-0.005679,-0.009969,-0.007973,-0.001198,-0.00048,0.001462,0.002157,0.013783,0.002702,0.008362,-0.007296,-0.002307,0.0003,-6.4e-05
BOEING CO,-0.018084,-0.007705,-0.016592,-0.008815,-0.000818,-0.008627,-0.018947,-0.019594,-0.007273,-0.021977,-0.010204,0.016267,-0.001994,0.000117,-0.002408,0.003886,-0.007626,-0.028668,0.015092,0.002458,0.037496,-0.032567,0.021568,0.0431,0.005256,-0.008009,-0.009195,0.020599,0.00499,-0.015117,-0.000392,0.013002,-0.020856,0.033731,0.010877,0.008975,-0.009807,0.008118,-0.075531,0.013414,0.003209,-0.019591,0.006408,0.028133,0.039187,0.021943,0.006521,0.00827,-0.006164,-0.000631,-0.0243,-0.015256,-0.010785,-0.018982,0.006318,-0.019059,0.007486,0.001475,0.014386,-0.022334,0.019417,0.022465,-0.00274
K L A CORP,0.017622,-0.023844,0.005188,-0.035525,0.014998,0.011687,0.0087,-0.013935,0.019633,-0.028304,-0.003364,0.021843,-0.049516,-0.022398,-0.024929,0.008724,0.022994,0.012851,0.024995,0.049499,0.01086,-0.034513,-0.03373,0.024038,0.021318,0.031281,-0.005568,0.003878,-0.009036,0.010694,-0.005736,0.024113,0.040826,-0.013479,-0.002402,0.033597,-0.009912,0.008587,-0.008565,0.018246,0.009088,-0.017529,-0.002887,-0.013764,-0.007083,-0.00476,0.045846,-0.007274,-0.013205,0.033044,0.004758,0.037148,0.002682,-0.006253,0.029145,0.016999,-0.039059,-0.015719,-0.027641,0.030303,-0.005794,0.00193,0.01183
ARISTA NETWORKS INC,0.033692,-0.029691,0.027299,-0.033535,0.030578,-0.000739,-0.008844,-0.022154,0.029006,-0.085508,-0.02957,-0.001672,-0.013282,-0.008022,-0.043159,-0.002519,0.023262,0.014293,0.039212,-0.000227,-0.003891,-0.026966,-0.005262,0.026057,0.047888,0.016108,-0.017323,0.064528,0.015086,0.060661,-0.013247,0.012231,0.039438,-0.018219,-0.000625,-0.001563,-0.007514,-0.001546,-0.047646,0.017019,0.003066,0.002667,-0.015082,-0.019792,-0.004233,-0.01083,0.01494,-0.003327,0.000742,0.002662,0.024162,0.021524,0.065333,-0.009558,0.035251,0.000765,-0.000441,-0.008319,-0.024158,0.01616,0.000508,0.039528,0.007329
PALO ALTO NETWORKS INC,-0.016577,-0.021545,-0.014119,-0.016102,0.014367,-0.001599,0.039281,0.006699,0.010178,-0.016874,-0.024797,0.010546,0.008399,0.013738,-0.0122,0.014296,0.041927,0.001124,-0.017119,0.009107,0.006829,-0.008589,-0.012204,0.027772,0.003014,0.014719,0.016469,-0.008215,-0.024224,0.006088,0.016069,-0.002349,0.03575,0.01428,0.003378,0.018625,-0.037403,-0.009883,0.009268,0.032623,-0.042258,-0.003604,-0.044705,0.005901,-0.001458,-0.014908,0.018339,0.00176,0.020174,0.023683,0.012619,0.021857,-0.000407,-0.007352,0.007185,-0.008042,-0.018863,0.029868,-0.011395,0.018947,0.007996,0.047839,-0.005311
MARSH & MCLENNAN COS INC,-0.010147,-0.003973,0.005564,-0.013514,0.02406,-0.006324,0.000245,-0.015416,-0.009892,-0.005623,-0.003787,-0.00522,0.006776,0.020798,0.003371,-0.004842,0.00139,-0.003768,0.002588,-0.017472,0.002677,0.004786,0.001705,-0.002052,-0.000451,0.011291,0.010867,-0.000589,0.00614,0.003466,0.0,-0.002335,0.006144,0.013619,0.003969,-0.003858,0.003681,0.00424,-0.013424,-0.000481,-0.018856,-0.009854,0.012082,0.015558,-0.005155,0.009588,-0.001727,0.000625,0.008307,-0.00181,0.001002,0.003146,-0.004656,-0.002959,0.012639,0.005673,0.010718,-0.002791,0.006297,-0.016362,-0.006738,0.000712,-0.001043
DEERE & CO,-0.016069,-0.000346,0.005025,0.00266,0.013338,-0.004339,0.001777,0.001191,0.002112,-0.037714,-0.008735,-0.002006,0.009847,0.009373,-0.000699,-0.001774,-0.006006,-0.00652,-0.001419,-0.001853,0.019399,-0.023818,-0.00999,0.021832,0.012628,0.002195,0.009282,-0.00037,0.00883,-0.002714,0.000245,0.011741,0.003004,-0.047317,0.006566,-0.013954,-0.012108,-0.001888,-0.017539,-0.011286,-0.015175,-0.011618,0.009233,0.017402,-0.017718,0.003396,0.004386,0.000755,-0.007245,-0.00076,-0.008607,0.013584,0.021238,0.000132,0.003228,0.009335,-0.003214,-0.01701,0.008346,-0.023006,0.018351,0.001435,-0.004485
UNITED PARCEL SERVICE INC,-0.006795,0.010364,0.020919,-0.014908,0.009067,-0.008258,0.003064,-0.021983,0.011884,-0.027515,-0.000414,-0.013531,-0.004479,0.003445,0.00021,0.018141,0.024147,-0.015114,0.005252,0.001357,0.006505,-0.007203,-0.010578,0.008909,-0.005366,0.001639,0.002864,0.004623,0.001962,0.006349,0.021918,-0.017663,0.0,0.011626,-0.002806,-0.011056,-0.014703,-0.011346,-0.032482,-0.003163,-0.007789,-0.023041,0.018228,0.015125,-0.003671,-0.020156,0.014304,-7.3e-05,0.000582,0.000291,-0.002397,-0.006698,-0.011288,0.005634,0.001474,-0.012146,0.019896,-0.001973,0.014641,-0.030592,0.028208,-0.016793,0.007509
AUTOMATIC DATA PROCESSING INC,-0.017739,0.00958,-0.010216,-0.014849,0.013914,0.007311,0.013664,-0.016879,-0.005574,-0.002332,0.000943,0.000533,-0.005364,-0.003746,0.005455,0.01233,0.002152,-0.000932,-0.001095,-0.013274,0.00362,-0.008444,0.02249,-0.021429,-0.000578,0.003514,0.009805,-0.008894,0.009076,0.006996,0.003808,-0.009282,0.004562,0.013949,0.009078,-0.00218,0.00143,0.007456,-0.00996,-0.010299,-0.022499,-0.013194,0.003415,0.016645,-0.003675,0.006762,0.000448,0.00891,0.017543,-0.0216,-0.001175,-0.001825,-0.007557,-0.001024,0.009645,-0.002245,0.006751,0.007762,0.00496,-0.00321,-0.041787,-0.003025,0.005858
CIGNA GROUP,0.00245,-0.002719,-0.005563,-0.001939,0.005772,-0.012333,-0.001397,0.001007,-0.013302,-0.009176,-0.002687,-0.005876,-0.00222,0.007802,0.01035,0.002242,-0.001501,-0.001049,0.00633,-0.000113,0.005558,0.001683,0.000392,-0.0355,-0.008708,0.002665,0.012529,0.001875,0.010422,-0.007351,0.002153,-0.007791,-0.009064,-0.011711,-0.001621,-0.015766,0.009029,0.000268,0.004042,-0.015452,0.001804,-0.00087,-0.005767,0.041148,-0.009082,-0.008873,-0.008544,0.011162,0.000562,0.001627,-0.002097,-0.005593,-0.005654,-0.002574,0.00183,0.002695,0.0092,0.006215,0.009295,-0.012648,-0.003601,-0.010161,-0.010714
K K R & CO INC,-0.005767,-0.021,0.016854,-0.013862,0.028115,0.007134,-0.013576,-0.012566,0.014544,-0.031458,-0.014904,0.004695,-0.01724,-0.013526,-0.00782,0.019974,0.037049,-0.012249,-0.019634,0.007062,-0.002721,-0.023195,0.022027,0.021131,-0.021826,0.034102,0.01313,0.001306,0.025585,0.010614,-0.028023,0.021947,0.051054,-0.032693,0.004705,0.002294,0.015351,-0.006761,-0.016923,0.023562,-0.009302,-0.021244,0.006105,-0.009535,0.003209,-0.018029,0.02063,-0.037814,-0.015077,0.111848,0.011565,0.011614,-0.019105,-0.001646,0.009068,0.002814,-0.003892,-0.011177,-0.012406,-0.000465,-0.015267,0.000756,-0.005857
NIKE INC,-0.01511,-0.017394,-0.006817,-0.013949,-0.002582,0.013057,0.011111,-0.021978,0.033708,0.0,0.011957,0.003115,0.015526,0.00949,-0.012638,-0.003597,-0.001805,0.006594,-0.007396,0.001916,-0.000638,-0.019137,-0.020811,0.022914,-0.002814,0.013131,0.004499,-0.002026,-0.002137,-0.026234,0.019573,0.000755,-0.01207,0.001091,0.004468,-0.004448,0.011442,-0.003448,-0.011892,0.003829,0.002725,-0.003587,0.019418,0.017122,-0.002946,0.003602,-0.004433,0.014843,0.008671,-0.005697,-0.001354,-0.022844,0.005337,-0.008388,0.01724,-0.002316,0.008335,0.016846,-0.000103,-0.024905,-0.007282,0.001382,-0.199809
SYNOPSYS INC,0.009431,-0.012255,0.015882,-0.020316,0.014706,0.001581,-0.012787,-0.013638,0.001319,-0.008559,-0.023781,-0.005185,-0.024968,-0.014917,-0.017317,0.00936,0.023298,3.8e-05,0.00491,0.025561,0.002023,-0.026011,-0.01585,0.002298,0.025909,0.016017,0.007461,0.001601,-0.001108,0.012421,0.001221,0.004019,0.036756,-0.018838,-0.004462,0.013499,-0.004962,0.002799,0.022979,0.001876,0.000919,-0.013148,-0.02668,-0.006959,0.000678,0.00098,0.047016,-0.024297,-0.004182,0.008277,0.006474,0.018934,-0.007362,0.006257,0.038139,0.012387,-0.016331,-0.007621,-0.016399,0.007623,-0.002699,-0.005881,0.000101
BLACKSTONE INC,-0.002588,-0.036022,0.002058,-0.004424,0.012459,0.013639,0.020724,-0.044849,0.006266,-0.026799,-0.018628,0.00586,0.010748,-0.023297,-0.015957,0.031166,0.018183,-0.004264,-0.003393,-0.000324,-0.015267,-0.033245,0.007547,0.012767,-0.008404,0.027291,0.002393,-0.013992,0.026962,0.008209,-0.015398,0.031442,0.042391,-0.026121,-0.017282,0.0,0.016233,-0.008065,-0.028181,0.004305,-0.019654,-0.041911,0.027555,0.009805,-0.010705,-0.00109,0.022086,-0.020869,-0.013007,0.017684,-0.005764,0.03714,-0.009884,-0.007855,0.007505,0.006058,0.014483,-0.004491,0.009185,-0.006706,-0.00209,-0.000322,-0.002578
CROWDSTRIKE HOLDINGS INC,-0.003119,-0.000125,0.001533,-0.033902,0.020408,-0.00561,-0.009435,0.005663,0.016862,-0.027533,-0.030901,-0.001169,-0.018252,0.001396,-0.038966,0.023033,0.036313,-0.006775,0.001344,0.020301,-9.9e-05,-0.037824,0.009913,0.027417,0.021974,0.0245,-0.016551,0.003871,0.013322,0.00887,-0.004926,0.03249,0.041177,-0.011833,0.020262,0.008152,0.001634,-0.011165,-0.008888,0.026639,-0.01323,0.007785,-0.096132,-0.007122,-0.015877,-0.010075,0.119772,-0.004939,0.025346,0.072898,0.026858,0.007124,-0.011772,0.006857,0.012959,-0.002356,-0.018921,-0.003951,-0.007094,0.023364,-0.016522,0.018193,-0.010586
STARBUCKS CORP,0.001532,-0.024364,-0.006719,-0.012176,-0.008788,0.003915,-0.000688,-0.013543,-0.000582,-0.011409,0.002944,0.002935,0.009248,0.010904,0.005278,0.006506,-0.003516,0.010015,-0.010254,0.004668,0.000907,0.001811,-0.158775,0.006582,-0.024289,-0.002872,-0.005487,0.013793,0.02966,0.005682,0.00092,-0.00722,0.000926,0.001982,0.034139,-0.003982,0.002321,0.0386,-0.029918,0.007215,-0.017624,-0.007744,0.024454,0.018537,0.023186,0.00865,-0.019688,0.00382,-0.000491,0.002088,-0.020956,-0.006384,0.010834,-0.007353,0.021092,-0.013894,-0.005985,0.002383,-0.002253,-0.005644,-0.00164,0.001074,-0.01748
MONDELEZ INTERNATIONAL INC,-0.003429,-0.007167,-0.018626,0.003531,-0.003225,-0.005736,0.003846,-0.017389,0.0015,-0.001348,-0.012296,0.00167,0.008033,0.009923,0.013994,0.019087,0.019306,0.007915,-0.007152,-0.002684,0.017278,0.001531,-0.017376,-0.002688,-0.008652,0.000572,0.013728,-0.006489,-0.003266,0.014245,0.007865,0.002369,-0.008341,0.008271,-0.009594,-0.013478,0.00555,-0.006227,-0.01951,-0.007988,-0.010688,-0.009472,0.014343,0.009427,-0.017219,0.010987,-0.001615,0.003089,-0.005573,-0.007521,0.00416,-0.0219,0.0,-0.003782,0.003493,0.001362,-0.001662,0.006812,0.028717,-0.008331,-0.017833,-0.0006,-0.011036
FISERV INC,-0.007821,-0.001892,-0.003728,-0.017567,0.015945,0.002986,-0.015648,-0.010297,-0.001236,-0.015561,-0.019907,-0.012079,0.004782,-0.001292,0.01164,0.001211,0.044288,-0.020207,0.006831,0.016961,-0.010071,-0.010692,-0.024956,0.002082,0.000335,0.009181,0.016269,0.001634,0.009003,-0.002909,-0.006484,0.003002,0.008654,-0.013999,-0.00085,-0.008971,0.009449,-0.001309,-0.015534,0.000932,-0.012771,-0.004043,0.000406,0.012713,-0.008614,-0.003233,0.008919,0.008372,0.005712,-0.01202,-0.010695,0.000135,0.001621,0.004587,0.005304,-0.001603,0.00301,-0.001,0.003205,-0.00925,0.005844,-0.004474,-0.000268
CHIPOTLE MEXICAN GRILL INC,-0.010242,0.008669,-0.002192,-0.013659,0.017293,0.008987,-0.001559,0.013232,0.00843,-0.011064,-0.00709,0.001941,-0.013381,0.001726,-0.013363,0.005277,0.010661,0.004034,0.063282,0.024101,0.00706,-0.015538,-0.006627,0.001061,0.004262,0.013856,-0.001694,-0.003266,0.015619,0.001936,-0.013531,-0.005862,-0.002635,-0.007076,0.021473,-0.011527,-0.00113,-0.006121,-0.004788,0.004254,0.000701,-0.02568,0.010736,0.007624,-0.016952,0.000835,0.02239,0.020229,-0.013277,-0.012351,0.000102,0.012958,0.029804,0.001975,0.028655,0.018467,-0.062198,-0.001223,-0.005217,0.027961,0.003034,-0.052384,0.003846
WASTE MANAGEMENT INC DEL,-0.001126,-0.008454,-0.003268,-0.015826,-0.000773,-0.001111,-0.001064,0.00833,-0.010855,-0.002768,-4.9e-05,-0.00185,0.005708,-0.005239,0.009753,0.002221,0.006023,0.007903,0.010788,-0.012224,0.009757,-0.019467,-0.006057,0.001935,0.003476,0.012892,-0.000285,-0.002375,0.002381,0.004703,-0.003168,-0.004554,-0.004098,0.015311,-0.008294,-0.009361,-0.000672,0.007632,-0.002048,-0.003246,-0.011254,-0.01114,0.010237,0.021721,-0.044749,0.011575,0.001326,-0.006866,-0.005926,0.005784,0.002082,-0.006234,0.001742,0.012027,0.013455,0.007317,0.004233,0.001054,0.016508,-0.001789,0.002877,0.0,0.00315
GILEAD SCIENCES INC,-0.005051,-0.01084,-0.016646,-0.018903,0.000431,-0.0023,0.007491,-0.026022,0.00778,-0.008449,-0.004701,-0.006495,-0.005645,-0.011505,0.009069,0.002846,0.001195,0.000746,-0.026983,0.002298,0.007949,-0.011222,0.004755,-0.002748,-0.008419,0.011732,-0.001221,-0.008249,-0.005237,0.021369,0.023954,0.001629,-0.00946,0.012685,-0.002063,0.002658,-0.008984,0.007579,-0.024041,-0.007405,-0.026492,-0.006881,0.009134,0.002965,-0.01307,0.011509,-0.004364,-0.00047,0.013312,0.008501,-0.005517,-0.008476,-0.012123,0.035714,-0.012143,-0.017426,0.084561,0.03183,0.000849,-0.015835,-0.00431,-0.006925,-0.003196
SOUTHERN CO,-0.008921,0.003376,-0.005046,-0.013102,-0.001999,0.002146,0.007565,-0.011616,-0.002723,-0.012216,-0.004947,-0.009066,0.029954,0.011032,0.022389,0.011504,0.0037,0.00901,0.006224,-0.015598,0.016118,-0.011964,0.013878,0.01087,0.006903,-0.00501,0.01961,0.008837,0.007987,-0.001406,0.007167,0.000127,0.007369,0.001135,0.011086,-0.0044,0.00745,-0.013663,-0.019316,0.007516,-0.002701,-0.004385,0.011399,0.026383,0.00312,0.003981,-0.015983,-0.009695,-0.009027,0.013215,-0.005952,-0.000764,0.003187,-0.000508,-0.012333,0.003347,0.011932,-0.005198,0.011216,-0.016637,0.002435,-0.002174,-0.006023
CADENCE DESIGN SYSTEMS INC,0.002731,-0.018486,0.013775,-0.013201,0.005025,0.009967,0.001029,-0.0219,0.01809,-0.013705,-0.014027,-0.002487,-0.023603,-0.026591,-0.019762,0.017021,-0.011438,-0.014551,-0.002089,0.019236,0.000283,-0.024284,-0.003918,0.006884,0.018774,0.012641,-0.004032,-0.005175,0.009591,0.007712,-0.010505,-0.003972,0.034483,-0.014227,-0.000415,0.012673,-0.008103,0.009445,0.006317,-0.001391,0.006558,-0.015226,-0.011827,-0.00673,-0.000559,0.003425,0.032355,-0.002294,-0.004463,0.005978,0.0157,0.036133,-0.013346,0.014827,0.031977,0.013723,-0.02441,-0.000439,-0.029052,0.007731,-0.007062,-0.004558,-0.000552
BRISTOL MYERS SQUIBB CO,-0.022866,-0.004718,-0.010618,-0.00345,-0.001556,-0.004287,0.009785,-0.025388,-0.023265,-0.017101,0.004764,-0.005154,-0.008703,0.009615,0.013044,0.004292,-0.003052,-0.002654,-0.085141,0.003356,-0.004682,-0.015681,0.006145,-0.011536,0.006636,-0.002046,0.003189,-0.008402,0.024502,0.00447,0.00267,-0.007767,-0.003579,-0.009877,-0.001814,-0.015217,-0.025138,0.001656,-0.018895,-0.007222,-0.018186,-0.005927,0.0,0.02087,0.016549,-0.000479,-0.012216,-0.008729,0.014677,0.026278,0.010571,-0.01418,-0.021929,-0.00675,-0.005583,-0.003905,0.005636,0.021686,0.007155,-0.000947,0.007348,-0.023294,0.000482
SOUTHERN COPPER CORP,0.004882,0.00682,0.032106,-0.014744,0.006387,0.017862,0.037413,-0.002147,0.006368,-0.014536,-0.010152,-0.002191,0.002987,0.010248,-0.01656,-0.01631,-0.017387,-0.003739,0.023711,0.045788,0.033436,-0.034588,-0.012857,-0.018668,0.021147,0.022788,-0.015023,-0.018163,0.035759,0.014784,0.016168,0.025856,-0.00727,-0.022215,0.043192,0.031193,-0.019728,-0.079315,-0.000943,0.008237,0.029019,-0.011826,-0.006779,-0.000421,-0.024277,-0.048121,0.015157,0.017971,-0.043562,0.01304,-0.023568,0.003249,-0.018507,0.002168,-0.009784,0.026126,0.023424,-0.012846,0.007881,-0.007092,-0.003755,-0.009744,9.3e-05
H C A HEALTHCARE INC,-0.010254,-0.002302,0.008653,-0.021162,0.011163,-0.002372,0.002652,-0.003436,-0.001556,-0.013537,-0.000589,-0.02709,-0.009112,-0.045108,0.027306,0.017043,0.02939,-0.001284,-0.01536,-0.023653,0.015423,-0.005138,-0.001227,-0.001939,-0.003497,0.007473,0.014159,-0.015996,0.040301,0.014788,-0.028991,0.010467,0.020156,-0.012999,0.000465,0.006783,-0.01209,-0.008439,-0.009704,0.010719,-0.000126,0.020304,0.030665,0.013876,-0.020751,-0.002104,0.014789,-0.000267,0.001841,0.011321,-0.014505,0.013381,0.000264,-0.008126,-0.005926,0.015411,-0.006664,0.001625,0.007229,-0.002695,8.8e-05,0.008253,-0.064115
MERCADOLIBRE INC,0.011237,-0.010752,-0.004979,-0.011409,0.009349,-0.00875,0.00432,-0.011378,0.02,-0.042068,-0.019569,-0.012713,-1.4e-05,-0.019752,-0.010086,0.008699,0.019565,-0.017921,-0.004504,0.03092,0.023016,0.014141,-0.001501,0.033972,0.082716,0.014283,0.021066,0.016634,-0.012454,-0.000843,-0.009817,0.003917,0.020542,0.012016,0.005761,0.022045,-0.00876,-0.019915,-0.016916,-0.0081,0.00852,0.001089,-0.005796,0.015077,-0.018799,-0.036908,-0.015791,0.010088,-0.012911,0.001075,-0.013659,0.012241,-0.011761,0.001019,-0.01448,0.009088,0.007392,0.009476,-0.010744,0.03754,0.022335,-0.010763,-0.010531
AMPHENOL CORP NEW,-0.01127,-0.00868,0.020432,-0.00234,0.019809,-0.006475,-0.014063,-0.001913,0.009759,-0.022092,-0.008207,0.001602,-0.009594,-0.005471,-0.006403,0.01534,0.021455,0.017942,0.023214,0.012436,0.013611,-0.011136,-0.012503,0.01459,0.013554,0.017531,-0.000561,0.015154,0.007898,-0.000313,-0.003214,0.01101,0.026447,-0.001895,0.001518,0.010992,0.015297,-0.00613,0.013599,-0.001173,-0.016588,-0.006792,0.0,-0.00526,-0.004457,-0.013128,0.024837,-0.018157,-0.001681,0.024495,0.004408,0.021945,0.004367,-0.010436,0.013037,0.009832,-0.0185,0.004237,-0.021243,0.010257,-0.011772,0.004914,-0.001778
COLGATE PALMOLIVE CO,-0.010994,0.0,-0.010779,-0.007945,0.005492,-0.001821,-0.000798,-0.012436,-0.006469,-0.001744,0.003727,0.0,0.006731,-0.000461,0.01061,0.013773,0.00283,0.003274,0.004726,0.019263,-0.005714,0.015803,-0.000218,0.01099,-0.000323,0.00323,0.009659,-0.006484,0.006526,0.010842,-0.00673,0.001165,-0.000423,0.0,-0.004231,0.002762,0.008264,-0.004308,-0.01087,-0.004588,-0.014577,-0.00707,-0.003943,0.022325,-0.005271,0.014491,-0.001599,0.003417,-0.000958,0.000107,0.000639,-0.007769,0.016411,-0.001477,0.014056,0.011048,-0.000619,0.003301,0.017683,-0.00293,-0.004762,-0.000611,-0.011511
GENERAL DYNAMICS CORP,0.032072,-0.003464,0.003958,0.005245,0.006684,-0.006945,-0.014635,0.004155,-0.003862,0.001287,-0.010838,0.001931,-0.002944,0.002847,0.011743,0.00932,0.00484,-0.039663,0.013482,-0.00172,0.011884,-0.002432,-0.001951,0.002897,0.002714,0.011245,0.00683,-0.002147,0.011034,0.001588,-0.009817,0.001806,0.001802,0.003938,0.011057,0.004047,-0.010559,0.003198,-0.005,0.010455,-0.00761,-0.012982,0.008859,0.012463,-0.005037,-0.003152,0.007164,-0.003941,0.002917,-0.01491,-0.006889,0.005775,-0.006183,-0.00253,0.007026,0.014192,0.00547,-0.004606,0.000939,-0.010887,-0.00254,-0.006892,-0.008068
ZOETIS INC,-0.012943,-0.012035,-0.012363,0.015647,0.002054,-0.001025,0.008751,-0.023573,-0.00288,-0.078351,-0.0014,0.0217,-0.007058,0.010544,-0.043172,-0.006553,0.027621,0.008826,0.016437,0.032994,0.00808,-0.00288,-0.004647,0.055079,-0.000957,-0.006704,0.015065,-0.020956,0.019464,0.005412,-0.006685,0.005717,0.026115,0.002482,0.002015,0.001896,-0.009175,-0.004283,-0.006684,-0.004857,0.007232,-0.002919,-0.007963,0.000708,0.016572,-0.002843,0.022923,0.00546,0.000792,0.010796,-0.001622,-0.015067,-0.025761,-0.004495,0.002052,-0.007256,-0.008723,0.017303,0.004384,-0.022463,0.017383,0.032534,-0.017568
INTERCONTINENTALEXCHANGE GRP INC,-0.002911,0.00343,-0.0008,-0.005022,0.008559,-0.007181,-0.013296,-0.015697,0.004062,0.000524,-0.022538,-0.004903,0.006467,0.001836,0.001756,0.003353,0.005165,0.001814,-0.005657,-0.00091,-0.006986,-0.015446,-0.000621,-0.01663,0.031294,0.005977,0.018586,-0.002468,0.011695,-0.007114,-0.001866,0.00486,0.025895,-0.005512,0.009408,-0.010477,0.002337,-0.002768,-0.010885,0.006942,-0.01951,-0.012941,0.009777,0.004953,-0.001867,0.008305,0.004304,-0.003547,-0.007934,0.000673,0.005303,0.010848,-0.002499,0.003031,0.003907,0.001322,0.005353,0.005324,0.006384,-0.01002,0.000437,0.000582,-0.004219
ALTRIA GROUP INC,-0.00917,-0.00671,-0.018868,-0.014008,0.00289,0.007443,0.003575,-0.010211,-0.005998,-0.009172,-0.002436,-0.004884,0.008589,0.004866,0.019128,0.011404,0.007047,0.001166,0.014446,-0.003675,0.010143,-0.000228,0.000228,0.003651,-0.008868,-0.002294,0.008278,0.010034,0.009483,0.00425,0.003118,0.010213,0.007692,0.002181,0.002829,-0.003906,0.009368,-0.000216,-0.014681,-0.003287,-0.00022,-0.007256,0.006423,0.017826,0.006486,0.006015,-0.003417,0.000429,0.000214,-0.004497,-0.001936,-0.011423,-0.002616,-0.009836,0.008574,0.002237,0.014063,0.006824,0.015523,-0.000646,-0.001292,-0.019413,0.00198
DUKE ENERGY CORP NEW,-0.006618,0.004892,-0.005904,0.001563,-0.002185,0.004171,0.010487,-0.019626,-0.001258,-0.004093,-0.008114,-0.013386,0.017551,0.015132,0.02408,-0.001221,0.000815,0.007739,0.000707,-0.013329,0.010439,-0.00476,0.015469,-0.00471,0.009566,0.001596,0.018323,0.001173,0.006251,-0.003397,0.002143,-0.005637,0.010165,0.004983,0.01021,-0.002214,0.006946,-0.009006,-0.015951,0.003733,-0.00969,-0.007511,0.008763,0.022409,-0.001545,0.011508,-0.013384,-0.003295,-0.002333,-0.000975,-0.001561,-0.01016,-0.000592,0.010863,-0.01524,-0.007639,0.0007,-0.002597,0.016727,-0.012905,-0.002495,0.006403,-0.003579
MOODYS CORP,0.002188,-0.006829,0.00317,-0.002217,0.002298,0.009173,0.004595,-0.033753,-0.002367,-0.01666,-0.009598,-0.007523,0.012624,-0.002158,0.000187,0.012251,0.007673,-0.002512,-0.015818,0.002532,-0.004015,-0.011452,0.006913,0.009413,0.011052,0.018762,0.016172,0.005,0.014118,-0.002939,-0.007169,0.011623,0.019398,0.007246,0.004611,-0.003262,0.000921,0.005182,-0.019442,0.008796,-0.01169,-0.014588,-0.010953,0.003767,0.011738,0.012075,0.008881,-0.008022,-0.007669,-0.004558,0.003633,0.02167,-0.003495,-0.006088,0.010267,0.018845,0.006261,-0.00194,0.008889,0.00444,-0.018408,-0.00062,0.003648
MCKESSON H B O C INC,-0.000671,-0.006002,0.012789,-0.009813,0.007405,-0.012102,-0.0093,0.00514,-0.012491,-0.000688,-0.000631,0.010848,-0.004599,-0.013519,0.011604,0.004744,0.008875,0.006429,0.008442,0.006223,-0.013271,0.002089,-0.011374,-0.001563,-0.002659,0.008603,0.023134,-0.003921,0.021173,0.008629,-0.009466,-0.005463,-3.6e-05,0.007615,0.015762,-0.000921,-0.020585,0.009033,0.001166,0.004838,-0.020455,0.017533,0.003704,0.015384,0.007356,0.000995,0.010231,0.011232,0.001348,0.007463,1.7e-05,-0.010993,0.010739,-0.001895,0.012713,0.009172,0.000514,-0.000265,0.007843,-0.005577,-0.008041,-0.010608,-0.015442
SHERWIN WILLIAMS CO,-0.026401,-0.01242,0.000988,-0.013252,0.006033,0.001356,0.006771,-0.040024,-0.003861,-0.00522,-0.013449,-0.017804,0.005772,-0.002515,-0.011054,0.010786,-0.022311,0.004531,0.003556,0.00538,-0.001175,-0.02117,0.01245,0.003692,0.022466,0.011854,0.011937,0.000784,0.004545,0.001279,-0.015552,-0.005762,0.007387,-0.005168,-0.005159,-0.009539,0.001745,-0.00884,-0.013443,0.005774,-0.010202,-0.014251,0.015533,0.005794,-0.005826,0.012615,0.007815,-0.013529,-0.039828,0.003973,0.00986,0.011115,0.003876,-0.011516,0.019731,-0.008783,0.003864,-0.000299,-0.002357,-0.019531,0.007398,0.000472,0.004815
C V S HEALTH CORP,-0.002508,-0.072147,0.010566,-0.009383,0.009202,-0.001877,-0.014508,-0.030125,-0.019817,-0.015773,0.004662,0.001015,-0.006229,0.011516,0.014772,-0.00172,-0.016229,-0.010657,-0.006492,-0.002228,0.004019,0.003855,-0.168365,-0.0206,0.013599,0.001252,-0.004109,-0.014891,0.014023,0.002514,0.011645,-0.008323,0.004643,0.022396,0.002782,-0.004854,-0.001394,0.002093,-0.031163,-0.001977,-0.03439,0.000746,0.044159,0.063526,0.010235,0.00083,0.007302,0.003954,0.013784,-0.02428,-0.004645,-0.000167,0.017336,-0.013272,0.014447,-0.00131,-0.000164,0.006066,0.005866,-0.020898,0.003144,-0.03744,0.011995
FEDEX CORP,-0.033168,-0.017278,0.011624,-0.010701,-0.007223,0.007495,0.002903,-0.021963,0.006955,-0.016092,-0.003958,-0.006748,-0.007058,0.00114,0.013745,0.011836,0.005923,-0.020902,-0.002067,0.001205,7.5e-05,-0.015346,-0.004011,0.004986,-0.005267,-0.001381,-0.00315,-0.005627,0.015697,0.014005,0.004365,-0.029413,0.001081,-0.002082,-0.005912,-0.009874,-0.009344,-0.00103,-0.011029,-0.006819,0.001818,-0.011813,0.018237,0.01755,-0.021027,-0.010739,0.008538,0.00895,-0.010149,0.02418,-0.005084,-0.015173,0.0,-0.008729,0.01473,-0.007878,0.017857,0.004514,0.016676,-0.000507,0.155277,-0.002431,0.01479
EOG RESOURCES INC,0.015019,0.019112,0.011645,0.001869,0.014251,-0.003605,0.011886,0.006494,-0.004929,-0.014424,-0.014709,0.004306,-0.004212,-0.004834,0.010701,0.005482,0.006722,0.005935,-0.00177,0.002512,0.004053,-0.030239,-0.016499,0.014236,-0.013505,0.003538,-0.001686,-0.003301,0.005623,-0.003523,-0.005381,0.000232,-0.002627,-0.009063,0.015791,-0.000616,-0.007393,-0.02211,-0.016025,-0.006128,0.02093,-0.031228,0.002707,0.018814,-0.039422,0.001337,0.004257,0.007481,-0.008415,0.011648,0.003619,-0.009014,-0.015133,-0.007221,0.007104,0.003527,0.020837,0.000492,0.026628,0.001995,-0.007726,-0.000241,0.010598
TRANSDIGM GROUP INC,-0.014339,-0.008336,0.02051,-0.019658,0.025673,-0.001611,-0.014076,0.003273,0.012312,-0.011782,-0.010554,0.012961,0.002085,-0.009953,-0.021261,0.011139,0.034532,-0.000628,0.012049,0.002045,-0.000342,-0.008493,0.001034,0.017978,0.017314,0.006052,0.006738,0.00351,0.002935,-0.006346,-0.022839,-0.003741,0.010527,-0.002234,0.004377,0.016108,0.018343,-0.007967,0.003416,0.014721,-0.023972,-0.004287,0.007285,0.016174,-0.003008,0.001225,0.016013,-0.020297,-0.018469,-0.003061,-0.009273,0.021834,0.00115,-0.021826,0.018652,0.015596,-0.007324,-0.006453,0.005268,-0.00579,-0.014791,-0.009363,-0.008567
ILLINOIS TOOL WORKS INC,-0.011553,-0.004901,0.001061,-0.009197,0.004431,-0.003423,0.002061,-0.012529,-0.006209,-0.016183,0.001262,-0.010322,-0.006648,-0.002845,0.006551,-0.001996,0.00272,0.004469,-0.014299,0.000484,0.003867,-0.020583,-0.007538,-0.000949,0.007767,0.005207,0.007953,0.001052,0.009418,0.002403,-0.00016,-0.003636,-0.001163,0.00273,0.003323,-4e-05,-0.007223,-0.000161,-0.029308,-0.005715,-0.01108,-0.010109,0.011872,0.020816,-0.011864,0.003335,0.003033,-0.001781,-0.002282,-0.004367,-0.004721,0.00659,0.003294,-0.022569,0.016074,0.006445,0.011809,-0.012041,0.00911,-0.019127,0.003908,-0.006237,0.004086
C M E GROUP INC,-0.015189,0.013112,-0.012896,0.000849,-0.005325,0.007912,-0.01396,0.010583,0.003632,-0.015369,-0.015609,0.001212,0.009396,0.005902,0.01617,0.011453,0.005987,-0.019283,-0.000235,-0.007528,-0.006258,9.5e-05,-0.007489,-0.002836,0.000819,0.001686,0.001635,0.0168,0.008355,-0.024109,0.007004,0.004192,-0.012049,0.021464,0.001927,-0.008774,-0.004355,0.005372,0.00279,0.013439,-0.029872,-0.012518,-0.004808,-0.00937,-0.00606,0.010062,-0.016145,0.004988,-0.004864,-0.004314,0.001008,-0.014947,-0.00046,0.007616,-0.002739,-0.000305,0.009973,-0.020203,0.003085,-0.005024,0.005667,0.001691,0.005472
CINTAS CORP,-0.009447,-0.007053,0.004602,-0.021124,0.013815,0.005537,0.000443,-0.009975,0.000253,-0.004053,-0.005521,0.002768,0.002925,-0.00908,-0.001736,0.00561,0.002,-0.003302,0.001686,0.001473,-0.0006,-0.011249,0.007975,-0.001959,0.017742,0.017299,0.010325,-0.003233,0.008269,0.005774,-0.014509,-0.001536,0.006834,-0.001473,0.001099,0.007686,0.00357,0.002629,-0.008151,-0.01905,-0.018277,-0.010159,0.008606,0.01306,-0.005044,0.011756,0.004938,-0.005395,2.9e-05,0.002932,0.004063,0.00805,-0.000751,0.00539,0.01689,0.005046,-0.006329,0.002831,0.003514,0.005527,-0.010421,0.00588,-0.015991
FREEPORT MCMORAN INC,0.006593,0.022185,0.025424,-0.008668,0.005897,0.010714,0.026,-0.007407,-0.003535,-0.022073,0.011118,-0.012195,0.008298,0.006825,-0.010965,-0.013304,-0.019612,0.005209,0.024046,0.022267,0.037822,-0.047128,-0.000601,-0.022641,0.034235,0.010704,0.007845,-0.027826,0.022418,0.009984,0.008723,0.027671,0.002431,-0.029286,0.042083,0.011617,-0.009843,-0.056885,-0.000586,0.006445,0.040753,-0.016036,-0.008717,0.008029,-0.013086,-0.044965,0.015895,0.015053,-0.038634,0.014816,-0.0132,-0.002837,-0.024594,0.002501,-0.017668,0.009099,0.035018,0.004052,0.016546,-0.009925,-0.00822,-0.023246,0.005795
TARGET CORP,0.003442,-0.008885,-0.004256,-0.018634,-0.002613,-0.012051,0.011373,-5.8e-05,-0.00169,-0.030409,-0.006682,-0.010242,0.007041,0.012829,0.010325,-0.007071,-0.00359,-0.007027,-0.005443,0.001824,-0.006131,-0.016796,-0.028264,0.010804,-0.000506,0.001962,0.013009,-0.005112,0.029639,-0.007242,-0.01367,-0.005221,-0.009122,0.019935,-0.003237,-0.021358,-0.005935,-0.080306,0.007957,0.005678,0.012876,0.004351,0.014417,0.04197,-0.020044,-0.016206,-0.021255,-0.015066,0.005995,0.01726,-0.015688,0.004036,-0.014307,-0.02433,0.026991,-0.016762,0.005893,0.01918,0.024362,-0.019507,0.002725,-0.003058,0.008997
MARRIOTT INTERNATIONAL INC NEW,-0.003884,-0.014284,0.011504,-0.006784,0.02025,0.002954,0.001021,-0.002314,0.016513,-0.028969,-0.010555,-0.011232,-0.029151,-0.009058,-0.00127,0.005975,0.009604,0.018232,-0.008686,-0.004547,-0.001453,-0.01813,-0.009613,0.007269,-0.004118,0.009506,-0.003505,-0.002712,0.009305,0.012293,-0.01231,-0.006863,0.000551,0.012542,-0.005147,0.010937,-0.00853,-0.008897,-0.014694,0.019521,-0.010356,-0.024259,0.002189,0.009652,-0.012069,0.009327,0.009804,-0.003179,-0.004008,0.007183,-0.000516,0.01685,0.016529,-0.004242,0.021925,-0.006743,0.003826,-0.001844,0.008746,-0.003379,-0.013561,0.003064,-0.001981
ECOLAB INC,-0.012863,-0.002106,0.003561,-0.016122,0.014115,-0.004215,-0.004409,-0.016121,-0.006302,0.004258,-0.011954,0.006118,-0.005128,-0.000182,-0.00479,0.005271,0.001596,0.005099,-0.004484,0.00596,0.002578,0.02021,-0.005174,0.007912,0.003263,0.006374,0.01734,0.001331,0.001501,-0.000257,-0.00758,0.000647,0.004528,-0.001374,0.004428,0.004408,0.001321,-0.005532,-0.002439,0.005062,-0.023089,-0.012101,0.011365,0.015304,0.003101,0.011163,0.015583,0.00556,-0.00553,-0.001756,0.007706,0.004447,-0.000621,-0.006128,0.013122,0.002714,0.002466,0.00041,0.002664,-0.014143,-0.002198,-0.004571,-0.00647
BECTON DICKINSON & CO,-0.01374,-0.012416,0.010663,-0.002217,0.012837,-0.018077,0.01692,-0.019609,-0.001577,-0.022609,-0.001914,-0.015806,0.005195,0.004048,0.00416,-0.001025,0.002052,-0.002261,-0.014327,0.004643,0.008162,0.004969,-0.003751,0.028367,-0.023591,0.008096,0.002409,-0.015054,0.006079,0.002851,0.005431,-0.00823,0.009745,-0.002824,-0.001352,0.003512,-0.009573,-0.001746,-0.017488,-0.006772,-0.008698,-0.007628,0.007598,0.022886,0.029616,-0.001424,-0.009224,0.016378,0.001915,-0.000707,-0.019081,-0.004044,-0.008633,0.007587,-0.004193,0.004211,0.01998,-0.000461,-0.009988,-0.008647,-0.009621,-0.002936,0.011995
APOLLO GLOBAL MANAGEMENT INC NEW,0.000178,-0.016982,0.018361,-0.013411,0.032319,0.012122,-0.036102,0.021007,-0.010506,-0.025571,-0.023154,0.002324,-0.003153,-0.001768,0.003075,0.027595,0.028662,-0.009229,-0.007452,0.003039,-0.011674,-0.022811,-0.005628,0.0399,-0.023289,0.018454,0.015249,0.001237,-0.009972,-0.001159,-0.020346,0.009929,0.040137,-0.018449,0.003105,-0.00115,0.015494,-0.007498,-0.008433,0.023388,0.000693,-0.021021,0.031811,-0.005224,0.003357,-0.022909,0.021075,-0.028466,-0.0054,0.057049,-0.017344,0.014309,-0.01774,-0.003526,0.003625,0.008857,0.009461,-0.005488,0.004245,0.001606,-0.003461,-0.000508,0.000593
AIRBNB INC,-0.009639,-0.019955,-0.004809,-0.003138,0.018446,-0.009272,0.014912,-0.014632,0.032069,-0.036574,-0.023656,0.006812,0.010915,0.010924,-0.031793,0.010322,0.027712,0.011743,0.001044,0.007484,-0.012056,-0.022681,-0.015198,0.013896,0.008716,0.014338,-0.013519,-0.011952,-0.068714,-0.004964,0.019205,-0.016295,-0.006135,0.009534,-0.010395,0.004874,-0.015509,-0.009646,-0.011702,0.024319,0.017582,-0.002721,-0.007435,-0.004055,0.009108,0.005675,-0.008839,0.008369,-0.002313,0.009614,-0.002161,0.010626,-0.021564,-0.00089,0.024183,-0.014783,0.004006,0.011428,-0.007889,0.016982,-0.00603,0.010733,0.000132
PARKER HANNIFIN CORP,-0.0086,-0.006479,0.020331,-0.005228,0.019833,-0.001306,-0.008093,-0.010653,0.000756,-0.009842,-0.012629,0.001417,-0.006561,-0.004588,-0.006393,0.009483,0.019788,-0.007358,0.005546,0.007754,0.001445,-0.017189,-0.003578,-0.022617,0.010364,0.027248,-0.001107,0.008597,0.013354,0.000785,-0.017999,-0.002958,0.007044,-0.024907,0.010417,0.005302,-0.002062,-0.001463,-0.03571,0.006191,-0.00621,-0.006362,0.002427,0.013462,-0.034693,-0.001228,0.020978,-0.015252,0.001786,0.019103,-0.005703,0.019044,-0.007618,-0.048402,0.005424,0.001581,0.002289,-0.007539,0.012159,-0.009779,-0.005284,0.003163,0.003153
C S X CORP,-0.007823,-0.007341,-0.002465,-0.008237,0.004983,-0.006887,-0.002774,-0.015021,0.000565,-0.00254,-0.005659,-0.008537,-0.019518,0.006733,-0.001454,0.008154,0.002889,-0.030242,0.010692,-0.001175,-0.001177,-0.021502,-0.000602,0.011145,0.008341,-0.005022,0.008314,0.007656,0.008182,-0.003478,0.004072,-0.017092,-0.002653,0.00266,-0.012084,-0.003282,-0.010177,0.028425,-0.014996,0.008358,-0.008881,-0.007168,0.001805,0.017117,-0.016889,-0.012357,0.008544,-0.001815,-0.007275,0.005496,-0.007896,0.002755,-0.007021,-0.010759,0.013362,0.012879,0.008477,0.003002,-0.005986,-0.015056,0.009171,0.000606,0.012716
NORTHROP GRUMMAN CORP,-0.015272,-0.010587,-0.020049,0.005405,-0.010838,0.004092,-0.003725,0.007148,-0.000175,-0.003757,-0.010568,-0.002083,0.003775,0.000995,0.022276,0.018159,0.007856,-0.000232,0.028426,-0.015592,0.01201,-0.002447,0.002763,-0.023377,-0.012442,-0.00049,0.01043,-0.004517,0.003859,0.002894,0.003896,-0.005413,-0.009324,0.002214,-0.000999,-0.002722,0.006312,0.005912,-0.015758,0.00274,-0.023433,-0.02,0.000291,0.009518,-0.003195,-0.002092,-0.013426,0.005448,-0.010657,-0.009704,-0.013654,-0.006212,-0.008732,0.001582,0.013417,-0.009191,0.020313,-0.005501,-0.003286,-0.005085,0.007025,0.007926,0.002391
MOTOROLA SOLUTIONS INC,-0.003916,-0.004299,-0.004885,-0.006907,0.01256,-0.000766,0.002642,-0.015611,0.003713,-0.014137,-0.015212,0.004519,0.001176,-0.003084,0.00056,0.016429,0.000927,-0.001273,0.01133,-0.007277,0.003492,-0.024562,-0.009288,0.000714,0.051927,-0.011479,0.024397,0.002373,0.003036,0.007609,-0.013366,0.00852,0.011023,0.003781,0.003794,0.001713,0.003556,0.003597,-0.020805,0.00344,-0.012918,-0.007725,0.007225,0.014513,0.004083,0.007697,0.003873,-0.000486,0.001593,0.007384,0.008293,0.0065,-0.006959,-0.000849,0.019738,0.002038,0.002607,0.003744,0.005492,0.005668,-0.015703,0.005648,-0.000906
EMERSON ELECTRIC CO,0.001058,-0.002378,0.002384,-0.004404,0.01327,0.001135,-0.003663,-0.001488,-0.004909,-0.007664,-0.007901,-0.002416,-0.015069,-0.004553,-0.006678,0.00046,0.010494,-0.001366,-0.000182,0.002646,-0.001183,-0.018039,-0.01234,-0.000376,0.001222,-0.002816,0.010919,0.048883,0.026099,-0.000346,-0.006318,-0.004093,0.00411,-0.012846,0.000532,0.007264,0.0,0.008619,-0.019097,0.008267,-0.012079,-0.010085,-0.00018,0.011362,-0.027907,-0.019811,0.013194,-0.021334,0.018968,0.006946,-0.010301,0.008271,0.000276,-0.019073,0.008548,0.012201,-0.004969,0.002497,0.008394,-0.013264,-0.016223,0.020449,0.017269
CONSTELLATION ENERGY CORP,0.006113,0.01156,0.011322,-0.03758,0.054448,-0.005697,-0.02021,0.015843,0.00942,-0.006273,-0.032713,0.006742,-0.006697,-0.008306,-0.016099,0.012825,0.027453,-0.011102,0.009938,0.001915,0.001274,-0.014156,-0.007422,0.008778,0.046622,0.014575,0.014466,0.037096,0.038029,-0.004539,-0.006235,0.01943,0.025581,-0.031212,-0.01493,0.009197,0.034965,-0.011142,0.00477,0.04282,0.002775,-0.044007,0.019118,-0.034273,-0.041381,-0.024585,0.030472,-0.03215,-0.022705,0.08399,0.017146,-0.000824,0.008252,-0.022871,-0.013402,0.039572,0.00862,-0.018803,-0.009306,0.029014,-0.054234,-0.026295,-0.022024
U S BANCORP DEL,-0.016779,-0.016382,-0.002776,-0.004407,0.002563,0.016035,0.005032,-0.043468,-0.002617,-0.008111,-0.003367,-0.010618,-0.036098,-0.002024,0.025609,0.014833,-0.001949,0.015621,-0.0149,0.003171,0.004134,-0.015985,0.010337,-0.001949,0.01074,0.009901,-0.005739,0.002645,-0.003598,0.007463,-0.008602,0.011087,0.006436,-0.013501,-0.005282,-0.013034,0.007092,-0.009956,-0.018396,0.012744,-0.018752,-0.018356,0.008709,0.029711,-0.020222,-0.019381,0.00308,-0.001535,0.0,-0.00692,-0.007742,0.021586,-0.000509,-0.010953,0.006696,0.005116,-0.000255,0.010693,0.021411,-0.01307,-0.007746,-0.000755,0.012853
P N C FINANCIAL SERVICES GRP INC,-0.010272,-0.015006,-0.002539,-0.001655,0.003123,0.022813,0.002734,-0.039467,-0.006128,-0.012331,-0.007104,-0.020193,0.004845,0.004346,0.02982,0.023835,0.010774,0.002855,-0.011135,-0.001216,-0.002114,-0.016177,0.004698,0.01104,0.003469,0.001344,-0.00179,0.006788,-0.000573,0.002928,0.002983,0.008542,0.012171,-0.002789,-0.003356,-0.020019,0.008973,-0.01293,-0.023834,0.009753,-0.012447,-0.007746,0.018259,0.022544,-0.015122,-0.005483,0.002854,0.002393,0.005872,-0.020465,-0.01598,0.015907,-0.005831,-0.004349,0.011185,0.011127,-0.008415,0.000131,0.011097,-0.019367,-0.000592,0.00079,0.023366
O REILLY AUTOMOTIVE INC NEW,0.00124,0.008785,-0.006367,-0.02941,0.016306,-0.009234,-0.010386,-0.002409,-0.00924,-0.006011,-0.006707,0.018929,0.004855,0.005718,-0.009191,0.000477,0.000815,0.00032,-0.035298,-0.009676,-0.0066,-0.022931,-0.008043,0.001114,0.006678,0.0031,0.004547,-0.000362,0.010173,-0.011051,-0.006455,-0.005905,0.003586,-0.004355,0.006044,-0.016531,0.000261,-0.004168,-0.015704,0.011364,-0.029839,0.000407,0.005992,-0.000394,-0.006904,0.014311,0.006761,0.005692,-0.003787,-0.003637,0.025525,0.00421,-0.008424,0.011579,0.035679,0.012845,0.022638,0.001129,0.001599,-0.023747,-0.006561,0.006252,-0.001286
REPUBLIC SERVICES INC,-0.005615,-0.004794,0.001694,-0.012999,0.008673,0.000637,0.001485,0.004714,-0.002689,-0.007189,-0.003088,0.001282,0.007841,0.000106,0.004181,0.01054,-0.005997,0.00724,0.008177,-0.008473,0.007764,-0.008841,-0.029734,0.002366,-0.004988,0.006469,0.009908,-0.006523,0.004271,0.0059,-0.005337,-0.004728,-0.001975,0.003904,0.002451,-0.011586,0.002688,0.001555,-0.002356,0.002576,-0.017665,-0.010463,0.002643,0.017136,0.000702,0.011008,0.00379,-0.005317,-0.000642,0.004119,-0.0057,0.003322,0.000854,0.006456,0.016168,0.000835,-0.000104,0.000104,0.014647,-0.000822,-0.002108,0.003761,-0.002464
MARATHON PETROLEUM CORP,0.014442,0.034098,0.016936,0.006001,0.013318,-0.009812,-0.022398,-0.004243,0.004971,-0.016488,-0.008382,-0.015264,-0.006867,-0.036748,0.006974,0.009522,0.007062,-0.002554,0.001858,-0.005614,0.010686,-0.093711,-0.015133,0.022238,-0.002186,0.00126,-0.010176,5.5e-05,0.011054,-0.018422,-0.009468,-0.018835,-0.005931,0.012279,0.028037,-0.019981,0.00284,-0.003171,0.003068,0.007023,0.007649,-0.037397,-0.002609,0.026743,-0.010532,0.002918,-0.007646,0.010407,-0.003585,-0.00434,0.000688,-0.032672,0.01037,-0.00258,0.009761,0.004193,0.007017,-0.005701,0.007645,0.006897,-0.00508,-0.007975,0.003296
MARVELL TECHNOLOGY INC,0.032731,0.005328,-0.00761,-0.02944,0.024972,-0.010048,0.019744,-0.026043,0.00224,-0.019153,-0.032497,0.005893,-0.026362,-0.018652,-0.04767,0.012072,0.015585,0.015503,0.040555,0.031713,-0.012496,-0.041309,-0.03171,0.044657,0.027599,0.019121,-0.016328,-0.008299,-0.006313,0.011673,0.008033,-0.014489,0.031314,0.041768,-0.015873,0.035456,-0.015711,0.005184,0.018187,0.022128,0.021518,-0.032555,0.01412,-0.104619,-0.00872,-0.026829,0.051522,-0.024355,-0.001615,0.021768,0.013387,0.042045,-0.006679,0.005489,-0.01979,0.018379,0.001367,-0.018433,-0.05731,0.00723,0.000146,0.006738,0.017023
ROPER TECHNOLOGIES INC,-0.012874,-0.013872,-0.002308,-0.012209,0.010665,0.000405,0.00046,-0.013782,0.00681,-0.00706,-0.014128,-0.002423,-0.000968,0.00152,0.013485,0.008851,0.000946,-0.002984,0.004461,-0.025222,-0.025058,-0.004128,0.006452,-0.007654,0.012509,-0.003229,0.009156,0.001518,0.004376,0.000325,-0.003324,-0.001782,0.020371,0.013849,0.005735,0.008267,-0.009096,0.011175,-0.005169,7.3e-05,-0.021371,-0.003902,-0.008212,0.011736,0.006382,0.013504,0.006478,0.00629,0.006668,0.004458,-0.001402,0.004445,-0.019742,0.004167,0.007535,0.01176,-0.001571,0.004059,0.001888,0.000782,-0.00968,0.008107,0.002847
PAYPAL HOLDINGS INC,-0.029258,-0.00569,0.010516,-0.012244,0.009452,0.018266,0.009949,-0.016717,-0.001214,-0.018389,-0.016721,-0.00126,-0.00268,-0.018337,0.003382,0.014123,0.019623,0.006363,-0.011413,0.029017,0.015616,0.013883,-0.026207,0.0127,-0.01911,-0.00137,0.004725,-0.032008,0.01003,-0.023584,0.016209,0.009851,-0.01053,0.00313,0.005928,0.004497,-0.010344,-0.029797,-0.009809,0.000974,0.008598,-0.018015,0.023915,0.007679,0.007461,-0.002048,0.003158,0.054935,0.004178,-0.00312,-0.03458,-0.020689,-0.029797,-0.014706,-0.008328,-0.016797,0.011502,0.013545,-0.018479,-0.00269,-0.018035,0.001888,-0.005825
PHILLIPS 66,0.0,0.037652,0.018998,-0.011754,0.00041,-0.012884,-0.01863,-0.001511,0.001514,-0.017653,-0.010278,-0.018281,-0.00399,-0.025056,0.009132,0.015125,0.011398,-0.00661,-0.003486,-0.037077,0.000859,-0.054969,-0.020948,0.026104,-0.001807,0.010515,0.00062,0.011914,0.005308,-0.014351,-0.003571,-0.001585,0.009389,-0.002462,0.016318,-0.018085,-0.001939,-0.008603,-0.004968,0.003446,0.000561,-0.032012,0.001447,0.026881,-0.022377,-0.013964,0.00292,0.007133,-0.002168,0.000362,0.001231,-0.016487,0.012205,-0.00661,0.003875,-0.010489,0.015532,0.000942,0.003331,0.012198,-0.00328,-0.002719,0.012697
AIR PRODUCTS & CHEMICALS INC,0.004747,-0.014707,-0.001001,-0.010392,0.006621,-0.004399,0.008543,-0.015647,0.001441,-0.019979,-0.001598,-0.014709,0.005488,0.01751,-0.005922,0.011742,-0.002773,0.00415,0.001704,0.004254,0.008641,-0.007475,0.004866,0.026106,0.008946,0.007036,0.004241,-0.009572,0.017623,-0.000239,-0.001157,-0.006793,0.012231,0.021622,0.02202,0.013361,-0.005822,-3.8e-05,-0.006235,0.006122,7.6e-05,-0.016476,0.000884,0.0238,0.015786,-0.002252,0.000111,-0.002256,0.036371,0.009945,-0.005313,0.007977,0.007984,-0.035645,-0.007378,0.005822,-0.009574,0.003087,-0.007365,-0.014064,-0.012692,-0.002389,-0.019082
CARRIER GLOBAL CORP,-0.012558,-0.010453,0.002465,-0.019143,0.010564,0.024805,0.004668,-0.020995,-0.004746,0.003886,-0.024279,-0.012622,-0.009313,-0.016037,0.00281,0.001681,0.028348,-0.00671,0.092021,0.011537,0.036529,-0.019455,-0.006017,0.000164,0.018871,0.031728,0.003122,0.000778,0.014461,0.003985,-0.017863,0.009793,0.012931,-0.012158,0.003539,0.011498,0.003637,-0.013138,-0.015302,0.020202,-0.014928,-0.024741,0.004281,-0.002368,-0.01899,-0.011615,0.03101,-0.010923,0.003681,-0.002711,-0.008634,0.038387,-0.006058,0.005626,0.011966,0.009214,-0.022824,-0.017907,0.027831,-0.010831,-0.016737,0.005886,-0.002372
GALLAGHER ARTHUR J & CO,-0.011438,-0.007363,4.1e-05,-0.020663,0.015356,0.000697,-0.000123,-0.016835,-0.007708,-0.015073,-0.010615,-0.002844,-0.003932,0.015053,0.011026,0.004016,0.001474,-0.004456,0.000591,-0.011986,-0.002392,0.004881,0.017513,-0.001089,0.000755,0.017971,0.008271,-4.1e-05,0.010408,0.013169,-0.005263,0.00489,0.004228,0.014854,0.008414,-0.004968,0.005655,-0.000737,-0.025965,0.004383,-0.014798,-0.012121,0.015368,0.017022,-0.001184,0.008655,-0.008346,-0.005729,0.009895,0.006469,0.003723,0.010776,0.007339,-0.00974,0.011307,0.002719,0.010654,-0.000227,0.00223,-0.019948,-0.024625,0.026154,-0.003152
3M CO,0.04926,-0.012551,0.00377,-0.028437,0.005412,0.009887,0.007397,0.000216,0.005938,-0.020069,-0.000109,-0.002738,-0.000989,0.005717,0.008636,0.003793,0.004103,-0.010538,-0.006629,0.004595,0.003594,0.047201,0.019998,-0.016558,0.003512,-0.005764,-0.010871,0.008478,0.010171,0.016439,0.007076,0.004517,0.011591,0.035757,0.003815,-0.000475,-0.019675,-0.015998,-0.012612,0.001608,-0.009933,-0.01135,0.00656,0.019756,-0.003795,-0.011528,0.004563,-0.00848,0.026878,-0.001983,0.006557,-0.001086,0.003261,-0.006303,-0.003667,0.002387,0.008832,0.007181,0.00586,-0.009127,-0.00588,0.016954,-0.009499
OCCIDENTAL PETROLEUM CORP,0.021388,0.013257,0.00669,-0.001182,0.023954,-0.007509,-0.002619,0.005689,0.004642,-0.00361,-0.009709,-0.022242,-0.012571,0.000909,0.008934,0.005553,0.005821,-0.00089,0.008169,-0.001473,0.006639,-0.030632,-0.025552,0.003258,-0.004176,0.009784,0.000769,-0.021362,0.008794,-0.01043,-0.010382,0.002384,0.005075,-0.008204,0.00875,0.002523,-0.003461,-0.010892,-0.011171,-0.000161,0.004197,-0.017521,0.001473,0.021075,-0.03088,-0.011227,-0.000835,0.004011,-0.009987,0.020511,0.002149,-0.005115,-0.008292,0.000669,0.006016,0.017608,0.019262,-0.024343,0.038247,-0.002372,-0.003645,-0.002863,0.005424
EDWARDS LIFESCIENCES CORP,-0.013709,0.000637,-0.013678,-0.019566,0.016447,-0.003884,0.007689,-0.01655,-0.001093,-0.012362,-0.011963,0.009529,-0.031205,-0.009055,-0.005899,0.011869,0.009085,0.009801,-0.006771,-0.017953,-0.005554,-0.014892,-0.00437,0.009015,0.002234,-0.001877,0.008814,-0.008737,0.027383,-0.008007,-0.023293,0.020779,0.042794,-0.000555,-0.010765,0.00718,0.006237,-0.001439,-0.030484,0.005946,-0.010684,-0.000115,0.009882,-0.011378,0.011164,-0.005122,-0.00389,0.007006,0.005246,-0.023145,0.010453,0.008851,-0.001139,-0.004334,-0.004812,0.018994,0.003615,0.023188,-0.008031,0.010092,0.00527,0.019441,-0.010392
HILTON WORLDWIDE HOLDINGS INC,-0.00286,-0.010954,0.008556,-0.015931,0.01389,-0.00052,-0.007893,-0.001525,0.005582,-0.026855,-0.003267,-0.009441,-0.009975,-0.00828,-0.021879,0.003445,0.009737,0.038875,-0.003762,-0.008876,0.000198,-0.024139,0.002332,-0.001062,5.1e-05,0.01296,-0.001949,0.003405,0.01542,0.022607,-0.009564,-0.003833,-0.003556,0.006697,-0.007775,0.006758,0.001119,-0.006657,-0.021523,0.016048,-0.015942,-0.0176,0.000254,0.020709,-0.012164,0.011506,0.010677,-0.00696,0.005021,0.013058,0.005175,0.02346,0.004414,-0.006237,0.020445,0.00643,0.00838,-0.008861,0.005373,-0.009031,-0.009438,0.009481,0.014553
PACCAR INC,-0.006377,-0.012185,-0.009704,0.000913,0.013938,0.002455,-0.027182,-0.004111,0.001601,-0.006056,-0.001185,-0.004067,-0.013698,-0.018718,-0.022591,0.012501,0.006573,0.003706,-0.009847,-0.00586,0.015005,-0.066262,0.002168,0.001128,-0.015687,0.003435,0.01379,0.004221,0.017468,0.002387,-0.021341,0.014694,-0.00037,-0.019893,0.000661,-0.005472,0.001707,0.025852,0.004985,0.005144,-0.013525,-0.025104,0.004846,0.016549,-0.018698,0.004266,0.038418,-0.008272,-0.013107,-0.002229,-0.013311,0.006792,0.003561,-0.003548,0.009651,-0.000464,-0.004364,-0.011844,0.008777,-0.003836,-0.020567,-0.003068,-0.009907
PALANTIR TECHNOLOGIES INC,-0.006519,-0.006124,-0.00088,-0.009692,0.021352,0.001742,-0.008261,-0.017098,0.018733,-0.007443,-0.033966,-0.000913,-0.026051,-0.008447,-0.031235,0.024426,0.03195,-0.002311,0.005558,0.03731,0.013766,-0.03767,0.006828,0.019439,0.03459,0.080583,-0.15113,0.007477,-0.019481,-0.025544,0.016505,0.023878,0.010728,-0.000923,0.005081,-0.006434,-0.017576,-0.003296,-0.021257,0.013996,0.001904,-0.005226,0.037727,-0.002301,-0.016605,0.036585,0.038914,0.03615,-0.020177,-0.007722,0.031129,-0.003354,-0.021035,0.012892,0.061519,0.031974,-0.01007,-0.067293,0.013423,0.016556,-0.01873,0.046473,0.004362
AUTODESK INC,-0.003763,-0.041358,-0.009368,-0.006372,-0.000286,0.004699,0.008296,-0.035978,0.008577,-0.016925,-0.031058,-0.00601,-0.05836,-0.019961,0.027869,0.00291,0.003684,-0.013445,0.006512,0.00707,-0.005277,-0.018129,-0.010054,-0.003607,0.024958,0.007017,-0.009599,-0.003122,0.021874,-0.003934,-0.005143,-0.003785,0.020433,0.000863,0.003539,0.000859,-0.005059,-0.001453,-0.021822,-0.001255,-0.020662,-0.009218,-0.041149,0.008353,0.045734,0.005597,0.020189,-0.001896,0.000834,0.009951,-0.030706,0.054468,0.000359,0.012416,0.064816,0.01501,-0.002499,-0.004928,-0.012959,0.014049,0.003092,0.001644,0.015471
GENERAL MOTORS CO,0.001103,-0.011234,0.006237,-0.032987,0.012592,0.002487,0.008796,-0.017662,-0.002276,-0.017336,-0.009053,-0.000703,-0.004688,-0.000471,-0.001649,0.019825,0.04374,-0.000443,0.011979,0.004822,0.004363,-0.032798,-0.001347,0.004497,0.004253,0.004458,0.004882,-0.00508,0.006881,-0.003307,-0.000885,-0.003099,0.010216,0.008353,-0.002398,-0.014205,-0.004212,-0.021149,-0.005458,0.00869,-0.023124,-0.010443,0.018058,0.036397,0.01667,-0.010494,0.007954,-0.000219,0.005043,0.040464,0.013454,0.013483,-0.024765,-0.018468,0.01347,0.000844,0.006956,-0.001047,0.008173,-0.035336,-0.01379,-0.004151,0.019307
CAPITAL ONE FINANCIAL CORP,-0.024112,-0.006125,-0.007894,-0.007957,0.00978,0.002787,-0.002779,-0.024944,0.002858,-0.00513,-0.003151,-0.019902,0.002639,0.035534,0.009038,0.030369,0.004414,0.006558,-0.01948,0.001644,-0.004856,-0.014227,-0.01248,0.0012,0.004231,0.00646,-0.005372,0.001894,-0.00238,0.004702,-0.002525,0.006189,0.008876,-0.022861,0.005388,-0.008392,-0.001422,-0.00705,-0.013914,0.000945,-0.007266,-0.0071,0.003907,0.010648,-0.003706,-0.019253,0.007436,0.006569,0.025152,0.007868,-0.04088,0.014504,-0.014661,-0.010289,0.02543,0.00175,0.005752,-0.009846,0.006653,-0.020482,0.014163,-0.020034,0.032978
COPART INC,0.00259,-0.014121,0.002096,-0.028412,0.014532,-0.004775,0.007285,-0.011642,-0.000535,-0.011071,-0.011376,-0.006758,-0.00662,-0.01518,-0.006015,0.007942,0.018949,0.011416,0.005279,0.009236,-0.000359,-0.02513,0.002394,-0.000735,0.014706,0.009783,0.003409,-0.013767,0.001813,-0.00941,-0.00274,-0.00348,0.016728,-0.013198,-0.001466,0.007706,0.000182,-0.017841,-0.00797,0.009342,-0.02388,-0.011189,0.00748,0.01009,-0.007727,0.006458,0.01906,-0.009815,0.005424,-0.003162,-0.005971,0.011451,-0.015219,0.002827,0.021425,0.009384,-0.015494,0.004259,0.012168,0.00674,-0.01158,0.00238,-0.010957
TRUIST FINANCIAL CORP,-0.015649,-0.01251,0.001584,-0.000264,0.003954,0.019953,0.003089,-0.037721,-0.005333,-0.014209,-0.001904,-0.028883,0.000561,0.001402,0.030524,0.034239,0.020494,-0.001287,-0.02114,0.005267,0.003668,-0.019838,0.013316,0.007884,0.013038,0.014672,-0.007864,0.007159,0.005839,0.009463,-0.007347,0.00536,0.020056,-0.000747,-0.004483,-0.023518,0.013067,-0.016439,-0.016714,0.004184,-0.016927,-0.007682,-0.009076,0.016972,-0.016954,-0.012396,-0.000546,-0.005733,-0.006864,-0.004147,-0.009439,0.03167,-0.012225,-0.026128,0.011014,0.021508,0.001641,0.004368,0.018211,-0.010945,-0.004318,0.025752,0.026691
WILLIAMS COS,-0.002566,0.011063,0.001272,-0.006099,0.003068,-0.007137,0.007445,-0.009174,-0.007202,-0.013471,-0.006303,-0.005021,0.000797,-0.002654,0.024747,0.003895,0.003104,0.01212,0.005096,-0.004816,-0.001274,-0.021678,-0.012252,0.017155,0.003373,0.010085,0.00128,0.005369,0.006612,0.001516,0.000505,0.01765,0.002725,0.011861,0.007814,0.004119,0.008205,-0.025371,-0.01498,0.000499,0.013456,-0.014015,0.013466,0.021408,-0.012768,0.008297,0.006292,-0.003848,-0.005915,0.018673,-0.002171,0.004351,-0.000722,-0.00843,0.002186,0.01333,0.014112,-0.008019,0.024964,-0.005103,-0.013989,-0.001182,0.006155
VALERO ENERGY CORP NEW,0.011424,0.026529,0.017775,0.001331,0.015392,-0.013632,-0.025596,-0.003177,0.007627,-0.01977,-0.016538,-0.009844,-0.010119,-0.028635,0.008616,0.012264,0.009885,-0.003223,0.000778,-0.007958,0.010314,-0.045609,-0.026334,0.010793,-0.003178,0.008671,-0.009671,0.002553,0.01146,-0.017247,-0.001281,0.0,0.011416,0.005009,0.047697,-0.01373,-0.008487,-0.002402,0.003457,-0.000861,0.00708,-0.048175,-0.023894,0.041352,-0.020364,0.009354,-0.008624,0.011231,-0.008603,0.001036,-0.006404,-0.033984,0.009705,0.001669,0.00693,-0.007743,0.016873,-0.014823,0.003462,0.020301,-0.001365,0.002995,0.017658
AFLAC INC,-0.007803,-0.003052,0.002944,-0.009627,0.012565,-0.003278,-0.023138,-0.003006,-0.039556,0.008036,-0.000125,0.001993,-0.002114,0.008971,0.027785,0.003484,0.002754,0.006328,-0.006526,-0.001433,0.011123,-0.010528,0.010998,-0.006267,-0.009876,0.018267,-0.00059,0.001771,0.006484,0.008199,-0.00244,0.005008,0.013673,-0.003887,0.014115,-0.007695,0.004561,0.000799,-0.010039,0.010486,-0.004904,-0.000917,0.009176,0.021482,-0.010682,-0.009785,0.003862,-0.000339,0.00498,-0.004392,-0.009389,0.00708,-0.009979,-0.003092,0.01057,0.01171,0.008653,-0.001003,0.008476,-0.004644,-0.008777,-0.000672,0.001682
AUTOZONE INC,0.005378,0.000454,-0.007385,-0.019573,0.00645,-0.009292,-0.010556,-0.005871,-0.006276,-0.01478,-0.019853,0.002328,0.009618,0.011881,0.004161,-0.007999,-0.000209,0.009277,-0.014475,0.000248,0.017923,-0.014133,-0.003244,0.005185,-0.003339,0.00525,0.007733,-0.009406,0.00828,-0.002588,-0.013896,-0.005613,0.002992,-0.009958,0.005691,0.002242,-0.035297,-0.017084,0.001767,0.00553,0.002542,-0.02175,0.012216,-0.000945,0.000968,0.006622,-0.005267,-0.004175,0.013025,-0.007052,0.010817,0.002455,-0.001608,0.007969,0.036325,0.010181,0.013299,-0.005944,-0.001642,-0.016423,-0.002285,0.008772,0.002944
METLIFE INC,-0.005667,-0.006242,0.004643,-0.005981,0.006427,0.002446,-0.012198,-0.01331,-0.012933,-0.011834,-0.00998,-0.007345,-0.000145,0.014945,0.016583,0.011953,0.003613,0.006923,-0.011276,-0.020584,0.018177,-0.008647,0.011255,-0.022816,0.003986,0.017229,0.000983,0.005613,0.01228,0.002619,-0.0044,0.012429,-0.002455,0.004649,0.010208,-0.01792,-0.004116,0.003857,-0.016742,0.012422,-0.021505,-0.007608,0.009512,0.017719,-0.013127,-0.015542,0.000285,-0.004123,0.000143,0.003141,-0.017219,-0.000579,-0.005216,-0.001602,0.012108,0.006918,0.014171,0.005928,0.011927,-0.009845,-0.003221,-0.004496,-0.009455
AMERICAN INTERNATIONAL GROUP INC,-0.00678,0.004894,-0.00282,-0.015167,0.014226,0.001802,-0.029929,-0.002648,-0.015268,-0.006606,-0.00855,0.010404,-0.016664,0.005649,0.016989,0.009834,-0.0004,0.000534,-0.004535,-0.00134,0.016235,-0.005677,0.006639,0.030207,0.004866,0.018986,0.003876,-0.004858,-0.000125,0.002879,-0.013981,0.005697,-0.006798,-0.002028,0.02286,-0.021728,-0.001396,0.002923,-0.016855,0.0058,-0.008586,0.002715,0.008766,0.007284,-0.006344,-0.021323,-0.009785,-0.003689,0.00529,0.0,-0.02381,0.006333,-0.007633,-0.003913,0.007627,0.002027,0.010117,0.000134,0.014955,-0.019734,-0.000268,0.006444,-0.009737
FORD MOTOR CO DEL,0.000753,-0.000752,0.027861,-0.032234,0.005299,0.009789,0.009694,-0.035451,-0.001531,-0.032976,-0.030135,-0.011447,-0.004136,0.001661,0.006633,0.060956,0.004658,0.000773,0.00695,-0.019172,-0.003127,-0.047059,0.004115,0.023771,-0.004804,0.005632,-0.0144,-0.001643,-0.001646,-0.011542,0.028357,0.008921,-0.01045,0.005686,-0.008078,-0.010586,0.0,-0.009877,0.00665,0.004129,-0.039474,-0.010274,0.018166,0.030586,0.004946,-0.013126,0.003325,0.0,0.006628,0.01893,-0.021809,-0.002477,-0.011589,-0.019263,0.011956,-0.005907,0.013582,-0.008375,0.032939,-0.011447,0.001654,0.009909,0.025348
MONSTER BEVERAGE CORP NEW,-0.025978,-0.014548,-0.016696,-0.003575,0.002691,-0.004472,0.001797,-0.016861,-0.00146,0.005116,-0.016361,0.010719,-0.008045,-0.014562,-0.005986,0.008656,0.002425,0.011167,-0.021719,0.004139,0.01424,-0.012562,0.001684,-0.002802,0.030156,-0.014182,0.008299,-0.006768,0.016575,0.00471,-0.013343,-0.004386,-0.004405,-0.002766,0.00037,-0.009795,-0.003733,-0.005245,-0.008663,0.00114,-0.019924,0.009293,-0.017073,0.013271,-0.000578,0.005781,-0.003641,0.008654,0.004576,-0.032074,0.003137,-0.02717,-0.021097,-0.014163,0.022902,-0.014452,0.00537,0.008422,0.008148,0.013134,0.006382,0.00218,-0.01226
MICROCHIP TECHNOLOGY INC,0.000334,-0.019612,0.001819,-0.02133,0.015187,0.018043,0.028267,-0.039053,0.013509,-0.040771,0.000701,0.002684,-0.010008,-0.010109,-0.030044,0.022649,0.031845,0.052094,0.016873,0.015074,-0.004487,-0.012878,-0.034682,0.007546,0.021239,0.02627,-0.018131,-0.00076,-0.005544,0.000219,0.011366,0.014264,0.015981,-0.011745,0.000955,0.02258,-0.002364,0.038735,-0.013569,0.000917,0.006006,-0.032989,0.008058,0.009343,-0.016559,-0.016942,0.003192,-0.009968,-0.005463,0.015617,-0.008165,0.010585,-0.018091,-0.015731,-0.003613,0.026697,-0.047405,0.028758,-0.026207,-0.000336,0.010095,-0.006885,0.023147
ROSS STORES INC,-0.011379,-0.009718,-0.015033,-0.01279,-0.001288,0.005304,-0.002495,-0.01165,0.011932,-0.028226,-0.017207,0.001347,-0.007771,-0.007455,0.011684,0.003225,-0.005083,-0.003607,-0.003469,0.011048,-0.019085,-0.011521,-0.013354,-0.001095,0.024749,0.012534,-0.006793,0.008968,0.015893,-0.010306,0.000899,-0.005539,0.001054,0.010075,-0.014962,-0.006121,0.005931,-0.005971,0.002661,0.077886,-0.031591,0.010607,0.00532,-0.000572,0.010447,-0.001983,0.024124,-0.001316,0.000867,0.003362,0.001295,-0.001314,0.008726,0.001922,0.030494,-0.011238,-0.008878,0.013028,-0.000268,-0.005293,0.001886,-0.017884,-0.005203
NORFOLK SOUTHERN CORP,-0.011261,-0.004921,0.004267,-0.013184,0.006116,0.00092,0.012507,-0.01476,0.00032,-0.015977,-0.000692,-0.010832,-0.014697,0.003886,0.004204,0.013801,0.001717,-0.035955,0.019516,-0.003696,0.006252,-0.046057,0.001129,0.01982,0.007485,-0.021567,0.008027,-0.000775,-0.025028,0.017497,0.002996,-0.004503,0.006176,0.005144,-0.004644,-0.004925,-0.0244,0.026301,-0.018732,0.002475,-0.017852,-0.017055,0.007625,0.01867,-0.004493,-0.009294,0.007172,0.00627,-0.002804,0.004641,-0.0008,-0.003557,-0.010217,-0.008745,0.004548,0.004708,0.011535,0.001648,-0.027527,-0.024282,-0.004124,-0.012189,0.02282
NEWMONT CORP,0.016462,0.009882,0.01196,0.013162,0.051167,-0.006305,0.006853,-0.015377,0.000256,-0.011006,-0.005176,-0.008585,0.011808,-0.000259,0.012192,-0.03998,0.006674,0.023601,0.124611,-0.015665,-0.010999,-0.038334,-0.001476,0.011582,-0.009501,0.017954,0.001208,0.002413,0.031295,-0.00817,-0.000706,0.002591,0.014564,-0.008104,0.021008,0.016004,-0.009001,-0.037466,-0.027365,0.018191,0.010005,-0.017925,0.006004,0.001194,-0.001192,-0.026498,0.014064,0.034063,-0.050353,0.02329,-0.015738,0.008364,-0.01049,0.00641,0.002205,0.021511,0.024408,-0.012848,0.008045,-0.016432,-0.01074,0.009409,0.000717
SEMPRA ENERGY,-0.006543,0.006166,-0.01156,-0.001832,-0.004517,0.003545,0.012859,-0.020926,-0.013252,-0.008087,-0.008444,-0.02496,0.023039,0.007359,0.023963,0.014983,0.005483,0.007271,-0.000833,-0.009169,0.01346,-0.008993,0.004467,0.012787,0.000686,-0.00288,0.017604,0.016759,0.012495,0.01326,-0.000777,-0.006354,0.01827,-0.004614,0.006437,-0.001023,0.00397,-0.013648,-0.01901,-0.000264,-0.006329,-0.017649,0.005268,0.035071,-0.004154,0.006127,-0.00907,-0.006407,-0.008685,-0.003319,0.007858,-0.000264,0.006477,-0.002233,-0.014874,0.003474,0.00506,-0.002782,0.015677,-0.013211,0.008881,0.005913,0.00158
SUPER MICRO COMPUTER INC,0.026851,-0.026264,0.005604,-0.056697,-0.010407,-0.02059,-0.026171,0.0048,0.031633,-0.041386,-0.017518,0.105976,-0.016614,-0.032914,-0.231378,0.004722,0.062537,-0.009372,0.043301,0.088951,0.038382,-0.035436,-0.140312,0.032805,0.026465,0.060879,-0.01332,0.004089,-0.027886,-0.001501,-0.019712,0.050603,0.158068,-0.050359,-0.018255,0.018077,-0.00552,-0.028567,-0.029647,0.043074,-0.010363,-0.040013,-0.014028,-0.052456,-0.017744,0.001324,0.040059,-0.030654,-0.011325,0.023079,-0.024464,0.009289,0.124377,-0.03049,0.050761,0.036736,-0.002581,-0.013486,-0.086472,0.019517,-0.014185,0.071226,-0.079754
ONEOK INC NEW,-0.005738,0.003638,0.001875,-0.011603,0.005428,0.004143,-0.001375,-0.010142,0.003542,-0.008067,-0.010801,-0.009891,0.007784,0.002575,0.022471,0.003516,0.005506,0.007467,0.005312,-0.003932,0.004441,-0.016089,-0.027806,0.00039,0.003639,0.010877,0.003843,0.009825,0.011246,0.0005,0.006619,0.0134,-0.000857,0.00772,0.004742,0.000968,0.003627,-0.016263,-0.018002,0.00823,0.001361,-0.016922,0.004398,0.01326,-0.018025,-0.006286,0.001518,-0.002653,-0.0038,0.017419,-0.004749,0.006906,-0.017833,-0.00838,0.012164,0.012777,0.012366,-0.014436,0.012644,0.001607,-0.006048,0.002732,0.009907
WORKDAY INC,-0.001137,-0.002863,-0.010418,0.00093,-0.002824,0.001081,0.00927,-0.01564,0.006033,-0.017805,-0.015397,-0.007472,-0.0026,-0.005369,-0.013378,0.005194,0.012977,-0.004205,-0.006569,-0.011887,-0.009042,-0.01624,0.00094,0.024045,0.019653,-0.022949,-0.001921,0.000802,-0.014702,0.001545,0.003004,-0.000809,0.017944,0.02093,0.005301,0.006087,-0.002466,0.00394,0.003925,-0.153277,-0.024761,-0.017917,-0.019567,0.019331,-0.002932,0.001375,0.006347,0.01172,0.002838,-0.013129,0.006581,-0.014944,-0.018253,0.01159,0.014226,-0.022451,0.033223,0.02097,-0.00178,-0.006036,-0.00276,0.030353,0.000895
CONSTELLATION BRANDS INC,-0.021195,0.005301,-0.00172,-0.00989,0.004994,0.001393,-0.011391,0.007415,0.01291,-0.022732,-0.014186,-0.002862,-0.001823,0.005324,0.007809,-0.003682,0.007392,-0.00042,0.000612,-0.006381,0.004422,-0.029595,0.001933,0.004489,0.007871,0.004803,0.004586,-0.000503,0.009057,0.004795,-0.01214,-0.018472,-0.006693,0.012288,0.000157,-0.019066,0.001676,-0.008128,-0.015345,0.01383,-0.012152,-0.006192,0.010739,0.014761,0.00036,8e-05,-0.001238,0.00032,0.003279,0.002989,-0.002583,0.005896,0.008356,-0.004399,0.034872,0.004994,-0.00311,0.002549,0.006186,-0.013013,-0.002331,-0.019765,0.005353
AMERICAN ELECTRIC POWER CO INC,-0.017886,0.007687,-0.010327,-0.004388,-0.000119,0.003812,0.009612,-0.021039,-0.004562,-0.00977,-0.014495,-0.017303,0.021758,0.016248,0.019864,0.008314,0.007774,0.009467,0.005673,-0.01842,0.016538,-0.007384,0.024643,0.001134,0.003966,0.00237,0.011936,0.0079,0.0138,0.007257,-0.000982,-0.007976,0.012997,0.006198,0.001405,-0.000863,0.000324,-0.012308,-0.024049,-0.003472,-0.003934,-0.012977,0.007888,0.023707,-0.001884,0.00333,-0.015822,-0.002811,-0.00451,0.002831,-0.001581,-0.00509,-0.000682,0.001138,-0.002841,-0.002279,0.003769,-0.009445,0.012522,-0.014182,0.003107,0.013079,-0.006342
TRAVELERS COMPANIES INC,-0.008603,-0.001359,0.00531,-0.002445,0.01046,-0.001299,-0.029273,0.002412,-0.017738,0.003176,-0.000181,0.009319,-0.074131,0.018588,0.017346,0.000934,0.000233,-0.004153,0.002624,-0.002524,-0.002577,-0.003476,0.004666,0.005724,-0.002426,0.009633,0.004909,0.001705,0.00957,-0.004193,-0.008787,0.004663,-0.01489,0.02272,0.002235,-0.018707,0.003015,0.001341,-0.019858,0.005136,-0.013875,-0.001426,0.01152,0.015107,-0.024849,-0.003328,-0.005867,0.006238,0.01545,0.005166,-0.016854,-0.010267,-0.000917,-0.005892,0.011076,0.001826,0.016594,-0.010237,0.006149,-0.011227,-0.014278,0.005881,-0.017444
KIMBERLY CLARK CORP,-0.004252,-0.008618,-0.012765,0.00349,-0.001502,-0.002058,0.014994,-0.006097,-0.008493,-0.01737,0.012188,-0.000957,0.005428,-0.002779,0.009713,0.016558,0.055146,0.01279,-0.009798,-0.008722,0.005102,0.004414,-0.000439,0.00022,-0.003004,-0.000882,7.4e-05,-0.000368,0.00537,7.3e-05,-0.00278,-0.008731,-0.007328,0.004176,-0.002822,-0.004989,0.000898,0.000972,-0.015164,0.000759,-0.021146,-0.007665,0.011782,0.027994,0.011928,0.018534,-0.004003,0.001169,-0.009489,0.007362,0.001329,-0.003391,0.031363,0.00043,0.006882,0.008686,-0.010941,-0.004639,0.001649,-0.009162,0.005418,0.001293,-0.008253
D R HORTON INC,-0.016226,-0.038485,0.013942,-0.010708,0.015308,-0.011229,0.010399,-0.063901,0.016459,0.006769,-0.017402,-0.020259,-0.002123,0.000961,-0.025295,0.006189,0.034668,-0.012903,-0.01314,0.007836,0.004404,-0.023841,0.002035,0.020915,0.020762,0.018723,0.000926,-0.024174,0.011913,0.003144,-0.020738,0.007762,0.06473,-0.041947,0.003511,-0.011287,-0.002737,-0.032066,-0.012241,0.012603,-0.012239,-0.010291,0.029071,0.015877,-0.005886,-0.020826,0.015431,-0.01636,-0.024217,0.014263,-0.018703,0.02988,-0.001878,-0.00474,0.003362,-0.026944,0.012554,0.008785,0.011658,-0.025061,-0.000854,0.006271,-0.001912
FORTINET INC,-0.007173,0.015187,0.035875,-0.029305,0.024267,-0.035538,-0.002486,-0.001319,0.001321,-0.025946,-0.025884,-0.003862,0.002792,-0.009743,-0.009839,0.004574,0.017428,0.010031,-0.021696,0.002343,0.00187,-0.017418,0.00554,0.026287,-0.096933,-0.001189,0.010542,0.003365,-0.025491,0.00086,0.025275,0.009559,0.008804,0.008398,0.003103,0.014814,-0.016522,0.004241,-0.010395,0.006893,-0.03097,0.00471,-0.028964,0.022759,-0.008766,-0.002721,0.018247,0.00067,-0.000502,0.006196,-0.005825,0.014731,-0.006434,0.009132,0.001974,-0.028736,-0.020457,0.010701,-0.004781,0.007035,-0.009882,0.033213,0.003831
MODERNA INC,-0.009009,-0.018845,-0.023164,0.010473,0.005965,0.021481,0.061947,-0.039964,-0.001213,-0.017475,-0.012174,-0.000674,-0.003372,-0.013921,-0.005784,0.030076,0.032836,0.008898,-0.024529,0.016858,0.033806,-0.011736,0.010425,0.126772,-0.004698,-0.02296,-0.008679,0.006773,0.006563,-0.04385,0.071264,0.021087,0.005767,0.028049,0.001658,0.061023,0.019006,0.136683,0.004163,0.015853,-0.080487,-0.034465,0.024135,-0.059014,0.03697,-0.016777,0.065364,-0.000969,-0.02379,-0.016025,-0.001346,-0.004515,-0.016856,-0.035805,-0.015211,-0.033575,0.008479,-0.00744,0.026987,0.00438,-0.110102,-0.010372,-0.020053
HESS CORP,0.01402,0.004716,0.004308,-0.000384,0.008519,-0.01067,0.003659,0.010554,-0.002215,-0.028102,-0.010378,-0.00897,0.003594,0.006499,0.016933,0.01218,0.004545,0.013954,0.014579,0.006689,0.003692,-0.034574,-0.004572,0.011418,0.001892,0.003399,-0.005709,-0.005237,0.014525,0.002813,-0.004925,-0.00708,-0.011106,-0.002616,0.011516,-0.01442,-0.007829,-0.021215,-0.006939,0.007386,0.00436,-0.020848,0.008933,0.025897,-0.031408,-0.008174,-0.00689,0.00653,-0.002973,0.00183,0.001285,-0.014257,-0.014669,0.000957,0.000906,-0.001741,0.026582,-0.006524,0.028663,-0.002993,-0.01841,0.002582,-0.000135
DEXCOM INC,-0.005479,-0.009352,0.013611,-0.037326,0.041923,0.00727,0.003644,-0.000926,-0.004989,-0.024925,-0.011606,0.014566,-0.019484,0.003287,-0.026731,0.006197,0.018856,0.028881,0.001015,-0.099051,0.011822,0.012559,-0.011853,0.006117,0.013581,0.009971,0.003471,-0.0206,0.005651,-0.008506,-0.016529,0.008163,0.02969,0.016961,-0.00417,-0.0051,0.001148,-0.002369,-0.037769,0.014092,7.8e-05,0.002041,-0.072391,0.003125,-0.029806,0.012844,0.011739,-0.023543,0.00425,0.006736,0.002831,0.002566,-0.028925,0.018803,0.005002,0.000944,-0.004887,0.004911,-0.052041,-0.002351,0.029009,0.009074,-0.010128
KEURIG DR PEPPER INC,0.018259,-0.009926,0.002911,-0.010642,0.002934,0.000975,0.006818,-0.011609,0.005547,-0.019468,0.006949,0.000329,0.014455,0.008096,0.011886,0.008254,0.0,0.018262,0.046382,-0.003546,-0.000593,0.0,-0.010683,0.006599,0.008045,-0.007981,0.007449,-0.003253,0.008605,0.001177,0.002645,0.001465,-0.010536,0.00976,-0.011424,-0.002074,0.008314,0.009128,-0.008462,0.00618,-0.014039,-0.001483,0.00713,0.010324,0.003504,0.013093,-0.001149,-0.007763,0.003477,-0.013572,-0.00966,-0.006503,0.013389,-0.000587,0.019095,-0.005765,-0.008118,0.004969,0.008435,-0.007499,-0.001453,-0.006985,-0.014801
SNOWFLAKE INC,-0.006683,-0.026975,-0.020296,-0.010979,0.016651,0.006499,0.004649,-0.016776,0.041708,-0.004958,-0.041499,-0.011054,-0.00998,-0.002621,-0.019945,0.0121,0.0269,0.02527,-0.016066,0.036918,-0.004364,-0.014228,0.006057,0.010439,0.009824,0.027366,-0.028043,-0.008234,-0.012106,0.008212,0.016799,0.00726,0.021249,0.004076,-0.019268,0.01804,-0.012562,0.003872,-0.05363,0.010221,-0.034708,-0.016917,-0.048856,-0.033842,0.005507,0.000511,-0.019781,-0.016755,-0.006286,-0.033915,0.013569,0.014399,-0.033991,0.010087,0.027522,-0.023494,-0.00768,0.009319,-0.023474,-0.004728,0.03961,0.037094,0.008737
COINBASE GLOBAL INC,-0.049072,-0.02487,0.023349,-0.007831,-0.034895,0.066791,-0.054633,0.033093,0.04789,-0.065625,-0.090905,-0.0205,-0.023077,0.020114,-0.032419,0.070376,0.046799,-0.051009,-0.003387,0.05684,-0.076845,-0.065227,0.030207,0.089295,-0.02447,0.016484,-0.05548,-0.01465,-0.003551,-0.045284,-0.007018,0.017744,0.083034,-0.094311,0.042326,0.08473,0.00262,0.025379,-0.054641,0.085854,0.030928,-0.034082,-0.007986,-0.037656,0.024212,0.055361,0.029484,0.022593,-0.050257,0.023141,-0.022457,0.044062,-0.02871,-0.01268,0.002454,-0.037332,-0.003899,-0.039016,-0.059993,0.044275,-0.032159,0.0439,-0.007902
HUMANA INC,0.013642,-0.134073,0.012257,0.006427,0.009902,0.012424,0.008265,-0.001408,-0.009023,-0.011698,0.006558,0.009153,0.018708,0.004235,0.010775,-0.009229,0.008239,-0.036588,-0.014463,-0.017694,-0.00899,-0.003497,0.040121,0.021546,-0.001371,-0.004087,0.016916,-0.001509,0.032517,0.002719,0.01189,0.014489,0.007692,0.02316,0.002844,-0.002751,0.001154,0.002728,-0.012283,-0.00829,-0.000258,-0.011168,0.005995,0.030917,0.016978,-0.009143,0.00036,-0.015429,-0.010213,-0.006993,0.006956,0.001734,0.016233,0.002318,-0.010253,-0.016045,0.022515,-0.005428,0.007202,-0.006256,0.014868,0.005234,0.031834
CENCORA INC,4.1e-05,0.00037,0.011148,-0.015297,0.004875,-0.011759,-0.007447,-0.003228,-0.009083,-0.00696,0.000897,0.017292,0.001511,-0.005532,0.007712,-0.009535,0.003547,0.001094,0.007607,0.004671,-0.003944,-0.003668,-0.041205,-0.019459,-0.003515,0.000402,0.012052,-0.011599,0.002186,0.002276,-0.00748,-0.004396,-0.000586,0.00018,0.001217,-0.005042,-0.017738,-0.00152,0.014164,-0.004231,-0.012244,0.013182,0.006711,0.027389,0.01739,0.000694,0.004769,0.021142,-0.00507,-0.003822,-0.008313,-0.010661,0.009081,0.001292,0.009332,0.010652,-0.006408,0.004243,0.011323,-0.004303,-0.004406,-0.039279,-0.011669
BANK OF NEW YORK MELLON CORP,-0.011454,0.00158,0.010692,-0.015435,-0.000528,0.004935,0.003157,-0.026573,-0.005568,-0.005779,0.000727,-0.019786,0.008519,0.014506,0.018824,0.015456,0.004899,0.008879,-0.00604,0.002448,0.000174,-0.014652,-0.000531,0.00248,0.007067,0.008421,-0.001392,0.001916,0.014606,0.001542,-0.010096,0.008643,0.007712,-0.00051,0.012421,-0.009244,0.002205,-0.001862,-0.010853,0.013029,-0.014385,-0.008242,0.011427,0.02037,-0.000671,-0.011751,0.00034,0.01732,0.006677,0.00713,-0.032598,-0.002553,-0.001877,-0.008205,0.002585,0.008767,0.002727,-0.00034,0.011221,-0.011601,-0.002041,0.014829,0.005878
GRAINGER W W INC,-0.00753,-0.009053,0.006197,-0.01344,0.021809,-0.000108,-0.006908,-0.006808,-0.034551,-0.001345,-0.009897,0.001329,-0.007077,-0.013033,0.00545,-0.000615,0.014564,0.002647,-0.010936,-0.019603,0.005639,-0.014072,-0.00114,0.003912,0.008702,0.008692,0.006223,0.003203,0.007682,0.004727,-0.009826,0.001359,0.007995,-0.010792,-0.002268,0.008185,0.003535,0.007463,-0.009555,0.012255,-0.028229,-0.030401,-0.003405,0.015417,-0.035704,-0.001621,0.003551,-0.012625,0.015039,0.005727,0.003265,0.016228,0.006744,-0.015504,0.011756,0.007673,-0.009951,-0.000251,0.000481,-0.00592,-0.001418,-0.005557,-0.00166
KINDER MORGAN INC,0.003817,0.000543,0.007058,-0.006469,0.001628,-0.005417,0.006536,-0.011364,0.004379,-0.011989,-0.008825,-0.015582,0.003957,0.025338,0.034596,-0.001062,-0.003188,0.002665,-0.000532,-0.006383,0.011108,-0.017204,-0.002735,0.012617,0.005959,0.002154,0.008598,0.002131,0.010633,0.003682,0.003669,0.013577,0.006698,0.003071,0.005102,0.007107,-0.00504,-0.017731,-0.015988,-0.000524,0.0,-0.00839,0.004759,0.02579,0.000513,0.008205,0.006612,0.001011,-0.009591,0.009174,-0.000505,0.004548,-0.006036,-0.008603,0.004084,0.003559,0.003039,-0.004545,0.020294,-0.000497,-0.017911,0.001013,0.005567
TRADE DESK INC,-0.001258,-0.00252,-0.001722,-0.027375,0.015019,0.009903,0.001846,-0.004606,0.014577,-0.015165,-0.06229,0.014076,-0.024352,0.008486,-0.043435,0.006986,0.041495,0.033551,-0.005371,0.016679,-0.002715,-0.019527,0.030899,0.031729,0.005334,0.031268,-0.018827,-0.040384,0.030807,-0.015902,0.003094,-0.015423,0.047227,0.032576,0.017062,0.028698,-0.018974,-0.00345,-0.02948,0.024214,0.003588,0.003786,-0.018229,-0.009924,0.003557,0.014714,0.031012,-0.002259,-0.031073,-0.016141,-0.004965,0.057165,-0.01888,0.000418,0.021116,0.016073,-0.019849,0.00442,-0.019957,0.020572,-0.000205,0.00522,-0.0056
UNITED RENTALS INC,-0.015199,-0.025854,0.020743,-0.017433,0.018794,-0.005531,-0.00882,-0.020997,0.005219,-0.015867,-0.011959,-0.016153,-0.030108,-0.00525,-0.007174,0.001528,0.050882,-0.009269,0.054534,-0.000174,0.031688,-0.06272,-0.021303,0.016535,0.003145,0.02502,-0.010888,0.005295,0.016774,0.012942,-0.002091,-0.003158,0.025775,-0.04384,0.006827,0.022368,-0.009328,-0.017262,-0.023191,0.010168,-0.013065,-0.029876,0.022236,0.015442,-0.047654,-0.009898,0.01532,-0.01615,0.020428,0.002642,-0.026539,-0.004538,0.004319,-0.018508,0.004998,0.041338,-0.008792,0.002441,0.007163,-0.007624,-0.016582,-0.010781,0.038023
PAYCHEX INC,-0.009609,0.003782,-0.014908,-0.002245,0.019918,0.012012,0.022124,-0.016352,-0.002249,-0.009981,-0.004472,-0.010698,-0.01651,-0.011331,0.014687,0.014307,0.003217,0.0074,-0.004489,-0.016398,0.007002,-0.016555,0.00505,-0.00804,0.01393,0.004413,0.009616,-0.004927,0.008994,0.010305,0.018115,-0.008496,0.005335,0.006593,0.003674,-0.000637,0.002628,0.008578,-0.010395,-0.01138,-0.031876,-0.012638,-0.002863,0.014779,-8.3e-05,0.011819,0.000576,0.001562,0.006156,-0.005221,0.01632,-0.008957,-0.001221,-0.005543,0.022297,0.006014,-0.003029,0.007035,0.000953,-0.008328,-0.061105,0.003833,0.00611
CHARTER COMMUNICATIONS INC NEW,-0.022296,-0.021573,-0.008381,-0.016178,-0.013789,0.020786,-0.005823,-0.031717,0.014,-0.022624,-0.01382,0.002608,0.001786,0.007286,0.020392,-0.00049,0.00464,-0.006046,-0.021156,-0.017329,0.020227,-0.014706,0.014691,0.008856,0.015,0.020833,-0.012782,0.017836,-0.032444,0.044027,-0.003266,0.012671,-0.022867,0.021231,-0.016286,0.006666,0.000982,-0.014612,-0.009886,0.011363,-0.000147,-0.000258,0.017542,0.039875,-0.003135,-0.019635,-0.008909,0.004531,-0.009056,-0.002745,0.002753,-0.006394,-0.003236,0.007623,0.035076,-0.029131,0.022981,0.022359,-0.015499,0.017317,0.002717,0.008642,0.016491
DELL TECHNOLOGIES INC,0.048462,-0.01003,0.085613,-0.011044,0.043724,-0.041968,-0.026897,-0.00291,0.005431,-0.050629,0.000425,0.027757,-0.012058,-0.01045,-0.029568,0.009707,0.044054,-0.003565,0.039185,0.001201,0.02111,-0.023962,-0.047015,0.038811,0.013859,0.033813,-0.013763,0.031831,0.000532,0.008278,-0.013256,0.023739,0.112138,-0.019174,0.02201,-0.027221,0.012307,0.003667,0.03918,0.043042,0.036834,0.079058,-0.051839,-0.178672,-0.053955,0.028251,0.013995,-0.026878,-0.029785,0.019081,-0.006116,0.001291,0.024353,-0.000296,0.05223,0.05013,-0.004224,-0.023297,-0.051703,0.020282,-0.015034,0.008608,-0.010901
L3HARRIS TECHNOLOGIES INC,-0.021305,-0.016111,-0.004532,0.026044,-0.003006,-0.002201,-0.011271,-0.003202,-0.015086,0.001136,0.002961,-0.014172,0.005291,0.003376,0.016677,0.013093,-0.00221,0.000145,-0.001685,0.034626,0.011746,-0.013867,-0.010745,-0.001936,0.004259,0.011826,0.005402,-0.000463,0.017052,0.000501,0.004463,0.002493,0.004341,0.0,0.006664,0.000224,0.007289,0.000311,-0.009808,0.000627,-0.019619,-0.016585,0.018259,0.025825,0.008095,0.005295,-0.011205,-0.009413,-0.000631,-0.002163,-0.00542,-0.005676,0.00105,-0.007892,0.014807,0.007975,0.007417,0.006292,-8.9e-05,-0.004346,-0.004588,-0.001342,0.006273
AMERIPRISE FINANCIAL INC,-0.008234,-0.003749,0.006971,-0.016803,0.013803,0.002208,-0.014182,-0.008403,-0.008216,-0.020782,-0.006091,-0.000803,0.002239,0.002089,0.010615,0.010479,-0.032489,0.012681,-0.004723,-0.00219,0.015463,-0.010952,0.004007,0.007353,0.009484,0.014345,-0.000212,0.002518,0.009602,0.008185,-0.003713,0.007848,0.009326,-0.007761,-0.004266,-0.00235,0.002263,0.009008,-0.008767,0.015709,-0.013606,-0.01607,0.005911,0.014169,-0.012757,-0.015057,0.007302,-0.005004,0.002632,0.004313,-0.015054,0.014905,-0.003269,-0.007144,0.020502,0.01045,0.011783,-0.00303,-0.001202,-0.005041,-0.0097,-0.008159,-0.00732
ALLSTATE CORP,-0.002543,-0.000174,0.0051,-0.012628,0.009286,-0.002662,-0.023381,0.008436,-0.024389,0.007246,-0.006295,-0.009351,-0.007856,0.037994,0.022766,0.014165,-0.000741,-0.017173,0.000406,-0.013172,-0.002881,0.002831,0.00882,-0.013873,-0.005911,0.011298,-0.011112,0.012426,0.00693,0.00729,-0.016386,-0.004709,-0.016619,0.0169,0.002543,-0.009734,0.001966,-0.01201,-0.013059,0.005122,-0.001031,-0.007105,0.009052,0.020972,-0.020296,-0.004265,-0.000734,-0.001102,0.011893,-0.007573,-0.013491,-0.006002,0.001245,-0.023379,0.010632,0.008315,0.015807,-0.012793,0.011837,-0.006588,-0.01847,0.010419,-0.002187
PRUDENTIAL FINANCIAL INC,-0.009455,8.6e-05,0.004901,-0.008385,-0.001553,-0.001988,-0.010218,-0.013823,-0.012331,-0.014731,-0.012125,-0.007106,-0.002231,0.012576,0.017571,0.007775,0.005203,0.006336,-0.014012,-0.006116,0.012941,-0.012955,0.016474,-0.008994,0.008716,0.026724,0.008416,0.003958,0.010798,0.007461,-0.008668,0.009168,0.006057,0.002759,0.011507,-0.019042,0.001189,0.014002,-0.013725,0.012813,-0.013656,-0.002039,0.008937,0.015269,-0.006066,-0.01371,-0.002119,-0.004417,0.005375,-0.003988,-0.026157,0.005774,-0.008612,-0.007546,0.012377,0.01013,0.011844,0.005895,0.012146,-0.004784,-0.008179,-0.002466,-0.001193
DOORDASH INC,0.003848,-0.005425,0.009309,-0.030048,0.036773,-0.015262,-0.004802,0.002998,0.027482,-0.018233,-0.039601,0.007073,-0.021967,-0.006111,-0.022444,0.000708,0.016422,-0.020099,0.01065,0.031223,7.6e-05,-0.021647,-0.013925,-0.10317,-0.004374,0.033213,-0.017263,-0.02198,0.027871,-0.011449,0.014542,-0.015707,0.013952,-0.001032,0.010933,-0.02955,-0.010004,-0.010548,-0.011108,0.022104,-0.003457,-0.006226,-0.010739,-0.00389,0.006448,0.004331,-0.006469,0.031561,-0.007013,-0.009005,0.006682,0.018142,-0.011126,-0.015118,0.005712,0.001952,-0.023913,0.0333,-0.027924,0.012466,-0.008922,-0.004501,-0.016278
FIDELITY NATIONAL INFO SVCS INC,-0.019277,0.013058,-0.01479,-0.009778,0.00751,0.008835,0.01081,-0.016786,-0.006471,-0.016768,-0.003242,-0.000283,-0.00495,-0.004975,0.010429,0.008059,0.008415,-0.01516,-0.004802,-0.012346,-0.002299,-0.02189,-0.010601,0.033185,0.01858,-0.003818,0.054791,-0.003499,-0.004592,0.012617,0.014871,0.008449,0.014269,0.001032,0.010315,-0.008167,0.005018,-0.011138,-0.01204,0.019395,-0.034195,-0.008652,-0.005371,0.024298,0.002109,0.000395,-0.001446,0.005398,0.014927,0.001806,-0.01889,0.01477,0.001559,-0.006488,-0.005877,0.012218,-0.007398,-0.006799,-0.005398,-0.004633,-0.002793,-0.004801,0.009782
DOMINION ENERGY INC,-0.00061,-0.00895,-0.001847,0.000411,-0.001644,0.004324,0.015785,-0.015136,0.004508,-0.002244,-0.020241,-0.02212,0.031157,0.005174,0.026148,0.015851,0.00079,0.011052,-0.005075,-0.010202,0.013677,-0.003129,0.003335,0.000195,0.004691,0.000195,0.013811,0.000576,0.013231,0.004353,-0.000565,-0.003771,0.007192,0.001503,0.003752,0.005234,0.002975,-0.008157,-0.017944,0.004758,0.001894,-0.008508,0.020214,0.020327,-0.004637,-0.007267,-0.014264,-0.00476,-0.015879,0.000389,0.00136,-0.014167,-0.002165,-0.005129,-0.019433,-0.000607,0.007892,-0.012046,0.014022,-0.014229,0.00122,0.00731,-0.012296
DATADOG INC,-0.003641,0.010069,-0.023153,-0.006502,0.030484,0.010933,-0.002545,0.003029,0.03958,-0.025153,-0.013254,0.008981,-0.026782,0.011898,-0.039434,0.016488,0.035799,0.004983,-0.014323,0.049501,-0.018106,-0.02766,0.007331,-0.007594,-0.009485,0.021727,-0.114752,0.043416,-0.012023,0.026754,-0.005968,-0.012769,0.014732,0.018064,-0.004477,0.010161,0.008575,0.003433,-0.005132,0.012119,-0.012055,-0.003521,-0.034763,-0.061899,-0.007624,-0.004573,0.015068,-0.007784,-0.001368,0.032155,0.016904,0.036641,0.00361,-0.014221,-0.005686,-0.005718,-0.003605,0.012836,0.007825,0.005401,0.034081,0.042698,0.009654
I D E X X LABORATORIES INC,-0.013928,-0.020172,0.004543,-0.011335,0.002779,-0.009316,0.009928,-0.030146,-0.002063,-0.010555,-0.013058,-0.003501,-0.023143,-0.000941,-0.003014,0.00676,0.029672,0.000932,-0.010157,0.020563,0.012097,-0.024894,-0.050166,0.016623,0.010046,-0.007761,0.014281,0.007009,0.02823,0.017971,-0.013338,0.035963,0.052619,-0.013837,0.00464,-0.024621,-0.021941,-0.000964,-0.003553,0.000775,-0.021491,-0.013949,0.002849,-0.005643,-0.009096,-0.002782,0.009734,0.004034,-0.000663,0.021608,-0.004053,0.015962,-0.015867,-0.004189,0.000655,-0.001447,-0.015171,-0.000464,-0.008553,-0.000834,-0.00503,0.010949,-0.013685
CHENIERE ENERGY INC,-0.012091,-0.004582,-0.001955,-0.020595,0.011159,-0.001786,0.003579,0.006495,0.004998,-0.012968,-0.015052,-0.001036,0.016465,0.023085,0.009599,-0.009323,-0.009722,-0.009314,0.012324,-0.001381,0.016086,-0.023995,-0.005006,0.022926,-0.019237,-0.00457,-0.003252,0.005246,0.006905,-0.0045,-0.014834,0.017319,-0.008258,0.011658,0.014056,-0.002248,0.000313,-0.006006,-0.011203,-0.000827,-0.005096,-0.014791,0.010398,0.014922,0.017872,0.001619,-0.005408,0.003687,-0.006227,-0.010151,-0.003798,0.006926,0.004796,-0.020977,-0.005068,0.038816,0.017504,0.006039,0.006306,0.023018,0.007598,0.006605,0.015273
MONOLITHIC PWR SYS INC,-0.013197,-0.029186,0.001341,-0.01031,0.017368,0.04128,0.001218,-0.022957,0.026782,-0.038154,-0.017623,0.013764,-0.027169,-0.0273,-0.046412,0.015401,0.017881,0.050444,0.028231,0.025578,0.003647,-0.015257,-0.02501,0.092401,-0.007954,0.036523,-0.042057,0.015878,-0.0075,-0.00774,0.000726,0.015163,0.038713,-0.01786,0.002678,0.035381,0.001138,0.005127,-0.018708,0.009365,0.00823,-0.017352,-0.003349,-0.011117,-0.00522,-0.007147,0.042736,0.00132,-0.009188,0.037172,0.005644,0.040371,0.00168,-0.012766,0.025813,0.030421,-0.031939,0.001018,-0.033928,0.027226,-0.004171,-0.007043,0.015086
KRAFT HEINZ CO,0.004336,0.008904,-0.000535,-0.003211,-0.005101,-0.00027,0.002969,-0.00915,-0.006518,-0.017496,0.010295,0.007711,0.008472,0.005691,0.018054,0.009794,-0.002097,0.013134,-0.005185,-0.005473,0.012841,-0.001035,-0.060347,0.012128,-0.010076,-0.016781,0.001959,0.002234,-0.005015,0.014842,0.006898,-0.008222,-0.009395,0.006137,-0.001941,-0.006111,0.003913,0.012806,-0.015943,0.001397,-0.022315,-0.011127,-0.000288,0.020779,-0.007634,0.0151,-0.026944,0.008653,-0.005207,-0.024426,0.002981,-0.021694,-0.011543,-0.004917,0.016677,-0.007594,-0.000918,0.009498,0.007891,-0.012346,-0.014634,-0.001547,-0.001549
OTIS WORLDWIDE CORP,-0.007051,-0.008319,0.005115,-0.010891,0.006071,0.002659,0.011119,-0.018362,0.006886,-0.018475,-0.001144,-0.000729,-0.010627,0.005581,-0.003979,0.012407,0.012255,-0.042064,-0.003749,-0.008815,0.01269,-0.023241,0.002522,0.003719,0.003814,0.01053,0.008594,0.00671,0.017033,0.010091,-0.005252,0.004969,0.00206,-0.00329,0.002382,0.002996,0.011022,0.005604,-0.015907,0.00453,-0.023778,-0.004829,0.016879,0.029152,-0.00373,0.003845,0.015825,-0.013594,-0.007545,-0.009224,-0.012788,0.009845,-0.000103,-0.003182,0.003501,-0.009952,0.001036,-0.007039,0.009904,-0.012491,0.000941,0.002611,0.002708
AMETEK INC NEW,-0.013341,-0.000499,0.004103,-0.009773,0.016059,-0.007134,0.001437,-0.007893,0.004172,-0.004377,-0.003728,0.000279,-0.005807,-0.004381,0.002426,0.0009,0.011189,-0.009063,-0.001627,-0.00236,0.001014,-0.017052,-0.003893,-0.061157,0.019714,0.008946,0.009104,-0.002595,0.004493,0.005297,-0.004098,-0.00923,0.006527,-0.01014,-0.006611,0.010791,0.003144,0.029563,-0.008097,0.005442,-0.030807,-0.009506,0.005878,0.011271,-0.019873,0.003971,0.010667,0.000237,0.007766,0.017647,-0.002717,0.006839,0.001209,-0.038063,0.008981,0.014123,-0.013926,0.00089,0.016541,-0.01598,-0.012684,-0.00066,0.001442
IQVIA HOLDINGS INC,-0.015896,-0.013501,-0.010305,-0.018314,0.012242,0.000207,0.015859,-0.024131,-0.005806,-0.015923,-0.013107,-0.008739,-0.008248,-0.000352,0.00405,0.014249,0.031469,0.009304,-0.028484,0.003847,0.002554,-0.015755,0.005048,-0.046364,0.005537,0.01643,0.00925,-0.005499,0.005792,0.021292,-0.021531,0.009169,0.011032,0.005606,-0.016255,-0.004715,-0.003086,-0.014605,0.00469,0.011053,-0.012587,-0.007543,-0.011333,-0.015105,-0.011959,0.00328,0.00792,0.007264,-0.005715,-0.015509,-0.001483,0.009048,-0.016095,-0.005655,0.002679,-0.002297,0.00639,0.009618,-0.009988,-0.012471,-0.001135,0.007434,-0.006157
VERISK ANALYTICS INC,-0.012514,-0.003394,-0.004224,-0.019436,0.004988,-0.005579,0.013164,-0.014998,-0.011331,-0.003716,-0.001573,-0.00036,0.000675,0.004859,-0.003627,0.002921,-0.004122,0.0,0.00243,-0.007406,0.003211,-0.017534,0.068132,0.004081,0.015272,0.019087,0.021252,-0.009838,0.001676,0.013593,-0.007934,0.002395,0.003685,0.014687,0.000557,0.00314,-0.003605,0.008509,-0.017308,0.009348,-0.010772,-0.007835,0.009922,0.013675,0.003837,0.017734,0.011733,-0.004899,0.015385,-0.00197,0.004516,-0.004194,-0.005008,0.00961,0.012558,0.004147,-0.002641,0.008318,0.005364,0.00184,-0.008852,0.003669,-0.0048
M S C I INC,-0.010028,-0.022602,-0.004223,-0.011889,0.016511,0.012297,0.010309,-0.039065,0.002701,-0.014724,-0.025749,0.000721,-0.003116,-0.011859,0.008522,0.009999,-0.134266,0.041816,-0.000344,0.028612,-0.001674,-0.02346,0.009103,-0.004957,-0.001411,0.018093,-0.008602,-0.001379,0.02496,0.005513,0.000845,0.005231,0.003995,0.018467,0.015718,0.013714,-0.013138,-0.003363,-0.026656,0.005302,0.005477,-0.012023,-0.000449,0.011562,-0.009451,0.005484,0.010381,-0.010475,-0.002839,-0.01562,0.000971,0.007142,-0.007501,-0.007743,0.008844,-0.017039,0.013158,0.007312,0.00584,-0.000756,-0.003846,-0.000205,-0.010394
OLD DOMINION FREIGHT LINE INC,-0.005426,-0.007106,0.015099,-0.008097,0.029854,0.000534,-0.009658,-0.033615,0.022089,0.006097,-0.005336,0.00241,-0.043859,-0.014183,0.019247,-0.001086,0.036344,-0.110452,0.008203,-0.072409,0.009977,-0.013732,0.004293,0.004987,0.009051,-0.02637,0.025586,-0.016722,0.008035,0.010264,-0.016321,-0.00044,0.010883,-0.009515,0.00494,-0.022396,-0.019612,-0.016927,-0.005334,0.008684,0.001445,-0.011598,0.010158,0.012772,-0.03378,0.016595,0.022191,-0.033352,-0.007713,0.015368,0.016304,0.00506,-0.010756,-0.000983,0.006831,-0.003565,0.00779,0.001374,0.006747,-0.006929,0.006806,-0.009486,0.012789
NUCOR CORP,0.010612,-0.00815,0.008973,-0.005246,0.009392,-0.000448,-0.004978,-0.008505,-0.004239,-0.014239,-0.002673,-0.009793,0.003488,-0.010426,0.003093,0.001411,-0.088661,-0.010765,0.01806,-0.002615,-0.001026,-0.03829,0.000831,0.010968,0.019939,-0.016674,0.004502,-0.011584,0.026914,0.000574,-0.004184,-0.006446,0.020797,-0.015777,-0.007553,-0.006914,0.006962,-0.005926,0.002513,-0.001516,-0.016816,-0.01063,0.00042,0.01308,-0.012082,-0.033751,0.003164,0.010205,-0.014326,-0.022919,-0.011951,-0.006369,-0.002072,0.003698,0.01739,-0.01112,0.007582,0.00491,-0.012819,-0.026228,0.020333,0.000971,0.025273
CUMMINS INC,-0.000407,0.00455,-0.004056,0.000271,0.020085,-0.001064,0.005593,0.000894,0.001852,-0.013967,-0.009544,-0.004057,-0.010931,0.000206,-0.013246,0.009876,0.00792,-0.00123,-0.002497,-0.001612,0.008621,-0.038004,0.004885,-0.012611,0.001605,0.010152,0.011707,0.007494,0.019096,0.013681,-0.023978,0.012798,-0.010299,-0.014685,-0.007956,-0.002521,0.003932,0.003672,-0.004982,0.003558,-0.023341,-0.014088,0.017424,0.009351,-0.023107,-0.007667,0.020871,-0.016463,-0.00857,0.004782,-0.005381,0.00184,-0.006686,-0.014424,0.012872,0.014375,0.016509,-0.004923,0.025348,-0.002958,-0.005121,-0.004189,-0.012692
AGILENT TECHNOLOGIES INC,0.001966,-0.009549,-0.003052,-0.016628,0.019669,0.002359,0.020352,-0.021981,0.005827,-0.029448,-0.003624,-0.02439,-0.016447,-0.015682,0.00219,0.00889,0.039504,-0.012284,-0.008146,0.010046,0.013431,-0.018268,0.01204,-0.008436,0.014034,0.008318,0.004694,0.01083,0.016387,0.031831,-0.013355,0.023822,0.018509,0.001493,-0.000518,0.002658,-0.006273,-0.005206,-0.015176,0.000731,-0.016262,-0.01842,-0.096646,-0.007685,0.007591,-0.004186,0.020711,-0.005541,0.001205,0.000376,-0.006916,0.007948,-0.01945,-0.005514,0.015248,0.023288,-0.016086,0.003918,0.013734,-0.002887,-0.011879,-0.017206,-0.008945
CORTEVA INC,0.000173,-0.008842,0.004198,-0.008013,-0.001756,0.011785,0.0,-0.006259,-0.012246,-0.047822,-0.001674,-0.006521,0.003938,0.008033,0.015567,0.007299,-0.000362,-0.00743,-0.001278,0.004022,0.010561,-0.024685,-0.004064,0.056947,0.003159,-0.013996,0.020582,-0.01217,0.017776,-0.006052,-0.003132,0.004363,-0.007298,-0.01978,0.008036,0.005137,-0.001586,0.005825,-0.024746,-0.00108,0.002702,-0.024973,0.017874,0.012672,-0.006614,-0.030772,0.006704,0.015908,-0.036781,-0.022495,-0.001354,0.005809,-0.006931,-0.007755,0.016804,-0.002882,0.00925,0.010502,-0.000189,0.002457,0.011312,0.000186,0.005405
P G & E CORP,-0.011933,0.00785,0.001198,-0.008378,0.014484,0.0,0.010708,-0.015892,-0.014952,0.007893,-0.018675,-0.015961,0.025577,0.006083,0.018742,0.005935,0.00059,0.002359,0.004118,-0.002343,0.013506,-0.008691,0.017534,0.006893,0.002282,0.005692,0.003396,0.006204,0.003363,-0.003911,0.002243,0.007834,0.016657,0.007646,0.00813,0.002688,0.014477,-0.010042,-0.018687,0.004353,-0.013001,-0.006586,0.009945,0.014223,-0.016181,0.004386,-0.005459,-0.000549,-0.008786,0.021607,-0.00705,-0.009285,0.012679,-0.006532,-0.025753,0.0,0.002812,-0.009535,0.002831,-0.006211,-0.001136,-0.005688,-0.000572
DOW INC,0.005697,0.017679,0.011806,-0.002167,-0.00284,-0.002848,0.00588,-0.017037,-0.006627,-0.013171,-0.006414,-0.008025,-0.000703,-0.005808,0.003009,0.005824,-0.004387,0.00423,-0.009477,0.01506,0.008902,-0.015571,0.0058,-0.006989,0.003695,0.005259,0.017789,0.004798,0.013813,-0.000673,-0.000842,0.004885,-0.009891,-0.006096,0.008347,0.000845,-0.005571,-0.022237,-0.011806,0.014758,0.004848,-0.017919,0.006842,0.016379,-0.027069,-0.016408,0.009791,-0.00018,0.000898,0.005742,0.001784,0.001781,-0.003378,-0.018552,0.003817,0.003802,-0.022186,-0.004058,0.011669,-0.02673,0.000752,-0.004511,0.001699
YUM BRANDS INC,0.013127,0.001709,-0.012082,-0.019639,-0.001321,-0.006466,0.013312,0.006787,0.002755,-0.003831,-0.000943,0.002397,-0.001232,0.00029,0.00457,0.004043,0.007479,0.012206,-0.001763,0.001484,0.010016,-0.013548,-0.041912,-0.001921,-0.005405,0.013697,-0.001983,0.007726,0.007228,-0.002392,-0.00901,0.008139,0.006182,0.023999,0.0,-0.014048,-0.002649,-0.00122,-0.015238,0.009561,-0.013004,-0.008759,0.001262,0.019208,0.013825,0.015862,-0.007136,0.002135,-0.006107,-0.015432,-0.005805,0.002117,0.005171,-0.00884,0.00095,-0.010955,-0.009378,0.001044,-0.002234,-0.012389,-0.002796,0.004926,-0.001131
QUANTA SERVICES INC,-0.002078,-0.012189,0.02417,-0.01525,0.01901,-0.003229,-0.022344,-0.00819,0.01455,-0.012829,-0.022773,-0.000804,-0.010978,-0.001138,-0.00985,0.009455,0.026022,0.004882,0.007939,0.025354,0.002599,-0.014409,-0.009862,-0.003945,0.005216,0.051379,-0.009722,-0.007119,0.019586,0.004849,-0.022285,-0.007799,0.028212,-0.02574,0.002198,0.01233,0.016401,-0.003492,0.020103,0.024878,-0.013372,-0.005972,0.00644,-0.013655,-0.014387,-0.00717,0.021887,-0.031349,0.007632,0.008354,-3.7e-05,0.019259,-0.000325,-0.012324,0.012038,0.016704,-0.025711,0.000109,0.000839,-0.004595,-0.023446,0.001838,-0.048566
ELECTRONIC ARTS INC,0.00505,-0.008925,0.0028,-0.022336,0.005634,-0.002226,0.005308,-0.010636,-0.000928,-0.009986,-0.006568,-0.003935,-0.001897,-0.005384,0.013054,-0.001179,0.000157,0.007865,-0.006477,0.004634,0.0,-0.008444,0.010724,0.002497,0.008249,0.007718,-0.002451,-0.038391,0.015011,0.000157,-0.004405,7.9e-05,0.008137,0.012067,-0.010917,0.004305,0.004287,0.048816,-0.005476,0.004911,-0.022286,0.000833,-0.005607,0.012573,0.000828,0.026393,0.010696,-0.004059,-0.004221,-0.004458,0.003524,-0.007755,0.001769,0.00081,0.011399,0.004363,-0.002027,0.008778,0.015605,-0.004248,-0.000427,-0.00747,-0.001362
FAIR ISAAC CORP,0.003809,-0.005644,0.00101,-0.022987,0.009673,0.00587,-0.015982,-0.031048,0.008847,-0.013485,-0.021342,0.001895,0.000503,0.007778,-0.027696,0.018229,0.032616,0.004074,0.000528,-0.069375,0.028996,-0.008512,0.006529,0.021583,0.023735,0.041592,-0.001618,0.008721,0.02824,0.032508,0.00295,0.01606,0.01051,0.02651,0.004927,0.024749,-0.049423,-0.005935,-0.009849,0.023249,0.000354,-0.020814,-0.039549,-0.009772,0.003016,0.006894,0.037099,-0.015684,-0.014708,-0.00013,0.003954,0.04792,0.000472,0.008397,0.013929,0.008397,-0.006358,0.016528,0.003753,0.010954,0.008722,0.005109,0.007547
PUBLIC SERVICE ENTERPRISE GP INC,-0.002096,-0.003301,0.003312,-0.007953,0.006202,0.004059,0.006139,-0.009375,-0.001803,-0.008728,-0.010172,-0.01411,0.011668,0.001076,0.009831,0.014755,-0.003298,0.01113,0.012792,-0.003965,0.012091,0.00641,0.010567,0.003008,0.006141,0.012633,0.008971,0.008058,0.014333,0.005571,-0.007026,0.003402,0.009628,-0.003089,0.004312,-0.003086,0.011304,-0.010912,-0.010494,0.020258,-0.006663,-0.017977,0.0097,0.02503,-0.016104,-0.002683,0.006995,-0.00561,-0.012896,0.007684,0.003132,-0.008552,0.002327,-0.007786,0.00592,0.003011,0.003957,-0.007747,0.023832,-0.015786,-0.006253,0.000137,0.007932
LENNAR CORP,-0.024247,-0.031822,0.022281,-0.014751,0.015766,-0.00728,0.005939,-0.057594,0.01937,0.002759,-0.02364,-0.022675,-0.004588,0.004016,-0.015083,0.009188,0.030547,-0.010148,-0.00863,0.009817,0.007648,-0.024764,0.005606,0.017971,0.01862,0.018533,0.000435,-0.016325,0.015271,0.012679,-0.005647,0.001975,0.052486,-0.03307,0.004116,-0.013323,-0.005865,-0.041977,-0.008725,0.012037,-0.009144,-0.005744,0.019278,0.021143,0.002245,-0.018667,0.010526,-0.020393,-0.013451,0.00909,-0.020525,0.018196,0.000258,0.000387,0.009091,-0.049773,0.003967,0.015002,-0.005873,-0.009824,-0.001609,0.001208,0.00503
INGERSOLL RAND INC,-0.014007,-0.011429,0.009076,-0.011671,0.027194,-0.008438,-0.005425,-0.005455,0.001936,-0.013416,-0.006963,-0.004382,-0.014415,-0.006699,-0.006407,0.002602,0.021889,0.02131,-0.005081,0.015973,-0.001176,-0.00075,-0.003429,-0.001613,-0.06602,0.020295,0.015484,0.010017,0.002755,0.002857,-0.004602,0.007706,0.013874,-0.01498,0.013676,0.016082,0.01126,0.011345,-0.012256,0.004206,-0.021361,-0.025359,0.00999,0.011413,-0.032348,-0.023101,0.020123,-0.015045,0.008486,0.023112,0.002084,0.03677,-0.003061,-0.031657,0.020118,0.013719,-0.014802,-0.003112,0.000323,-0.032393,-0.001223,0.013029,-0.001429
KROGER CO,-0.002451,0.014564,-0.001038,-0.00554,-0.002263,-0.033851,0.000903,0.021292,-0.00795,-0.016919,0.002899,-0.001445,-0.000362,0.00561,0.017995,0.006364,-0.022835,0.009347,-0.004274,-0.007512,0.001442,-0.003419,-0.011015,0.005843,-0.005627,0.008397,0.001267,0.001266,-0.006862,0.016364,-0.012522,0.006703,-0.016281,0.001103,-0.004408,-0.00572,-0.004268,0.004845,-0.011313,-0.006003,-0.012833,-0.008029,0.001734,0.007503,-0.009738,0.003471,-0.006918,0.005224,0.000577,-0.006541,-0.005229,-0.02336,0.006976,-0.002771,0.013299,0.018217,-0.032705,-0.001392,-0.003784,-0.003998,-0.008832,-0.000203,0.011343
FASTENAL CO,-0.00713,-0.003786,0.000655,-0.015455,0.019423,-0.009657,0.000132,-0.015283,-0.065025,0.008157,-0.015046,-0.008647,-0.004506,-0.014311,0.001037,-0.001776,0.00089,0.009184,0.005905,0.00044,0.004548,-0.007886,0.003533,-0.00132,0.004993,-0.024697,-0.004944,0.005571,0.012579,0.003845,-0.007661,-0.00193,-0.003719,-0.002538,-0.005837,0.003613,-0.005251,0.005278,-0.012901,0.003343,-0.019085,-0.004787,0.006362,0.017268,-0.025311,0.000466,0.013211,-0.018101,-0.001875,-0.007982,-0.001736,0.019915,-0.003719,-0.019288,0.02157,0.008384,0.002617,0.003378,-0.004591,-0.009379,-0.015831,-0.001262,-0.007737
BLOCK INC,-0.036888,-0.027621,0.005555,-0.06177,0.032651,0.015291,0.020804,-0.01838,0.019743,-0.038346,-0.045331,-0.004898,0.005059,-0.019725,-0.022759,0.016757,0.050419,-0.015689,-0.01675,0.023218,0.011144,-0.030673,-0.084384,0.051766,-0.011807,0.058443,-0.026248,-0.006425,0.028957,-0.02582,-0.022017,0.020935,0.004494,0.003216,0.007108,0.017714,-0.027604,-0.058314,-0.010692,-0.004203,-0.003919,-0.007869,-0.008237,-0.014457,0.003433,-0.000778,0.00856,0.024691,-0.019578,-0.011674,-0.002798,0.007325,-0.035123,-0.003368,0.005632,-0.0096,0.01357,0.003666,0.022709,-0.005901,-0.011403,0.00158,0.017353
LULULEMON ATHLETICA INC,-0.013951,-0.018536,-0.010713,-0.043983,-0.00193,0.01006,-0.004605,-0.023829,-0.000942,-0.039409,-0.004076,0.012606,0.017346,0.007684,0.014273,0.026442,0.007988,-0.000247,-0.01259,0.013056,-0.002029,-0.009232,-0.017194,-0.010158,0.0124,-0.013825,-0.001113,-0.01212,0.021238,2.8e-05,-0.016432,0.01495,-0.01561,-0.024708,-0.009844,-0.023526,-0.012505,-0.072296,0.00035,0.01091,-0.025594,0.011143,0.014604,0.03001,-0.017212,0.000522,0.004857,0.04788,-0.016005,0.001258,-0.000691,-0.025877,-0.007488,-0.004813,0.022548,0.001023,-0.007854,0.003379,0.001475,-0.010279,-0.013783,0.01145,-0.031138
DIAMONDBACK ENERGY INC,0.006459,0.004613,0.014224,-0.010678,0.016265,0.011012,-0.005035,0.003406,0.009843,-0.009219,-0.004798,-0.006818,-0.013729,-0.007706,0.005711,0.009166,0.008836,0.004257,0.009063,0.003187,-0.009145,-0.022977,-0.025456,0.008265,0.019582,0.01335,-0.002498,-0.002258,0.00246,-0.00751,-0.007023,-0.003736,-0.006614,-0.010928,0.015828,0.000809,-0.00642,-0.021469,-0.001976,0.007814,0.022227,-0.013855,0.011896,0.009729,-0.042909,-0.007813,-0.000159,0.009778,-0.003873,0.019285,-0.001547,-0.000103,-0.017041,-0.02301,0.00855,0.006984,0.020437,-0.009599,0.037458,-0.000757,-0.004649,0.011322,0.00502
G E HEALTHCARE TECHNOLOGIES INC,-0.01518,-0.015861,0.010442,-0.012018,0.005798,-0.008591,-0.008779,-0.017828,0.033025,-0.02188,-0.001739,-0.002903,-0.008034,-0.00223,-0.005649,-0.00213,0.022892,0.005566,-0.008879,0.003374,0.031308,-0.142793,0.026495,-0.005495,0.021072,0.004153,0.020426,-0.00393,0.019973,0.008099,-0.028417,-0.006294,0.017263,-0.007325,0.006764,-0.001344,0.002324,-0.016109,-0.016001,0.006555,-0.013776,-0.00381,0.00153,-0.007255,-0.010897,0.004796,-0.007224,0.00052,-0.008571,-0.007336,-0.013724,0.016457,0.013426,-0.006494,0.013858,0.009284,0.014948,-0.003399,-0.004042,-0.000507,-0.010278,0.010513,-0.011418
SYSCO CORP,-0.007514,-0.001738,-0.005968,-0.036273,0.001568,0.000913,0.010034,-0.007096,-0.005068,-0.017239,0.005316,0.002379,-0.005143,0.002651,0.01441,0.007689,-0.004656,0.004288,-0.002846,0.0,0.001946,-0.037555,-0.017088,0.016427,0.01495,0.001592,0.004372,-0.015697,0.007103,0.013573,-0.008008,0.004367,0.001054,0.003554,-0.004328,-0.011198,0.003464,-0.034387,0.001925,0.001098,-0.00658,-0.013799,0.002519,0.016329,0.005081,-0.006695,-0.006327,0.005814,0.0,-0.005643,-0.007336,-0.008226,-0.001265,-0.004927,0.031829,-0.003565,0.000963,0.008247,0.016769,-0.001609,-0.029278,0.002629,-0.014903
CENTENE CORP DEL,-0.009302,-0.068167,0.008144,-0.013554,0.010132,0.002748,-0.0037,-0.006326,-0.008443,-0.012702,0.028135,-0.006326,-0.003598,0.024306,0.018983,0.005722,0.00344,0.004615,-0.006694,-0.022199,-0.002297,-0.010429,-0.011087,0.028789,0.006458,0.004411,0.010115,-0.000659,0.023731,0.001803,-0.008227,-0.003629,0.015871,-0.012165,0.011926,-0.006277,0.0107,0.000383,-0.014025,-0.034915,-0.025593,-0.030528,-0.021844,0.038138,-0.006425,-0.013918,-0.006273,0.010617,-0.008944,0.00043,-0.008305,-0.02238,0.018757,-0.000725,-0.010591,-0.02654,0.016418,0.006669,0.001619,-0.005732,0.001035,-0.005168,-0.015882
GENERAL MILLS INC,0.002287,0.006131,-0.022251,0.020148,-0.008383,0.003009,0.011,-0.018951,-0.02687,-0.01194,0.016919,0.007724,0.009876,0.008466,0.01925,0.01065,-0.004918,0.011155,-0.003212,-0.007705,-0.008471,0.003275,-0.00667,0.00943,-0.010474,-0.011014,0.011137,-0.005436,0.010499,0.006262,-0.000849,0.002973,-0.014397,0.022483,-0.002241,0.002667,-0.0112,-0.003964,-0.017911,-0.011434,-0.023719,-0.002849,0.002406,0.031508,-0.014546,0.005756,-0.009979,-0.001038,0.001039,-0.008301,0.001196,-0.025231,0.004901,-0.001677,0.012061,0.005582,0.00045,0.005848,0.014759,-0.0119,-0.045941,-0.007168,-0.007063
BAKER HUGHES CO,-0.001791,0.004486,0.008634,0.001181,0.011498,-0.001749,-0.001752,-0.00117,-0.004685,-0.027655,-0.018154,-0.010786,-0.002492,0.005622,0.012422,-0.004294,0.016636,-0.01,0.019284,-0.013814,0.011571,-0.018062,-0.022379,0.001254,0.006264,0.002506,0.004375,-0.007467,0.027586,-0.013423,0.002164,0.006788,0.009194,0.002733,0.013325,-0.01046,-0.002718,-0.028165,-0.008725,0.017605,0.001236,-0.01481,0.017225,0.030788,-0.039725,-0.016174,0.003794,0.0,-0.003465,0.025284,-0.006165,0.0,-0.018921,-0.017072,0.030235,0.003434,0.025825,-0.001213,0.044944,0.012787,-0.010904,-0.001451,0.02179
GARTNER INC,0.001615,-0.016672,0.005559,-0.016416,0.012965,0.00321,-0.004196,-0.013003,0.023589,-0.019527,-0.003996,-0.011778,-0.019252,0.000668,-0.020529,0.006086,0.016251,0.001777,-0.010531,0.005534,-0.00029,-0.080374,0.023752,-0.007931,0.02291,0.018057,0.001719,-0.006543,0.005711,0.00577,0.001867,-0.007998,0.012781,0.012733,0.005538,0.013414,-0.015231,0.005742,-0.013807,-0.014921,-0.009885,-0.016011,-0.031,0.012522,0.010341,0.009693,0.018289,-0.008602,0.005183,0.004281,-0.005615,0.004402,-0.007091,-0.001063,0.024248,0.008155,0.009366,0.003663,-0.0023,-0.002616,-0.007579,-0.003875,0.009645
KENVUE INC,-0.010718,-0.019312,-0.023055,-0.008358,0.003966,-0.009383,0.014457,-0.005405,-0.039032,-0.016453,0.0,-0.001045,0.008373,0.016087,0.0,0.0,-0.010725,-0.01239,-0.00575,-0.008412,0.010604,-0.012592,0.001594,0.014324,0.004184,-0.00625,0.062893,0.018426,0.004401,0.0,-0.008763,0.013261,-0.004362,0.002921,-0.006311,-0.027846,0.003518,-0.004507,-0.022133,-0.00463,-0.005168,-0.01974,0.006359,0.016324,-0.003109,-0.004678,-0.008355,-0.018957,-0.012882,-0.005438,0.009841,-0.027612,0.003898,0.002218,0.039845,-0.014369,0.017279,-0.016454,0.019968,-0.013228,-0.003217,-0.009145,-0.013029
NASDAQ INC,-0.012837,-0.015412,0.004076,-0.008444,0.01605,0.001612,0.022852,-0.008653,0.000794,-0.024421,-0.021619,-0.002658,-0.000333,0.001,0.004661,0.014085,-0.001797,0.006711,-0.019675,-0.00282,-0.000665,-0.003828,0.000501,0.003173,0.013318,0.011993,-0.011364,-0.016256,0.004507,0.007976,-0.000659,-0.003464,0.01556,0.014344,0.008517,-0.004939,-0.00016,0.00016,-0.014892,0.011541,-0.032621,-0.005814,-0.013367,-0.000339,-0.004913,0.011747,0.004711,-0.007536,-0.0081,0.008847,-0.004722,0.00898,-0.005877,-0.006081,0.000512,0.00614,0.004068,0.017221,-0.00249,-0.003161,-0.002504,0.007028,0.001329
EXELON CORP,-0.00905,0.009401,-0.009846,0.000269,0.003224,0.011784,0.002382,-0.02535,-0.00298,-0.008696,-0.005757,-0.014337,0.018741,0.007139,0.023719,0.003196,-0.00292,0.005591,-0.002912,-0.009028,0.010718,-0.003712,0.006919,0.001321,-0.012668,0.003742,0.009587,-0.002374,0.013485,-0.007305,0.012211,0.007081,0.008594,-0.00284,-0.001036,-0.00311,0.00156,-0.016096,-0.022955,-0.009182,0.002453,-0.016313,0.015202,0.022325,-0.009321,0.004301,-0.015257,-0.007339,-0.009584,0.001106,0.0,-0.04032,0.018993,0.003671,-0.010411,-0.007961,0.001433,-0.004579,0.015814,-0.014435,-0.000574,-0.002874,-0.002594
H P INC,0.005295,-0.026991,0.003383,-0.000674,-0.017881,0.00687,0.022518,-0.034034,0.009672,-0.023948,-0.019979,-0.00608,-0.003598,-0.002528,0.006879,-0.003955,-0.001083,0.01554,0.001068,-0.004621,0.009643,-0.006367,-0.012104,0.006847,0.00859,0.008517,-0.000352,0.036255,0.007133,0.002361,0.007402,0.027388,0.019506,-0.009247,0.003862,0.020199,0.027341,0.009789,-0.010906,0.003063,0.011908,-0.01026,0.169512,-0.048488,-0.032329,0.000849,0.007921,0.015436,0.007463,-0.007407,0.00387,0.007037,0.004132,-0.025789,0.011828,0.022822,-0.013878,0.003587,-0.001925,-0.000826,-0.032534,-0.010829,0.008931
COUPANG INC,0.023047,0.001648,0.003291,0.00164,-0.004367,0.010417,0.032013,0.005258,-0.003138,0.1149,0.018824,0.039723,0.005331,-0.014582,-0.013004,0.020445,0.011576,0.003521,0.010088,-0.005211,0.008293,-0.025974,-0.012889,0.013057,0.022222,0.014783,0.013282,-0.0926,0.025629,0.022263,-0.012445,0.00135,0.012135,0.015542,0.005684,-0.001739,0.0,-0.023955,-0.002231,-0.000447,0.020582,0.001315,0.017075,-0.021093,-0.009235,-0.022637,-0.010445,0.004589,-0.002284,0.015568,-0.002705,0.025769,-0.043632,-0.013825,-0.040187,-0.007303,0.030898,0.015224,-0.013121,0.007597,0.002828,-0.008929,-0.006638
COGNIZANT TECHNOLOGY SOLS CORP,-0.021012,-0.000976,0.002232,-0.003202,-0.006703,-0.000984,0.007036,-0.022219,0.008575,-0.018563,-0.012128,-0.007162,-0.005741,-0.006071,0.004618,0.011269,-0.006305,-0.003689,-0.011256,0.002696,-0.006125,-0.012776,-0.00472,0.013768,-0.000302,0.002566,0.018669,0.000887,-0.013585,0.002695,0.013288,-0.001326,0.015934,0.021348,-0.018058,0.011926,-0.011354,0.00378,-0.0084,-0.002191,-0.02137,-0.011068,-0.020266,0.021149,-0.005593,-0.006537,0.002601,0.012057,-0.00558,0.019867,-0.004164,-0.010005,-0.02549,-0.005417,0.019608,0.004426,0.035405,0.002935,0.004975,0.003203,-0.008708,-0.008346,0.003986
DUPONT DE NEMOURS INC,0.006913,-0.004793,0.003775,-0.017765,-0.002904,0.00993,0.01311,-0.014105,0.000656,-0.032004,-0.004878,-0.011846,0.007165,0.00602,0.004896,0.000271,-0.001488,0.002168,-0.00622,0.002857,0.002578,-0.018945,0.080138,-0.007151,-0.001029,0.011073,0.009678,-0.013747,0.007673,-0.000508,0.001397,-0.006593,-0.001659,-0.00831,0.030166,-0.000501,-0.004382,-0.012198,0.004838,0.027746,0.011958,-0.009989,0.006768,0.0088,-0.018622,-0.003597,0.003485,-0.004589,-0.002991,-0.001625,-0.002754,0.010921,-0.005588,-0.005245,0.00954,0.00373,-0.01053,-0.000501,0.015658,-0.007647,-0.005344,-0.000625,0.006377
BIOGEN INC,-0.00371,-0.033468,-0.006068,-0.005233,-0.006965,0.005298,0.00766,-0.024066,0.010568,-0.027003,-0.006963,-0.008384,-0.015322,-0.008535,0.02026,-0.001389,-0.004791,0.045605,0.002327,0.031809,0.031594,-0.003155,0.006098,-0.012122,0.018735,0.017976,-0.011291,0.003654,0.01379,-0.005612,0.017336,0.006834,0.0372,-0.022438,0.002304,0.00438,-0.016798,-0.010892,-0.031748,-0.001146,0.004224,-0.01975,0.026398,0.022129,0.021606,0.018843,0.011062,-0.019981,-0.028277,0.00244,-0.001062,0.021662,0.013918,-0.009194,-0.022573,-0.012408,0.00863,-0.007004,0.011607,-0.015049,0.00569,0.018979,0.013554
MARTIN MARIETTA MATERIALS INC,-0.015506,-0.003871,0.013786,-0.010305,0.02536,0.003423,-0.017537,-0.006682,0.000874,-0.008187,-0.004767,-0.006675,-0.003898,-0.009765,-0.019144,0.014638,0.017234,-0.004324,0.008871,0.013265,-0.003884,-0.025836,0.006456,-0.001523,0.001814,0.014822,-0.001634,-0.003624,0.010995,0.011986,-0.003899,-0.003158,0.010806,-0.050581,-0.001616,0.004046,-0.00307,-0.013865,0.000366,0.00994,-0.015263,-0.011397,0.005871,0.008728,-0.013862,-0.013507,0.005542,-0.013599,-0.000744,0.002669,-0.011605,0.019874,0.019792,-0.001673,0.012437,-0.026625,-0.032473,0.006753,-0.00544,-0.01142,0.00129,0.004872,0.006521
CORNING INC,-0.008799,-0.004897,0.001846,-0.006141,0.005252,-0.010756,0.011184,-0.018433,0.010016,-0.024171,-0.006351,-0.011825,0.00194,-0.00226,0.011647,0.008954,-0.000634,-0.000317,-0.005393,-0.000638,0.014363,0.050346,0.002996,0.002688,0.004468,-0.008304,-0.000598,0.01526,0.007958,-0.000877,0.003219,0.019545,0.004578,0.003133,0.003691,0.004809,0.027027,0.002741,-0.012575,0.00443,-0.011852,-0.008368,0.039662,0.015693,0.002684,-0.009368,0.01297,-0.002401,-0.012567,-0.001895,0.013294,0.017939,0.001578,-0.021796,0.040269,0.037677,-0.008953,0.005019,-0.003745,-0.003258,-0.037466,0.008098,0.006737
LAS VEGAS SANDS CORP,0.028627,-0.005077,0.019845,-0.025389,0.011219,-0.013915,0.000191,-0.011249,-0.004821,-0.022864,-0.003569,0.005174,-0.005543,-0.086602,-0.009154,0.024197,-0.011813,-0.003695,-0.006326,-0.002195,0.006601,-0.030383,0.004058,0.047373,0.004716,0.007468,-0.00638,0.00107,0.009194,-0.013983,0.008165,-0.012788,-0.004534,0.011061,0.008795,-0.004465,-0.013029,-0.007358,-0.023327,0.001786,-0.003342,-0.018556,0.002278,0.023409,-0.003775,-0.028756,0.000689,0.001376,0.03115,-0.006442,-0.013637,0.00272,-0.003843,-0.018607,0.025434,-0.001127,0.006998,0.029141,-0.023307,-0.010482,-0.012621,0.007532,0.002492
VULCAN MATERIALS CO,-0.011835,-0.012755,0.009465,-0.010715,0.016022,-0.001592,-0.015201,-0.003991,0.003553,-0.010245,-0.008791,-0.00741,-0.001083,-0.012352,-0.011801,0.009601,0.019098,-0.011337,0.008346,0.010443,0.000804,-0.014611,0.008151,0.018019,0.000113,0.008206,0.006526,-0.001565,0.010301,0.005098,-0.007278,-0.008664,0.010271,-0.038817,-0.003462,0.004284,0.007571,-0.004997,-0.012267,0.007931,-0.020328,-0.00815,0.008614,0.006651,-0.013997,-0.00686,0.002875,-0.010351,-0.003983,0.000889,-0.012792,0.018313,0.019388,-0.005158,0.014685,-0.002887,-0.035797,0.005478,-0.000928,-0.005776,-0.001097,0.007646,0.003713
XYLEM INC,-0.004643,-0.004042,0.005776,-0.012494,0.008016,-0.004054,0.009237,-0.005739,0.00468,-0.00528,-0.006401,0.005578,-0.013906,0.007447,0.005348,0.008917,0.013491,-0.000383,-0.000459,0.013705,0.001435,-0.014255,0.001989,0.038409,0.008971,0.014503,0.005963,0.008355,0.009986,0.002735,-0.012098,0.005663,0.012107,-0.00772,0.004486,0.017095,0.001235,-0.005139,-0.010193,0.003688,-0.026967,-0.01717,0.013121,0.011621,-0.01709,-0.010894,0.018745,-0.020047,0.003288,0.014055,-0.005242,0.015593,-7.1e-05,-0.018838,0.011013,0.005948,-0.008121,-0.004022,-0.00238,-0.010192,-0.005258,0.001321,-0.005572
DISCOVER FINANCIAL SERVICES,-0.013044,-0.012135,-0.007198,-0.014895,0.00688,-0.001192,-0.002943,-0.016356,-0.002839,-0.016512,0.003308,-0.014343,0.002676,0.036534,0.008691,0.01061,0.020208,-0.001702,-0.025965,0.016153,0.002349,-0.009922,-0.024856,0.007525,0.004257,0.002559,-0.01396,-0.000324,0.003804,-0.00516,0.00624,0.001852,0.01873,-0.01515,0.004887,-0.006458,0.004574,-0.001358,-0.012067,0.003339,-0.011362,-0.001149,-0.004684,0.012798,0.001223,-0.013924,0.008505,0.005158,0.017432,0.007286,-0.03235,0.015854,-0.010835,-0.002698,0.03041,0.009705,0.006697,-0.006339,0.005513,-0.009791,-0.008464,-0.012924,0.057221
VERTIV HOLDINGS CO,-0.01555,0.004602,0.056704,-0.054599,0.057628,-0.013944,-0.027926,0.036308,0.018521,-0.028376,-0.038384,0.02095,-0.005828,-0.010625,-0.074065,0.014131,0.040752,0.068208,0.068346,0.034754,0.014012,-0.018987,-0.048172,0.041234,0.009114,0.045694,-0.024162,0.029186,0.002662,-0.025934,-0.006289,0.041456,0.059455,-0.069885,-0.004934,0.025927,-0.001913,0.010088,0.011086,0.048696,-0.009513,-0.018543,-0.009011,-0.041162,-0.019986,-0.041827,0.054186,-0.093531,-0.003636,0.041287,-0.021906,0.009742,0.057003,-0.040185,-0.020824,0.064657,-0.050871,0.001437,-0.016332,0.028943,-0.051352,-0.001494,-0.003568
HOWMET AEROSPACE INC,-0.033903,-0.012857,0.011339,-0.007121,0.023348,-0.004921,-0.013188,-0.009112,0.005211,-0.024241,-0.007969,0.008348,-0.008747,0.00063,-0.001417,-0.00757,0.02908,-0.000927,0.001546,0.024691,0.010693,-0.005364,0.000449,0.154537,0.023217,0.016352,-0.004365,0.019917,0.008106,-0.014141,-0.008038,0.008227,0.023121,-0.002659,0.004847,0.013626,0.008684,-0.015686,-0.012461,0.027906,0.00661,-0.014189,0.001903,0.004986,-0.000236,-0.02765,0.028436,-0.01607,0.006125,-0.001552,-0.005619,0.003006,-0.007551,-0.046618,0.013428,0.0025,-0.008603,0.007924,-0.018842,-0.005469,0.01023,0.007595,-0.024749
ROCKWELL AUTOMATION INC,-0.027323,-0.011081,-0.001249,-0.012684,0.010531,0.010063,0.016947,-0.01663,0.022903,-0.012824,0.003792,-0.015775,-0.009737,-0.018482,-0.012943,0.013002,0.010458,-0.002786,0.005044,0.011446,-0.000535,-0.032182,-0.004466,0.001075,0.01485,0.012188,-0.019287,0.005698,-0.011294,0.016044,-0.017069,0.00714,0.016209,-0.014969,-0.004979,0.005412,-0.003171,0.001664,-0.032384,0.008167,-0.021122,-0.012838,0.007443,0.001361,0.00167,-0.011513,0.017844,-0.016491,0.002546,-0.002657,-0.000549,0.027716,-0.005493,-0.024279,0.016196,0.006963,0.000807,-0.007677,0.028431,0.0,0.004213,0.00251,0.028469
ALNYLAM PHARMACEUTICALS INC,0.025962,-0.014935,-0.00139,0.004309,0.013731,0.01615,-0.000897,-0.022386,-0.0021,-0.023604,-0.005387,-0.006635,-0.009542,-0.001101,-0.005167,0.009556,0.001921,-0.015541,-0.000626,-0.002783,0.02826,-0.023141,0.041751,0.002334,0.013439,-0.007287,0.020566,-0.013219,-0.006041,-0.005946,-0.003855,-0.013343,-0.003313,0.025916,-0.012036,0.005623,-0.004127,0.008555,-0.010073,-0.010845,0.015566,-0.020858,0.021099,-0.010665,0.013609,-0.004586,0.015358,-0.018151,0.023309,0.004516,0.019287,0.016685,0.006351,0.002124,-0.019266,-0.021869,0.023008,0.052732,0.345202,0.077389,0.020904,0.007464,-0.016194
CONSOLIDATED EDISON INC,-0.005286,0.002989,-0.007837,0.003337,-0.005987,0.010597,0.00585,-0.02458,-0.003825,0.000903,0.007785,-0.021272,0.033288,0.00631,0.009571,0.010461,0.001186,0.006355,0.007278,-0.012539,0.011191,0.004576,0.004237,0.004747,0.003255,0.005965,0.014252,0.000718,0.005637,-0.004281,-0.000614,-0.001741,0.002794,0.0,0.001961,-0.006076,-0.001762,-0.00218,-0.02351,0.005966,-0.01292,-0.013947,0.005875,0.022715,-0.009202,0.000427,-0.011951,-0.007667,-0.003047,0.00775,-0.006174,-0.006649,-0.005815,0.002869,-0.002421,-0.002868,0.001549,-0.002099,0.010294,-0.020598,0.003132,0.000112,-0.002899
DELTA AIR LINES INC,0.007312,-0.027375,-0.007036,-0.014816,0.003923,0.020625,0.006594,-0.022823,0.030061,-0.016166,-0.004481,-0.002144,0.028572,-0.000627,-0.005852,0.030481,0.004284,-0.026204,0.040467,0.000802,0.010617,-0.007532,-0.000999,0.020192,0.01019,0.02677,-0.013792,0.001533,0.00899,-0.002844,0.009316,0.001321,0.003769,-0.014082,0.003618,0.005503,-0.014342,-0.012445,-0.007367,0.0125,-0.030093,-0.007558,0.004208,0.01816,-0.004508,-0.018311,0.019254,-0.007674,0.000198,0.00119,-0.02396,0.026983,-0.00889,-0.028902,0.02032,-0.002615,0.000605,-0.004636,0.000405,-0.011943,-0.012907,0.008717,-0.023868
COSTAR GROUP INC,-0.021532,-0.014283,0.002147,-0.016708,0.032023,-0.005594,0.015602,-0.05267,0.023607,-0.026404,-0.031105,-0.014167,-0.009619,-0.014978,0.00095,0.012461,-0.008088,0.086623,-0.01751,0.02557,-0.001619,-0.010487,-0.012783,-0.00664,0.016377,0.000767,0.012705,-0.023145,0.011293,-0.015984,-0.014464,-0.009031,0.007975,-0.003956,-0.007149,0.000229,-0.007655,0.003915,-0.017204,0.002801,-0.031072,-0.037593,-0.013478,-0.011132,-0.001535,0.007303,-0.007123,-0.012939,-0.010902,0.002887,0.003663,0.012124,-0.031427,-0.016888,-0.009874,-0.006421,0.004675,0.011906,0.00568,-0.006186,-0.014208,0.019355,-0.001616
HUBSPOT INC,0.016423,-0.042208,0.027428,0.049705,0.018469,0.000224,-0.016444,-0.002154,0.036962,-0.027375,-0.038773,-0.005928,-0.000631,0.025464,-0.028234,0.002852,0.029603,-6.1e-05,-0.023997,-0.007813,0.00797,-0.049186,0.002017,-0.025079,0.015874,0.028237,-0.002851,-0.041286,-0.004915,0.018394,-0.000268,-0.013617,0.041567,-0.006187,0.008159,0.007557,-0.014581,0.003061,-0.029307,-0.007901,0.081724,0.015414,-0.064746,0.007901,-0.022748,0.019727,-0.0056,-0.011577,-0.003108,-0.001224,-0.012518,0.004911,-0.041177,0.031235,-0.023465,-0.015745,-0.008452,0.038008,-0.00835,0.020241,-0.02852,0.030764,0.00645
EQUIFAX INC,-0.025381,-0.019292,0.000743,-0.015046,0.016307,0.011243,0.014323,-0.054236,0.002938,-0.008948,-0.016478,-0.017907,-0.003731,-0.084862,-0.006023,0.012627,0.025259,0.005569,0.002525,-0.012639,0.009399,-0.023634,0.00218,0.017356,0.011359,0.018895,0.023342,-0.010307,0.020999,0.009907,0.012997,0.010787,0.015887,-0.005412,-0.004761,0.011819,-0.054194,0.017055,-0.018834,0.012059,-0.014624,-0.023889,-0.005501,0.00784,-0.00108,0.015056,0.028472,-0.009449,-0.024015,-0.002272,-0.009882,0.057583,0.006073,-0.014641,-0.010596,0.011504,-0.008395,-0.000125,0.002461,-0.011859,-0.003074,0.012925,0.011051
DEVON ENERGY CORP NEW,0.015345,0.01315,0.022278,-0.004359,0.013894,0.003004,0.013288,0.006834,-0.011191,-0.008905,-0.013853,-0.009491,-0.009774,-0.004645,0.007778,0.005788,0.00844,-0.00894,0.009789,0.001901,0.00702,-0.035795,-0.01524,-0.001191,0.003973,0.006332,0.002359,-0.008238,0.005736,-0.014356,-0.004389,-0.001403,-0.002408,-0.009455,0.007717,0.008061,-0.004998,-0.01949,-0.01168,-0.001659,0.015784,-0.035167,0.008476,0.031309,-0.04075,-0.009133,-0.000643,0.003003,0.000642,0.007053,0.003608,-0.009304,-0.023266,0.003278,0.00439,-0.002404,0.007448,-0.003697,0.039721,-0.005668,-0.013722,0.006207,0.008296
HALLIBURTON CO,0.012938,-0.000501,0.023302,-0.004652,0.014514,-0.00679,0.000488,0.003172,-0.004135,-0.031021,-0.014369,-0.01688,-0.010406,0.016036,0.011126,-0.009212,-0.003357,0.003369,0.0,-0.004649,0.008822,-0.036265,-0.030424,0.010184,0.000817,0.005173,0.007584,-0.004301,0.011879,-0.010939,0.007284,0.005892,-0.005325,0.003212,0.011206,0.001583,-0.008693,-0.033484,-0.010723,0.003613,0.011354,-0.019441,0.004189,0.020579,-0.053406,-0.025043,-0.006495,0.010155,0.007688,0.012617,-0.000869,0.00232,-0.022859,-0.02517,0.014885,-0.014068,0.01184,0.009301,0.020809,0.008154,-0.017042,-0.012342,0.005058
C D W CORP NEW,-0.010634,-0.005651,0.016413,-0.01259,0.010493,-0.003644,-3.9e-05,-0.027414,0.002912,-0.020524,-0.006299,-0.005676,-0.013458,-0.004561,0.000339,0.007889,0.011909,0.000915,0.011342,-0.004765,0.01519,-0.016589,-0.112668,0.017707,0.005265,0.010293,-0.005139,-0.001631,0.012028,-0.002287,-0.001843,-0.002117,0.008394,0.003133,-0.002231,0.020569,0.009376,0.025567,-0.017268,-0.002202,-0.025361,-0.019938,0.009651,0.0035,-0.000581,-0.00707,0.004596,-0.005024,0.010955,-0.001516,0.002055,0.008647,-0.005303,-0.008485,0.014158,0.018555,0.005986,0.01535,-0.016476,-0.03018,-0.006633,0.004168,-0.000982
ARCHER DANIELS MIDLAND CO,-0.007324,0.005614,-0.000797,0.009417,0.003479,-0.004412,0.011396,-0.000157,-0.020661,-0.025571,-0.007381,-0.004131,0.002489,0.021516,0.014258,-0.001597,-0.01136,-0.003722,-0.009097,-0.014754,0.009817,-0.033449,-0.004944,0.016789,-0.003033,0.017239,0.02326,0.007144,0.00661,0.008648,-0.005557,-0.015328,-0.017675,0.025133,0.000487,-0.012171,0.006571,0.010282,-0.019063,-0.003788,0.006613,-0.014124,0.001832,0.038244,-0.007207,-0.002742,-0.012132,0.001637,0.001635,0.011098,-0.007425,-0.016588,0.0043,-0.020254,0.011092,-0.004156,0.018361,0.005573,0.012714,-0.023821,0.00033,-0.000989,-0.00264
VISTRA CORP,0.026992,-0.005312,0.036683,-0.043655,0.067905,-0.01208,-0.065708,0.01769,0.017524,-0.031389,-0.021795,-0.009088,0.015533,-0.04035,-0.003339,0.016144,0.025929,0.029365,0.028669,0.003035,0.072352,-0.027194,0.013449,0.039162,0.020283,0.021475,-0.01802,0.091265,0.044507,0.002683,-0.034789,0.014417,0.059473,-0.038902,0.010092,-0.027317,0.029833,0.000318,0.019731,0.062103,0.040157,-0.024294,0.016889,-0.059694,-0.058841,-0.039678,0.027359,-0.062391,-0.013796,0.037028,0.034006,-0.007235,-0.023852,-0.009163,-0.04053,0.044711,0.006965,-0.015081,0.015773,0.013374,-0.039146,0.015249,-0.014217
METTLER TOLEDO INTERNATIONAL INC,0.007444,-0.015024,0.007358,-0.034732,0.012681,0.002637,0.024788,-0.023313,0.004634,-0.038445,-0.013885,-0.012271,-0.024644,-0.004566,-0.003371,0.009188,0.034899,-0.004793,-0.001991,0.004201,0.013852,-0.020347,0.016305,0.000104,0.001656,-0.000918,-0.002446,0.00432,0.029758,0.170355,-0.032187,0.023604,0.015874,0.007014,-0.005096,-0.002929,0.001976,-0.012825,-0.014969,0.000155,-0.016884,-0.011956,-0.037289,0.014831,-0.003319,0.005288,0.032129,-0.009642,0.000382,0.003649,-0.001683,0.012564,0.010229,-0.013361,-0.004798,0.023008,-0.016529,0.00473,-0.006491,-0.018694,0.00035,-0.014559,-0.006349
X C E L ENERGY INC,-0.008744,0.015015,0.000185,-0.005916,-0.004463,0.010275,0.005362,-0.011403,-0.004837,-0.005982,0.0,-0.012037,0.012564,0.010716,0.017857,0.004386,0.00564,0.001086,-0.005784,-0.019087,0.009637,-0.013767,0.000931,0.000186,0.008552,0.002028,0.012141,-0.001636,0.005644,0.003983,0.006672,-0.004836,0.00414,0.001075,-0.005909,0.009906,0.011949,-0.021502,-0.026477,-0.006105,0.000372,-0.008188,0.019137,0.020803,-0.003066,0.013567,-0.015527,-0.006164,-0.001459,0.009134,-0.003621,-0.004906,-0.007851,-0.000414,-0.009857,-0.002254,0.007718,-0.002989,0.01143,-0.004446,0.00093,0.001115,-0.008171
HARTFORD FINANCIAL SVCS GRP INC,-0.005434,-0.006147,0.002553,-0.002938,0.013946,-0.004649,-0.037855,0.00445,-0.019837,0.00452,-0.004909,0.004419,-0.019953,0.012216,0.020629,0.008792,0.002104,-0.001699,-0.007711,-0.038248,0.018573,-0.001854,0.003406,0.002777,0.004206,0.012564,0.002118,0.003423,0.016553,0.005526,-0.01325,0.007858,-0.007106,0.015505,0.009788,-0.010565,0.000392,0.002546,-0.016898,0.006259,-0.00938,-0.005781,0.014937,0.021829,-0.013243,-0.010137,-0.003778,-0.004391,0.010926,0.000198,-0.014276,-0.000302,0.003219,-0.002507,0.017794,0.012545,0.011511,-0.007233,0.014377,-0.008427,-0.012556,0.004988,-0.021509
VEEVA SYSTEMS INC,-0.005611,-0.06068,0.003327,-0.011007,-4.7e-05,0.001118,0.007303,-0.025954,0.00128,-0.021071,-0.024766,-0.0062,-0.005839,0.001707,-0.005813,0.003428,0.010248,-0.002884,-0.007132,0.009142,0.003335,-0.014982,0.001712,0.01272,0.010028,-0.001524,0.010682,-0.017242,0.010606,-0.000638,0.000393,-0.000196,0.037092,-0.008184,0.002957,-0.001474,-0.003429,-0.016632,-0.005735,-0.003373,-0.003924,-0.012753,-0.031471,-0.102683,-0.016298,0.043813,0.015482,0.018273,-0.010108,0.010102,0.016271,0.00484,-0.016622,-0.00576,-0.0268,-0.005619,0.028309,0.005876,0.009844,-0.002839,-0.010206,0.004776,-0.011558
P P G INDUSTRIES INC,-0.01049,-0.011996,0.000494,-0.013829,-0.005223,0.006257,0.016368,-0.031435,-0.000944,-0.023038,0.004389,-0.011184,0.010861,0.001111,-0.03116,0.001986,-0.005566,0.00069,-0.009884,0.007197,0.004456,-0.013309,0.015116,0.009927,0.005066,0.000903,0.008794,-0.005812,0.011767,0.007294,0.00303,-0.002652,-0.002512,-0.001925,-0.002523,-0.004984,-0.000299,0.007253,-0.02732,0.003053,-0.013849,-0.018904,0.015494,0.017736,0.001902,0.000152,0.011619,-0.019443,-0.016919,0.000389,0.008641,0.006483,-0.004754,-0.019031,0.007462,-0.003196,0.004693,0.001012,-0.003422,-0.022864,0.00024,-0.002794,0.007926
ON SEMICONDUCTOR CORP,0.004079,-0.045633,0.003547,-0.023046,0.003184,-0.008223,0.031855,-0.024105,0.019789,-0.056091,-0.015006,-0.014016,-0.003863,-0.023887,-0.035277,-0.000988,0.016983,0.062419,0.012971,0.025309,0.040553,-0.009319,-0.016391,0.014491,0.005142,-0.009947,0.016076,-0.001695,0.008349,-0.011227,0.02654,0.009125,0.023976,-0.023281,0.002329,0.01517,-0.019655,0.047652,-0.060821,0.012701,0.015022,-0.035845,0.015491,0.012897,0.002054,-0.022817,0.042226,-0.028039,-0.001932,0.016457,0.006531,0.030278,-0.015482,-0.040912,-0.017229,0.0,-0.043829,0.01316,-0.010654,0.000738,0.004864,-0.004547,0.010168
DOLLAR GENERAL CORP NEW,0.008266,-0.015634,0.027697,-0.00088,0.003207,-0.013914,-0.021373,0.008084,-0.001682,-0.04269,-0.020909,0.002073,-0.003449,0.008236,-0.005903,-0.013603,-0.00084,0.003013,-0.003563,-0.004066,-0.006476,-0.013886,-0.011567,-0.003126,0.002479,-0.009819,0.027619,-0.017012,0.024287,0.000639,-0.021426,0.017255,0.005345,0.039203,-0.030425,-0.030254,0.034608,-0.007363,-0.017167,0.043919,-0.020381,-0.021016,-0.081419,0.070111,0.019356,-0.036185,-0.000669,-0.036379,-0.022543,0.00853,-0.007205,-0.014514,-0.006484,0.013455,0.008745,-0.002364,0.007189,0.009961,0.013357,-0.015097,0.003735,0.009922,0.014968
ZSCALER INC,-0.002596,-0.017644,-0.012875,-0.02308,0.007307,0.002018,0.026074,-0.024138,0.004512,-0.018238,-0.036161,-0.003031,-0.007802,5.8e-05,-0.021738,0.010401,0.034801,0.003052,-0.014933,0.012814,0.01124,-0.034071,-0.003643,0.023562,0.004196,0.005816,-0.007017,-0.033298,0.005614,0.015469,0.002176,0.0104,0.024375,-0.010048,-0.00251,0.009728,-0.020044,-0.015934,-0.012919,-0.001571,-0.04358,0.001279,-0.046967,0.084967,-0.005531,0.00071,0.032104,0.024976,0.011513,0.016134,0.020336,0.006288,-0.041201,0.017509,0.000869,-0.026955,-0.004626,0.005432,0.00841,0.008064,-0.019724,0.057456,0.015803
TRACTOR SUPPLY CO NEW,-0.013297,-0.005228,-0.018491,0.001467,-7.9e-05,-0.011565,0.014505,0.000434,-0.012278,-0.021184,-0.011924,0.011861,0.010415,-0.000162,0.021993,0.002334,0.010182,0.008478,0.027622,0.032572,0.014531,-0.017274,-0.006994,-0.016484,0.013161,-0.002479,0.002189,-0.012883,0.011438,0.006414,0.000884,0.010417,0.005319,0.000906,0.034249,-0.005706,0.005774,-0.010221,0.001768,-0.000565,-0.000497,-0.00298,-0.000783,0.01599,-0.062147,0.008036,0.002447,-0.002256,0.004337,0.009929,0.017104,0.005785,0.005609,-0.00437,0.033185,0.001485,-0.033623,0.004746,-0.014881,-0.046184,0.009223,0.00206,0.009157
TARGA RESOURCES CORP,0.002143,0.009445,0.023921,-0.014138,0.014078,0.0,-0.013452,0.00236,0.005668,-0.005549,-0.003052,-0.002361,-0.01613,-0.00401,0.010199,0.007882,0.019331,0.007672,0.006672,-0.006968,0.009327,-0.026792,-0.014466,0.00516,-0.006018,0.004363,0.000266,-0.003368,0.010138,-0.003433,-0.002562,0.013462,0.01005,0.004759,0.013261,-0.00102,0.00553,-0.02775,-0.009311,0.003777,0.010763,-0.007186,0.016568,0.014153,-0.014379,0.001716,0.012508,-0.001777,0.000254,0.0161,0.009924,0.003138,-0.010208,-0.010313,0.021849,0.015132,0.023331,-0.009658,0.027978,0.009565,-0.017947,0.008471,0.001555
ATLASSIAN CORP PLC,-0.008918,0.013704,-0.003979,-0.014956,0.022359,0.009816,0.02201,0.008969,0.048403,-0.037829,-0.071128,0.01569,0.001129,-0.007485,-0.01064,0.0142,0.026612,-0.002156,-0.003015,-0.09556,-0.013263,-0.026939,0.002728,0.062395,-0.000163,-0.009536,0.012928,-0.030415,0.00745,-0.000556,0.017135,0.006837,0.000706,-0.010857,-0.013666,0.000668,-0.009953,-0.018253,-0.003547,-0.030543,-0.023925,0.005703,-0.032396,-0.022009,0.01632,-0.009284,-0.00038,0.035343,-0.000612,-0.007285,0.006105,-0.002023,-0.041823,0.026086,-0.021675,-0.021964,0.028333,0.031361,0.014096,0.016388,0.025142,0.007748,0.022487
RESMED INC,-0.043983,-0.026199,0.009113,-0.00559,0.020324,-0.005298,0.034672,-0.002419,-0.022136,-0.01926,-0.004143,-0.001243,-0.059667,0.021745,0.006982,0.008387,0.021458,-0.002388,-0.001959,0.188856,-0.00399,-0.014734,0.004767,0.014604,-0.005363,-0.000184,-0.003595,-0.012953,0.018602,-0.013927,0.019035,-0.009362,0.022145,-0.002991,-0.006364,0.000778,-0.002103,-4.6e-05,-0.03065,0.00794,-0.028557,-0.005841,0.016411,-0.014379,0.005137,0.018275,0.009755,-0.007878,-0.003072,0.003556,-0.006992,0.003378,0.007065,-0.003061,-0.006518,0.009128,0.004711,-0.034885,-0.114804,0.009001,0.014632,0.027073,-0.000835
ANSYS INC,0.000922,-0.004892,0.002776,-0.016035,0.002022,0.006523,0.001162,-0.014543,0.001797,-0.017348,-0.018073,-0.004114,-0.003641,-0.00344,-0.007365,0.008382,0.003571,0.007976,-0.004657,0.020517,-0.011626,-0.015127,-0.010465,-0.021619,0.015865,0.006478,0.010728,0.005907,0.000887,0.003056,-0.000152,-0.00713,0.012337,-0.007124,0.00055,0.002685,-0.005478,-0.001316,0.005577,0.008928,-0.009151,-0.017191,-0.007846,-0.00769,-0.008505,0.007466,0.031441,-0.007154,-0.001324,-0.003053,-0.000557,0.010089,-0.004228,-0.005661,0.012548,-0.006402,0.001692,-0.001013,-0.013063,0.010215,-0.009433,0.001556,-0.000994
WABTEC CORP,-0.005629,0.007386,0.015555,-0.005803,0.021447,-0.00691,-0.010705,-0.002164,0.001152,-0.010358,-0.00643,0.001515,-0.006256,-0.001937,-0.000693,0.010543,0.01915,0.10035,-0.001224,0.007231,-0.006875,-0.013172,-0.003352,0.008347,0.002039,0.004994,0.009631,0.005893,0.010691,0.006036,-0.020435,0.001516,0.023252,-0.013788,0.00996,0.013843,-0.003516,-0.002646,-0.000708,0.002478,-0.005775,-0.00729,0.009254,0.001124,-0.020741,-0.005612,0.005644,-0.010379,-0.005061,0.003493,-0.005558,0.014371,-0.010535,-0.01903,0.008046,0.00891,-0.008893,-0.003527,0.006086,-0.009444,-0.007041,-0.003828,-0.004347
EDISON INTERNATIONAL,-0.0041,-0.004401,-0.00328,-0.000715,0.013887,-0.001977,0.002971,-0.02779,-0.001161,-0.003051,-0.010928,-0.015763,0.018411,0.001323,0.02642,0.010439,0.002689,-0.000423,0.004377,-0.013918,0.016966,-0.003785,0.003096,0.00968,0.005141,0.0094,0.011915,-0.000541,0.012322,0.001739,-0.006009,0.006448,0.010678,0.001849,0.0058,-0.002621,0.008804,-0.015892,-0.017207,0.00431,-0.005766,-0.010656,0.017996,0.029195,-0.007417,0.003146,-0.014245,-0.012329,-0.00698,-0.001757,-0.00325,-0.000815,-0.00136,-0.003268,-0.022948,-0.000699,0.005596,-0.003339,0.015634,-0.01237,-0.000139,0.002644,-0.003193
HEWLETT PACKARD ENTERPRISE CO,0.011844,-0.013378,0.027684,-0.013744,0.003344,0.007778,-0.006615,-0.00111,-0.003333,-0.028986,-0.009185,-0.006953,-0.006418,0.000587,-0.014671,0.002382,0.0,0.005942,0.002363,0.011786,0.000582,-0.010477,-0.032941,0.005474,0.019964,0.017794,-0.017483,0.01898,-0.006985,0.0,0.018757,0.015535,0.01813,-0.004452,-0.001677,-0.00336,-0.001124,0.02081,0.004959,0.00932,0.0,-0.012493,0.018702,-0.046976,0.016997,-0.019499,0.106818,0.005647,0.022461,0.027958,-0.001457,0.017023,0.04065,-0.007353,0.002778,0.014312,-0.016484,-0.026071,-0.021511,0.031754,-0.00947,0.005736,0.006179
C B R E GROUP INC,-0.023241,-0.006633,0.011447,0.000314,0.007123,0.003849,-0.003212,-0.050624,-0.007117,-0.014226,-0.026849,-0.017128,-0.004211,0.0,-0.002819,0.013428,0.012436,-0.003903,0.002881,0.003562,0.006985,-0.01194,-0.007135,0.006028,-0.002074,-0.003348,0.002201,-0.000116,0.010867,0.031793,-0.023166,0.006695,0.039901,-0.002276,-0.008474,-0.011833,0.00255,-0.008958,-0.021873,-0.001711,-0.008457,-0.007838,0.009294,0.013697,-0.016805,-0.010971,0.009108,-0.00486,-0.004302,0.02324,-0.005478,0.021574,0.000225,-0.024034,0.005409,0.014879,0.01703,0.002218,-0.012392,-0.010755,-0.001472,0.003743,0.006893
TAKE TWO INTERACTIVE SOFTWR INC,0.010169,-0.002867,0.014441,-0.014104,0.009693,0.01728,0.006834,-0.016678,-0.005128,-0.026893,-0.013377,0.001032,-0.015744,-0.017603,-0.000284,-0.004552,0.012575,0.007832,0.004201,0.007251,-0.001384,-0.01012,-0.00049,0.002312,0.019641,0.016863,-6.7e-05,-0.015911,-0.001987,0.001373,-0.01323,0.007016,0.021523,-0.013506,0.012048,0.020698,0.003446,-0.005349,0.01142,0.014902,0.014166,0.018432,0.000626,0.00363,0.020454,0.014178,0.008857,-0.010512,-0.005432,-0.025672,-0.012645,0.007318,-0.012213,0.007862,-0.009814,-0.012897,-0.00251,0.020906,0.009417,-0.004195,-0.009432,-0.003555,-0.009492
HERSHEY CO,0.019383,0.0115,-0.028322,0.005542,-0.011278,0.002323,0.002008,-0.013105,-0.013175,-0.019525,-0.017384,0.004053,-0.004692,0.013209,0.000866,0.00708,0.004025,0.005666,-0.005262,-0.00529,0.033896,0.007534,-0.001134,0.011255,0.010415,-0.007225,0.008499,0.009084,0.00065,0.02344,0.023098,-0.002959,-0.01666,0.020106,-0.005428,0.005072,-0.003556,-0.008585,-0.022036,-0.020096,0.003096,-0.020546,-0.00217,0.024336,-0.007127,0.018583,-0.008547,-0.005243,-0.006386,-0.025196,-0.002668,-0.017785,-0.008706,0.00749,-0.021018,-0.001748,-0.003995,0.000494,0.028612,-0.007368,-0.015437,0.003442,0.000817
EBAY INC,-0.009663,-0.007844,-0.000193,-0.008679,0.012841,-0.00922,0.007367,0.009623,-0.010865,-0.011178,-0.008186,-0.012576,-0.01592,0.010111,0.008809,0.010915,0.006086,-0.001366,0.003126,0.013245,0.014033,-0.022938,-0.009313,-0.032707,0.005264,-0.005438,0.013973,-0.007589,0.013081,0.013111,0.019412,0.002116,0.006142,0.005342,-0.02315,-0.004662,0.01815,0.012076,0.000189,0.030297,-0.027752,-0.015312,0.024189,0.021368,-0.011251,0.002611,-0.013768,0.007168,-0.005806,0.001319,-0.002822,0.003585,0.0094,-0.029056,0.019375,0.026534,-0.013016,0.005758,-0.002585,-0.001111,-0.004819,-0.01192,0.01263
NETAPP INC,0.000667,-0.003046,0.016807,-0.011082,0.002386,0.00733,-0.015782,-0.014882,0.022027,-0.029086,0.0055,0.001661,-0.015896,-0.007631,-0.021869,-0.000408,0.015422,0.006437,0.008795,0.003864,0.011349,-0.002635,-0.011936,0.011189,0.024677,0.031632,-0.005465,0.019747,-0.011874,0.002958,-0.003226,0.008229,0.01449,-0.007865,0.00656,0.016385,0.005967,0.01027,-0.000613,0.014293,0.02023,-0.004322,-0.008511,0.033734,-0.012206,0.000336,0.027395,-0.006462,-0.004034,0.015912,0.02087,0.002072,0.012487,-0.008877,-0.00103,0.021184,-0.009634,0.001334,-0.009872,0.010682,0.00548,0.004672,-0.001783
PINTEREST INC,0.018748,-0.005379,0.00427,-0.01729,-0.011249,-0.008751,0.020012,-0.033468,0.015522,-0.014109,-0.028623,0.003683,0.002141,0.004272,-0.015497,0.010185,0.00886,-0.005148,-0.006393,0.040441,-0.0053,-0.009769,0.210164,0.000494,-0.002222,0.024004,0.012567,0.017661,0.000235,-0.01524,-0.003571,0.004062,0.009995,0.007776,0.000234,-0.003273,-0.026501,-0.003132,-0.001933,0.00339,0.001448,0.01494,-0.017569,0.002658,-0.00699,-0.012621,0.013029,0.036884,0.032296,-0.001587,-0.005677,0.002512,-0.015262,0.006477,0.007355,0.008898,-0.004749,-0.008862,-0.011463,0.043136,-0.012895,-0.006306,-0.001133
FORTIVE CORP,-0.016275,0.002363,-0.000943,-0.011447,0.005969,-0.000593,-0.000356,-0.011403,0.003124,-0.012936,-0.009829,-0.006863,-0.010365,-0.000249,-0.008606,0.010945,0.004231,-0.057621,0.002104,-0.003149,0.013558,-0.022468,0.002259,0.008749,-0.000263,0.01183,0.000779,-0.00662,0.012414,-0.007744,-0.00065,0.00833,0.004131,-0.005913,-0.002198,-0.000259,-0.000519,-0.000389,-0.019333,0.004102,-0.017525,-0.020252,0.007255,0.012775,-0.020016,-0.00233,0.011954,-0.005431,-0.006826,0.005498,-0.004238,0.013866,-0.011916,-0.003289,0.0066,0.001366,-0.004638,0.008634,0.008696,-0.017241,0.001508,0.006843,0.007204
ARES MANAGEMENT CORP,-0.004437,-0.01201,0.009021,0.001667,0.014826,0.007454,-0.010062,0.001794,0.000224,-0.020288,-0.015607,0.012297,0.006188,-0.007593,-0.008952,0.019146,0.034013,-0.004029,-0.01633,-0.000823,0.009579,-0.013417,-0.010444,0.022324,-0.020276,0.032295,0.008225,0.010052,0.027187,-0.001193,-0.014901,0.034106,0.033741,-0.021092,-0.007228,-0.007143,-0.006503,0.007868,0.0,0.008705,-0.011438,-0.015034,0.005697,-0.019653,-0.014054,-0.02178,0.032325,-0.03984,-0.007985,0.029414,-0.007746,0.012594,-0.027129,-0.001495,0.010556,0.007237,-0.002148,-0.021676,0.015631,0.011207,0.000739,0.003691,-0.01964
WESTERN DIGITAL CORP,0.038247,-0.028511,0.040535,-0.01508,0.036433,-0.002189,-0.004112,-0.005506,0.022837,-0.024966,-0.022552,0.008945,-0.012525,-0.026365,-0.033226,0.01514,0.042804,-0.005292,-0.001582,0.02765,-0.02102,0.013885,-0.004518,-0.011204,0.017642,0.023256,-0.015289,0.007693,0.000694,-0.006797,-0.008799,0.036213,0.029236,-0.021007,-0.026991,0.013176,0.013142,-0.006351,0.008431,0.008765,0.017778,0.016943,-0.024797,-0.002914,-0.004117,-0.01387,0.040032,-0.021457,-0.003588,0.028274,-0.007523,0.034893,0.004925,-0.018346,0.022273,0.004633,-0.049109,-0.006816,-0.004883,0.019363,-0.018085,0.015238,-0.011094
T ROWE PRICE GROUP INC,-0.013287,-0.014547,-0.000506,-0.01882,0.003269,0.007802,0.017865,-0.025658,0.009779,-0.021492,-0.00816,-0.018731,-0.006422,-0.02397,9.2e-05,0.025476,0.003946,-0.007861,-0.020079,0.047689,-0.017015,-0.022395,0.006662,0.007797,0.003059,0.004574,-0.006785,0.002157,-0.001704,0.002695,0.009588,0.015,0.006296,0.008429,0.006118,0.003169,0.004269,0.000425,-0.006543,0.011034,-0.015821,-0.009198,0.002516,0.019732,-0.008487,-0.002225,0.002488,-0.005391,-0.00585,-0.004154,-0.00504,0.034064,-0.015373,-0.003689,0.018625,0.004528,0.005273,0.001946,0.003884,-0.012365,-0.007665,-0.00927,-0.00104
RAYMOND JAMES FINANCIAL INC,0.000779,0.001478,0.006992,-0.016974,0.006907,0.013251,-0.01477,-0.00734,-0.020688,-0.015663,-0.000245,-0.005305,0.000574,0.000164,0.013447,0.01521,0.013229,0.003146,-0.043829,-0.000738,0.010914,-0.00966,0.004508,0.011587,0.00363,0.009323,-0.002469,0.001038,-0.001914,0.004314,0.0,0.010024,0.002678,-0.013354,0.006529,-0.010204,-0.002717,-0.009536,-0.001699,0.020018,-0.018433,-0.014813,0.001479,0.007056,-0.014827,-0.016208,0.015466,-0.004801,-0.001664,-0.003999,-0.019072,0.013132,-0.013299,-0.013307,0.019798,0.008477,0.000841,0.013691,0.014003,-0.005638,-0.001397,0.000576,0.016613
BROWN & BROWN INC,-0.013937,-0.009384,-0.000234,-0.018131,0.014415,0.004228,-0.01111,-0.011353,-0.011364,-0.009074,-0.010623,-0.001358,-0.003707,0.006326,0.012819,0.004016,0.005212,-0.009647,0.001826,-0.009966,0.000982,0.0,0.014226,0.001814,0.009415,0.008503,0.012231,-0.005045,0.009433,0.017054,0.004594,0.011204,0.002826,0.007892,0.00481,0.000334,-0.000111,0.01458,-0.022488,0.002806,-0.019919,-0.014387,0.016566,0.020057,-0.006927,0.011362,0.001112,-0.005222,0.008377,-0.007089,-0.000223,0.009484,0.000553,-0.004861,0.021314,0.004457,0.005194,0.001399,0.00344,-0.02357,-0.006144,-0.004637,-0.008319
CHURCH & DWIGHT INC,0.006807,-0.003618,-0.014144,-0.010275,-0.000979,-0.005,0.003941,0.006772,-0.009748,-0.004922,0.004947,0.01644,0.002324,-0.002802,0.011143,0.015333,0.007173,0.005998,-0.000932,-0.008671,0.005549,0.009167,-0.015108,-0.003576,0.002172,-0.006597,0.01442,-0.001403,0.002529,0.002429,-0.001491,-0.000338,0.003276,-0.004665,-0.002718,0.001128,0.005164,0.002335,-0.008294,0.00047,-0.021696,-0.008161,0.010164,0.025393,0.002617,0.007643,-0.0037,0.001857,-0.004912,0.003166,0.001949,-0.014269,0.000846,0.011458,0.014856,0.005581,-0.009098,0.000184,-0.013311,-0.02447,-0.003529,-0.004498,-0.003173
M & T BANK CORP,-0.015264,-0.017945,-0.011376,-0.00676,0.004344,0.013409,0.001352,-0.041915,0.002373,-0.004586,0.047414,-0.025188,0.01201,0.00187,0.029289,0.016041,0.0081,0.00749,-0.007164,-0.00354,-0.005875,-0.007765,0.012051,0.000958,0.002119,0.018147,-0.006232,0.019891,0.009256,0.006551,0.000846,0.008258,-0.003031,-0.007245,0.002085,-0.009949,0.007356,-0.002282,-0.023002,0.007692,-0.012213,-0.021234,0.015104,0.025294,-0.012863,-0.01207,-0.003208,-0.004999,0.010392,-0.020229,-0.020994,0.019953,-0.004456,-0.005734,0.018357,0.01402,0.006811,-0.002097,0.014101,-0.013704,-0.001491,0.00224,0.025127
AMERICAN WATER WORKS CO INC,-0.015629,-0.006151,-0.005269,0.012192,-0.015451,0.012656,0.015248,-0.029052,-0.004142,-0.010609,-0.005061,-0.018624,0.013882,0.016898,0.00997,0.006244,0.005115,0.01243,0.001566,-0.006335,0.012419,0.000327,0.022891,0.006634,0.022231,0.011651,0.012054,0.007965,0.011365,0.008335,-0.007048,-0.004859,0.004657,0.003888,-0.003798,-0.00142,0.005914,-0.00454,-0.038505,-0.002877,-0.015519,-0.016873,0.017485,0.035556,0.0,0.015676,-0.008583,-0.00805,-0.018144,0.002417,-0.004978,0.001642,0.008507,0.000619,-0.004486,0.013595,-0.00161,0.00215,0.012563,-0.021259,0.001623,-0.002392,-0.000851
CLOUDFLARE INC,-0.012083,-0.007213,-0.003159,-0.015,0.031207,-0.008631,0.017518,-0.022371,0.013182,-0.024147,-0.036476,0.007749,-0.033392,-0.014659,-0.0301,0.007016,0.037667,-0.002276,-0.010493,0.014408,0.018634,-0.025098,0.007323,0.010563,-0.163763,-0.001344,-0.002288,-0.022663,0.012284,-0.019362,0.022942,-0.00299,0.01227,0.011987,0.001198,0.005184,-0.016398,0.008067,-0.018138,0.007742,-0.004313,0.018005,-0.096011,-0.004266,-0.003841,0.00875,0.026904,0.020043,-0.007298,0.013997,0.012688,0.038414,-0.025325,0.028295,0.027649,0.018023,-0.007967,-0.006501,0.008468,0.026209,-0.017109,0.03166,0.012716
FIFTH THIRD BANCORP,-0.013706,-0.019619,-0.003891,-0.015625,0.000567,0.024646,0.006082,-0.043968,0.002012,-0.009466,0.002606,-0.015309,0.000293,0.003519,0.059322,0.008276,0.013954,0.004587,-0.011013,0.002173,0.00271,-0.014595,0.017554,-0.00566,0.018162,0.011715,0.000789,0.011833,0.004418,0.003363,-0.014956,0.007068,0.013257,-0.009749,-0.001036,-0.020747,0.007415,-0.01183,-0.020484,0.011678,-0.015302,-0.01145,0.013514,0.018231,-0.015233,-0.018453,0.005806,-0.007422,0.000554,-0.014116,-0.009545,0.021825,-0.012205,-0.010952,0.012209,0.009257,-0.001668,0.003898,0.016084,-0.019924,0.000557,-0.002227,0.027615
DOVER CORP,-0.009369,-0.010255,0.003569,-0.006596,0.015243,0.001365,0.007213,-0.019848,-0.003164,-0.007041,-0.008079,0.002871,-0.009699,-0.005251,0.007295,0.002591,0.011804,-0.004933,0.044739,0.005918,-0.000722,-0.00411,-0.008087,-0.001687,0.00811,0.015308,0.00055,0.010559,0.006531,0.003244,-0.006952,-0.002985,0.007947,-0.005562,-0.000272,0.005378,0.005295,0.008008,-0.017435,-0.000543,-0.003801,-0.010573,0.000496,0.014865,-0.013764,-0.010205,0.008471,-0.016192,-0.00455,0.004119,-0.003821,0.025272,-0.001981,-0.022824,0.011171,0.019863,0.00279,-0.004364,0.010411,-0.023536,-0.007442,-0.001511,0.011208
LAUDER ESTEE COS INC,-0.013753,0.004868,-0.041173,-0.014814,0.000832,0.006924,0.021454,-0.024773,0.003866,-0.045589,-0.011239,-0.002259,0.008106,0.049044,-0.002762,0.020843,0.010582,-0.010874,-0.016083,0.016967,-0.004476,-0.000545,-0.131825,0.059433,-0.014821,-0.021514,-0.004536,0.000309,0.016444,0.002582,0.02053,-0.004825,0.014471,0.016471,-0.025246,-0.02679,0.012048,-0.014693,-0.035482,-0.000555,0.0,-0.035777,-0.001316,0.021666,0.006971,-0.005474,-0.004695,0.004473,-0.024613,-0.013779,-0.010184,-0.030442,0.000614,-0.001665,0.008604,-0.035602,0.01724,0.010204,0.011243,-0.010857,-0.005796,-0.020844,-0.040231
W E C ENERGY GROUP INC,-0.006819,0.004046,-0.008182,-0.002339,-0.009256,0.013079,0.007131,-0.026737,-0.00414,-0.00529,-0.001013,-0.013817,0.023522,0.010172,0.013923,0.005027,-0.000122,0.008175,0.002178,-0.01594,0.016076,-0.001932,-0.000605,0.005933,0.001685,-0.004566,0.011951,0.012883,0.007891,-0.001753,0.003336,-0.005419,0.007226,0.005645,-0.000117,-0.009474,-0.001299,-0.026839,-0.019925,0.000372,-0.012144,-0.010537,0.004818,0.022332,0.001851,0.011826,-0.013879,-0.008025,-0.006223,-0.005135,0.003902,-0.005517,-0.009709,0.004074,-0.006214,-0.004083,0.015375,-0.012871,0.014317,-0.012981,-0.002171,0.003839,0.000127
APPLOVIN CORP,-0.001156,0.008389,0.045037,-0.001098,0.027686,0.043519,-0.019603,-0.002352,0.024889,-0.034126,-0.054784,0.01246,-0.019635,-0.028773,-0.029916,0.015719,0.049153,-0.020861,-0.00703,0.066609,-0.011244,-0.033155,-0.011761,0.039145,0.035877,0.023711,0.003123,-0.040083,0.144459,0.020546,-0.000694,-0.033924,0.00743,-0.009874,-0.008891,0.025215,-0.00674,-0.047619,-0.00925,0.036462,0.013147,0.00793,-0.016569,-0.012364,0.014973,-0.012817,0.024865,-0.005259,-0.01586,-0.018679,-0.037696,-0.010472,-0.011628,0.024719,0.012126,0.030334,-0.045275,0.018139,-0.006745,0.040487,-0.008989,0.032803,0.001203
GLOBAL PAYMENTS INC,-0.026261,-0.013753,-0.009816,-0.008655,-0.000635,0.016995,0.000781,-0.024579,-0.00376,-0.006424,-0.004606,0.002111,-0.003889,-0.006263,-0.000655,0.017445,0.021251,0.004729,-0.02228,-0.000481,0.000883,-0.015319,-0.111672,0.013571,0.007509,-0.002514,-0.00216,0.001894,0.004592,-0.020973,0.001373,0.007405,-0.012433,0.004135,-0.001007,-0.016306,-0.000186,-0.010153,-0.028512,-0.004649,-0.012554,-0.009658,0.000796,0.012727,-0.027197,-0.015543,0.009945,-0.007613,-0.000511,-0.003889,-0.006678,-0.012826,-0.01886,0.00833,-0.002973,-0.017893,0.023425,0.006994,0.021151,-0.014324,-0.005123,-0.003573,0.019827
DECKERS OUTDOOR CORP,-0.011432,-0.029232,-0.002856,-0.025424,0.002358,0.010172,-0.02366,-0.066466,0.012097,-0.006781,0.00124,-0.001827,0.006524,-0.007202,-0.015886,0.012294,0.02371,0.026862,-0.053082,0.033428,-0.001236,-0.01677,0.001234,0.016047,0.011662,0.023162,0.000615,-0.01032,0.024687,-0.014362,-0.013132,0.037359,0.024058,-0.019985,0.00332,0.016082,-0.003445,-0.007558,0.013114,0.141768,0.044767,-0.013177,0.016583,0.010475,-0.006719,-0.018167,0.024774,-0.025456,-0.019823,0.010188,-0.011963,-0.002696,-0.009004,-0.006222,-0.006115,-0.008944,-0.018792,-0.009399,-0.002102,-0.002822,0.00609,0.019006,-0.031963
INTERNATIONAL FLAVORS & FRAG INC,0.004419,-0.024546,0.014837,-0.019181,-0.006201,0.020998,0.01516,-0.002084,0.004292,-0.034192,-0.0122,0.00448,-0.001326,0.009053,0.004426,0.010956,0.006361,-0.003395,-0.009396,0.003201,0.013592,-0.012943,-0.007797,0.033575,-0.001958,0.023315,0.063952,0.030743,-0.001748,0.001236,-0.006792,0.00114,-0.001242,0.013677,0.019013,-0.008727,-0.00931,-0.02002,-0.015322,0.017678,-0.010506,-0.004415,0.008764,0.006699,-0.000936,0.00229,0.017963,-0.001428,0.005924,-0.017364,0.00403,-0.003911,-0.017772,-0.00547,0.00275,0.014135,0.000312,0.002184,0.019587,-0.020029,0.003024,-0.004886,-0.005328
FIRST SOLAR INC,0.018187,-0.027346,-0.002632,0.028369,0.018313,0.026461,0.030577,0.003194,-0.004587,-0.010627,-0.03573,-0.016367,0.028484,-0.020898,0.004303,0.007084,0.02167,-0.014548,-0.013861,0.021198,0.01175,-0.025051,0.00726,0.0165,0.06116,0.011799,0.004437,-0.020291,0.015153,-0.013222,-0.007904,-0.013559,0.026528,0.014016,0.015261,-0.006326,0.08032,0.186884,-0.007706,0.107802,0.012358,-0.007032,-0.005068,-0.018137,0.003533,-0.024017,0.025886,0.001428,-0.022344,0.046607,0.052645,0.020983,-0.030428,-0.061565,-0.044881,0.00398,-0.008766,-0.004614,0.00931,-0.017376,-0.034315,0.008026,-0.097871
WEST PHARMACEUTICAL SERVICES INC,0.000581,-0.020306,-0.001933,-0.00266,0.020486,-0.00368,-0.000509,-0.006652,-0.005619,-0.019557,-0.003132,0.001769,-0.005587,-7.9e-05,-0.01402,0.008897,0.040096,-0.011456,-0.045498,-0.02105,-0.016702,0.008662,0.016644,0.01384,-0.009336,0.004164,0.004938,-0.004588,-0.002918,-0.003829,-0.01653,-0.010302,-0.00835,0.007368,0.004321,-0.036216,-0.016776,-0.008071,-0.017051,0.009343,-0.012633,-0.014108,0.019421,0.006958,-0.008087,-0.031363,-0.002293,-0.007838,-0.00165,0.016461,0.02598,0.031234,-0.006294,-0.00904,0.008492,-0.041686,0.020399,0.012537,-0.005289,-0.022357,0.000247,0.015695,0.001916
TERADYNE INC,0.001064,-0.024878,-0.011712,-0.026642,0.012459,0.005127,0.031256,-0.043079,0.028759,-0.032797,-0.013696,0.004884,-0.027256,-0.018321,-0.042216,0.018652,0.021379,0.008513,0.081529,0.047929,0.03645,-0.016654,-0.02218,0.032091,0.025982,0.012537,-0.007052,-0.00545,0.018102,0.002528,0.015701,0.018102,0.038077,-0.003486,0.003194,0.057615,0.006308,0.018464,-0.01827,0.026809,0.008472,-0.023136,-0.004229,-0.002336,0.000568,-0.009928,0.041327,-0.014857,-0.016268,0.015472,0.009575,0.03053,-0.008196,-0.017475,-0.002206,0.048432,-0.025041,0.00338,-0.01967,0.014018,-0.004744,0.004766,0.004879
CARDINAL HEALTH INC,0.00143,-0.007228,-0.002876,-0.007302,-0.001816,-0.004094,-0.012789,-0.001203,-0.014082,-0.012404,0.018364,0.001308,-0.006065,-0.004882,0.02066,-0.049543,0.005251,0.001645,0.002608,-0.00578,-0.002907,0.001263,-0.008443,0.007928,-0.039522,-0.003235,0.011462,-0.022864,0.006363,0.014991,-0.01497,-0.006222,-0.003284,0.016373,0.00385,-0.006258,-0.024883,0.003229,-0.002803,0.00354,-0.017014,0.01467,0.01633,0.015966,0.002418,-0.011959,-0.003662,0.008575,-0.002935,0.00335,0.00172,-0.000101,0.016263,-0.004075,0.007485,0.031105,0.00269,0.002491,0.002581,-0.016873,-0.019684,-0.014639,-0.01305
KEYSIGHT TECHNOLOGIES INC,-0.008825,-0.008065,0.01535,-0.008071,0.01537,0.009667,0.008189,-0.018744,0.019675,-0.031472,-0.011477,-0.011218,-0.011016,-0.020276,-0.01205,-0.002618,0.014232,-0.001362,0.005662,0.007597,0.011175,-0.015112,-0.020211,0.014074,0.014899,0.009519,-0.00332,0.004664,0.001393,-0.005298,-0.003329,0.011956,0.027723,0.006936,0.003317,0.015575,-0.083819,0.007652,-0.024681,0.00146,-0.010899,-0.022319,-0.005887,0.0,-0.010615,-0.00854,0.007509,-0.006284,-0.001397,0.006848,-0.004022,0.014098,-0.001014,-0.014424,0.007133,-0.006207,-0.004849,0.011518,-0.000657,0.004748,-0.012068,-0.005004,0.011315
N V R INC,-0.009098,-0.0216,0.007819,-0.015706,0.015134,-0.004646,0.012921,-0.039474,0.012934,0.007838,-0.007232,-0.013456,0.00169,0.004214,-0.002241,0.015848,0.003628,-0.004701,-0.009397,-0.010092,-0.013998,-0.013415,0.00244,0.002952,0.014379,0.005046,0.016996,-0.023138,0.01266,-0.002022,-0.012821,-0.000764,0.035392,-0.014807,-0.004409,0.001142,-0.007494,-0.021324,-0.008795,0.003271,-0.008116,-0.002837,0.016366,0.030236,-0.006954,-0.011031,0.013366,-0.007009,-0.012219,0.006206,-0.006552,0.021387,0.000364,-0.00725,0.011266,-0.01928,-0.0033,0.014843,0.014995,-0.021847,0.011155,0.000103,-0.008928
ROLLINS INC,-0.011887,-0.004156,-0.001318,-0.019793,0.017949,-0.006612,-0.001331,0.00311,-0.011296,-0.006496,-0.024126,0.000693,-0.006927,-0.013253,0.001649,-0.001176,0.004475,0.005158,0.032657,0.014231,-0.002895,-0.004691,0.002693,0.001343,0.030845,0.021249,0.002123,-0.011864,0.011149,-0.008083,-0.004718,0.010989,0.005328,-0.00212,-0.01997,0.014307,-0.006198,-0.008387,-0.015832,0.017849,-0.000649,-0.017548,0.011246,-0.003707,0.00766,0.027368,0.003171,-0.000843,-0.017718,0.004724,0.011541,0.012466,-0.001252,0.013372,0.015464,0.010152,-0.00804,0.0,0.01155,-0.001202,-0.008424,-0.00182,-0.011348
VERALTO CORP,-0.012633,-0.010966,0.007738,-0.006418,0.004614,0.00666,0.017452,-0.011211,-0.008957,-0.000458,0.0285,0.011462,-0.003741,-0.019326,0.001013,0.026325,0.027294,-0.014085,0.015043,0.003519,0.008181,-0.012752,0.007472,-0.005616,0.021737,0.011472,0.002887,-0.005551,-0.008167,0.005837,-0.006528,0.011161,0.020219,-0.00455,0.001524,0.000203,0.009227,0.012358,-0.008932,0.023333,-0.014874,-0.021158,0.007002,-0.00655,0.003449,0.015366,0.003584,-0.014782,-0.000906,0.00635,0.003405,0.009382,-0.001187,-0.002574,-0.001787,0.006463,-0.009287,-0.014061,0.008901,-0.00802,-0.00576,-0.007827,-0.021002
MICROSTRATEGY INC,-0.039787,-0.035381,0.017279,0.005797,-0.10921,0.051418,-0.047568,0.08673,-0.009061,-0.046546,-0.097122,-0.061271,-0.052614,0.016927,-0.028183,0.127671,0.01105,-0.054511,-0.019958,0.033836,0.008258,-0.176292,-0.034516,0.098369,0.082866,0.037449,-0.008953,-0.019349,0.02475,-0.06581,0.055469,0.04147,0.158628,-0.042229,0.100363,0.090085,-0.041581,-0.005086,-0.062496,0.091168,-0.005633,-0.033814,-0.048002,-0.010714,0.067511,0.00698,0.034123,-0.022458,-0.036478,0.002331,-0.02777,0.030974,-0.074697,0.007858,0.007837,-0.025099,-0.002743,0.012529,-0.075221,0.09007,-0.025412,0.046422,-0.096971
BROADRIDGE FINANCIAL SOLUTNS INC,-0.007957,-0.003198,-0.015303,-0.004462,0.020948,0.010456,0.011568,-0.017709,-0.013853,-0.009564,-0.015893,-0.010528,-0.000826,-0.00243,0.002073,0.004395,0.00865,-0.004237,0.002461,-0.00721,0.011022,-0.014672,0.000103,0.009926,0.017917,0.009203,0.003389,-0.054132,0.013651,0.013623,0.010782,0.010465,0.011257,0.00945,-0.002647,-0.015234,-0.002096,0.019953,-0.01113,-0.005702,-0.021492,-0.010753,0.008139,0.025907,-0.005927,0.002004,-0.010051,-0.001364,0.00172,-0.006009,-0.000914,0.001475,-0.003808,-0.001427,0.012914,0.008045,0.003513,0.004251,0.005229,-0.006688,-0.000349,-0.006037,-0.011094
PULTE GROUP INC,-0.018156,-0.035717,0.012434,-0.015395,0.022049,-0.011173,0.002955,-0.051911,0.010786,0.002803,-0.018938,-0.017741,-0.006644,-0.00179,-0.005002,0.022764,0.04572,-0.004434,-0.008017,0.021911,0.006678,-0.027409,0.00359,0.018154,0.024506,0.008659,-0.00595,-0.009919,0.010364,0.005898,-0.011047,-0.001718,0.050697,-0.027935,0.003455,0.001092,-0.010906,-0.031383,-0.012785,0.013837,-0.009099,-0.006357,0.028701,0.013389,-0.015598,-0.022513,0.02374,-0.009345,-0.025766,0.016676,-0.021605,0.039748,0.000954,-0.011951,0.002805,-0.026833,-0.004049,0.00795,0.009949,-0.023429,9.1e-05,-0.002726,0.003189
SNAP INC,-0.020035,-0.015111,0.006318,-0.011659,-0.001815,0.01,0.010801,-0.031167,0.044118,-0.044894,-0.047005,0.00677,0.04707,0.066973,-0.040413,-0.001792,0.022442,-0.027217,0.028881,0.276316,-0.004124,0.038647,0.053821,0.027743,-0.003067,0.036308,0.017815,-0.023337,-0.01135,-0.032628,-0.015615,-0.008883,0.037772,-0.011721,0.001873,0.023676,-0.048691,0.017914,-0.045883,0.002635,0.00657,-0.010444,0.00066,-0.009888,0.019973,-0.028068,0.020819,0.0,0.025658,-0.025658,0.026992,0.017308,-0.016383,-0.001281,0.016036,-0.002525,-0.025949,0.007797,0.010316,0.066369,0.003591,-0.011926,0.002414
D T E ENERGY CO,-0.012574,0.003251,-0.007471,-0.006349,-0.004199,0.003666,0.003379,-0.029398,-0.004782,0.001131,-0.006871,-0.021986,0.020058,0.011494,0.019628,0.014277,0.0,0.012986,-0.003676,-0.014576,0.011961,-0.004602,0.009155,0.00521,0.007506,-0.002306,0.007556,0.012264,0.013946,-0.007221,-0.001559,-0.004596,0.011413,0.005944,-0.001541,-0.002144,0.007134,-0.018092,-0.026073,0.008031,0.000354,-0.017965,0.01604,0.033526,-0.002489,0.002495,-0.017077,-0.008731,-0.010657,0.00276,0.009766,-0.009759,-0.000799,-0.003554,-0.00321,-0.001715,0.004974,-0.00189,0.017041,-0.024645,0.003908,0.007243,-0.002157
DOLLAR TREE INC,0.020729,-0.008682,-0.004008,-0.033162,0.007477,-0.01905,-0.006941,0.010995,0.011808,-0.038848,0.001358,-0.01037,-0.002499,-0.012283,-0.001636,-0.002786,0.007149,-0.001387,-0.005719,0.000411,-0.024068,-0.004713,0.002622,0.01029,0.007931,-0.004556,0.012398,-0.01726,0.004851,0.007407,-0.00694,-0.010982,-0.000673,0.021044,-0.032894,-0.032649,0.010751,-0.008108,0.007295,0.006719,-0.020369,0.007167,0.008434,0.027529,0.025689,-0.005621,-0.04921,-0.017573,-0.009611,-0.009884,-0.004991,-0.007023,-0.021494,-0.004694,0.02471,-0.012978,0.003171,-0.0066,0.004491,-0.018072,-0.018784,0.01721,0.014828
ENTERGY CORP NEW,-0.008895,0.00506,-0.008264,-0.000766,-0.000863,0.014679,0.005295,-0.016554,-0.006982,-0.008861,-0.006025,-0.016424,0.025644,0.005427,0.029108,0.006369,-0.002513,-0.006718,0.010051,-0.009579,0.006291,-0.004665,0.0135,0.001683,0.008585,0.008697,0.014309,0.002261,0.005865,0.004575,-0.00125,-0.004917,0.01159,0.006928,-0.002999,-0.002035,0.012589,-0.013308,-0.029281,-0.002377,-0.014752,-0.007626,0.010027,0.0437,-0.006312,-0.0017,-0.006363,-0.009289,-0.012563,-0.00378,0.000925,-0.007396,-0.002422,-0.000747,-0.006074,-0.003008,0.002263,-0.004516,0.018146,-0.010025,-0.002344,0.003383,0.002248
FIRST CITIZENS BANCSHARES INC NC,-0.017205,-0.003628,-0.01233,-0.001581,0.009989,0.02363,-0.01629,0.001214,-0.004112,-0.019881,-0.020119,-0.00331,0.011413,0.001232,0.009955,0.03534,-1.9e-05,0.010421,0.098022,-0.025467,-0.0268,-0.012135,-0.006385,0.022381,-0.002043,0.009257,-0.007822,0.011441,0.000577,0.002297,0.003426,-0.002731,-0.009349,0.020589,0.005833,-0.002314,0.007916,0.001536,-0.017942,0.018905,-0.00174,-0.019335,-0.010764,-0.014452,-0.003203,-0.013745,0.011661,0.003813,-0.004028,-0.010635,-0.014574,0.009602,-0.012519,-0.005885,0.011631,-0.006724,0.007776,-0.003837,-0.003153,-0.004315,0.009315,0.018429,0.002471
ZIMMER BIOMET HOLDINGS INC,-0.016897,-0.009865,0.011987,-0.018845,-0.001803,-0.005026,0.021391,-0.012983,-0.001566,-0.023839,-0.003856,-0.015565,-0.006308,-0.016241,0.000838,0.011304,0.006127,-0.00288,-0.011719,-0.00334,0.019774,-0.011749,-0.005986,-0.0092,0.027013,-0.009042,0.007216,-0.004776,0.004882,-0.001071,-0.014179,0.003178,0.008419,0.002066,-0.008661,-0.009403,-0.00042,0.002773,-0.029163,0.004834,-0.000687,-0.01023,-0.00608,0.006204,-0.017629,0.002829,-0.007052,0.006481,-0.000265,-0.004059,-0.032335,-0.016296,-0.004467,0.002057,-0.001493,-0.003177,-0.004124,0.015153,0.005563,-0.002213,0.001201,0.002497,0.001384
STATE STREET CORP,-0.000905,-0.003236,0.004156,-0.017719,-0.001975,0.007784,0.003273,-0.029619,-0.006185,0.025301,-0.011217,-0.025491,-0.002876,0.003159,0.004518,0.015538,-0.001611,-0.001344,-0.013461,0.001364,0.008175,-0.020273,0.008553,0.001231,0.016257,0.009679,0.003195,-0.000398,0.01248,0.004196,-0.005484,0.005252,0.013192,0.000773,0.004895,-0.011024,-0.000907,-0.007654,-0.021964,0.007753,-0.019631,-0.001082,0.005689,0.018047,-0.00344,-0.009027,-0.002143,0.000134,0.00349,-0.005484,-0.043309,0.014199,-0.007485,-0.009637,0.011282,0.009204,0.000415,-0.00221,0.00969,-0.004936,0.003858,0.002608,0.013005
AXON ENTERPRISE INC,-0.004826,-0.006455,-0.00084,-0.007344,0.010006,0.004227,0.000193,0.022457,0.018318,-0.040976,-0.024131,-0.009891,-0.001632,-0.007438,-0.013391,0.000664,0.026413,0.002819,0.012665,0.006498,0.016449,0.001149,-0.006663,0.016626,0.005683,0.028536,-0.045507,-0.002782,-0.008882,-0.018312,-0.010546,-0.012557,-0.008467,-0.011941,-0.005681,0.011219,-0.013971,-0.010696,-0.017131,0.020144,0.008998,-0.013914,-0.008656,-0.000213,-0.011148,-0.008294,0.021396,-0.010563,0.004836,0.017469,0.005641,0.030765,-0.007977,-0.003919,0.016557,-0.012283,-0.001295,-0.006789,0.005324,-0.000239,0.000854,0.018677,-0.013776
FIRSTENERGY CORP,-0.006473,0.002606,-0.008578,0.003409,-0.006794,0.009471,0.002606,-0.016376,-0.005814,-0.005582,-0.000267,-0.015241,0.016834,0.004806,0.01435,0.001048,-0.002355,0.004722,0.00705,-0.011408,0.017047,-0.011346,0.00939,0.010078,0.003837,0.00344,0.01027,0.00305,0.009374,0.00251,-0.006259,0.003779,0.010542,-0.000993,-0.004475,0.0005,0.009236,-0.013109,-0.019048,-0.004343,-0.004619,-0.006703,0.011939,0.032572,-0.002235,0.000996,-0.01915,-0.008621,-0.007161,0.002834,-0.002826,-0.004379,0.000776,0.002327,-0.01367,-0.001831,0.001572,0.001046,0.00601,-0.003117,0.004169,-0.00026,-0.006748
ROBLOX CORP,-0.008905,-0.028541,-0.008705,0.009879,0.027717,0.010577,0.022763,0.018163,-0.013568,-0.022669,-0.044566,-0.000546,-0.007369,-0.022546,-0.005907,-0.010753,0.03833,-0.036639,0.016014,0.01351,0.015274,-0.027352,0.028684,0.020776,0.050884,0.022171,0.010721,-0.037247,-0.2206,0.033859,-0.01558,0.02261,0.042641,-0.007573,0.004274,0.020973,-0.030962,0.017819,-0.035014,0.021896,0.008877,0.004551,0.001208,0.014178,0.02558,0.015081,0.017143,0.001124,-0.000281,-0.017962,0.01429,0.015216,-0.014155,-0.011824,0.022792,0.0,-0.001114,0.008366,-0.026825,0.00682,0.041773,0.008399,-0.000269
P T C INC,-0.00434,-0.008027,-0.006752,-0.012949,0.012736,0.006099,0.003916,-0.027894,0.001924,-0.012125,-0.012274,0.004329,-0.006382,-0.010029,0.003813,0.01236,0.010585,0.000333,-0.003435,0.006171,-0.001713,-0.017932,-0.013977,-0.02492,0.030305,0.013939,0.000898,-0.00028,0.009365,0.0,-0.004889,0.007872,0.01839,0.001958,5.4e-05,-0.001194,-0.007228,0.005967,-0.006313,0.002191,-0.018798,-0.012531,-0.019457,0.013689,-0.012086,-0.015163,0.004141,0.014055,-0.000687,0.006075,-0.005925,0.014098,-0.015201,-0.004418,-0.004726,0.002027,0.017338,0.006703,0.002201,-0.00321,0.00322,0.020608,0.002262
LIVE NATION ENTERTAINMENT INC,-0.014654,0.006333,-0.006484,-0.017178,0.010839,-0.006955,-0.000681,-0.012752,0.013015,-0.016547,-0.012569,-0.075774,-0.004229,-0.023742,0.00357,-0.016785,0.018542,-0.004884,-0.012939,0.015143,0.007904,-0.018003,0.004161,-0.011313,0.072392,0.012888,0.004798,-0.005709,0.012945,-0.000103,-0.014739,0.002511,0.006783,-0.001037,0.002179,0.029403,0.025646,-0.005687,-0.078107,0.026851,-0.01146,-0.009379,-0.007234,0.004501,0.006507,-0.008797,0.000855,-0.014423,-0.018645,-0.008616,0.000334,0.001114,-0.009123,-0.003481,0.01893,0.016698,0.003698,0.007369,-0.038511,0.005147,0.005343,0.005425,0.032265
TYLER TECHNOLOGIES INC,-0.019576,-0.006768,0.002827,-0.000651,0.000989,0.007274,0.011956,-0.02682,0.002452,0.001211,-0.030675,-0.003644,0.009068,0.000273,0.000993,0.019983,0.017088,0.001338,0.093246,0.005829,0.00968,-0.007846,-0.006543,0.012933,0.009775,0.014968,0.01126,-0.000748,0.001705,0.00606,-0.00755,0.007795,0.008848,-0.002392,0.002398,0.009772,0.004171,0.003085,-0.012824,0.001873,-0.026258,-0.007785,0.004165,0.006242,-0.012845,0.010355,0.009873,-0.004981,0.000872,-0.010003,0.010377,-0.007034,-0.008546,-0.00569,-0.009581,0.012049,0.012984,0.021084,0.004968,-0.006774,0.000799,0.010601,0.018165
PURE STORAGE INC,0.001346,-0.007683,0.036198,-0.017187,0.022429,-0.000744,-0.018977,0.007775,0.034814,-0.028369,-0.021149,0.019312,-0.018571,-0.009557,-0.045542,0.021229,0.02554,-0.022201,0.030997,0.013979,-0.009821,-0.038718,-0.005357,0.025933,0.01575,0.032734,-0.014273,0.005077,0.012348,0.005544,-0.00147,0.038285,0.056373,-0.012418,0.005098,0.016399,-0.003493,0.006677,-0.004974,0.017331,0.024079,0.007678,0.003968,-0.046798,-0.008127,0.010702,0.050298,0.008822,0.014054,0.017863,0.006959,0.004958,0.021079,-0.009078,0.001921,0.007963,-0.034967,-0.022438,-0.025745,0.001592,-0.003338,0.039388,-0.014882
L P L FINANCIAL HOLDINGS INC,0.008176,-0.009986,-0.001403,-0.026279,0.015171,0.003842,-0.011826,0.005151,0.014564,-0.008355,0.0072,-0.010989,-0.003845,0.002547,0.010856,0.006474,0.009875,-0.008842,0.003327,0.003391,0.0285,-0.017451,-0.013525,0.014991,0.004899,0.006869,-0.013497,-0.007213,-0.008276,0.014425,-0.004504,0.003665,-0.002384,-0.000859,0.00086,0.007282,0.000854,0.0112,0.006675,0.036103,-0.00545,-0.01043,-0.001858,0.024447,-0.000943,-0.010317,0.006502,-0.016326,-0.000428,0.002856,-0.006124,-0.000537,0.000609,-0.007128,0.014396,0.005726,0.021396,-0.031785,-0.007009,-0.00605,-0.003986,0.005493,0.010455
MARKEL GROUP INC,-0.008347,-0.004189,-0.005458,-0.002824,0.013013,-0.000735,-0.01198,-0.000107,-0.031032,-0.007833,-0.003818,-0.002389,0.003407,0.005334,0.014316,0.010105,0.0056,-0.011685,-0.007802,-0.009945,0.008924,0.006251,0.012301,0.067877,0.002861,0.007191,0.014268,0.000421,0.012829,0.009569,-0.010743,0.006565,-0.004753,0.009283,0.006432,-0.014268,-0.001385,0.006627,-0.019374,0.001337,-0.009047,-0.003374,0.014134,0.012808,-0.006408,-0.01602,-0.001639,-0.001542,0.000994,-0.013569,-0.015598,0.001273,-0.004348,-0.003999,0.006464,0.002928,0.007609,0.001586,0.012105,-0.008134,-0.005985,0.006065,-0.002185
ENTEGRIS INC,0.000569,-0.016356,0.01511,-0.036536,0.02639,-0.013972,0.016288,-0.022208,0.022345,-0.044719,-0.009031,-0.005088,-0.013359,-0.016712,-0.038477,0.015057,0.017172,0.013236,0.005476,0.031586,0.026093,-0.022343,-0.072299,0.026681,0.041074,0.015933,-0.008962,-0.020271,-0.004846,0.016772,-0.020981,0.011103,0.028721,-0.025306,-0.008195,0.025946,-0.017086,0.003216,-0.020304,0.030697,-0.006652,-0.018948,0.009463,-0.029123,-0.002058,0.002379,0.04676,-0.011111,-0.005733,0.018066,-0.008684,0.049284,-0.003049,-0.024976,0.012771,0.015633,-0.031947,0.00165,-0.016773,0.024598,-0.009737,0.009382,0.006841
P P L CORP,-0.00109,-0.000727,-0.007278,0.0,-0.002199,0.005878,0.005479,-0.022158,-0.006686,-0.004114,-0.00751,-0.015891,0.015763,0.00757,0.015026,0.012953,-0.00475,0.004772,-0.002558,-0.010256,0.018875,-0.002543,0.019665,-0.002857,0.006089,0.0,0.009256,0.005996,0.013675,0.007956,0.00103,0.000686,0.013018,0.001353,-0.000675,0.000676,0.007768,-0.011059,-0.024737,-0.003475,-0.003835,-0.013301,0.013125,0.026961,-0.002387,0.002051,-0.01296,-0.008293,-0.010105,0.000264,0.006747,-0.00776,0.0,-0.001777,-0.006054,0.004658,0.000357,-0.003209,0.007511,-0.013135,-0.003597,0.001805,-0.003604
STEEL DYNAMICS INC,0.006949,-0.009112,-0.001149,-0.006904,0.003817,0.003938,-0.007575,-0.014176,-0.002904,-0.02496,0.002418,-0.008512,-0.00601,-0.020586,0.0061,0.002922,-0.02287,-0.031604,0.023938,0.007592,0.007684,-0.036648,-0.003612,0.008793,0.035783,-0.021186,0.00083,-0.014242,0.030729,0.002521,-0.002441,0.001631,0.013771,-0.01446,-0.007558,-0.006347,0.009543,-0.012058,0.006329,-0.001722,0.00705,-0.01899,0.013437,0.002772,-0.009412,-0.040495,-0.000629,0.009358,-0.022049,-0.014739,-0.017304,-0.006171,0.005299,-0.006012,0.048554,-0.012248,0.00544,0.019892,-0.014355,-0.021767,0.009629,0.002164,0.039264
BERKLEY W R CORP,-0.010742,-0.002629,-0.002521,-0.00494,0.007505,-0.004813,-0.035698,0.002269,-0.020732,-0.000487,-0.001826,0.001463,-0.01717,0.003345,0.017535,0.0125,-0.05214,-0.015554,0.000771,-0.016173,0.009524,-0.005298,0.010524,0.015814,-0.005696,0.001909,-0.002033,0.000127,0.002928,0.012057,-0.014171,0.002799,-0.005835,0.002807,0.009161,-0.00807,0.007118,0.010854,-0.015483,0.00558,-0.009081,-0.007891,0.019885,0.019245,-0.011848,0.003372,-0.006224,-0.002881,0.007411,-0.005362,-0.016422,-0.003696,0.001279,-0.001533,0.02009,0.005645,0.010727,-0.006664,0.012051,0.000866,-0.019775,0.000883,-0.010078
EVERSOURCE ENERGY,-0.01489,0.006624,-0.014172,0.008386,-0.006959,0.016408,0.008239,-0.014843,0.001354,-0.006086,-0.009355,-0.017857,0.022902,0.008204,0.011866,0.01022,0.000829,0.008119,-0.00526,-0.017515,0.016818,0.002646,0.016496,-0.014119,-0.012181,-0.004999,0.024452,-0.002125,0.011796,0.002591,-0.010336,-0.006201,0.005665,0.015364,-0.008135,-0.002953,0.007239,-0.023032,-0.038121,0.0,-0.012689,-0.000528,0.014092,0.028835,0.007598,0.019102,-0.021375,-0.011593,-0.00425,0.007852,0.000847,-0.002539,-0.003902,0.00511,-0.023047,0.006071,-0.000172,-0.013968,0.014341,-0.01569,-0.002102,0.003862,-0.008393
BOOZ ALLEN HAMILTON HOLDING CORP,0.004177,-0.014826,0.006061,-0.009408,0.00328,0.003337,-0.02593,-0.005505,0.010441,-0.000763,-0.0127,-0.000703,-0.013365,-0.005347,0.018852,0.006121,0.020628,-0.010756,0.006095,-0.000964,0.016881,0.00061,-0.002302,-0.004276,0.003749,0.038234,-0.009681,-0.00218,0.021646,0.011144,-0.027169,-0.01818,0.01268,0.0106,-0.001704,0.011097,0.001104,-0.004476,-0.007168,0.040365,-0.024667,-0.001035,-0.017547,0.003164,-0.011169,0.009102,0.01014,-0.007431,-0.003546,0.000659,-0.007508,0.008096,-0.006582,6.6e-05,0.016487,0.006279,0.003835,0.00259,0.015305,0.001081,-0.00737,0.000128,-0.01504
COTERRA ENERGY INC,0.004663,0.010353,0.002474,-0.000352,-0.00141,-0.010593,-0.004996,0.01076,-0.012065,-0.007184,-0.016281,0.0,0.001103,0.0,0.019471,0.006847,0.0068,0.011731,-0.001054,-0.004924,0.003535,-0.03628,-0.016447,0.00929,0.037923,0.005676,-0.009524,-0.000356,0.014963,-0.014391,-0.003917,0.006793,-0.004972,0.007192,0.006426,0.008514,-0.020753,-0.012572,-0.015278,0.002216,0.01585,-0.003991,0.011293,0.027378,-0.0277,-0.009016,0.002911,0.003628,-0.002892,0.019579,0.006046,-0.015553,-0.025494,-0.015107,-0.002245,0.000375,0.007871,-0.010041,0.038693,0.0,-0.018083,-0.01105,-0.006704
CENTERPOINT ENERGY INC,-0.002457,0.000704,-0.010197,-0.001776,-0.001779,0.006061,0.002126,-0.032178,0.007673,-0.004351,-0.002185,-0.006569,0.017634,0.009025,0.020751,0.008763,-0.001737,0.011834,0.009288,-0.016701,0.012825,-0.002738,0.006177,0.002729,0.001701,-0.004414,0.00955,-0.00473,0.011202,-0.003021,-0.001347,0.000674,0.009434,0.006048,0.004676,-0.002992,0.014005,-0.011509,-0.023619,0.005451,0.001017,-0.005416,0.012253,0.025891,0.007866,0.002927,-0.013294,-0.005915,-0.002645,0.008618,0.012816,0.005516,-0.002904,-0.001618,-0.005186,0.010101,0.009032,-0.008951,0.01,-0.029384,0.00362,0.010164,0.005518
LEIDOS HOLDINGS INC,-0.005111,-0.011271,0.000465,-0.002325,-0.000388,0.004508,-0.016558,-0.006924,0.003328,-0.007186,-0.006761,-0.001922,-0.002246,-0.004825,0.009292,0.008966,0.021027,0.00171,0.007603,0.003696,0.009666,0.06534,0.014049,0.003305,-0.00694,0.006706,0.001613,0.018551,0.009141,0.004427,-0.009425,0.003491,0.004434,0.002105,0.007522,0.005179,0.005621,-0.002396,-0.001,0.009214,-0.023619,-0.012603,-0.00302,0.012183,-0.010405,-0.006872,0.007957,-0.009817,0.004229,-0.000898,-0.006495,0.005564,-0.002974,-0.000486,0.001113,6.9e-05,0.014875,0.003835,0.013577,-0.001817,-0.012813,0.005397,-0.008833
KELLANOVA,-0.004015,0.01069,-0.018727,0.017494,-0.002258,0.000522,-0.006263,-0.001926,-0.014734,-0.013352,-0.000361,0.001986,0.010088,0.008382,0.014857,0.010457,0.00276,0.010492,-0.005106,-0.012318,0.008315,-0.006013,-0.015209,0.075465,-0.012565,-0.007767,0.026649,0.011194,-0.011712,0.004221,0.010184,0.00112,-0.011669,0.005014,-0.009334,0.008447,0.002738,-0.009799,-0.005029,-0.004729,-0.025229,0.001681,-0.004362,0.016852,0.001823,0.009851,-0.011243,0.00485,-0.007655,-0.009056,0.010493,-0.01591,-0.000511,-0.020603,0.010431,0.0117,-0.018367,-0.004158,0.01357,-0.003261,-0.011882,0.005228,0.0
GODADDY INC,0.020475,0.009248,0.013745,0.000161,0.016219,0.006829,-0.007098,-0.005481,0.011181,-0.026143,-0.015247,0.015072,-0.007221,-0.008254,-0.010136,0.010739,0.016391,0.003485,0.002503,0.007008,0.0,-0.021038,-0.000735,0.016682,-0.00555,0.038014,0.023453,0.000914,0.003499,0.015084,-0.002613,-0.005615,0.02733,-0.010553,0.005111,0.016655,0.006596,0.002952,-0.005169,0.011403,-0.011774,0.006282,-0.008252,0.010274,0.004727,-0.010621,0.00598,-0.006947,0.005048,0.019231,-0.013658,-0.01449,0.000797,-0.004704,0.003708,-0.007244,0.006349,-0.001813,0.005448,0.020013,-0.009633,0.003004,-0.003779
HUBBELL INC,0.004216,-0.003023,0.021322,-0.027898,0.010956,-0.003213,-0.015803,-0.005523,-0.001671,-0.011053,0.002116,-0.015674,-0.0134,0.003351,-0.010834,0.00652,0.01905,0.001382,0.009334,0.013076,-0.000834,-0.090056,0.007503,-0.000964,0.018636,0.021348,0.013041,0.008421,0.032394,-0.004741,-0.012891,-0.002438,0.009201,-0.033109,0.003603,0.012808,0.015662,-0.007079,-0.001321,0.030928,-0.037143,-0.021073,0.003596,-0.001459,-0.008074,-0.036241,0.026495,-0.041088,0.002022,0.006354,-0.003523,0.042914,0.003964,-0.026675,0.018386,0.01601,-0.019781,-0.007051,0.00575,-0.004005,-0.016586,-0.005191,-0.011789
CARLISLE COMPANIES,0.005257,-0.006905,0.012117,-0.013942,0.022003,0.003759,-0.020849,-0.023588,-0.013737,-0.011916,-5.4e-05,0.003002,-0.014429,-0.003877,0.0,0.007839,0.024413,-0.010624,0.017932,0.048504,-0.008888,-0.02204,-0.007907,0.025676,0.008606,0.017567,0.000197,0.007249,0.022326,-0.002347,-0.004656,0.0102,0.005801,-0.014952,0.008264,0.005244,0.016626,-0.007685,-0.000756,0.011153,-0.01519,-0.016326,0.006344,0.002685,-0.031007,-0.006489,0.011249,0.000688,0.003313,0.000318,-9.8e-05,0.016262,-0.004812,-0.020044,0.024352,0.01674,-0.00507,-0.006572,0.022075,-0.025819,-0.007198,-0.00291,-0.014639
GENUINE PARTS CO,-0.004195,-0.003176,-0.004357,-0.027887,0.007659,0.0028,0.000532,-0.014685,-0.014635,-0.004996,-0.004334,-0.001382,-0.003321,0.112168,0.013481,0.004311,0.001778,-0.009671,-0.004512,-0.007078,0.009004,-0.025779,-0.002799,-0.00287,0.006973,-0.004574,-0.011296,-0.003679,0.006414,-0.000451,0.014555,-0.012379,-0.003664,-0.005871,-0.007852,-0.006279,-0.002764,-0.012672,-0.026339,-0.002952,-0.023757,-0.017846,0.010342,0.024595,-0.000208,0.00458,-0.012295,0.011329,0.010926,-0.018734,-0.003018,0.00528,-0.013166,-0.029877,0.023409,-0.004003,0.014928,7.1e-05,0.004384,-0.020767,-0.007405,-0.004853,0.006696
HUNTINGTON BANCSHARES INC,-0.015771,-0.009468,0.000735,-0.006613,0.005917,0.030147,0.002141,-0.032764,-0.006627,-0.013343,-0.003757,-0.016591,0.008436,0.002281,0.007587,0.018825,0.007391,0.009538,-0.013081,-0.002209,0.001476,-0.007369,0.013363,0.001465,0.00951,0.008696,-0.005029,0.01444,-0.002135,0.002853,-0.007112,0.008596,0.012784,-0.006311,0.002823,-0.014075,0.009993,-0.016254,-0.024425,0.011782,-0.005822,-0.013909,0.014105,0.019034,-0.01796,-0.013899,-0.003709,-0.003723,0.001495,-0.061194,-0.018283,0.007287,-0.008039,0.002431,0.014147,0.00565,0.004815,0.008786,0.027712,-0.01772,-0.003137,0.005507,0.031299
LENNOX INTERNATIONAL INC,-0.009412,-0.012475,0.006672,-0.03183,0.03058,0.009412,-0.006457,-0.030085,-0.004667,0.013335,-0.019484,-0.002143,-0.006811,0.001725,-0.003249,0.004681,0.037819,-0.018483,0.016351,0.003386,0.000419,-0.029101,-0.017846,0.001406,0.00645,0.024829,0.002297,0.020076,0.016727,0.011889,-0.018261,0.02342,0.013022,-0.02416,-0.002647,0.002164,0.00495,0.010317,-0.013281,0.023586,-0.000973,-0.032052,0.014893,0.017285,-0.012515,-0.018376,0.025452,-0.016093,0.011148,0.019979,-0.003176,0.055031,0.012829,-0.011111,0.013895,0.016623,-0.012481,-0.001012,0.007956,-0.019002,-0.004935,0.01576,-0.012088
AMEREN CORP,-0.009735,0.007646,-0.008808,-0.003554,-0.002469,0.008665,0.008863,-0.023111,-0.003182,-0.004025,-0.002508,-0.017323,0.022605,0.008063,0.018894,0.006768,-0.00484,0.009322,0.000669,-0.014714,0.009367,-0.006456,0.008393,0.010203,-0.015415,-0.002564,0.006225,-0.001748,0.007275,-0.004948,0.000941,0.005506,0.00601,-0.005708,-0.002136,-0.004549,0.00215,-0.01824,-0.023224,-0.002238,-0.001542,-0.015864,0.020114,0.02601,0.005452,-0.000813,-0.018179,-0.003731,-0.014286,0.00605,-0.00042,-0.009235,-0.001996,0.001714,0.003993,-0.002983,0.012395,-0.011399,0.012811,-0.014055,-0.000285,0.01155,0.002396
SYNCHRONY FINANCIAL,-0.031772,-0.017964,0.005122,-0.000485,0.002185,0.029797,-0.004234,-0.021025,-0.00362,-0.021313,0.001485,-0.01359,-0.006012,0.028226,0.018873,0.013952,0.016845,0.050397,-0.007996,0.000224,0.000672,-0.016107,-0.000455,0.029345,0.01326,0.014035,-0.020978,0.007511,0.010743,-0.008026,-0.017931,0.006012,-0.023019,-0.014952,0.01058,0.005234,0.014263,-0.028125,-0.015618,0.010966,-0.002539,-0.019436,0.014394,0.018842,-0.005479,-0.023875,0.006585,0.006075,0.014863,0.014645,-0.042174,0.027784,-0.018328,-0.027071,0.033581,0.012532,0.029796,-0.010238,0.023611,-0.007909,-0.0062,-0.014483,0.066923
CORPAY INC,-0.008556,0.014613,0.018591,-0.035775,0.004494,0.002155,-0.007397,-0.002626,0.006353,-0.019004,-0.01207,0.008235,-0.008235,-0.002126,-0.004566,0.022461,0.018976,0.002642,-0.017371,0.005694,0.004246,-0.009669,-0.019494,0.00908,0.001171,0.01106,0.007006,-0.000722,-0.069885,0.000777,0.014359,-0.014643,-0.014966,0.013617,-0.011773,-0.002111,-0.020901,-0.001245,-0.010338,-0.007483,-0.017803,0.00323,0.009166,0.004654,-0.034819,-0.001664,0.001939,0.011919,-0.009522,0.000695,-0.009916,-0.011496,-0.006583,-0.009286,0.009773,0.001388,0.039612,0.017908,0.009433,0.00241,7.4e-05,-0.004069,-0.010511
BALL CORP,0.007126,-0.006191,-0.010086,-0.011238,0.007274,0.002106,0.01126,-0.008759,-0.00629,-0.012509,-0.013736,-0.013154,0.002666,0.006412,0.009324,0.00739,0.00107,-0.004733,0.003988,0.066463,0.013181,-0.016261,-0.018543,-0.004247,0.008825,0.00452,0.004499,0.009825,-0.004006,-0.006465,0.00159,0.010972,0.00714,-0.004395,-0.001567,-0.000285,0.003139,-0.002702,-0.022248,0.004667,-0.020616,-0.013638,0.031861,0.011215,0.006193,-0.008039,0.01288,-0.002858,-0.018914,-0.001022,-0.007895,-0.01061,-0.013703,-0.003171,0.006514,-0.062914,-0.029393,0.003806,0.015167,-0.002923,-0.012052,0.006924,-0.017354
WESTLAKE CORP,0.009555,-0.005056,0.023195,0.000637,0.021191,-0.014458,0.024723,-0.028199,-0.012572,-0.013182,-0.001238,-0.020226,-0.010521,0.002356,0.01222,-0.007164,-0.002138,0.003615,-0.010207,0.007953,0.009696,-0.024106,0.012351,0.002212,0.018327,0.006897,0.020548,-0.009652,0.015296,0.00534,-0.011887,0.005887,-0.006425,-0.007171,0.017864,0.018374,0.002184,-0.0208,-0.003434,0.01187,0.002523,-0.014155,0.017676,0.006772,-0.024352,-0.015448,0.014783,-0.014248,-0.008232,-0.017777,0.011844,0.005195,0.002355,-0.022125,0.003604,0.004456,-0.006157,-0.014256,0.016828,-0.027117,0.001503,-0.004093,-0.008082
DRAFTKINGS INC,-0.01035,-0.005118,0.001118,0.013628,0.040335,-0.035805,0.000659,-0.012297,0.010227,-0.026849,-0.011307,0.027905,-0.060748,-0.013504,-0.023055,-0.003196,0.016276,-0.008736,0.005875,0.049647,-0.008115,-0.028518,0.006256,0.028934,-0.02812,0.053802,-0.017472,-0.011316,0.028498,-0.017261,-0.001387,0.021291,0.045774,-0.025569,-0.0169,0.011536,-0.029964,-0.034117,-0.031026,0.005172,-0.102916,-0.017755,-0.003893,-0.019263,0.011102,0.0,0.032095,0.02455,-0.017838,0.031445,0.004993,0.016998,0.002314,-0.001796,0.078129,0.030989,-0.00578,-0.023488,-0.047154,-0.050237,-0.008684,-0.014866,0.028564
CINCINNATI FINANCIAL CORP,-0.016107,-0.004256,-0.002959,-0.008327,0.010309,0.003127,-0.016571,0.008008,-0.01382,-0.004615,-0.015343,0.002312,-0.015119,0.019254,0.020677,0.00842,-0.001075,-0.007531,-0.012342,-0.06383,0.02408,0.018846,0.013917,-0.009719,0.006715,0.003763,-0.001533,0.002048,0.007408,0.004733,-0.004543,-0.001014,-0.007783,0.010487,0.012994,-0.017575,0.005426,0.001939,-0.014392,0.004867,-0.016485,-0.009331,0.013431,0.011876,-0.010461,-0.012978,-0.001916,0.00253,0.009225,-0.006122,-0.011799,-0.001844,-0.000264,-0.01223,0.013717,0.005887,0.01522,-0.001646,0.012152,-0.006775,-0.007598,0.015138,0.01217
ULTA BEAUTY INC,0.011724,-0.017637,-0.153364,0.019683,-0.008671,0.018055,0.004461,-0.008465,-0.006741,-0.01248,-0.020528,-0.020935,0.000896,0.001319,-0.027311,0.010834,0.003086,-0.020798,-0.006187,-0.00397,0.008982,-0.012682,-0.006743,-0.011887,0.000151,-0.006316,-0.003064,-0.013184,0.021082,0.012403,0.005902,-0.005644,0.004307,-0.005875,-0.00369,-0.032686,-0.012083,-0.009166,-0.005789,0.014994,-0.001703,-0.007478,0.019298,0.024664,-0.013111,-0.001282,-0.005778,-0.005889,-0.005898,-0.000287,0.013569,0.006268,0.016072,-0.014052,-0.004273,-0.016857,-0.010952,0.014403,0.015292,-0.003926,-0.000799,-0.004976,-0.000207
TELEDYNE TECHNOLOGIES,-0.010226,-0.005789,-0.003645,-0.009693,2.4e-05,-0.005493,0.003594,-0.03264,0.002932,-0.012833,0.003789,0.002525,-0.00182,-0.000325,0.003049,0.006777,0.007375,-0.109468,0.039945,-0.006207,0.022021,-0.003683,0.004063,0.00671,-0.000674,0.013235,0.006634,-0.003333,0.002298,0.002216,-0.006785,0.013254,0.01899,-0.003122,0.010366,0.002756,0.000859,0.003236,-0.020136,0.003766,-0.018733,-0.022813,0.020107,0.008255,-0.008414,0.004548,-0.001012,-0.005063,-0.010026,5.1e-05,-0.002442,0.023343,-0.007452,-0.011744,-0.005108,-0.003199,0.00044,0.005329,0.006768,-0.015515,-0.002285,0.005543,0.004063
REGIONS FINANCIAL CORP NEW,-0.022814,-0.009728,-0.006385,-0.008403,0.004487,0.012407,0.014216,-0.048816,-0.01372,-0.011334,0.001563,-0.021332,0.002658,0.007423,-0.005263,0.014815,0.008863,0.021705,-0.008093,0.00051,0.002548,-0.020336,0.015568,0.003577,0.008147,0.001515,-0.009077,0.00458,0.002026,0.002528,0.005043,0.00853,0.00796,-0.007897,0.00398,-0.014866,0.000503,-0.020613,-0.028747,0.010571,-0.003138,-0.022036,0.019313,0.018421,-0.009819,-0.013742,0.003751,-0.004805,-0.002146,-0.022043,0.0,0.027488,0.00321,-0.005333,0.013405,0.004233,-0.003688,0.001058,0.020074,-0.015018,-0.007361,0.016949,0.04375
MONGODB INC,-0.00711,-0.023224,-0.023,0.011536,0.055507,0.001378,-0.006551,-0.026764,0.013551,-0.011179,-0.01389,0.007575,-0.020154,-0.021007,-0.02408,0.038752,0.076876,0.008135,-0.008557,0.048262,-0.030902,-0.018175,0.022318,-0.027215,-0.000881,0.007772,-0.028332,-0.005938,0.004219,-0.00344,0.016324,8.4e-05,0.047931,-0.017398,0.002379,-0.007578,-0.007473,-0.010896,-0.016884,-0.015316,-0.039687,-0.005568,-0.071829,-0.238516,-0.006142,-0.010486,0.004695,-0.014406,-0.012441,-0.010572,-0.003651,0.024352,-0.048288,0.040425,-0.01467,-0.02155,0.007311,0.032207,0.027994,-0.03125,0.061383,0.015092,0.023797
WARNER BROS DISCOVERY INC,0.006873,-0.035267,0.029481,-0.033219,-0.014218,0.024039,0.019953,-0.042578,0.026442,-0.023419,0.002398,-0.026316,0.011056,0.009721,0.01083,0.008333,-0.003542,-0.007109,-0.01074,-0.021713,0.004932,-0.096933,0.035326,0.043307,0.002516,-0.001255,-0.023869,0.003861,0.030769,0.013682,0.028221,0.02148,-0.042056,0.003659,-0.021871,0.004969,-0.024722,0.021546,-0.044665,0.003247,0.01877,-0.026684,0.05483,0.019802,0.010922,-0.010804,0.007282,0.004819,-0.008393,-0.018138,-0.009852,-0.028607,-0.066581,-0.006859,-0.01105,-0.023743,0.007153,0.019886,0.018106,-0.009576,0.001381,0.013793,0.012245
PRINCIPAL FINANCIAL GROUP INC,-0.003476,-0.00779,0.005039,-0.013641,-0.001064,0.001302,-0.02139,-0.018597,-0.012551,-0.005358,-0.01115,-0.008615,0.002939,0.006116,0.018744,0.011313,0.001967,0.007975,-0.013389,-0.023933,0.016557,-0.016039,0.008971,0.00789,0.009071,0.017732,-0.002299,0.006306,0.006146,0.005629,-0.000476,0.003217,0.007008,-0.005898,0.010085,-0.018677,-0.000599,-0.002515,-0.022334,0.009826,-0.013379,-0.009246,0.010825,0.009847,-0.007192,-0.012138,-0.001379,-0.00339,-0.001386,-0.000631,-0.019313,0.007337,-0.011372,-0.009177,0.015784,0.006549,0.023858,-0.002991,0.010249,-0.008908,-0.005867,-0.00226,-0.012711
BEST BUY COMPANY INC,-0.004754,-0.018006,-0.010727,-0.003909,0.007722,0.006657,0.030072,-0.032223,0.001502,-0.025122,-0.021923,-0.014681,0.014101,-0.003017,0.001974,-0.013526,-0.001065,-0.008129,0.010883,-0.002525,-0.000666,-0.018133,-0.021863,0.005692,0.028023,-0.00094,-0.018011,0.002327,0.0127,0.000135,0.007146,-0.004685,-0.013584,0.004091,-0.003938,0.007635,-0.016777,-0.029861,-0.012341,0.026856,0.014685,-0.008959,0.134214,0.040098,0.024994,0.010467,0.012408,-0.00877,-0.002722,-0.008758,-0.000459,-0.00838,0.015629,-0.005927,0.04644,0.02597,-0.003418,-0.021327,-0.011836,-0.031457,-0.026121,0.000712,-0.000356
WILLIAMS SONOMA INC,-0.008188,-0.014702,-0.004254,-0.008415,0.00989,-0.003749,0.002401,-0.050973,0.004195,-0.019085,-0.001108,-0.020726,-0.001345,-0.005351,-0.001181,0.003653,0.017308,0.001543,-0.013415,0.001704,0.015027,0.001327,-0.011054,0.030429,0.042636,0.011782,-0.021636,0.010941,0.044372,-0.007882,-0.001013,0.004848,0.009743,-0.022421,-0.011372,0.022876,-0.006949,-0.109581,0.01654,0.011421,-0.012126,-0.00619,0.02042,0.01696,0.01521,-0.050155,0.054111,-0.005167,-0.013457,0.01511,0.008116,0.038918,0.033215,-0.061339,0.01167,0.048207,-0.049742,-0.001908,0.013812,-0.04253,0.007539,-0.031649,-0.01716
DARDEN RESTAURANTS INC,0.000539,-0.019493,-0.006098,-0.027427,-0.013627,0.01017,0.010637,-0.015223,-0.005709,-0.012644,0.006599,0.000519,-0.00759,-0.004445,0.001379,0.013443,0.008735,0.004554,-0.000447,-0.002811,-0.003908,-0.013377,-0.014732,-0.021766,0.009401,-0.011859,-0.003051,0.006461,-0.007163,0.009053,0.005464,-0.000805,0.019068,-0.002372,0.017039,-0.013117,-0.015068,-0.006547,-0.007061,-0.000406,0.004878,-0.015777,0.01418,0.015805,0.004987,-0.0088,0.00534,-0.00332,-0.010459,-0.00579,-0.007245,0.003956,0.00197,0.008815,0.032262,-0.010548,0.015333,-0.006546,0.005545,-0.006748,-0.006271,-6.6e-05,-0.005259
ALIGN TECHNOLOGY INC,-0.02522,-0.023713,-0.006281,0.015608,0.00835,0.007809,0.031838,-0.007358,-0.008907,-0.030563,-0.032479,0.001181,-0.016257,0.003998,-0.007832,0.006154,0.036766,0.006092,-0.010453,-0.004767,-0.013591,-0.073617,0.007578,0.0071,0.004642,-0.001737,-0.002958,-0.044918,0.02463,-0.030993,0.003828,0.019579,0.008055,-0.024115,-0.00753,-0.014954,-0.012788,-0.010984,-0.033433,0.012798,-0.007237,-0.00398,0.014797,0.002768,-0.01042,-0.02208,0.028524,0.005664,-0.007457,0.000626,-0.009464,0.050734,0.019351,-0.056289,-0.040975,-0.013522,0.001693,-0.001731,-0.021099,-0.007803,0.035625,-0.002504,-0.006461
DOMINOS PIZZA INC,-0.005957,0.006762,0.017295,-0.045467,0.021414,0.017802,-0.007032,0.016812,-0.004558,-0.018255,-0.014718,-0.002807,-0.009452,-0.000809,-0.016838,-0.004794,0.020964,0.013613,0.014476,0.008691,0.056225,0.00406,-0.024279,-0.007203,0.003179,0.015651,-0.009859,-0.001083,0.001142,0.002687,-0.016215,0.000921,0.013648,-0.008461,-0.000526,0.005945,-0.004573,-0.003504,-0.019124,6e-05,0.01378,0.001827,-0.001784,-0.001021,0.028314,-0.003824,-0.007448,-0.006594,-0.000273,0.025314,0.002659,0.006535,-0.004987,-0.011026,0.020617,0.002781,-0.016191,-0.006038,0.02221,-0.010405,-0.016102,-0.006508,0.000659
MCCORMICK & CO INC,-0.002474,0.021535,-0.025808,0.002098,-0.006805,0.00212,0.0,-0.011239,-0.018187,-0.02261,0.00209,-0.00153,0.006546,0.00595,0.016781,0.010417,0.004418,0.011064,-0.003823,0.00225,0.007395,-0.003015,-0.019853,0.007914,0.004126,0.004109,0.005544,-0.008139,-0.002912,0.010751,-0.005384,-0.015052,0.000402,-0.00201,-0.00631,0.003513,-0.003635,-0.004865,-0.020234,0.000832,-0.012464,-0.015846,0.007695,0.02121,-0.004431,-0.042142,-0.008131,0.013322,-0.009246,-0.006853,0.016004,-0.002023,-0.016507,-0.001914,0.02493,-0.012234,-0.00102,0.00175,0.007571,-0.009538,-0.012693,0.043298,0.004816
C M S ENERGY CORP,-0.005966,0.003501,-0.014454,-0.000843,-0.010461,0.007502,0.002539,-0.018569,-0.004472,-0.003801,-0.000867,-0.012498,0.023906,0.003948,0.018297,0.007557,-0.000833,0.005505,0.003318,-0.018849,0.014493,0.006811,0.003795,0.007068,0.004733,0.000812,0.009901,0.008357,0.00781,-0.004745,-0.000318,-7.9e-05,0.009617,0.00254,0.001425,-0.007748,-0.002231,-0.012298,-0.015686,0.0092,-0.003093,-0.012737,0.01439,0.026088,-0.004608,0.003831,-0.014313,-0.010003,-0.011897,-0.002144,-0.001818,-0.009604,-0.001003,-0.001674,-0.006203,-0.005736,0.009162,0.001177,0.020487,-0.026658,0.007777,0.005871,-0.007171
COREBRIDGE FINANCIAL INC,-0.014619,0.000706,0.021885,-0.029361,0.020641,-0.012901,-0.038856,0.005513,-0.002558,-0.018688,-0.004481,0.005626,-0.016412,0.006826,0.016196,0.003706,0.009232,-0.00622,-0.017673,0.002624,0.005607,-0.012639,0.00753,0.050822,0.019915,0.018828,0.028063,0.025965,-0.018495,-0.023141,-0.018274,0.032058,0.007348,0.077918,-0.037219,-0.018211,0.009112,0.002902,-0.024437,0.009229,-0.02482,-0.013061,0.005769,-0.015857,0.00857,-0.019035,0.023562,-0.020989,-0.000692,0.013495,-0.012974,0.004497,-0.001033,-0.014823,0.015873,0.0125,0.018519,-0.001347,-0.003709,-0.007445,-0.00716,-0.000343,0.000344
EXPEDITORS INTERNATIONAL WA INC,-0.020564,-0.012346,0.00085,-0.013169,0.010331,0.00801,0.02291,-0.022149,0.003719,-0.009347,-0.00799,-0.008911,-0.011498,0.003673,-0.001307,-0.004537,-0.00894,-0.001769,0.002481,0.001326,0.004325,-0.021795,0.006109,0.017144,0.009218,0.005915,-0.006399,0.016797,0.001712,0.011108,-0.006085,-0.000765,0.002468,-0.001443,0.00221,0.004326,-0.005827,-0.004417,-0.004351,0.010884,0.00958,-0.010664,0.02037,0.005656,0.008602,0.009323,0.032369,-0.006176,-0.000398,0.01068,-0.018926,0.007073,-0.007981,-0.007241,0.002756,0.006466,0.013812,0.001347,0.00443,-0.002993,0.005213,-0.00998,-0.009525
AVERY DENNISON CORP,0.001433,-0.014313,0.003494,-0.018088,0.004467,0.000413,0.00605,-0.018222,-0.002413,-0.017535,0.000237,-0.000899,-0.01028,0.002058,0.010604,0.000945,-0.002078,0.005158,0.022314,0.008611,-0.002922,-0.005083,0.002531,0.007712,0.009293,0.002663,0.007923,0.00536,0.011284,-0.008918,-0.002393,0.002977,0.001639,-0.006767,0.007659,-0.001105,0.01367,0.000349,-0.009554,8.8e-05,-0.009469,-0.013117,0.006893,0.018391,-0.001933,0.001409,0.005847,-0.004388,-0.002776,-0.00685,0.00218,0.013231,0.000657,-0.008014,0.008211,-0.005911,-0.004581,0.004159,0.011369,-0.016556,-0.007354,-0.002946,-0.021262
ATMOS ENERGY CORP,-0.008581,-0.000679,-0.006793,-0.007181,0.000861,0.00086,0.002665,-0.013375,-0.006083,-0.00341,-0.008159,-0.006457,0.019852,8.7e-05,0.022955,0.007509,-0.003472,0.008413,-0.004129,-0.010493,0.014624,-0.006237,0.006446,0.003287,0.002268,0.001089,0.007451,0.002077,-0.007463,-0.020971,-0.007254,0.007909,0.004776,0.006366,0.000675,-0.003034,0.00186,-0.011055,-0.027306,-0.005044,-0.005062,-0.006248,0.011227,0.029576,-0.003537,0.00329,-0.007593,0.003826,-0.005803,0.006099,0.002338,0.003715,-8.6e-05,-0.000172,0.001205,0.006105,0.001538,-0.007595,0.014877,-0.012625,-0.003604,0.00379,0.000858
OMNICOM GROUP INC,-0.00186,-0.01315,-0.005246,-0.017614,-0.005583,0.004967,0.009239,-0.023206,0.008936,-0.021495,-0.000441,0.004528,0.016381,-0.010276,0.012241,0.012416,0.004799,0.01868,0.007606,-0.008479,0.0,-0.031807,0.008725,-0.010892,0.001296,0.004744,0.016203,0.003907,0.006522,0.001359,0.005009,0.002908,0.011183,-0.010342,-0.00538,0.000832,-0.012889,0.003054,-0.010918,0.009446,-0.019977,-0.022422,-0.00439,0.024691,-0.027969,0.009517,0.000987,-0.003833,0.001429,-0.004721,-0.003446,-0.005354,0.002467,-0.010963,0.018889,0.011989,-0.015467,0.008022,0.002874,-0.01025,-0.012361,0.003383,0.007978
JACOBS SOLUTIONS INC,-0.016262,-0.010051,0.001069,-0.004871,-0.00818,-0.012169,0.004106,-0.016221,0.010739,-0.0085,-0.004632,0.006945,-0.013864,0.003707,0.0023,0.001947,0.003608,-0.004494,0.001389,0.005063,0.006487,-0.015907,-0.002369,0.012152,0.021873,0.006617,-0.049906,-0.022098,0.009241,-0.003934,-0.006607,-0.003253,-0.00116,0.00029,-0.00951,0.003298,0.01388,-0.006629,0.006818,0.014294,-0.021281,-0.024653,0.024232,0.014341,-0.00976,0.004638,-0.002308,0.0,0.005495,0.006904,-0.003785,0.002366,-0.004506,-0.007113,0.018379,0.001847,0.001348,-0.001629,0.008016,-0.015202,-0.006146,0.002732,0.001865
VERISIGN INC,-0.000897,0.010986,-0.012799,-0.010266,0.004224,-0.003461,0.013464,-0.007275,0.007806,-0.022921,-0.012026,-0.003111,-0.005804,0.007655,0.00634,0.003367,0.002057,0.002323,-0.015468,-0.039413,-0.002108,-0.032151,0.009441,-0.016016,-0.000119,0.003505,0.003848,-0.005898,0.007297,0.008481,-0.000818,-0.007949,-0.002828,0.010103,-0.001228,0.010952,0.009269,0.004879,-0.017536,-0.004826,-0.000701,-0.001403,-0.007201,0.027951,0.003499,0.022066,0.01113,-0.002655,0.000887,-0.001829,0.010326,-0.010605,-0.001999,0.003395,-0.011203,-0.000505,0.015095,0.004423,-0.009302,-0.011556,0.006632,-0.004858,-0.002413
MOLINA HEALTHCARE INC,-0.016138,-0.057595,-0.006353,-0.008454,0.003917,0.012713,-0.004167,-0.007422,-0.000981,-0.000557,-0.041745,-0.009588,0.006883,0.003029,0.01823,-0.015373,0.003731,0.011536,-0.041126,-0.028584,0.004851,-0.005205,-0.009442,0.002007,0.000383,0.010392,0.019259,-0.015465,0.016318,0.013056,-0.006345,-0.006755,-0.011801,-0.002429,0.007594,-0.010874,-0.004421,0.008997,-0.012739,-0.026012,-0.024207,-0.028048,-0.028444,0.027905,-0.013288,-0.008666,-0.003965,0.022546,-0.012253,-0.005104,0.013962,-0.023825,0.010891,-0.003634,0.003387,-0.007044,0.00608,-0.001007,0.004944,-0.014791,-0.000559,-0.004635,-0.018261
COOPER COMPANIES INC,-0.021881,-0.01189,0.009178,0.002021,-0.005647,0.000304,0.00294,-0.024464,-0.003938,-0.02705,-0.015825,-0.016406,-0.007401,0.006121,0.000111,-0.004203,0.018214,-0.016143,-0.002993,-0.012121,0.011819,-0.009234,0.006737,0.001004,0.009916,0.019418,0.011039,-0.015307,0.029351,0.000739,-0.020367,0.033718,0.020217,0.0,-0.006027,-0.001028,-0.004629,-0.001654,-0.02236,0.004765,-0.033829,-0.006217,-0.009659,0.045218,0.004347,-0.001689,-0.00349,0.010825,-0.009134,0.007417,-0.013778,0.011091,-0.006434,-0.007749,-0.010806,-0.008652,0.000764,-0.002398,-0.018577,-0.006681,-0.014012,-0.003865,-0.003652
ROBINHOOD MARKETS INC,-0.035768,-0.010819,0.000521,-0.039563,-0.00271,0.008696,-0.014009,0.002186,0.035987,-0.054211,-0.043406,0.006981,-0.013287,0.0,-0.026347,0.033674,0.025015,-0.017594,-0.010976,0.044392,-0.030201,-0.04902,0.009703,0.057658,0.019307,-0.009471,0.011811,-0.007782,-0.030812,-0.06185,0.040665,0.066904,0.027747,-0.033477,0.122346,0.037332,0.005758,-0.062023,-0.021363,0.066008,-0.00195,0.030044,0.035808,-0.04304,0.018182,-0.023496,0.038017,0.064905,-0.034393,0.055906,-0.00854,0.020672,-0.016456,-0.038181,-0.007583,-0.017528,-0.005947,0.025771,-0.041274,0.036032,0.007678,0.012551,0.005312
HOLOGIC INC,-0.023602,-0.000525,0.019059,-0.003225,0.009058,-0.007694,0.013311,-0.010203,0.00219,-0.005786,0.002716,-0.031339,-0.00253,0.002403,0.003728,0.011144,0.012726,-0.006218,-0.013036,0.003566,0.008555,-0.011223,0.006731,-0.00485,0.008299,-0.00797,0.002239,-0.003154,-0.00145,-0.008053,0.005723,0.001059,-0.010443,0.001202,0.000934,-0.002266,-0.004008,0.003488,-0.010961,-0.002568,-0.005962,-0.013223,0.002625,0.016533,0.010165,0.00161,-0.005358,0.007138,-0.003611,-0.007247,-0.014465,-0.005761,-0.004691,-0.004852,-0.005015,0.00056,0.010354,0.01191,-0.008074,-0.011452,0.008653,0.026844,0.000539
WATERS CORP,0.000813,-0.013875,0.004033,-0.020053,0.005026,0.009228,0.017668,-0.022839,0.002195,-0.045074,-0.009515,-0.018367,-0.030409,-0.032711,0.006356,0.010571,0.047021,-0.009735,-0.006124,0.009567,0.012175,-0.019201,0.022263,-0.001076,0.017967,-0.004327,0.019384,-0.006931,0.038975,0.043666,-0.005212,0.0278,0.0078,-0.003538,-0.012649,-0.005422,-0.006695,-0.008105,-0.034432,-0.00098,-0.013731,-0.012627,-0.061132,0.004161,0.003237,-0.008519,-0.000228,-0.021615,0.005124,-0.002052,-0.003218,0.001531,-0.018109,-0.001929,-0.002339,0.00051,-0.014946,0.000931,-0.003445,-0.007951,0.011604,-0.013193,0.012741
EMCOR GROUP INC,0.013335,0.009496,0.01164,-0.014569,0.022093,-0.010712,-0.025505,-0.005229,0.006685,-0.001476,-0.012391,-0.005817,-0.017524,-0.009257,-0.022109,0.01205,0.016507,0.002396,0.030865,0.013368,0.027202,-0.017819,-0.005404,0.002956,0.020994,0.022542,0.009194,0.010762,0.007511,-0.005232,-0.017671,0.001874,0.0303,-0.02596,0.007402,0.01443,0.01149,0.00067,0.004118,0.02202,-0.012566,0.000559,0.00429,-0.017518,-0.040035,-0.011284,0.025075,-0.010287,0.004676,0.008059,-0.010896,0.020539,0.019707,-0.033168,0.015456,0.006919,0.000596,-0.012024,-0.001285,-0.005909,-0.026444,0.005047,-0.01431
LABCORP HOLDINGS INC,-0.009659,-0.020338,0.001368,-0.004853,0.000237,-0.005396,-0.000333,-0.013711,-0.003234,-0.003729,-0.011714,-0.006837,-0.009706,-0.0026,0.010178,0.007892,0.02413,-0.000144,-0.046119,0.000252,0.029083,-0.013714,-0.000248,-0.005315,0.005343,-0.001391,0.002288,0.000546,0.022519,0.007373,0.013001,0.003945,0.009517,-0.000375,-0.011918,-0.017855,-0.007204,-0.02021,-0.020379,0.016642,-0.01733,-0.018808,0.004883,0.007599,0.000513,0.008564,0.006711,0.002071,-0.009123,-0.003459,0.007656,-0.005369,0.000611,0.017305,0.008405,0.024509,0.004262,-0.010271,0.013398,-0.000769,-0.022132,0.008168,-0.006784
SOUTHWEST AIRLINES CO,-0.000343,-0.02913,-0.01059,-0.002141,0.013229,0.010939,0.013962,-0.037522,0.020029,-0.034362,0.010893,0.007543,0.026025,0.009729,0.011012,0.011913,-0.009082,-0.005431,-0.069625,-0.008437,-0.007029,-0.033532,-0.010409,0.028827,-0.009845,0.048566,-0.015317,0.006667,0.003679,0.002933,0.022661,0.005361,-0.012798,0.007562,-0.004289,0.012204,-0.008156,-0.003218,-0.044118,0.007129,-0.011923,-0.038085,0.02352,0.027959,0.031669,0.003973,0.023741,-0.021434,-0.003591,0.07027,-0.055556,0.013904,-0.001055,-0.001056,0.013742,-0.005561,-0.013015,0.010691,0.004584,0.000702,-0.002105,0.000703,0.004918
BAXTER INTERNATIONAL INC,0.018952,-0.014696,0.008623,-0.015018,-0.000235,-0.008681,0.013728,-0.019379,0.002857,-0.042498,-0.007191,-0.011738,-0.001264,0.00329,-0.00454,0.023562,0.015347,-0.002194,-0.017102,-0.002486,0.012709,-0.006644,-0.000743,-0.085027,-0.000542,-0.010301,-0.010682,-0.010244,0.005594,-0.007232,-0.007285,-0.005363,0.005392,-0.007338,0.002275,-0.006525,-0.016276,-0.002903,-0.010189,-0.002941,-0.001475,-0.019498,0.007231,0.028418,-0.000293,-0.022887,-0.003303,0.003917,-0.004802,-0.008142,-0.000608,0.013386,0.012909,0.001185,0.003848,-0.005308,0.008005,0.008529,-0.002916,-0.006727,-0.001767,-0.01121,-0.002088
SKYWORKS SOLUTIONS INC,-0.011817,-0.00383,0.002907,-0.020572,0.007065,-0.012704,0.026503,-0.038634,0.01518,-0.026646,-0.0129,-0.012271,-0.005454,-0.008632,-0.015468,0.02081,0.012129,0.018328,0.018097,0.013113,0.034132,-0.011775,-0.152829,-0.006423,0.031097,-0.007891,0.008499,0.007347,-0.010618,-0.000542,0.018438,0.005538,-0.000318,-0.003178,-0.004995,0.011856,-0.017012,0.0106,-0.023761,0.010416,-0.008789,-0.014559,0.007332,0.021835,-0.013706,-0.007769,0.017644,-0.006068,-0.009922,0.029843,0.028871,0.066722,0.035951,-0.018433,0.018492,0.001505,-0.006199,0.005482,-0.013348,0.023056,-0.011548,-0.005088,0.00928
CLOROX CO,-0.009536,-0.019387,-0.012642,-0.001907,-0.004162,-0.010895,-0.002286,0.00243,0.002979,-0.019475,-0.010213,0.013876,-0.000983,0.006042,0.002444,0.011076,0.013987,0.0124,-0.001895,-0.006915,0.016658,-0.007051,-0.055725,0.000286,-0.01031,0.007596,0.01357,-0.005313,0.008119,0.012645,-0.01444,-0.019323,-0.00101,-0.010404,-0.009856,-0.005825,-0.003486,-0.002382,-0.020516,0.001828,-0.020224,-0.005121,0.006318,0.019687,-0.003496,0.010297,-0.004606,0.004551,0.004002,-0.009401,0.003796,-0.009605,0.014204,0.006701,0.031863,0.004856,-0.020847,0.00663,-0.003806,-0.012856,0.006847,0.009683,-0.000952
NORTHERN TRUST CORP,-0.005398,-0.009837,0.004111,-0.015467,0.002426,0.014174,0.00125,-0.030754,-0.00562,-0.012952,-0.001432,-0.049576,0.020991,0.002216,0.000491,0.02566,0.007661,0.001426,-0.010202,-0.000719,0.002159,-0.014002,0.008011,0.005418,0.013413,0.004727,-0.004234,0.01134,0.013548,-0.000922,-0.009343,0.004541,0.00197,-0.009485,-0.001401,-0.012279,0.001658,-0.008274,-0.012396,0.005431,-0.014764,-0.004264,0.014315,0.016164,-0.007479,-0.002153,-0.006952,-0.001086,0.003383,0.005955,-0.035516,0.046719,-0.01065,-0.012458,0.005266,0.00999,-0.008926,0.007303,0.009062,-0.017363,0.006337,-0.000484,0.017446
BUILDERS FIRSTSOURCE INC,-0.015056,-0.027555,0.015119,-0.009962,0.016887,-0.017831,-0.006534,-0.060495,0.011703,0.001056,-0.026276,-0.01333,-0.015267,0.016564,-0.028802,0.006666,0.050671,-0.002937,-0.00766,0.012955,-0.001066,-0.024752,0.008588,0.023591,0.037459,0.025893,-0.190462,0.005165,0.035483,-0.013589,0.002456,0.013981,0.01314,-0.038095,0.010037,0.01305,-0.007623,-0.01173,0.00235,0.028493,-0.049153,-0.041306,0.026864,0.003934,-0.053921,-0.036813,0.023546,-0.028873,0.004394,0.00458,-0.023614,0.053457,0.0,-0.010586,0.002541,-0.003268,-0.031451,-0.010709,-0.006774,-0.040149,0.001685,0.008191,0.00399
TEXAS PACIFIC LAND CORP,-0.012826,0.008002,0.019526,0.017482,-0.001574,-0.028681,0.017768,0.008161,0.012285,0.006982,-0.036007,0.005172,-0.003356,-0.004376,0.000343,0.00551,0.003414,0.002042,0.00511,0.006165,0.011298,-0.043327,-0.030557,-0.000233,0.005478,0.017485,-0.00301,-0.010918,0.091801,0.0138,-0.029565,0.003965,-0.010104,0.011604,0.002794,0.011275,0.001912,-0.016594,0.000674,0.004651,0.009603,-0.005445,0.001254,-0.000374,-0.028243,-0.018983,0.014611,-0.000455,-0.018018,0.2426,0.060046,0.013773,-0.017073,-0.018325,0.013347,0.010145,0.011124,-0.027633,-0.00942,0.00337,-0.009597,-0.012355,0.000586
ERIE INDEMNITY CO,0.000797,-0.002364,-0.00434,-0.006162,0.009679,-0.002059,-0.015936,0.003137,-0.023083,-0.008145,-0.005982,0.005543,-0.007297,0.006002,0.002891,0.001704,0.009105,-0.007856,-0.006272,0.003892,-0.00833,0.010831,0.000209,0.005748,0.013171,0.026974,0.012259,-0.002318,0.014907,-0.009646,-0.009445,-0.021255,0.001776,0.003545,0.001363,0.00126,-0.001711,-0.020699,-0.014031,0.015641,-0.028461,-0.026092,0.016086,-0.030806,0.000359,-0.003917,-0.001468,0.004409,-0.013032,0.002965,-0.013276,-0.001159,-0.007499,-0.002566,0.016065,0.004108,-0.009751,0.015817,0.009248,0.009632,-0.018616,0.008886,0.000552
HORMEL FOODS CORP,0.00258,0.007433,-0.014472,0.012669,-0.013364,0.011816,0.005696,-0.015293,0.005177,-0.021102,-0.000589,-0.002949,0.006803,0.009988,0.010471,0.011514,0.0,0.013091,-0.00927,0.001418,0.002831,0.003953,-0.008718,0.004823,-0.007058,-0.01052,0.014655,-0.005381,0.007688,0.006782,-0.002245,0.00647,-0.005031,0.013764,0.006096,0.012669,-0.009247,-0.026352,-0.020299,0.01036,-0.011678,-0.017291,-0.097067,0.006171,-0.00226,-0.0055,-0.004554,0.00915,-0.007772,-0.001958,0.002289,-0.004894,0.004918,-0.005547,0.00853,-0.012036,0.003622,0.005249,0.010444,-0.019057,-0.004939,0.0,0.008935
ILLUMINA INC,-0.033498,-0.031646,-0.006069,-0.013621,0.013889,0.018552,0.026514,-0.017968,-0.003583,-0.027774,-0.04651,-0.02864,0.005098,-0.013526,0.006342,0.024014,0.03501,-0.012775,-0.014812,0.010161,0.020036,-0.013469,0.013247,-0.005534,-0.048875,0.008904,-0.051773,-0.0195,0.006599,-0.007364,0.020266,0.024918,-0.004932,-0.004782,-0.029617,-0.022869,-0.008477,-0.002044,-0.01434,0.005952,-0.013618,-0.031134,-0.006977,0.031964,-0.008726,-0.012673,0.046345,0.074211,-0.008848,-0.034125,0.025223,-0.036238,0.006543,-0.005127,0.003773,-0.008893,0.001388,0.002956,0.015382,0.022073,-0.037873,0.007381,-0.019538
LOEWS CORP,-0.010346,-0.005292,0.001817,-0.011009,0.003929,-0.007827,-0.011438,-0.004921,-0.013499,0.001219,-0.006225,-0.001634,-0.002455,0.009571,0.024377,0.011105,0.003138,0.001173,-0.005208,-0.012433,0.004771,-0.008837,0.015037,0.003277,-0.001699,0.017539,0.0009,-0.006426,0.005045,0.003604,-0.008207,0.0,-0.009309,0.00757,0.006995,-0.02071,0.001051,-0.004199,-0.022796,0.007956,-0.009766,0.00206,0.016327,0.01965,-0.012109,-0.004218,-0.008339,0.001068,0.003333,0.001196,-0.01553,0.006607,-0.006563,-0.005123,0.019244,0.013163,0.003281,0.001439,0.010058,-0.015389,-0.017074,0.005612,-0.006909
RELIANCE INC,-0.003112,-0.00018,0.016303,-0.006588,0.011181,-0.008705,-0.003352,-0.011728,-0.003795,-0.015782,-0.000922,-0.007226,-0.002354,-0.006085,-0.002093,0.000157,-0.017525,-0.00121,-0.068344,-0.005169,0.011389,-0.031334,0.005584,0.015403,-0.003233,0.008213,0.010953,-0.008633,0.009221,-0.007986,0.002217,-0.010722,0.020334,0.005058,0.00104,0.016557,-0.0091,0.005723,0.012009,-0.003281,-0.005497,-0.031774,0.019246,0.008787,-0.011803,-0.030549,0.004199,0.000277,-0.008568,-0.008329,-0.013283,0.000499,-0.005197,-0.008516,0.027608,-0.005444,-0.008687,0.004168,0.00071,-0.007338,0.009606,-0.007357,0.017674
CITIZENS FINANCIAL GROUP INC,-0.017911,-0.016835,-0.003425,-0.023482,-0.003519,0.028252,0.001431,-0.033724,-0.007099,-0.012809,-0.004224,-0.017879,0.018821,-0.003634,0.033131,0.016475,0.012156,0.015728,-0.01464,0.004286,-0.004836,-0.012865,0.017297,0.008357,0.011432,0.010455,-0.005313,0.010683,0.001947,0.001111,-0.003328,0.013634,0.011255,-0.008686,0.017525,-0.01803,0.002192,-0.018048,-0.022,0.006549,-0.019519,-0.013272,0.00614,0.025574,-0.016152,-0.015841,-0.001756,-0.001466,0.002642,0.006735,-0.011926,0.035031,-0.019056,-0.012178,0.012621,0.007826,-0.002588,0.002595,0.017831,-0.011303,-0.006002,-0.004313,0.040427
PACKAGING CORP AMERICA,-0.005427,-0.006623,0.006293,-0.005406,5.3e-05,0.016199,-0.004457,-0.010745,-0.008199,-0.021903,-0.010099,-0.004325,-0.005958,-0.001456,0.009201,-0.003335,-0.046907,0.01779,-0.015352,0.009343,0.024299,-0.022988,0.007053,0.006544,0.005304,-0.000681,0.017031,-0.003405,0.010306,-0.005433,0.011316,0.001158,0.002147,0.002033,0.004002,-0.008573,0.001597,-0.003024,-0.005847,0.019585,-0.015509,-0.009728,0.012949,0.011076,-0.003379,-0.004593,0.003791,0.002025,0.002676,0.004521,-0.001735,0.003911,0.001677,-0.006428,0.012919,0.00454,-0.002313,-0.011432,0.035073,-0.012384,-0.004269,-0.018327,-0.003439
TEXTRON INC,-0.006255,-0.012588,0.002443,0.012081,0.012042,0.003414,-0.006909,-0.006957,-0.010665,-0.006975,-0.009579,0.001934,-0.011047,0.004013,0.007777,0.005037,0.016103,-0.013329,-0.096905,0.018964,-0.001272,-0.020949,0.002128,0.007078,0.002577,0.015306,0.006789,-0.008801,0.020411,0.000678,-0.007566,0.002503,0.000908,-0.007938,0.019319,-0.001682,-0.002247,0.002927,-0.01493,0.010029,-0.013088,-0.016349,0.002441,0.015768,-0.004109,-0.002751,-0.005402,-0.008551,-0.002331,0.008645,-0.010308,0.012171,-0.005897,-0.008258,0.007859,0.000466,0.00349,0.005565,0.008531,-0.016804,0.006162,-0.002311,-0.005559
TYSON FOODS INC,-0.014984,-0.004322,0.003646,0.028888,-0.007229,0.000677,0.005415,-0.020872,0.020114,-0.026289,0.005884,0.000516,0.007395,0.00495,0.018346,0.011009,0.006105,0.005576,-0.007012,-0.00427,0.005443,-0.005085,-0.005936,0.010947,0.017555,-0.056756,0.006667,0.004075,0.008794,0.0,0.0,0.010394,0.0073,0.003624,-0.01116,0.006141,0.006928,-0.012123,0.000332,-0.010113,-0.032323,-0.007096,-0.005229,0.01174,-0.004017,-0.004911,-0.006169,-0.000177,-0.009223,0.001611,-0.004111,-0.017767,-0.015896,0.002042,0.030387,-0.008092,0.017404,0.003207,0.024512,-0.009535,-0.004026,-0.008084,0.012403
E Q T CORP,0.001079,-0.006467,0.008679,-0.011562,-0.007617,0.009868,0.03013,-0.006324,-0.005834,-0.006402,-0.019597,-0.008762,-0.00442,0.004994,0.011872,0.036016,0.000263,0.038178,0.024854,0.004949,0.010835,-0.023386,-0.03567,0.021211,0.02001,0.019121,-0.009077,-0.014811,0.002756,-0.027236,0.022091,0.023121,0.005404,-0.010262,0.016292,0.018217,-0.017414,0.000486,-0.031546,0.006014,0.027148,-0.013337,0.012534,-0.00267,-0.002677,-0.008785,0.007878,-0.006839,-0.002951,0.014554,0.000972,-0.009716,-0.011528,-0.023821,-0.019573,-0.009593,-0.011518,-0.020922,0.041926,0.000779,-0.020493,-0.012712,-0.008047
HUNT J B TRANSPORT SERVICES INC,-0.013902,-0.007736,0.011387,-0.01349,0.004164,-0.002304,-0.002207,-0.032193,0.004995,-0.019352,-0.001995,-0.011399,-0.081207,-0.023375,0.01888,0.000478,0.001016,-0.017428,-0.005406,-0.010566,0.000926,0.002528,0.005844,0.006421,0.006016,0.00598,0.009367,-0.002141,0.016036,0.003412,-0.007152,-0.007144,-0.00339,0.011337,-0.027671,-0.004248,-0.028885,-0.00866,-0.000633,-0.001647,0.004885,-0.023613,0.014872,0.024212,-0.00056,-0.013382,0.004101,-0.001005,0.006038,0.012816,-0.008456,0.002054,-0.012673,-0.010508,0.004769,-0.015252,-0.001478,0.005213,0.011461,-0.010762,0.005503,-6.4e-05,0.01833
N R G ENERGY INC,0.036342,-0.022096,0.049709,-0.018192,0.029279,0.014292,-0.01409,0.005634,0.019268,-0.008848,-0.013256,0.021522,-0.014761,-0.039499,-0.007799,0.006003,0.015627,0.015667,0.003443,-0.000686,0.015657,-0.011799,0.013623,0.019957,0.020232,0.016177,-0.057645,0.03297,0.078344,0.023116,-0.014226,-0.004608,0.029362,-0.018464,-0.007597,-0.009964,0.019023,-0.023606,0.000247,0.06055,-0.025,-0.003816,0.013289,-0.043006,-0.03284,-0.00651,0.047797,-0.045616,0.000771,0.026704,0.013505,-0.009254,-0.011457,-0.009322,-0.001144,0.017441,0.01001,-0.008672,0.019245,0.008705,-0.033427,-0.010815,-0.01017
MARATHON OIL CORP,0.008116,0.0077,0.024661,-0.000678,0.007124,-0.006736,-0.007121,0.013661,-0.007412,-0.012559,-0.011,-0.014599,-0.023633,-0.010116,0.00365,0.005455,0.006148,-0.010424,0.007628,0.001082,0.006122,-0.039012,-0.027933,-0.000383,0.009582,0.014047,0.012729,-0.002588,0.007784,-0.022067,-0.001128,0.004518,-0.004893,-0.011725,0.003062,0.009538,-0.006425,-0.015595,-0.00425,-0.008149,0.03482,0.08431,-0.016388,0.026586,-0.018992,-0.018303,0.00251,-0.002861,-0.000359,0.014711,0.003182,-0.011985,-0.012487,-0.013728,0.000733,0.0,0.018668,-0.002515,0.035303,0.003132,-0.011793,0.003159,0.003149
WATSCO INC,0.005093,-0.015685,0.011302,6.9e-05,0.027579,0.000968,-0.016825,-0.031458,-0.020055,0.013402,-0.01264,0.002279,-0.022813,-0.004976,-0.012465,0.024136,0.017392,0.065358,0.007717,-0.001779,0.010469,-0.00029,0.006678,0.011915,0.018571,0.016791,-0.00923,0.001496,0.00719,0.015252,0.000417,0.010408,-0.003612,-0.025233,0.01509,0.010866,0.005364,-0.004553,-0.009065,0.02241,-0.014197,-0.024638,0.008392,0.000527,-0.006654,-0.025099,0.005632,-0.006811,0.007162,0.001146,0.000561,0.043395,0.003888,-0.015286,0.017762,0.009312,-0.019796,-0.018991,0.021858,-0.01969,-0.011227,-0.012509,0.003097
UNITED AIRLINES HOLDINGS INC,-0.011069,-0.035903,-0.022563,-0.031376,-0.000694,0.002778,0.003002,-0.024632,0.015813,-0.02881,-0.018182,0.011209,0.174458,0.054986,-0.000778,0.049825,0.001669,-0.025171,0.015948,-0.012521,0.00246,-0.028507,-0.015352,0.019933,-0.00058,0.044918,-0.023717,0.006263,-0.007356,0.00171,0.031867,0.012684,-0.00236,-0.003275,0.003468,-0.006367,-0.02911,-0.011503,-0.012591,-0.00058,-0.021071,0.023499,-0.009454,0.032139,-0.005095,-0.007208,0.01089,0.007371,-0.005629,0.000566,-0.01848,0.016907,-0.016248,-0.045708,0.013484,-0.015489,-0.013715,-0.014724,0.020756,-0.01342,-0.009275,0.002704,0.009544
ZEBRA TECHNOLOGIES CORP,-0.00146,-0.01495,-0.012648,0.000717,-0.008807,0.02235,0.031327,-0.020446,-0.007902,-0.026417,-0.02306,-0.009134,-0.015245,-0.011263,-0.018167,0.01328,0.01815,0.003507,0.054048,0.015998,0.009421,0.048498,-0.017517,0.011843,-0.009977,0.020027,0.006587,0.006544,-0.010783,-0.002212,0.000633,0.01576,0.009004,-0.012382,-0.006159,0.007141,0.00506,0.01616,-0.00893,0.009072,-0.002324,-0.028537,-0.000978,-0.013518,-0.01508,-0.015798,0.015623,-3.3e-05,-0.021659,0.005884,-0.004032,0.010551,0.014283,-0.024408,0.003418,-0.023644,0.004708,0.011361,0.022333,-0.002184,0.003529,-0.000423,0.006319
EXPEDIA GROUP INC,-0.032886,-0.011485,-0.008581,0.001072,0.00834,0.002808,0.008399,-0.014032,0.013851,-0.020718,-0.013874,0.002254,-0.001629,-0.00334,0.005456,0.020078,0.026066,0.005777,0.003314,-0.004037,0.007074,-0.014854,-0.011067,0.022157,-0.152546,0.005983,-0.026806,-0.012134,0.008876,0.002755,-0.001507,0.007189,-0.009077,0.008893,0.004936,0.002719,-0.022831,0.003223,-0.014098,-0.001629,-0.001813,0.001544,-0.007254,0.030873,0.010633,0.00377,0.007599,0.042909,0.022858,0.0026,-0.004782,0.014415,-0.009152,0.009642,-0.004334,0.003788,0.007548,0.017851,0.003445,0.012484,-0.018496,-0.0212,0.010669
BIOMARIN PHARMACEUTICAL INC,-0.002748,-0.003444,-0.00023,0.001268,0.000691,0.003795,0.019478,0.013823,0.013857,0.00831,-0.007699,-0.006994,-0.004402,-0.004421,-0.015988,0.009703,0.028718,-0.009342,-0.099013,-0.015334,0.015078,-0.016681,0.031823,0.00564,-0.016229,-0.004124,0.005847,-0.009082,-0.001344,-0.008444,-0.006541,-0.010559,0.009416,-0.042662,0.007665,-0.006575,0.003764,-0.011508,-0.007194,-0.005007,-0.014433,0.008464,-0.007727,0.007922,0.01785,0.035074,0.007333,0.014811,-0.001979,0.027885,0.011213,0.008108,-0.003667,-0.008666,0.018082,-0.010233,0.006655,-0.010979,0.016233,-0.001997,0.003295,-0.020528,-0.014012
ZOOM VIDEO COMMUNICATIONS INC,-0.00979,-0.014676,-0.00878,0.000949,-0.005373,0.001112,0.013331,-0.025529,0.004822,-0.014235,-0.022554,-0.015936,-0.003374,0.014557,-0.008175,0.001514,0.034935,0.000487,-0.009895,0.015727,0.02129,-0.03506,0.008347,0.019802,-0.016075,0.0,0.005176,-0.014644,-0.001633,0.013741,0.018396,0.006655,0.004407,0.002351,0.003127,-0.001091,-0.003589,0.008143,-0.030444,0.009452,-0.015077,-0.011279,-0.013527,0.013382,0.006358,-0.00324,0.009101,0.016428,-0.004278,0.00191,-0.001747,-0.037072,-0.042631,-0.003452,-0.013682,-0.012994,0.03736,0.009775,-0.018173,-0.000346,-0.004326,0.016163,0.012314
FACTSET RESEARCH SYSTEMS INC,-0.025331,-0.007406,-0.008508,-0.005896,-0.000277,0.016391,-0.00134,-0.025041,-0.003266,-0.002411,-0.005044,0.007003,0.005128,0.000489,0.010618,0.010161,-0.042173,0.006882,-0.009744,0.006592,0.003488,-0.014305,0.006429,0.009033,0.011551,0.018284,-0.001422,-0.003582,0.004794,0.007294,0.001981,0.003363,0.008743,0.000337,0.007542,0.00802,-0.005636,-0.004756,-0.025525,-0.000733,-0.020617,-0.021941,-0.026791,-0.002927,-0.023178,0.003191,0.012546,0.022387,-0.000415,-0.009002,0.004972,-0.005046,-0.008395,-0.002607,0.012421,0.001082,0.002898,0.037664,0.002738,-0.013392,-0.008445,-0.001588,-0.016217
GEN DIGITAL INC,-0.004018,-0.011206,0.0,-0.00136,0.005447,0.005418,0.017512,-0.014122,-0.06043,-0.002858,-0.015767,-0.007767,-0.003425,0.000491,0.005888,-0.000488,0.009273,0.007253,-0.013442,0.003893,0.006302,-0.029865,-0.009434,-0.013534,0.017785,-0.016475,0.013198,0.003006,0.015984,0.153392,0.023018,0.0225,0.020782,0.014371,-0.010035,-0.022373,0.023703,-0.001996,-0.0132,0.008918,-0.003214,-0.012495,0.003265,0.010171,-0.000805,0.000403,0.025786,-0.000785,-0.028302,-0.009709,-0.004902,0.021757,-0.016071,-0.004083,-0.0287,-0.005488,0.008489,0.01936,-0.00578,0.003738,0.000827,0.017776,0.014622
S S & C TECHNOLOGIES HLDGS INC,-0.01305,-0.008972,-0.007942,0.001761,0.002557,-0.001275,0.005587,-0.018889,-0.004368,0.007637,-0.034027,0.006344,-0.000664,0.003818,0.005788,0.006741,-0.004083,0.009183,-0.003737,-0.001142,0.011104,-0.000484,-0.010826,0.0049,0.004714,0.015693,-0.000956,0.004464,0.006667,-0.007253,0.001588,0.00222,0.005854,0.006922,-0.004531,-0.00408,-0.002048,-0.005527,-0.016196,-0.00226,-0.015205,-0.005585,0.006772,0.018048,0.0,0.007927,0.000482,-0.004171,-0.006928,0.001298,-0.005185,0.001954,-0.012841,-0.000659,0.010545,0.008968,0.004363,0.001609,0.014137,-0.003168,-0.013348,0.00145,0.00788
BURLINGTON STORES INC,-0.014902,-0.030516,-0.044194,-0.044869,-0.012498,-0.003051,0.000753,-0.023816,0.017257,-0.040139,-0.028142,-0.020784,-0.005583,-0.003446,-0.004016,-0.005208,0.017507,-0.01112,-0.001175,0.031703,-0.007547,-0.015646,-0.01067,0.035333,0.007433,0.012495,-0.001489,-0.001279,0.018509,-0.00288,0.018015,0.010576,-0.005463,0.00385,-0.012375,-0.012582,-0.003723,-0.025263,0.007775,0.073564,-0.006588,0.006581,0.175634,0.019104,-0.024953,-0.021704,0.028431,-0.006752,-0.020051,0.007591,-0.007188,0.009115,0.000648,-0.01516,0.023551,0.001842,0.016166,0.010017,0.010626,-0.007793,-0.005527,-0.004179,0.007092
IDEX CORP,-0.012909,-0.005356,-0.00121,-0.010448,0.010938,-0.002047,0.01126,-0.021484,-0.000592,-0.015153,-0.009369,-0.00538,-0.010556,-0.003218,0.004157,0.012553,0.010353,-0.03285,-0.006054,-0.011734,0.014593,-0.015276,0.004173,-0.003388,-0.000952,0.007849,-0.001801,0.001443,0.003017,0.015354,-0.003272,-0.003371,-0.002048,-0.005665,0.000405,-0.011425,-0.012148,0.004007,-0.011239,-0.001809,-0.018173,-0.018605,-0.010178,0.016764,-0.012126,-4.8e-05,0.006987,-0.019948,-0.007915,0.00555,0.004731,0.009418,-0.013946,-0.023113,0.010392,0.010285,0.004052,-0.002313,0.00888,-0.022054,-0.00435,0.005173,0.005246
QUEST DIAGNOSTICS INC,0.012471,-0.018402,0.000756,-0.006723,-0.000913,-0.004517,0.02084,-0.008512,-0.012156,-0.01146,0.000856,-0.009484,-0.003453,-0.008427,0.020094,0.012846,0.050811,0.006218,-0.015485,-0.008566,0.039029,-0.009462,-0.004559,-0.008797,0.007628,-0.012666,0.009584,-0.005842,0.014838,0.001882,0.01705,-0.011507,0.011641,0.01172,0.01341,-0.001178,-0.005757,-0.010325,-0.01283,0.008855,-0.016775,-0.005183,0.00825,0.018948,-0.006058,0.00326,0.007911,-0.00035,-0.002103,-0.006112,-0.005019,-0.013711,-0.002161,-0.004909,-0.006021,0.002043,0.006555,0.005499,0.009139,-0.013763,0.002169,-0.009091,-0.003349
MANHATTAN ASSOCIATES INC,-0.010231,-0.019825,-0.004366,0.001365,0.006115,-0.005831,0.000372,-0.016021,0.005707,-0.007719,-0.030781,0.002907,-0.01181,0.008799,-0.017792,0.008748,0.010117,-0.105407,0.009597,0.003457,0.003875,-0.017967,0.008299,0.00515,0.009194,0.012479,0.01523,-0.009324,0.012161,0.002302,-0.018877,0.014137,0.031435,0.010025,0.013691,0.00813,-0.021549,-0.007489,0.006117,0.012336,-0.010257,-0.019177,-0.023029,0.014698,-0.022957,-9.3e-05,0.026156,-0.001227,0.003321,0.003083,0.022963,0.020945,-0.008267,-0.001309,0.017086,0.01985,-0.018157,0.03025,0.005685,-0.007019,0.008383,0.03896,-0.018033
OKTA INC,-0.010801,-0.008213,-0.004677,-0.026821,0.020921,-0.004828,0.002178,-0.017584,0.013575,-0.025198,-0.041014,0.008278,-0.012736,-0.00096,-0.017928,0.013148,0.012119,-0.006464,-0.008852,-0.006887,0.009427,-0.001932,0.003872,0.022927,0.011207,0.027965,-0.006952,-0.010349,0.005946,-0.007134,0.01006,-0.005183,0.014097,0.014808,0.022037,-0.003205,-0.01218,-0.005031,-0.021116,-0.016002,-0.010395,0.002184,-0.078352,-0.001464,-0.00203,-0.021243,0.021819,-0.009264,-0.003079,0.019332,0.000337,0.001683,-0.01176,0.017226,0.000223,-0.02495,-0.011652,0.004508,0.016569,0.006225,-0.006749,0.046093,0.013424
SAREPTA THERAPEUTICS INC,-0.008188,-0.010903,-0.00063,-0.008903,0.002305,0.002459,0.004668,-0.005276,-0.014726,-0.012696,-0.037112,-0.008621,0.005116,-0.011367,-0.007979,0.01159,0.001368,0.060878,0.025272,0.010833,0.000233,-0.016615,0.033475,-0.002063,0.023195,0.010325,0.007405,-0.025434,-0.002112,-0.003628,-0.00091,0.007289,-0.001206,0.001811,-0.010246,-0.004186,-0.01307,-0.006351,-0.009119,-0.028868,-0.082051,0.025765,0.070538,0.043471,-0.043354,-0.036304,0.000585,-0.019618,0.050068,-0.00592,-0.00987,-0.011534,0.04184,-0.01728,-0.048925,0.005906,0.050885,0.301377,0.019475,-0.035337,-0.007276,0.006692,0.000253
OWENS CORNING NEW,0.01193,-0.011671,0.025057,-0.011988,0.021959,-0.007703,-0.010039,-0.021874,0.003737,-0.006065,-0.009969,-0.001953,-0.003913,-0.01461,-0.002554,0.027044,0.019338,-0.014318,-0.00109,0.020965,0.018872,-0.020212,-0.000773,0.030105,0.009645,0.014015,-0.012298,-0.00257,0.015748,-0.003213,-0.006504,0.011613,0.009961,-0.032039,0.015312,0.002721,0.009329,-0.005602,-0.004732,0.02649,-0.0193,-0.020917,0.023488,0.015992,-0.003866,-0.027222,0.023139,-0.016488,0.001869,-0.00277,-0.005669,0.034151,-0.001103,-0.025443,0.003285,0.012136,-0.020523,0.011786,0.003039,-0.024574,-0.003911,-0.007564,0.010764
CARVANA CO,-0.01274,-0.045167,-0.005672,0.000485,0.016982,-0.013955,0.012217,-0.037763,-0.000993,-0.067752,-0.068809,0.0116,-0.020951,0.028774,0.002952,0.001121,0.058511,-0.003571,0.028534,0.087871,-0.006523,-0.010029,0.050289,0.337697,0.044378,0.010685,-0.051313,-0.019201,0.052351,-0.02832,-0.000855,0.034645,0.000992,-0.025935,-0.003646,0.0,-0.021021,0.005998,-0.050207,-0.006915,-0.041777,0.004398,-0.025321,-0.023537,-0.010202,0.021625,0.019189,0.015819,0.018057,0.013983,-0.036372,0.06675,-0.038984,-0.034476,0.057054,0.01689,-0.008395,0.028584,0.057616,0.075983,-0.015399,0.049605,-0.031307
LIBERTY MEDIA CORP 3RD NEW,-0.000915,0.009612,0.013148,0.003132,0.018439,-0.002628,-0.002342,-0.017902,0.026894,-0.021825,0.009966,-0.003535,-0.005616,-0.00104,0.013242,0.011307,0.011761,-0.007606,-0.003182,0.007254,0.005761,0.002005,0.005145,0.00782,-0.004656,-0.001276,0.022708,0.000139,-0.012765,-0.016023,-0.015141,0.015664,0.000714,0.021261,0.004052,0.003062,0.003746,-0.012716,-0.0098,0.006645,0.01559,0.01134,0.009846,0.003927,0.019018,-0.013633,-0.007649,-0.034347,0.006722,0.004451,-0.006647,-0.002788,0.001258,0.01131,0.003314,0.0,-0.003991,-0.006632,0.001669,0.011664,-0.011255,0.006524,-0.00924
INTERNATIONAL PAPER CO,0.000256,-0.008455,0.009561,0.005631,-0.016035,-0.01164,-0.001832,0.002884,-0.011503,-0.01772,-0.009962,-0.023389,-0.02367,0.005704,0.00312,-0.017246,-0.010069,0.000581,-0.02643,0.009248,0.044044,-0.010759,0.009731,0.015023,0.013125,0.017641,0.052004,0.011329,0.014257,-0.031627,0.024365,0.00835,-0.003513,0.020398,0.002961,0.013287,0.017241,0.005013,0.059917,0.029438,-0.006819,-0.016611,0.004054,0.01144,0.010202,-0.029199,0.004071,0.000676,0.017556,-0.00929,0.005805,-0.003108,0.009797,-0.010143,0.010693,0.019396,0.006486,-0.010097,0.02691,-0.015427,0.000429,-0.072088,-0.002312
HEICO CORP NEW,-0.009419,-0.004263,0.002898,-6.6e-05,0.00637,-0.00124,-0.00392,0.014431,0.019916,-0.010778,0.007883,0.020349,-0.002493,-0.003999,0.002196,0.013144,0.024526,-0.004643,0.010904,-0.000899,0.001679,-0.006886,0.001266,0.011743,0.005238,0.001539,-0.013184,0.003175,0.015169,0.012707,-0.027244,0.006628,0.008542,0.012058,0.00279,0.007998,0.003622,-0.006245,0.004785,0.005451,-0.026136,0.003867,0.008347,0.016845,0.005693,0.022529,-0.000277,-0.013899,-0.0073,0.005317,-0.003714,0.00785,0.002578,-0.009502,0.012753,0.003789,-0.01038,0.002524,-0.000112,0.006603,-0.010729,-0.002135,-0.000338
CELANESE CORP DEL,-0.004189,-0.012621,0.013552,-0.046476,-0.004225,0.012914,0.009471,-0.037347,0.001937,-0.027061,-0.001666,-0.005456,-0.00284,0.000841,-0.001099,0.003173,0.007164,-0.003973,-0.009908,0.008448,0.020131,-0.025317,0.005403,0.012562,0.005052,0.012153,0.022944,0.003318,-0.011331,-0.029302,0.022656,-0.003308,-0.007075,-0.01835,0.010728,-0.005148,-0.007027,-0.014283,-0.010574,0.008444,-0.010532,-0.019172,0.019952,0.004758,-0.025585,-0.019575,0.011773,0.001633,-0.004959,-0.010446,0.000552,0.00531,-0.011318,-0.032954,-0.000287,-0.001579,-0.007763,-0.007606,0.014964,-0.033441,0.030283,-0.018055,-0.007943
MASCO CORP,-0.015086,-0.006565,0.009329,-0.016945,0.004179,0.002861,-0.005057,-0.03571,-0.006893,0.000953,-0.006662,-0.006844,-0.002756,-0.001935,-0.004292,0.00153,0.013746,-0.044788,0.001864,-0.000286,0.00315,-0.02312,0.001899,0.005833,0.008408,0.009632,0.006407,-0.000142,0.019386,0.003748,-0.021021,0.004379,0.015471,-0.025762,-0.002559,-0.00898,0.005321,-0.009299,-0.003177,0.005237,-0.023444,-0.002223,0.015595,0.022521,-0.017449,-0.021252,0.007734,-0.009445,-0.01624,0.016811,0.000894,0.026488,0.02131,-0.018595,0.005496,-0.00187,-0.016573,-0.005862,0.003685,-0.038332,0.012828,0.001206,0.004066
TRANSUNION,-0.008772,-0.016182,-0.001028,-0.014664,0.016319,0.012331,0.01142,-0.042027,-0.005893,-0.030826,-0.022971,-0.029355,-0.002007,-0.037627,-0.004626,0.013343,0.028111,-0.011656,0.081683,0.002692,0.019063,-0.038335,0.022055,0.001072,0.031865,0.034644,-0.014422,-0.010052,0.003985,-0.001408,0.005385,-0.00153,0.023499,-0.015286,-0.013831,0.014668,-0.028405,0.006656,-0.029042,0.018694,-0.016647,-0.020128,-0.01646,-0.005256,-0.004032,0.005026,0.014724,0.002875,-0.026618,0.013743,-0.003182,0.05093,-0.025221,-0.027499,-0.006547,-0.00014,0.029449,0.004904,0.024129,-0.008604,-0.016155,0.008685,-0.002287
AVANTOR INC,-0.012906,-0.010301,0.01241,-0.007513,0.030677,-0.007731,0.007402,-0.011601,-0.000391,-0.023092,-0.010016,-0.004452,-0.008943,-0.003281,-0.00823,0.012863,0.050799,-0.007407,-0.012176,-0.048111,0.005848,0.006229,0.007842,-0.004095,0.016447,0.006068,-0.000804,-0.022938,0.020181,0.000807,-0.020169,0.033759,0.003982,-0.009123,0.0004,-0.002401,-0.001203,-0.004819,-0.024213,-0.001654,-0.017813,-0.005905,0.001273,0.020339,0.007475,-0.003298,0.002481,-0.007013,-0.002493,-0.022491,-0.047721,-0.009396,-0.00542,-0.015441,-0.00369,-0.000463,-0.001853,0.02645,0.017179,-0.019111,-0.005437,-0.024146,-0.010271
BENTLEY SYSTEMS INC,-0.035427,-0.004765,-0.016756,-0.00426,0.008965,0.017973,0.006348,-0.017741,0.002207,-0.035443,-0.012871,0.028391,0.024744,0.038914,0.007683,0.014106,0.022932,0.000368,-0.001286,-0.006989,-0.007964,-0.019231,-0.020179,0.005246,0.028991,0.005635,0.025962,-0.010377,0.011957,0.008544,-0.011536,0.011853,0.001982,0.008633,0.006776,0.01045,-0.005784,-0.061178,-0.010704,0.011579,-0.010696,-0.014226,-0.033288,0.0,-0.010948,-0.000805,0.021779,-0.005723,0.008734,-0.036797,0.035751,0.013412,-0.018295,-0.004956,0.021518,0.011703,-0.009254,0.003503,-0.023269,-0.002184,-0.008357,-0.00321,-0.006441
UNITED THERAPEUTICS CORP,-0.006356,0.001402,0.011462,0.011808,-0.001582,0.014557,0.000338,0.003164,-0.002313,-0.0196,0.010706,-0.014038,0.01523,0.006885,0.004221,-0.016265,0.001752,0.01079,-0.00443,-0.0089,0.018858,-0.016495,0.088806,0.011719,0.016542,-0.007203,0.021919,-0.01927,0.018997,-0.00669,0.000265,0.02058,0.010787,-0.001724,0.007494,0.001495,0.001893,0.004542,0.000217,-0.013092,-0.013669,-0.005313,0.010197,0.017305,0.004107,-0.011113,0.012958,-0.001193,-0.005065,0.000909,0.001853,0.022121,0.020329,0.001634,0.031244,0.03023,0.009607,0.022849,0.009176,0.000314,-0.000282,-0.006333,0.005112
INSULET CORP,-0.019253,-0.024093,0.004938,-0.009766,0.01072,0.030545,0.046871,-0.003371,0.012626,-0.024659,-0.007305,-0.007071,-0.037346,-0.009202,0.009227,-0.011008,0.017334,-0.00012,-0.018416,0.012304,0.02449,0.009867,-0.009713,0.0185,0.005824,0.011294,0.044671,-0.047265,0.011164,-0.06551,-0.029415,0.069867,0.048122,0.026695,0.010195,-0.016714,-0.007331,-0.009355,-0.056826,0.054336,-0.012495,-0.031324,0.02148,0.007047,0.023844,0.002177,0.032286,0.025256,-0.005197,0.003239,0.000625,0.044286,0.00583,-0.006887,-0.010227,-0.010081,0.014817,0.024033,-0.000784,0.008875,0.005152,0.000822,-0.025027
NUTANIX INC,0.009721,-0.019095,0.034026,0.008701,0.034818,-0.00197,-0.020501,0.016589,-0.020131,-0.016031,-0.034166,0.022109,-0.027239,-0.019437,-0.013103,0.018894,0.020214,-0.002947,0.0,0.012646,0.009893,-0.025213,0.006755,0.017673,0.000804,0.04322,0.006006,0.013625,0.020692,0.0,-0.029447,0.025919,0.025561,-0.00058,0.019139,0.026604,0.016768,-0.020581,-0.005706,0.019594,-0.014688,0.021037,-0.231,-0.018542,-0.04149,0.018201,-0.012133,-0.018564,0.000573,0.029597,-0.020401,0.024233,-0.01793,0.016563,0.011294,-0.02197,-0.019094,0.019084,-0.011798,0.012318,0.029203,0.027101,0.006729
M G M RESORTS INTERNATIONAL,0.012074,-0.028464,0.007109,-0.019037,0.01461,-0.004943,0.002376,-0.037276,0.000895,-0.05009,0.00871,-0.003501,-0.015691,0.000238,0.009039,0.000236,0.009899,-0.003267,-0.012409,-0.025842,0.012655,-0.052151,0.00786,0.028176,0.00416,-0.000731,-0.009022,-0.014764,0.02023,-0.006854,0.008874,0.008796,0.006297,0.002407,-0.014886,0.008043,-0.013298,-0.014947,-0.031592,0.020293,-0.018631,-0.007183,-0.004393,0.042564,0.000996,-0.01915,0.023834,-0.007182,0.014966,0.001966,0.0,-0.007358,0.001483,-0.016778,0.013551,0.003466,0.028868,0.007194,0.010714,-0.011543,0.011201,0.022154,0.024671
NEUROCRINE BIOSCIENCES INC,0.025087,-0.025746,-0.001089,0.000145,0.00952,0.003743,-0.003586,-0.006118,-0.015642,-0.009343,-0.021684,0.009488,0.001805,-0.005179,-0.004074,0.012576,0.048107,-0.007995,-0.008707,-0.012848,0.021325,-0.00972,0.039916,-0.022373,0.006293,0.007107,0.010444,-0.029122,0.004604,-0.021194,-0.004023,0.017114,0.025419,-0.000634,0.002678,-0.004498,-0.007766,-0.007969,0.007746,-0.0079,0.007748,-0.041714,0.015154,-0.009147,0.033306,-0.046026,0.001573,-0.004638,0.014278,-0.002,-0.011507,0.01104,0.012182,-0.005945,-0.001181,-0.032744,0.02453,0.003729,-0.00706,0.010927,0.005552,-0.011191,0.025017
CASEYS GENERAL STORES INC,-0.009672,-0.0091,0.009632,-0.013724,0.017643,-0.010863,-0.00332,0.000448,-0.008132,0.000872,0.008773,-0.000735,-0.010814,0.000744,0.003264,0.00989,-0.00051,0.007405,0.00678,0.00708,0.010124,-0.010085,-0.002879,-0.006527,-0.008402,0.029562,0.020606,-0.005942,0.015279,0.014118,0.007849,-0.007347,-0.000237,-0.011105,0.004642,-0.003011,0.005083,0.002707,0.003293,0.014637,-0.016961,-0.035575,0.007162,0.012605,-0.002441,-0.024987,0.010598,0.00233,0.005354,-0.000913,-0.005482,0.167213,-0.011938,-0.012109,0.014193,-0.001246,-0.022344,0.00912,0.024343,0.000394,0.00189,0.003091,-0.003422
R P M INTERNATIONAL INC,-0.005549,-0.012174,0.014292,-0.057627,0.010923,0.001683,-0.000265,-0.021491,-0.007411,-0.012475,-0.000461,-0.004705,-0.004912,0.004471,-0.007543,0.012292,-9.3e-05,0.000556,-0.009636,0.004584,0.011175,-0.01538,0.004864,0.008378,0.008216,0.018129,0.009892,0.003206,-8.9e-05,0.001687,0.008774,-0.001581,-0.002464,-0.002646,0.003891,-0.002731,-0.004064,-0.003193,-0.003737,0.009468,-0.02734,-0.00755,0.007974,0.019369,-0.016771,0.001905,0.001539,-0.003707,-0.018604,0.013871,0.005837,0.017501,0.000624,-0.008817,0.008536,-0.003207,-0.008759,0.004418,-0.013017,-0.018101,-0.001853,-0.005012,0.004384
SNAP ON INC,-0.005368,-0.008621,0.001438,0.002393,-0.001535,0.001879,0.002318,-0.006497,-0.001849,-0.006723,-0.01295,-0.011825,0.003717,-0.076684,0.026895,-0.000893,0.010352,0.008292,-0.012537,0.001999,0.005726,-0.015758,-0.000821,-0.003249,0.015588,0.013135,0.008267,-0.003431,0.015186,0.002892,-0.003489,-0.002894,0.002508,-0.010757,0.014559,0.00129,-0.011599,0.000254,-0.021328,0.002257,-0.005427,-0.014958,0.010701,0.017261,-0.014623,-0.006881,0.008239,-0.008097,0.004306,-0.001081,-0.008735,0.010205,0.002087,-0.024514,0.022842,0.004026,-0.002339,-0.007183,0.002437,-0.016305,-0.00498,-0.010775,0.009579
AVANGRID INC,-0.011526,0.000833,-0.002774,0.002225,0.0,-0.006384,0.001397,0.001674,-0.004177,-0.00028,0.005315,-0.0064,0.009241,0.005549,0.017384,0.004882,-0.005668,0.004886,-0.012696,-0.004651,0.006872,-0.00273,0.003285,-0.002729,0.001915,0.004915,-0.000543,-0.011419,0.013476,0.0,0.012212,-0.003753,0.010495,-0.000533,-0.045031,0.005859,-0.001664,-0.001945,0.003062,0.004441,-0.009395,-0.001395,0.001397,0.004463,0.004721,-0.001119,0.005602,-0.006407,-0.001962,-0.003371,-0.0031,-0.003393,0.002837,0.002263,-0.003387,-0.003399,0.002558,-0.001134,0.000284,0.0,0.0,0.004255,0.003672
AKAMAI TECHNOLOGIES INC,0.005241,-0.017836,-0.002794,-0.010179,0.002359,-0.003953,0.016538,-0.029655,0.006802,-0.015415,-0.012081,-0.008707,-0.00977,0.003887,0.007644,-0.006108,0.008723,0.004226,-0.003914,-0.001081,0.000983,-0.008351,-0.000396,-0.011399,-0.000702,0.014147,0.005837,0.004426,0.003329,-0.109994,0.034324,-0.012617,0.030602,0.009273,-0.017136,-0.003256,-0.004215,0.00836,-0.013957,0.001916,-0.016465,-0.018901,-0.006825,0.02239,-0.014527,0.00176,-0.003514,-0.007935,-0.009331,0.013007,-0.006974,-0.014603,-0.000566,0.008376,0.000225,-0.00707,0.009946,-0.004924,-0.002024,-0.005522,0.00204,0.017076,0.001557
TRIMBLE INC,-0.01849,-0.005382,-0.00764,-0.013793,-0.000651,0.01188,0.012705,-0.023027,0.00829,-0.024021,-0.018665,-0.008248,-0.007298,-0.010771,0.001901,0.016733,0.012725,-0.003016,-0.005041,0.015876,0.008645,-0.00989,-0.024638,0.025602,-0.06923,0.004827,0.014235,-0.00807,0.004245,0.000352,0.004578,0.000526,0.010335,-0.007455,-0.002795,0.004029,-0.000349,0.005236,-0.012674,-0.001231,-0.017254,-0.00215,-0.003591,0.003243,-0.021193,-0.009174,0.008148,0.020757,-0.010437,0.006728,-0.001084,0.014286,-0.006597,-0.016332,0.016603,-0.003769,0.004324,0.006996,-0.000178,-0.010511,-0.006482,0.004349,0.009022
CONAGRA BRANDS INC,0.00135,-0.00438,-0.016582,0.05437,0.014687,0.006111,0.0,-0.021739,-0.019608,-0.023,0.015353,0.008401,0.007664,0.003968,0.008564,0.015676,0.005466,0.009594,-0.009503,-0.006076,0.006757,-0.005171,-0.0013,0.003578,-0.008428,-0.013076,0.017555,0.003581,-0.001622,0.011371,-0.005782,0.001615,-0.01871,0.018738,-0.00839,-0.000651,0.002605,-0.000974,-0.010403,-0.005256,-0.018164,-0.017154,-0.002053,0.024691,-0.00502,0.009082,-0.007667,-0.007726,0.006093,-0.014468,-0.001707,-0.017784,-0.005223,-0.00805,0.012703,-0.001045,-0.00593,0.011228,0.018043,-0.009202,-0.019952,-0.005265,0.002823
C F INDUSTRIES HOLDINGS INC,0.001442,-0.00468,0.003255,0.035693,-0.012416,-0.062507,0.016669,-0.002835,-0.000618,-0.033894,-0.000384,-0.004099,0.000643,0.023008,-0.001508,-0.008431,-0.0033,0.00904,0.009085,0.000375,0.010375,-0.023011,-0.012663,-0.052584,0.002978,0.005669,0.006442,-0.023203,0.014198,-0.004577,0.004192,0.008349,0.005916,0.033414,-0.014227,0.030701,0.000255,0.013999,-0.017821,-0.009583,0.015482,-0.020455,-0.001556,0.035724,0.010159,-0.000372,-0.045585,0.005987,0.007244,0.010403,-0.023643,-0.021091,-0.029791,0.00425,0.010374,-0.00635,0.007886,-0.01376,0.034058,-0.002116,0.010339,-0.019155,-0.008561
REINSURANCE GROUP OF AMERICA INC,0.010265,-0.009289,0.002849,-0.011622,0.013692,0.004949,-0.028985,0.003593,-0.026637,-0.002812,-0.014861,-0.005891,-0.002326,0.012934,0.02214,0.012117,0.006674,0.005104,0.000262,-0.011933,0.004026,-0.013454,0.021017,0.001362,0.054765,-0.00362,0.011447,0.021504,-0.01238,0.018291,-0.006419,0.002614,0.007435,0.007524,0.010179,-0.011725,-0.000905,0.01197,-0.012111,-0.001908,-0.007313,0.001493,0.009519,-0.000905,-0.013632,-0.003818,-0.010817,-0.004855,0.005913,0.001862,-0.015598,0.025631,-0.024119,0.002531,0.009356,0.012212,0.006153,-0.002167,0.005453,-0.006336,-0.010047,0.005709,-0.004075
FIDELITY NATIONAL FINL INC NEW,-0.003578,-0.01701,0.011344,-0.006084,0.002869,0.009918,-0.003211,-0.08526,0.004971,0.001855,-0.009052,-0.022005,-0.00191,0.01191,0.025011,0.013738,0.028519,-0.00413,-0.015008,0.010225,0.003374,-0.020965,0.012929,0.017351,0.009998,0.008929,0.003271,-0.000384,0.009208,-0.020529,-0.002329,0.010698,0.001347,-0.002114,0.006934,0.008799,0.001706,-0.031611,-0.024433,0.01683,-0.008867,-0.008151,0.007416,0.00199,0.005759,0.0077,-0.017633,-0.008576,-0.009656,-0.005484,-0.006536,0.01213,-0.004469,-0.005101,0.013256,0.004702,0.002441,0.006292,0.004034,-0.021695,-0.004517,0.013614,0.005698
ENPHASE ENERGY INC,-0.022235,-0.040071,0.044474,0.018381,-0.070459,0.026454,0.058487,-0.019511,0.017559,-0.038455,-0.038882,-0.017783,0.014303,-0.025703,-0.02464,0.037848,0.026875,-0.055605,0.006158,0.038023,0.017154,-0.044708,-0.0331,0.008558,0.076749,0.007706,-0.001347,-0.022319,-0.010947,-0.025016,0.022427,0.05714,-0.014004,0.011951,-0.021652,-0.00761,-0.017188,0.087265,-0.030768,0.065362,0.033552,-0.028521,0.039542,-0.021124,-0.002737,0.017405,0.02674,-0.007055,-0.072185,0.064521,0.013316,0.015935,-0.035682,-0.039393,-0.030335,-0.015063,-0.087724,-0.0175,0.012656,-0.057119,0.0108,0.022147,-0.052457
CAMPBELL SOUP CO,0.004724,-0.005374,-0.024989,0.024453,-0.015685,0.0097,0.016697,-0.017323,-0.01076,-0.020829,0.008981,0.007496,0.006975,0.009236,0.01121,0.020814,-0.003546,0.0129,-0.003733,-0.011461,0.001784,0.01736,-0.003938,0.007907,-0.022009,0.0,0.006239,-0.003322,0.005332,0.01547,0.006094,-0.004759,-0.006303,0.021654,-0.005352,-0.001722,-0.007546,0.005649,-0.014042,-0.006573,-0.024702,-0.018091,0.003685,0.018357,-0.003605,-0.000905,-0.001811,-0.012925,-0.015392,-0.009333,0.015073,-0.007193,0.016359,0.011497,0.020914,0.001113,-0.004671,-0.005363,0.017075,-0.023857,0.032587,-0.013368,0.003776
RIVIAN AUTOMOTIVE INC,0.012785,-0.052299,0.002854,-0.038899,-0.002961,0.033663,0.018199,-0.033866,-0.06816,-0.045977,-0.079956,0.036905,0.003444,0.010298,-0.02265,0.01854,0.028441,-0.022124,-0.036199,0.061033,0.037611,-0.051173,0.034832,0.067318,0.024415,0.025819,-0.007744,0.001951,-0.004869,-0.022505,0.091091,0.026606,-0.088472,-0.006863,0.036525,-0.020952,-0.022374,0.064677,-0.070094,0.049246,-0.001916,-0.019194,0.073386,-0.004558,0.043956,-0.015789,0.020499,0.025328,-0.018739,0.030382,-0.00337,-0.002536,-0.058475,-0.020702,0.007353,0.005474,-0.062614,-0.000968,0.066861,0.086285,0.232441,-0.018318,-0.072564
GRACO INC,-0.013161,-0.004337,0.003049,-0.009988,0.006251,0.006757,0.005196,-0.013461,-0.003602,-0.017036,-0.0019,-0.002576,-0.007185,-0.003845,0.003292,-0.002037,0.014966,-0.001899,-0.069614,-0.006857,-0.006783,-0.021951,0.001496,0.007346,0.014955,0.008889,0.008087,-0.006226,0.003855,0.00288,-0.004428,-0.000721,0.00421,-0.000839,-0.004676,0.006504,-0.004907,-0.001804,-0.017349,-0.000981,-0.02381,-0.011441,0.005723,0.021118,-0.018947,-0.014012,0.011522,-0.007467,-0.000893,0.013657,0.001637,0.019107,-0.003577,-0.018445,0.010468,0.001123,-0.010722,0.00189,0.003648,-0.005389,-0.005166,0.0038,0.000379
KEYCORP NEW,-0.02024,-0.014848,-0.001311,-0.010499,-0.001326,0.025896,0.005178,-0.04443,-0.008086,-0.007473,-0.01232,-0.014553,0.014768,-0.003465,0.017385,0.000684,0.005464,0.014266,-0.021433,0.00616,0.002041,-0.016293,0.015183,0.010877,0.004035,0.013396,-0.013219,0.006028,0.003995,0.0,-0.013263,0.015457,0.030443,-0.015414,0.004566,-0.011039,0.005909,-0.01893,-0.037924,0.01556,-0.020028,-0.019027,0.005029,0.027162,-0.017397,-0.017705,-0.000721,0.005051,0.0,-0.018665,-0.018288,0.0231,-0.006555,-0.020528,0.01497,0.001475,0.004418,-0.002933,0.023529,-0.019397,-0.008791,0.006652,0.043319
NATERA INC,0.016401,-0.011295,0.007616,-0.002699,0.047531,-0.013643,0.021482,-0.010053,0.002176,-0.023162,-0.042871,-0.001106,0.000111,-0.033765,-0.022915,0.039048,0.027424,0.005053,-0.002404,0.004163,0.025966,-0.012335,0.013674,-0.004567,0.034785,0.002372,-0.000617,-0.015337,-0.00115,0.101936,-0.018615,0.021194,0.016964,0.011089,-0.018802,-0.001409,0.018343,0.002309,-0.009216,0.018603,0.000548,0.002282,0.002732,-0.032601,0.016709,-0.021882,0.045781,-0.014171,0.018037,0.004227,0.007254,0.001156,-0.016075,-0.005325,0.001996,-0.022007,-0.007316,-0.00084,0.002801,0.036682,0.000359,-0.012389,-0.015635
DYNATRACE INC,-0.015073,-0.00634,-0.009681,0.021329,0.000217,0.024141,0.013591,-0.005866,0.001686,-0.035346,-0.019847,-0.009346,-0.002022,0.041188,-0.018591,0.003084,0.015591,0.010595,-0.002995,0.01073,-0.012527,-0.025801,0.005959,0.005704,-0.001091,0.030793,-0.009322,-0.014756,0.007597,-0.004524,-0.006276,0.011106,0.02843,0.015079,-0.007634,0.005405,-0.001447,-0.010975,-0.00335,-0.014076,-0.018751,0.003692,-0.018607,0.008157,-0.005686,0.009017,0.017437,0.007284,-0.017865,0.007579,0.005588,0.005343,-0.009992,-0.014172,-0.010891,-0.047346,0.006473,0.019293,-0.011942,-0.00935,0.007136,0.005943,0.016587
CELSIUS HOLDINGS INC,-0.004703,-0.044105,-0.028394,0.036791,0.056248,-0.001668,0.010024,-0.002008,-0.042619,-0.01422,-0.078149,-0.013199,-0.021373,-0.014091,-0.01615,0.0138,0.032096,-0.000416,-0.005,0.021217,0.007791,-0.033365,0.015013,0.0282,0.021377,0.031065,-0.017618,0.002339,0.064048,0.009017,0.045526,0.057288,0.025453,-0.013849,0.004861,0.033004,-0.001353,-0.02574,-0.019093,0.037566,-0.128534,-0.037506,-0.013908,0.016264,-0.062266,-0.047733,0.041305,-0.004034,-0.011746,-0.096038,-0.005289,-0.062747,0.005836,-0.033683,-0.025684,0.083191,-0.021808,0.00937,-0.043374,-0.065417,0.012531,0.017327,-0.007821
INTERACTIVE BROKERS GROUP INC,0.003044,0.021598,0.002533,-0.032503,0.014771,0.015088,-0.028592,0.021602,-0.011806,-0.015781,-0.011142,-0.016215,0.017134,0.012542,0.00859,0.014074,0.013879,0.008283,0.014701,-0.010141,0.004994,-0.013793,0.015462,0.024808,0.002671,0.015734,-0.012048,-0.006803,-0.004928,0.008226,0.001166,0.01289,0.001724,-0.001557,0.016418,0.013972,0.008363,-0.012164,-0.005118,0.028774,0.004688,-0.005055,-0.003204,-0.01231,0.00692,-0.01493,0.006095,-0.022716,0.009216,0.0139,-0.016818,-0.013296,-0.003615,-0.009318,0.007658,-0.010904,0.004259,-0.000582,0.007322,0.008673,0.007289,-8.1e-05,-0.003171
EQUITABLE HOLDINGS INC,-0.014996,-0.005075,0.015839,-0.006607,0.005321,0.000794,-0.006081,-0.014366,0.00027,-0.015111,-0.017808,-0.006137,0.000281,0.016835,0.00883,0.012309,0.007025,0.021465,-0.024691,-0.006464,0.015723,-0.014945,0.046058,-0.009324,0.007582,0.016087,0.006895,0.0,0.005326,0.005045,0.011797,-0.001985,0.006214,-0.005929,0.012177,-0.008102,0.008416,-0.002209,-0.005412,0.013851,-0.013906,0.00767,0.018905,-0.000241,-0.003374,-0.022622,0.000498,0.002488,-0.003474,0.011952,-0.001968,0.0143,-0.020175,-0.015629,0.008821,0.0,0.025481,0.001705,0.007539,-0.003138,-0.017676,-0.001479,0.00864
NORDSON CORP,-0.010381,-0.005227,0.010101,-0.008059,0.001219,0.000443,0.009253,-0.007269,-0.010597,-0.015769,-0.005743,-0.001786,-0.007081,-0.006442,0.001814,0.003583,0.005988,-0.007708,-0.001538,0.00285,0.008026,-0.016382,0.01069,0.007089,0.010693,0.018975,0.00521,-0.003896,0.02524,0.003779,-0.018394,-0.006466,0.009449,-0.014569,0.004029,-0.009424,-0.094147,-8.2e-05,-0.021471,0.000168,-0.018324,-0.015327,0.005652,0.014786,-0.022751,-0.005798,0.00171,-0.008449,-0.001589,-0.003847,0.001864,0.031148,0.004039,-0.021184,0.014647,0.00056,-0.001723,-0.002071,0.004107,-0.014853,0.004327,0.002176,0.007077
JABIL INC,0.012393,-0.010471,0.029809,-0.016716,0.03378,-0.013455,-0.014793,-0.001245,0.012174,-0.028619,-0.010517,-0.004674,-0.018101,-0.000463,-0.083648,0.0032,0.014774,-0.005377,-0.014637,-0.001773,0.013528,-0.020939,-0.025392,0.007694,0.017005,0.014929,-0.012944,0.000852,0.003403,0.00017,-0.000848,-0.001018,-0.01853,-0.000779,-0.00312,0.052078,-0.026609,0.003311,0.005162,0.006819,-0.00694,-0.012124,0.016108,-0.002684,-0.014045,-0.025761,0.01541,-0.014228,-0.003849,0.028275,0.005551,0.024459,0.003896,-0.013377,0.041848,0.014059,-0.114394,0.012524,-0.001855,0.012392,-0.01871,-0.038489,0.008062
BROWN FORMAN CORP,-0.011623,-0.000588,0.01667,-0.008102,-0.008557,-0.006473,0.005331,-0.018068,0.0082,-0.019441,-0.000809,-0.013768,0.008828,-0.003256,0.001633,0.001834,0.004883,-0.007694,-0.018364,0.000416,0.011635,-0.017252,-0.011285,0.003805,0.009054,-0.020868,0.012575,0.001052,0.014718,0.01782,0.0,-0.006107,-0.025809,0.023759,-0.004518,-0.025789,0.001906,-0.005284,-0.015725,-0.01209,-0.019231,-0.014706,0.001131,0.035916,0.005015,-0.007594,-0.059029,0.020446,0.004276,-0.022329,0.006292,-0.006253,-0.001864,0.019379,0.012139,-0.014483,-0.005511,0.006696,0.001376,-0.010307,0.005091,-0.001612,-0.003921
ALLIANT ENERGY CORP,-0.014286,0.005837,-0.010406,-0.006471,-0.005699,0.012283,0.01092,-0.026205,-0.004108,-0.009901,0.0,-0.0125,0.021519,0.008674,0.020066,0.001405,0.001604,0.008005,-0.002779,-0.012741,0.013309,0.000603,0.011245,0.00973,0.0,-0.006883,0.012475,0.001565,0.009568,-0.007157,0.000195,0.00039,0.012266,-0.000385,0.0,-0.003656,0.006566,-0.018227,-0.02267,-0.0012,-0.001602,-0.010227,0.016207,0.026515,-0.007574,0.013307,-0.012939,-0.010957,-0.008309,0.000399,0.000798,-0.006774,-0.000201,0.0,-0.003411,-0.001007,0.02761,-0.000784,0.003533,-0.011539,-0.001583,0.012287,-0.003524
US FOODS HOLDING CORP,0.003891,-0.010336,-0.000932,-0.067949,0.012217,0.01484,0.009553,-0.002704,0.008327,-0.028807,-0.000396,0.019189,-0.025621,-0.00498,0.001802,0.007994,0.006146,0.000394,-0.006894,0.018445,0.002921,-0.024272,0.008557,0.006314,0.007843,0.026265,-0.012322,0.005374,0.046201,0.000183,-0.003467,-0.001648,0.009536,-0.002362,0.00437,-0.009427,0.001281,-0.000548,-0.025421,0.000938,-0.00375,-0.008092,-0.00645,0.008784,0.003596,-0.013768,0.017021,0.012035,-0.007246,-0.005802,-0.001129,0.003581,-0.013146,-0.013892,0.029718,-0.004123,-0.003199,0.008873,0.017216,0.019868,-0.033189,-0.008582,-0.003011
TENET HEALTHCARE CORP,-0.00685,-0.014848,0.002431,-0.023087,0.014596,-0.003328,-0.000295,-0.006974,0.007122,-0.013553,-0.010354,-0.011368,-0.0231,-0.05125,0.023167,0.017813,0.031734,0.004087,-0.007633,-0.014152,0.031416,0.132526,0.032594,0.025787,0.011266,0.017293,0.013975,-0.009914,0.039401,-0.004308,-0.007945,0.019347,0.034303,-0.037903,0.004221,0.019382,-0.004582,0.00046,-0.011041,0.016669,-0.002059,0.005273,0.012315,0.015394,-0.011315,-0.010846,0.025106,-0.006492,-0.007054,0.030135,-0.014445,0.03668,-0.009023,-0.010539,-0.008188,0.004603,-0.016581,-0.007247,0.013259,-0.008087,0.005633,0.019235,-0.038106
WESTROCK CO,-0.002224,-0.001419,-0.00751,-0.001227,0.001229,0.007157,-0.00203,-0.001017,0.000815,-0.023403,-0.010211,-0.006105,0.000424,0.007199,0.008829,0.001667,-0.020179,0.008068,-0.014111,0.0094,0.027302,-0.011949,-0.001251,0.067015,0.000978,0.004691,0.00428,0.003681,-0.002123,-0.001161,-0.004599,0.010959,0.023616,-0.010023,0.01127,-0.0085,0.004572,0.004172,0.001322,0.020936,-0.014964,0.002063,0.01516,-0.011062,0.020507,-0.013336,-0.007591,-0.025373,-0.007274,-0.026225,-0.007129,-0.015357,0.021673,-0.015464,0.006645,-0.005801,0.050101,-0.028358,0.007494,-0.017225,-0.010157,0.000805,0.010454
REVVITY INC,-0.016476,-0.010264,0.00137,-0.006546,0.005901,0.040379,0.040504,-0.02547,0.005561,-0.046175,-0.011305,-0.019938,0.002693,-0.01094,0.014892,-0.000892,0.027091,-0.007923,-0.005746,-0.005681,0.034578,-0.024281,0.001269,-0.014815,-0.00465,0.021966,0.003404,-0.003296,0.014684,0.004409,0.007156,0.009285,0.007322,0.010717,0.016319,0.016239,0.010802,-0.004946,-0.006923,0.012334,-0.012448,-0.018863,-0.012847,0.008492,-0.00421,-0.002482,0.012255,0.010559,-0.000901,-0.014605,0.00366,0.02598,-0.01626,-0.018696,-0.011597,-0.000931,0.001957,0.004465,-0.010002,-0.021141,-0.003058,0.013324,-0.008041
NISOURCE INC,-0.006508,0.000728,-0.005818,-0.006218,0.000736,0.009562,0.006922,-0.012301,-0.001831,-0.006606,-0.009235,-0.009694,0.022214,0.009208,0.006569,0.011965,0.000717,0.008951,-0.002839,-0.005694,0.008053,-0.001434,0.008614,0.014235,0.001404,0.007708,0.010083,-0.01136,0.006267,-0.007612,0.004184,0.002431,0.009006,0.000687,0.002744,-0.003763,0.003091,-0.01164,-0.027364,-0.001424,-0.004993,-0.004659,0.007562,0.038599,-0.015485,0.017476,-0.013054,-0.006613,-0.00911,0.005304,-0.003869,-0.005297,0.00426,-0.004242,-0.006035,0.0025,0.009619,-0.000706,0.019774,-0.001731,0.00659,-0.000689,-0.006552
MEDPACE HOLDINGS INC,-0.015242,-0.013769,0.009197,-0.017469,0.029676,0.019863,-0.00964,-0.017417,0.011516,-0.018146,-0.019899,-0.005399,-0.006778,-0.021232,-0.006198,0.011452,0.082097,-0.023554,-0.019595,0.015804,0.01081,-0.029634,0.024488,-0.017066,0.003836,0.020812,0.003394,-0.036036,0.029901,-0.02257,-0.002358,0.023762,0.018468,-0.031044,5.1e-05,0.010043,-0.00151,-0.017219,0.00195,-7.7e-05,0.000666,-0.007216,-0.005902,0.001659,0.007946,0.010965,0.035791,-0.011477,-0.004714,0.011192,-0.020977,0.016542,-0.023877,-0.000482,0.005179,0.01778,-0.005856,0.008487,0.010024,-0.001495,-0.005252,0.0469,-0.029434
VIATRIS INC,0.0,0.0,0.0067,-0.021631,0.003401,-0.004237,0.005957,-0.009306,-0.011956,-0.020743,-0.000883,-0.017668,-0.001799,0.001802,0.011691,0.0,0.009778,0.016725,-0.006926,0.008718,0.01815,-0.017827,0.005186,-0.00258,0.015517,0.003396,-0.00846,0.007679,-0.049958,-0.005348,0.017921,-0.019366,-0.006284,-0.004517,-0.00363,0.008197,-0.009937,-0.007755,-0.02069,-0.011396,-0.001921,-0.0077,0.016489,0.011451,-0.001887,-0.004726,-0.003799,-0.006673,0.004798,0.00382,0.012369,-0.00094,-0.022578,-0.021174,-0.0059,-0.005935,0.020896,0.020468,0.0,-0.015282,0.011639,0.004794,0.014313
MORNINGSTAR INC,-0.006648,-0.012993,0.006185,0.000641,0.019013,0.014139,0.002865,-0.006888,-0.010131,-0.012495,-0.019192,-0.009901,-0.007272,-0.008377,0.019085,0.016949,-0.008581,0.006491,-0.049279,-0.00407,-0.008593,-0.004157,0.016593,0.012668,0.010482,0.016835,0.002943,-0.013073,0.010881,-0.002607,-0.006636,0.002902,0.011303,-0.002162,-0.000667,-0.00884,0.009828,-0.002866,-0.016813,0.011729,-0.019019,-0.014558,-0.000904,0.002853,0.007979,0.005851,0.011942,-0.010719,-0.015996,0.004411,-0.006917,0.00989,-0.014103,-0.006785,0.018241,-0.008957,0.00663,0.009741,0.023174,0.004664,-0.01503,-0.002374,0.005574
SAIA INC,0.001316,-0.015211,0.002618,-0.011602,0.03733,0.008432,-0.010502,-0.018117,0.011893,-0.017333,-0.001298,-0.035877,-0.026929,-0.034658,-0.009607,0.009874,0.045272,-0.033774,0.028778,-0.210324,-0.02964,-0.046311,-0.002092,0.025126,-0.01446,-0.017047,0.033566,0.016853,-0.006799,0.000365,-0.01858,0.005434,0.011525,-0.00505,-0.02126,-0.002155,-0.047103,-0.005955,0.007926,0.05194,-0.009275,0.001665,0.017105,0.014217,-0.017046,0.066658,0.03743,0.016188,-0.015267,0.007427,0.011358,0.017397,-0.013225,-0.006931,-0.011927,0.014888,0.013745,0.000804,0.013982,-0.000235,-0.004904,-0.012805,0.033987
ASPEN TECHNOLOGY INC NEW,0.008955,-0.019006,0.030744,-0.016177,0.007194,-0.014285,0.003905,-0.015889,0.014716,-0.007369,-0.05031,-0.001992,-0.014817,-0.004507,0.009563,-0.007004,0.005632,-0.005449,0.004515,0.002172,0.008416,-0.016142,-0.008584,0.031714,0.003625,-0.022563,-0.044396,0.047783,0.041205,0.015247,-0.008513,0.00849,0.058548,-0.033529,0.037685,-0.003605,0.000633,-0.002576,-0.007612,0.008812,-0.013125,-0.024305,-0.013959,0.004099,-0.007121,-0.017356,0.024426,-0.019236,-0.019032,-0.002814,-0.006188,0.01903,-0.024296,-0.00967,-0.007386,-0.011723,0.001186,0.02282,0.007403,-0.012898,-0.035857,0.039502,0.003739
OVINTIV INC,0.003854,0.007869,0.030661,0.006652,0.014501,0.001447,0.003794,-0.00072,-0.011888,-0.020416,-0.021772,-0.005326,-0.010327,-0.004251,0.008733,0.003848,0.011307,0.002464,0.004537,0.002258,0.004694,-0.040927,-0.011497,0.006702,0.009203,0.01688,0.001908,-0.03047,-0.000196,-0.018861,-0.003004,-0.000201,0.004018,-0.013605,0.009939,0.000402,-0.007227,-0.014762,-0.009031,0.000207,0.018845,-0.001423,0.024221,0.026828,-0.063673,-0.017983,0.002315,0.01575,-0.015299,0.018686,0.001649,-0.004733,-0.031838,-0.015375,-0.003929,0.006794,0.014584,-0.012015,0.02519,-0.011438,-0.014999,0.013052,0.006442
C N A FINANCIAL CORP,-0.014531,-0.01966,0.006609,-0.01132,0.009389,-0.000681,0.001135,-0.002041,-0.016133,0.000924,-0.003,0.001157,-0.010402,0.01238,0.025381,0.0027,-0.008303,0.000905,-0.012887,-0.00962,0.011563,0.004572,0.013427,0.001123,-0.004038,0.003153,-0.008532,0.01404,0.00067,0.003124,-0.002225,-0.004682,-0.001344,0.010094,0.015323,-0.019214,0.011709,-0.007567,-0.012335,0.000227,0.011124,0.002919,0.014775,0.013457,-0.007619,-0.012064,0.00222,-0.012406,0.001346,-0.005152,-0.002252,-0.007222,-0.013867,-0.001153,0.007847,0.015113,0.006542,-0.005603,0.01465,-0.00733,0.002238,0.006251,0.022188
A E S CORP,0.007808,-0.013835,0.004489,0.013408,-0.003308,0.012168,-0.000546,-0.033352,0.007919,-0.054433,-0.04095,-0.01547,0.014456,0.008055,0.00799,0.018293,0.025748,0.014011,-0.013817,0.00467,0.037769,0.011898,0.015084,0.041827,-0.013735,0.011248,-0.002119,0.028132,0.032008,-0.002501,0.001003,0.018036,0.039862,0.003786,0.0033,0.0,-0.011278,-0.005228,-0.017678,0.017023,0.010521,-0.00284,0.033223,-0.008268,-0.038444,-0.013006,0.018058,-0.023969,-0.024067,0.025667,-0.026987,-0.008573,-0.003052,-0.013265,-0.025853,0.006369,-0.005274,-0.020679,0.028154,-0.004739,0.000529,0.009519,-0.079623
DICKS SPORTING GOODS INC,-0.013386,-0.021817,-0.026819,-0.011506,-4.8e-05,-0.005748,-0.00318,-0.00232,0.00499,-0.020777,-0.022646,0.000856,-0.008908,-0.008683,-0.000717,0.018403,0.037348,-0.00296,-0.006181,0.01425,-0.00729,-0.022713,-0.014034,0.005401,0.017822,0.014304,-0.014394,-0.032218,0.009432,-0.009646,-0.009077,0.031805,0.002943,-0.020688,-0.012086,-0.004164,-0.026945,-0.025304,0.015566,0.01806,0.026478,0.159128,-0.008273,0.015525,-0.023238,-0.008005,-0.015641,-0.022292,0.031892,-0.012919,0.012395,0.013796,-0.006849,-0.013702,0.043277,0.008997,0.008082,-0.000784,0.001962,-0.021107,0.005646,-0.02679,-0.02403
ADVANCED DRAINAGE SYSTEMS INC,-0.010683,-0.019131,0.002393,-0.00961,0.030374,-0.002281,-0.006038,-0.025597,0.001029,-0.008707,-0.008784,-0.009723,-0.024919,-0.000637,-0.007908,0.006171,0.023957,0.00025,0.006362,0.008429,0.000738,-0.035745,0.009618,0.021639,0.018217,0.027897,-0.008024,0.000416,0.024673,0.000522,-0.008235,0.01339,0.01656,-0.021228,0.009801,0.018664,0.010486,-0.012163,-0.011973,-0.003658,-0.010786,-0.003828,0.007918,0.003062,-0.025074,-0.032104,0.017287,-0.022097,-0.006447,0.004388,0.002154,0.043593,0.023769,-0.01816,0.023471,0.012925,-0.041949,-0.025164,0.005924,-0.029327,-0.007863,0.007488,-0.006565
WINGSTOP INC,0.003821,-0.021533,0.02926,-0.052671,-0.001339,0.036783,-0.024772,0.016172,0.019164,-0.004905,-0.017253,0.032939,-0.029946,-0.008816,-0.025337,0.021245,0.028133,-0.005456,0.019739,0.034226,0.005908,-7.8e-05,-0.002105,-0.006355,0.018373,0.018762,0.005053,-0.009753,0.009722,-0.019533,-0.032306,0.026019,0.00501,2.6e-05,-0.006916,-0.008905,-0.00653,-0.004733,0.006816,0.007268,0.014874,-0.006622,-0.002713,-0.044874,0.021619,0.005071,0.063165,-0.041248,-0.005313,0.03085,0.003842,0.034848,-0.010195,-0.01969,0.046616,0.027481,-0.04701,0.014852,-0.008993,0.01978,0.008302,0.008471,-0.008352
X P O INC,-0.001475,-0.005581,0.020962,-0.010832,0.047316,0.003745,-0.010106,-0.0128,0.009625,-0.008824,-0.019316,-0.00843,-0.02714,-0.030586,-0.007628,0.014062,0.040827,-0.027805,0.006554,-0.062156,-0.001623,-0.029444,-0.01005,0.023877,0.033419,-0.016258,-0.003612,0.014774,0.009289,0.012566,-0.043174,0.02521,0.016215,-0.017973,-0.016159,0.002904,-0.031759,-0.014017,-0.001043,0.028178,0.008305,-0.017022,-0.009683,0.005735,-0.043092,0.01055,0.048816,-0.004608,0.013889,-0.021735,-0.000747,-0.004858,-0.033233,9.7e-05,0.018934,-0.015437,0.016938,0.001237,0.001806,-0.005408,0.002194,-0.018467,0.029483
TRADEWEB MARKETS INC,-0.006048,-0.021538,-0.009673,-0.002292,0.022977,-0.003711,0.0099,0.001456,-0.001648,-0.008543,-0.023304,0.009023,-0.003378,0.006879,0.000495,0.005641,0.002067,0.011097,-0.007867,-0.003035,-0.003339,0.002069,0.021434,0.015497,-0.0091,0.045055,0.010343,0.008335,0.018149,-0.02568,-0.005978,0.013667,0.012674,-0.002397,0.003737,-0.01764,0.004241,-0.0062,0.000814,0.014093,-0.014878,-0.018991,-9.2e-05,0.004978,-0.016696,0.007937,-0.006763,-0.009607,-0.008194,-0.005318,0.001337,-0.012871,-0.019992,0.027989,-0.002972,0.010385,0.007423,-0.001323,-0.012486,-0.004885,0.020118,0.006699,-0.006467
STANLEY BLACK & DECKER INC,-0.025222,-0.010161,0.018521,-0.013508,0.004951,-0.001677,0.020368,-0.044037,0.004413,-0.019717,-0.007105,-0.007156,-0.009426,-0.000112,0.0,0.000336,0.015557,-0.00518,-0.015952,0.009907,0.013934,0.004837,0.00547,-0.075191,0.009531,0.014103,0.003218,-0.016153,0.026549,0.019056,0.004007,0.017738,-0.004466,-0.017507,0.003675,-0.006214,-0.01552,-0.011342,-0.013422,0.001512,-0.014049,-0.023316,0.029057,0.021324,-0.002065,-0.036326,0.016863,-0.011016,-0.012337,-0.005336,0.020361,0.039312,-0.012532,-0.027244,0.009695,-0.002726,-0.000832,0.003331,0.004743,-0.033868,-0.004153,-0.000981,-0.019153
HEICO CORP NEW,-0.014346,-0.003028,0.001385,-0.000266,0.006546,-0.005023,-0.002232,0.015818,0.016044,-0.010475,0.010273,0.023796,-0.003983,-0.004505,0.002237,0.01172,0.02713,-0.000342,0.01011,-0.001741,0.005376,-0.000819,0.003231,0.009468,0.006285,0.006151,-0.019938,0.005086,0.01604,0.012216,-0.025715,0.000858,0.008806,0.012174,0.004802,-0.002505,0.005395,-0.001989,0.000603,0.006717,-0.024205,0.004763,0.009622,0.030961,0.003201,0.027508,-0.004112,-0.01186,-0.010846,0.009842,-0.004361,0.007911,0.006475,-0.007887,0.012391,0.003597,-0.010141,0.003533,0.000836,0.006595,-0.015942,0.006569,-0.013978
TOPBUILD CORP,-0.0054,-0.01184,0.0199,-0.013355,0.025305,-0.021011,-0.007428,-0.033781,0.004409,-0.008186,-0.016651,-0.026859,-0.02815,0.002753,-0.014084,0.000885,0.027219,-0.017361,0.007675,0.04046,0.017343,-0.022867,0.008328,0.002059,-0.015555,0.03739,-0.050219,0.000378,0.030069,0.01407,-0.01151,0.025118,0.022741,-0.054855,-0.00468,0.002648,0.006221,-0.013247,-0.001765,0.020074,-0.015968,-0.009031,0.034827,0.011227,-0.024692,-0.02019,0.035804,-0.008484,-0.019747,0.002363,-0.021487,0.063974,0.007388,-0.019683,-0.000507,-0.006978,-0.056189,0.000515,0.008008,-0.030754,0.00506,0.00021,0.010014
CLEAN HARBORS INC,-0.021211,-0.008069,0.007572,-0.005027,0.013933,0.018523,0.005436,-0.015237,0.00015,-0.018016,-0.010825,-0.002466,-0.012258,-0.004589,0.01472,0.008982,0.028498,-0.024973,-0.006939,-0.003288,-0.004485,-0.019055,0.068145,0.015764,0.008757,0.02503,0.004187,-0.015368,0.008898,-0.003207,0.003691,0.008674,-0.005842,-0.008368,0.010335,0.004552,0.006726,-0.002877,0.001675,0.012032,-0.014965,-0.01398,0.013139,0.010356,-0.004617,-0.014472,0.030404,-0.005755,-0.01732,0.008275,0.00051,0.027296,-0.000992,-0.002168,0.023216,0.003715,-0.00564,0.002083,0.008225,0.004123,-0.00415,0.003992,-0.011971
EVERGY INC,-0.01199,0.005119,-0.005471,-0.000759,-0.009112,0.011111,0.0036,-0.024353,-0.004257,-0.009911,-0.010991,-0.016472,0.019572,0.00851,0.015699,0.00966,-0.000191,0.004402,-0.001143,-0.013926,0.020507,-0.005687,0.009342,0.011523,0.010271,-0.002588,0.009081,0.002204,0.021074,-0.005384,0.005774,-0.007894,0.006148,0.0,0.002022,-0.000363,0.009802,-0.014201,-0.026076,0.000374,-0.003182,-0.012955,0.013696,0.025708,-0.006769,0.005342,-0.014108,-0.007434,-0.008425,0.001699,0.004336,-0.003003,-0.003012,-0.004154,-0.002275,0.003421,0.001326,-0.003972,0.013483,-0.009369,-0.000757,0.00795,-0.005258
DAVITA INC,-0.001521,-0.020313,0.001851,-0.017296,0.004964,0.000898,0.002617,-0.015066,-0.004998,-0.007458,-0.003527,-0.001385,-0.016489,-0.011987,0.01356,0.036771,0.010489,-0.008737,0.000226,0.005573,0.034679,0.006298,0.005323,0.017818,-0.054767,0.017999,0.005991,-0.013363,0.015385,-0.003045,-0.006763,0.003075,0.00635,-0.010154,0.024473,0.007939,-0.015894,-0.028409,-0.018553,0.047561,0.037029,0.02102,0.003068,-0.000136,-0.010264,-0.015796,0.012002,-0.008205,-0.004588,-0.011175,-0.012149,0.020235,-0.003714,-0.007034,0.000567,0.006868,-0.013853,0.008129,0.017683,-0.006672,-0.005318,-0.004994,-0.020361
LAMB WESTON HOLDINGS INC,-0.01455,-0.011145,-0.025913,-0.19373,-0.021465,-0.024818,0.033933,-0.00721,0.018783,-0.019543,0.002256,0.026392,-0.020717,-0.000871,0.008843,0.013827,0.019484,0.009556,-0.012068,0.004192,0.009779,-0.015708,-0.013439,0.031866,0.007102,-0.007875,0.008174,-0.022797,0.008057,0.015866,-0.000705,0.00564,0.005726,0.01034,-0.002185,-0.001152,0.006461,0.017654,-0.011603,0.016754,-0.00908,-0.034389,0.003163,0.031064,-0.010647,-0.012822,-0.010669,0.008674,-0.002441,-0.004077,0.016727,-0.005522,-0.003124,0.006847,0.004034,-0.027896,-0.025862,0.02861,0.001179,0.002472,-0.0128,-0.007375,0.007549
HENRY JACK & ASSOC INC,-0.018822,-0.000997,-0.000176,-0.004992,0.00366,0.009057,0.015154,-0.021301,-0.002405,-0.014584,-0.015098,-0.007816,0.005618,0.000607,0.005037,-0.004589,0.009949,-0.007689,0.004177,-0.006088,0.007521,-0.020648,-0.001045,-6.2e-05,0.010276,0.004751,0.004183,-0.000362,0.020835,0.001183,-0.008981,-0.012104,0.012916,0.009236,-0.002303,0.002722,-0.002184,0.003253,-0.007664,0.004931,-0.035822,-0.006397,-0.002353,0.021905,-0.008623,-0.009555,0.016574,0.001034,0.001398,-0.00443,-0.015361,-0.008172,-0.010361,0.019048,0.021477,-0.017147,0.022625,0.005184,-0.001859,-0.000421,0.004508,-0.002334,-0.004199
ALLY FINANCIAL INC,-0.024637,-0.014398,0.000513,-0.014344,-0.002599,0.00495,0.015038,-0.032184,0.002903,-0.020263,-0.01719,-0.017218,0.008621,0.067273,0.008783,0.01767,-0.000755,0.001259,-0.015594,0.004088,-0.003562,-0.013024,0.005476,0.006224,0.014691,0.013462,-0.012531,0.00203,0.006839,-0.008553,0.006344,0.02824,0.007847,-0.017518,-0.006439,-0.016949,-0.002028,-0.006606,-0.018926,0.01147,-0.017526,-0.006034,0.010821,0.017494,-0.007955,-0.018624,0.008171,0.00549,0.00468,-0.00207,0.000259,0.03552,-0.004256,-0.024893,0.025013,0.007547,-0.001498,-0.004251,0.014566,-0.017574,0.003527,-0.006026,0.002021
YUM CHINA HOLDINGS INC,0.010053,-0.007465,-0.01103,-0.000254,-0.019523,-0.007758,0.020068,-0.013541,-0.000259,-0.032642,0.010445,-0.020673,-0.001894,0.009219,-0.003224,0.003504,0.030352,0.01147,0.006186,0.015625,0.009836,-0.088162,-0.01616,0.040089,0.028105,-0.018745,-0.010348,-0.000536,0.021728,-0.006563,0.027748,0.009257,-0.010701,0.007983,0.001533,-0.009694,-0.013395,-0.030287,-0.047119,0.014411,0.001119,-0.025992,0.017791,0.008176,-0.003635,-0.000842,0.012921,-0.012757,-0.011798,-0.013644,-0.011527,-0.008746,0.021471,-0.023611,-0.006193,-0.020772,-0.020606,-0.002166,-0.002791,-0.015858,-0.004739,-0.005714,-0.015326
A E C O M,-0.003467,-0.007571,0.008041,-0.007261,0.003297,0.003286,-0.016068,-0.01217,0.005581,-0.019791,0.000855,0.002455,-0.0148,0.007673,0.00118,-0.007499,0.01565,0.001385,-0.004468,0.004915,-0.000744,-0.017238,0.005955,0.014207,0.0052,0.016575,-0.032714,-0.009341,0.00466,0.003776,-0.011284,-0.006087,-0.003828,-0.016248,0.000112,-0.000558,0.006364,-0.009984,0.000112,-0.002801,-0.028427,-0.011333,0.004328,0.017237,-0.018548,-0.00735,0.013633,-0.010435,0.005272,-0.000466,0.003148,0.022085,-0.004549,-0.010739,0.021943,-0.000452,0.005201,0.009785,0.014703,-0.020198,-0.007506,0.003386,-0.008437
E L F BEAUTY INC,-0.020711,-0.031463,-0.119185,-0.007572,-0.007076,0.026521,0.027104,-0.017455,0.000239,-0.025774,0.003008,0.013954,0.003501,0.007518,-0.064354,0.030179,0.096185,-5.7e-05,-0.005368,0.020451,-0.043256,-0.054288,-0.024672,0.01268,-0.002554,0.028541,-0.006558,-0.01363,0.056079,-0.0372,-0.014382,-0.001113,0.041907,-0.036003,-0.023481,-0.029536,0.033817,-0.02101,0.187239,0.035991,0.009508,-0.049006,-0.007455,0.024726,0.051041,-0.034156,-0.026405,-0.006604,-0.032042,0.027304,0.038908,0.040827,0.015812,-0.038964,0.014432,0.093752,-0.021055,-0.015868,-0.008353,0.022381,-0.019975,0.065546,-0.033395
JUNIPER NETWORKS INC,-0.00027,-0.003779,0.003793,-0.002159,0.002705,0.001619,0.001347,-0.005648,-0.001082,-0.007582,-0.003547,-0.002464,0.001372,-0.008772,-0.002765,0.001387,-0.006369,-0.014493,-0.011595,-0.006867,0.012677,-0.009388,0.00201,-0.006879,0.005483,-0.001722,-0.008051,0.002609,-0.004047,0.005515,-0.004042,-0.001739,0.004065,0.003759,-0.002017,0.0,-0.002598,0.003763,-0.002595,0.002891,-0.007783,0.005811,0.014731,0.015371,0.0,-0.005924,0.005108,0.001129,0.002538,-0.003376,0.000565,0.002539,0.000281,-0.002532,0.001128,0.001127,-0.003095,0.007338,-0.004203,-0.001688,0.005919,0.008966,0.012497
TOLL BROTHERS INC,-0.010281,-0.030069,0.014816,-0.022217,0.017398,-0.005194,-0.001366,-0.046171,0.014674,-0.000831,-0.019714,-0.029784,-0.008046,-0.002292,-0.008395,0.014259,0.050171,-0.006861,-0.011289,0.02437,0.011562,-0.020558,0.003442,0.014391,0.019713,0.033406,-0.010567,-0.018669,0.019589,0.004269,-0.006849,0.00975,0.059193,-0.028091,-0.002974,0.002448,-0.006409,-0.084626,0.00302,0.02802,-0.023188,-0.012994,0.018397,0.007955,-0.013236,-0.024577,0.027076,-0.012141,-0.014311,0.019131,-0.028409,0.035622,0.005913,-0.012088,0.0088,-0.023843,-0.015489,0.012448,0.0111,-0.023138,0.002853,-0.007241,8.7e-05
POOL CORP,-0.005452,-0.023972,0.000843,0.008086,0.002708,0.001464,0.00819,-0.046816,-0.005795,0.002796,-0.017359,-0.009689,-0.015758,-0.003405,-0.004905,0.013153,0.024899,0.0064,-0.019582,0.003162,-0.004203,-0.019155,-0.008358,0.001697,0.012607,0.016783,0.005151,-0.018407,0.019627,0.003244,-0.002993,0.01182,0.017934,-0.036129,-0.00631,0.003789,0.007738,-0.009538,-0.006828,-0.007204,-0.01327,-0.018202,0.014211,0.020835,-0.006657,-0.019494,0.005394,-0.025337,-0.017638,0.004518,0.000613,0.012025,-0.010758,-0.004927,0.005479,-0.015415,-0.013022,0.013284,-3e-05,-0.080406,0.004956,-0.015083,-0.00078
FRANKLIN RESOURCES INC,-0.017432,-0.01231,0.008064,-0.010909,-0.005515,0.007763,0.010272,-0.045026,-0.00076,-0.033105,-0.018497,-0.009222,0.004047,0.008464,0.005196,0.017097,-0.009773,0.00079,-0.010256,-0.003986,-0.064426,-0.023097,-0.003065,0.008783,0.017849,0.001711,-0.005124,0.007725,0.028109,-0.01657,0.008846,0.019624,0.003686,-0.01428,0.004967,-0.014003,-0.002924,-0.004608,-0.026515,0.008647,-0.011145,-0.014304,0.014072,0.023417,-0.008475,0.002137,-0.005544,-0.004288,-0.014212,-0.001747,-0.017068,0.005343,-0.027458,-0.00592,0.015117,0.01083,0.008929,0.010177,0.014893,-0.013811,-0.006565,-0.007489,0.00577
TOAST INC,-0.023676,-0.038224,-0.005556,-0.00043,-0.006019,0.002163,0.022874,-0.03038,0.068755,-0.03013,-0.055416,-0.002667,0.013815,-0.024615,-0.025687,0.024514,0.046953,-0.005175,0.002167,0.03417,0.001255,-0.012949,-0.026661,0.016522,-0.027374,0.03606,0.007216,0.130215,0.0,0.000373,0.007082,0.005181,0.02025,-0.006496,-0.019615,-0.001112,-0.01595,0.005654,-0.048726,0.003152,-0.001178,-0.070783,-0.000846,0.02626,-0.050764,-0.024783,0.003121,0.005333,-0.026525,0.024523,-0.015957,0.018018,0.00531,0.0,-0.005282,0.063717,0.061564,0.000784,0.001958,0.007816,-0.002714,0.0,0.001944
B J S WHOLESALE CLUB HLDGS INC,-0.013351,0.003885,-0.007607,0.022458,-0.001578,0.008168,0.008624,0.028631,-0.012091,-0.018103,-0.011296,0.001445,-0.012851,-0.035999,0.016122,0.003797,0.012159,0.011479,0.007918,0.003535,-0.014612,-0.011254,0.007633,-0.000133,-0.016746,0.032036,0.009037,-0.011423,0.020746,0.004374,0.004995,-0.009303,-0.006046,0.032613,-0.000376,0.01166,-0.002727,0.000248,0.033669,0.059375,-0.011459,-0.026168,0.015203,0.022405,-0.01601,-0.001154,-0.00543,0.016146,0.010974,0.008706,-0.008407,-0.006444,0.003072,-0.01554,0.031686,0.005249,-0.016109,-0.00079,0.000452,0.007229,-0.010093,-0.008043,0.003198
INCYTE CORP,-0.005793,-0.014301,-0.009314,-0.005786,0.004546,-0.00344,0.004541,-0.005425,-0.001455,-0.019483,-0.007799,-0.00393,-0.009395,0.001897,-0.008898,-0.008214,-0.0052,0.001743,-0.010823,0.009769,0.017028,-0.009703,0.017099,0.002833,0.01262,0.005952,0.005362,-0.015818,-0.000187,-0.008224,0.085564,-0.009549,0.0,-0.00333,0.004221,0.001576,0.003672,0.013937,-0.012887,-0.002437,-0.001047,-0.005764,0.006676,0.008552,0.017477,-0.003912,0.007854,-0.010503,0.01284,0.004057,0.001347,0.007734,0.045879,-0.009252,0.009338,-0.019939,0.014974,0.013791,0.008383,-0.010196,-0.021395,-0.006478,-0.011899
SMUCKER J M CO,-0.009057,-0.013389,-0.028767,-0.006108,-0.013217,-0.01092,0.012334,-0.032632,-0.013211,-0.021689,0.005383,-0.001996,-0.001637,0.01184,0.032943,0.023527,0.002043,0.007222,-0.028427,-0.013718,0.009243,0.001744,-0.010884,-0.006602,0.002304,-0.003006,0.001508,0.000531,0.003628,0.017018,0.006503,-0.007666,-0.007899,0.021437,-0.004063,-0.007812,-0.019683,-0.002142,-0.012699,-0.005707,-0.011752,-0.00931,0.004466,0.034183,-0.002777,0.003323,-0.012265,0.045681,-0.00338,-0.012002,-0.005546,-0.02514,0.007537,0.005588,0.005377,0.001515,-0.023587,-0.009116,0.029071,-0.033882,-0.003516,0.008914,0.00359
EASTMAN CHEMICAL CO,0.000798,0.001296,0.015832,-0.023035,0.001605,0.007012,0.014125,-0.012751,-0.006259,-0.020396,-0.006736,-0.009453,-0.004461,0.000521,0.004166,0.006638,-0.002679,-0.004545,-0.002387,-0.005929,0.018627,-0.029792,0.003388,0.012241,0.016472,0.012821,0.019038,0.001292,0.003275,-0.000594,-9.9e-05,-0.002871,0.000794,-0.007341,0.003098,0.002291,-0.00656,-0.005303,-0.003722,0.011913,0.004989,-0.022635,0.024073,0.005059,-0.02704,-0.011056,0.009538,0.026212,0.022671,-0.000968,0.002907,0.003768,-0.012706,-0.029833,0.005628,-0.002619,-0.009293,0.005404,0.020688,-0.026826,0.002552,-0.010387,0.008129
