asset_name,2023-12-01,2023-12-04,2023-12-05,2023-12-06,2023-12-07,2023-12-08,2023-12-11,2023-12-12,2023-12-13,2023-12-14,2023-12-15,2023-12-18,2023-12-19,2023-12-20,2023-12-21,2023-12-22,2023-12-26,2023-12-27,2023-12-28,2023-12-29,2024-01-02,2024-01-03,2024-01-04,2024-01-05,2024-01-08,2024-01-09,2024-01-10,2024-01-11,2024-01-12,2024-01-16,2024-01-17,2024-01-18,2024-01-19,2024-01-22,2024-01-23,2024-01-24,2024-01-25,2024-01-26,2024-01-29,2024-01-30,2024-01-31,2024-02-01,2024-02-02,2024-02-05,2024-02-06,2024-02-07,2024-02-08,2024-02-09,2024-02-12,2024-02-13,2024-02-14,2024-02-15,2024-02-16,2024-02-20,2024-02-21,2024-02-22,2024-02-23,2024-02-26,2024-02-27,2024-02-28,2024-02-29
MICROSOFT CORP,-0.011612,-0.014339,0.009156,-0.009986,0.00583,0.008842,-0.007829,0.008295,-2.7e-05,-0.022545,0.013117,0.005179,0.001637,-0.007073,0.007879,0.002784,0.000214,-0.001575,0.003235,0.002025,-0.013749,-0.000728,-0.007178,-0.000516,0.018872,0.002936,0.018574,0.004859,0.009984,0.004634,-0.00205,0.011297,0.012187,-0.005418,0.006028,0.009175,0.005738,-0.002322,0.014334,-0.002758,-0.026946,0.015594,0.018426,-0.013545,-0.000394,0.02111,0.000145,0.015551,-0.012579,-0.021529,0.009648,-0.007155,-0.006149,-0.003143,-0.001514,0.023547,-0.003182,-0.006824,-0.000147,0.000589,0.01452
APPLE INC,0.006791,-0.009465,0.021063,-0.005687,0.010139,0.007412,-0.012927,0.00792,0.016692,0.000758,-0.002726,-0.008503,0.00536,-0.010714,-0.00077,-0.005548,-0.002841,0.000518,0.002226,-0.005424,-0.035787,-0.007488,-0.0127,-0.004013,0.024175,-0.002263,0.005671,-0.003223,0.001778,-0.012317,-0.005174,0.032571,0.015533,0.012163,0.006653,-0.003484,-0.001697,-0.009013,-0.003586,-0.019246,-0.019358,0.013341,-0.005405,0.009847,0.008632,0.000581,-0.005755,0.004089,-0.009002,-0.011274,-0.00481,-0.001575,-0.00843,-0.004114,0.004186,0.011244,-0.010034,-0.007451,0.008114,-0.006625,-0.003693
NVIDIA CORP,-0.000107,-0.026836,0.023292,-0.022828,0.02402,0.01953,-0.018503,0.02209,0.009044,0.005448,0.011169,0.024279,-0.009445,-0.030098,0.01827,-0.003266,0.009195,0.0028,0.002125,0.0,-0.027341,-0.012436,0.009019,0.022897,0.064281,0.016975,0.02277,0.008684,-0.002043,0.030561,-0.005835,0.018804,0.041746,0.00274,0.003671,0.024869,0.004156,-0.00951,0.023496,0.004947,-0.019865,0.02438,0.049709,0.047944,-0.015996,0.027498,-0.006534,0.035784,0.001594,-0.001661,0.024567,-0.016807,-0.000619,-0.043532,-0.028509,0.164009,0.003552,0.003489,-0.004944,-0.013189,0.018658
AMAZON COM INC,0.006434,-0.014895,0.014085,-0.016068,0.01633,0.003676,-0.010379,0.010899,0.009222,-0.00954,0.017298,0.027339,-0.001817,-0.010859,0.011307,-0.00273,-6.5e-05,-0.000456,0.000261,-0.009388,-0.013229,-0.009738,-0.026268,0.004634,0.026577,0.015225,0.015591,0.009432,-0.003609,-0.009442,-0.009467,0.011799,0.011987,-0.003605,0.008011,0.005448,0.00561,0.008685,0.013449,-0.014015,-0.023899,0.026289,0.078667,-0.008731,-0.006811,0.008158,-0.004046,0.027143,-0.012095,-0.021469,0.013876,-0.006901,-0.001708,-0.014335,0.009038,0.03553,0.002349,-0.001486,-0.006811,-0.00219,0.02079
META PLATFORMS INC,-0.007122,-0.014778,-0.005406,-0.002639,0.028792,0.018862,-0.022449,0.027484,0.001556,-0.00469,0.005253,0.028962,0.016656,-0.003083,0.013771,-0.001977,0.004075,0.008455,0.001369,-0.012168,-0.021669,-0.005256,0.007693,0.013915,0.019065,-0.003429,0.036483,-0.002159,0.013039,-0.018772,0.002476,0.021066,0.019461,-0.004355,0.008958,0.014278,0.006348,0.002442,0.017456,-0.002394,-0.024796,0.011893,0.203176,-0.032801,-0.010209,0.032701,0.000873,-0.004021,0.001688,-0.018725,0.028601,0.022714,-0.022127,-0.003317,-0.006826,0.038673,-0.00432,-0.004731,0.011023,-0.006221,0.012624
ALPHABET INC,-0.005055,-0.019642,0.013306,-0.007405,0.053146,-0.014168,-0.012594,-0.005777,0.000377,-0.004752,0.005002,0.024133,0.006259,0.012367,0.015035,0.00762,0.000212,-0.008126,-0.000997,-0.003851,-0.010881,0.005428,-0.018212,-0.004839,0.022913,0.015197,0.009436,-0.001406,0.004012,-0.001122,-0.007158,0.014208,0.020212,-0.002664,0.007192,0.01129,0.021318,0.002074,0.008706,-0.013354,-0.075003,0.007566,0.008643,0.00913,0.002923,0.009993,0.002542,0.021177,-0.009866,-0.0162,0.005512,-0.021721,-0.01576,0.00427,0.010133,0.010803,-0.000902,-0.044387,0.009522,-0.018001,0.015252
ALPHABET INC,-0.00448,-0.020177,0.013473,-0.007251,0.053413,-0.013073,-0.014198,-0.007869,0.002469,-0.005748,0.004805,0.02503,0.006633,0.011296,0.015323,0.006488,0.000701,-0.009663,-0.001131,-0.002477,-0.009721,0.005732,-0.016529,-0.004709,0.022855,0.014445,0.008698,-0.000904,0.003967,-0.001109,-0.008259,0.014697,0.020553,-0.001757,0.006567,0.011232,0.021882,0.000976,0.006828,-0.01156,-0.073505,0.006418,0.005816,0.009684,0.003312,0.008734,0.003682,0.020378,-0.009919,-0.015868,0.005261,-0.021748,-0.015145,0.003104,0.011533,0.010289,-0.000207,-0.045013,0.00973,-0.019058,0.0171
LILLY ELI & CO,-0.011844,0.002808,0.004217,0.00187,-0.001663,0.016625,-0.023426,0.001233,0.021787,-0.039883,-0.002841,0.013496,8.6e-05,-0.016557,0.003139,-0.002815,0.000491,0.018995,-0.001135,0.003564,0.01592,0.04306,-0.005181,0.006591,0.012093,-0.000879,0.00753,0.008775,0.011326,-0.012988,-0.008919,-0.008841,0.00839,0.003659,-0.001902,0.006384,-0.009594,0.01853,0.008995,-3.1e-05,0.000977,0.022955,0.010932,0.05774,-0.001657,0.028864,0.014199,0.00609,-0.003918,0.007745,0.021051,0.000621,0.032041,-0.033757,-0.012903,0.031814,-0.00013,0.003093,-0.008965,-0.009621,-0.005227
TESLA INC,-0.005207,-0.013608,0.013329,0.002723,0.013661,0.004946,-0.016814,-0.011387,0.00962,0.049145,0.009759,-0.005602,0.02039,-0.039188,0.029781,-0.007701,0.016116,0.018822,-0.031594,-0.018564,-0.000241,-0.040134,-0.002181,-0.001849,0.012464,-0.022832,-0.004341,-0.028725,-0.036661,0.00466,-0.019826,-0.017026,0.001463,-0.015976,0.001628,-0.006264,-0.121253,0.003395,0.04191,0.003457,-0.022444,0.008383,-0.00503,-0.036454,0.022313,0.013398,0.010556,0.021154,-0.028104,-0.021847,0.025486,0.062212,-0.002494,-0.030958,0.005213,0.013554,-0.027557,0.038704,0.001655,0.011566,-0.000792
BROADCOM INC,0.004613,-0.006484,-0.011743,-0.010382,0.020606,0.023898,0.08995,0.041817,0.016236,0.015417,0.021012,0.015278,-0.001892,-0.025623,0.015229,-0.00471,0.008833,-0.005053,-0.003339,-0.005488,-0.027655,-0.024692,-0.00904,0.000257,0.024369,0.007108,-0.001774,0.017963,0.007,0.006572,-0.010126,0.03646,0.058825,0.007678,0.00476,0.022474,-0.019037,-0.020423,0.010698,-0.007891,-0.023308,0.016958,0.020275,0.015323,-0.016451,0.028144,0.01408,0.006809,-0.014368,-0.010553,0.008445,0.002258,-0.015485,-0.015199,0.000734,0.063098,-0.006537,0.009843,-0.009854,-0.005254,0.008585
JPMORGAN CHASE & CO,0.004869,0.007332,-0.000127,-0.010508,0.003071,0.011034,0.003659,0.008925,0.003364,0.018192,0.007561,0.006052,0.013355,-0.011279,0.005704,-0.000597,0.005914,0.005998,0.005313,-0.001174,0.01164,-0.004358,0.006595,0.005017,-0.001451,-0.007906,0.002109,-0.00421,-0.00734,-0.00627,-0.005358,0.001975,0.017262,-0.001174,-0.006584,0.008935,0.014311,-0.003816,0.002612,0.020495,-0.010836,-0.003613,0.005756,-0.001316,0.003438,0.001885,-0.003591,0.001201,0.004457,-0.008704,0.010157,0.021814,-0.00467,0.00391,0.00651,0.011996,0.005025,-0.003424,0.000491,0.00507,0.009112
BERKSHIRE HATHAWAY INC DEL,-0.008139,-0.001148,-0.00457,-0.007464,0.000908,0.001077,0.011272,0.00829,0.005583,-0.0108,-0.004524,0.008836,0.005978,-0.017828,0.002223,0.000927,0.00101,0.000336,0.001737,-0.002545,0.016262,0.011836,-0.008371,0.005252,0.007084,-0.003477,0.00278,-0.012448,0.000771,-0.00693,-0.005012,0.0086,0.012721,0.002916,0.011085,0.011958,0.011312,0.011947,-0.00576,0.010361,-0.008808,0.007036,0.011153,2.6e-05,0.007626,0.009956,-0.000428,0.002189,-0.001632,-0.007317,0.009828,0.011965,0.006296,0.002857,0.005158,0.014441,0.004962,-0.019366,-0.000562,0.007899,-0.006648
WALMART INC,-0.008671,-0.000259,0.009268,-0.010852,-0.006557,-0.010495,0.002519,0.000793,0.017772,-0.012204,0.003746,0.0146,0.003614,-0.011702,0.007091,0.011951,-0.001532,0.009398,-0.001964,0.000508,0.010403,6.3e-05,-0.009667,-0.006656,0.009827,0.006698,0.012429,-0.001116,0.001304,0.003161,-0.004696,0.013472,-0.005268,6.2e-05,0.002525,-0.014128,0.014579,0.008782,0.004687,0.003333,-0.002053,0.018517,0.007486,-0.005367,0.006818,-0.002532,-5.9e-05,-0.000531,0.006026,-0.006812,-0.003193,0.004092,0.006321,0.032285,-0.012283,0.009845,0.000855,0.018455,-0.000168,0.000503,-0.016941
UNITEDHEALTH GROUP INC,-0.007107,0.002047,0.003611,-0.001327,-0.002293,0.002736,-0.011077,0.003752,0.006029,-0.026903,-0.00584,-0.008604,-0.004767,-0.015476,0.007656,0.000827,-0.000538,0.005307,0.004036,0.002991,0.024446,0.004988,0.006254,-0.014741,-0.0016,0.003448,-0.001356,0.003794,-0.033668,-0.004525,0.011153,-0.016383,-0.024751,0.018727,0.004932,-0.004442,-0.038638,0.019862,0.002663,-0.001843,0.016144,-0.008989,0.006093,-0.014249,0.015329,0.017076,0.001348,-0.003596,-0.001119,-0.001526,0.000174,0.007622,0.001286,-0.000939,0.001746,0.008679,0.001405,-0.003642,-0.022653,-0.029489,-0.009392
VISA INC,-0.000896,-0.007838,0.000668,-0.001257,0.006017,-0.000313,0.00305,0.011851,0.010865,-0.013911,-0.002706,0.001318,0.00627,-0.011077,0.009451,-0.004277,0.002825,-0.000888,0.005677,-0.000192,-0.005685,-0.003438,0.006318,0.000308,0.010975,0.003009,0.004671,-0.002003,0.00053,0.00405,0.005241,0.005663,0.010293,0.001107,0.000221,0.001438,0.003534,-0.017131,0.021348,0.012753,-0.014036,0.01387,0.000469,-0.005772,0.004282,0.009503,-0.01106,0.002357,-0.00492,0.00269,0.006345,0.012322,-0.008613,-0.012242,0.005851,0.025257,-0.000529,0.001939,-0.003449,0.008687,-0.010468
MASTERCARD INC,0.001281,-0.014794,0.001127,0.004135,0.00675,-0.002396,0.008613,0.012124,0.00934,-0.014411,2.4e-05,0.014,0.00245,-0.014149,0.009512,0.001559,-0.001014,0.001629,0.004619,0.000446,-0.010832,-0.007395,0.002388,-0.000834,0.007677,0.001469,0.013417,-0.003619,0.005577,-0.001748,-0.002171,0.007721,0.01407,0.0068,-0.002251,-0.000137,-0.004331,0.003961,0.004675,0.010464,0.009075,0.026022,-0.000738,-0.008294,0.008188,0.003062,-0.007902,-0.000829,0.001813,0.003815,0.010272,0.013091,-0.006684,-0.03499,0.016159,0.027252,0.003944,0.002302,0.000506,0.008636,-0.008541
EXXON MOBIL CORP,0.002433,-0.005437,-0.019428,-0.013242,-0.006962,0.011482,0.000703,-0.01576,0.008873,0.026891,-0.006694,0.007433,0.013183,-0.016701,0.004542,0.001769,0.002257,-0.004699,-0.01446,-0.002096,0.023805,0.008402,-0.008719,0.00303,-0.016662,-0.012386,-0.009832,-0.000203,0.012973,-0.022611,-0.007268,-0.001856,0.00155,-0.001341,0.011258,0.017261,0.025402,0.008519,0.001262,0.016678,-0.019456,-0.004085,-0.004102,-0.004119,0.006893,-0.000293,0.01712,-0.02116,0.013757,-0.00853,-0.004934,0.028659,0.0,-0.009448,0.020438,-0.000858,-0.008782,0.003948,-0.00211,0.002788,0.001917
JOHNSON & JOHNSON,0.024053,0.003157,-0.002077,-0.012173,-0.00779,-0.006306,0.004145,6.5e-05,0.004643,0.006932,-0.010901,0.001805,0.006562,-0.020389,0.010243,0.004004,0.004374,0.001345,0.001471,0.001022,0.020607,0.006251,-0.002112,0.003113,0.002482,0.000619,0.001485,-0.004448,0.007695,-0.011516,-0.000561,0.004862,0.002915,0.004886,-0.016372,-0.005319,0.003774,-0.000376,-0.000878,-0.003702,0.000819,-0.003398,-0.011051,-0.005172,0.014506,-0.000506,-0.010001,0.002302,0.006953,-0.008743,-0.004665,0.013998,-0.00114,0.008368,0.005194,0.011155,0.008663,-0.006488,0.001182,0.003541,-0.001052
HOME DEPOT INC,0.019554,0.013766,-0.001605,0.008068,0.000184,0.00092,0.014887,0.005644,0.030612,0.02449,0.006225,-0.009011,0.003592,-0.009686,0.000889,-0.001089,0.002065,-0.002233,-0.003357,-0.002332,-0.004242,-0.019764,0.000976,0.012847,0.014551,-0.005001,0.030648,-0.000757,-0.0023,0.007647,-0.007617,0.006185,0.012601,-0.015783,-0.016569,-0.010006,0.010655,0.012337,0.001126,0.003936,-0.011593,0.020144,-0.007887,-0.005851,0.003125,0.018077,0.00284,-0.001567,0.006334,-0.021508,0.00179,0.007956,0.003517,0.000607,0.004303,0.019801,0.00167,-0.000968,0.010657,0.005458,0.007945
PROCTER & GAMBLE CO,-0.005602,-0.00393,-0.034855,-0.00075,-0.001023,-0.009215,0.004616,0.000823,0.01809,-0.026383,-0.004839,0.015351,0.0,-0.015461,0.002432,0.007071,0.004543,0.000822,-0.002259,0.005558,0.015013,-0.006051,0.005479,-0.008274,0.008615,0.004103,0.004287,0.003801,0.000598,-0.005379,0.001001,-0.005731,-0.003848,0.001965,0.041391,-0.01208,0.023008,0.003342,0.000128,0.008517,-0.002222,0.012982,-0.006848,0.000759,0.004741,0.001006,-0.003017,-0.00769,-0.001969,-0.005347,-0.004095,0.008867,0.003185,0.006349,0.011924,0.000998,0.002927,-0.00503,-0.005742,0.004708,-0.006935
BERKSHIRE HATHAWAY INC DEL,-0.006386,-3.5e-05,-0.005798,-0.007473,0.004783,0.004128,0.012792,0.004265,0.011944,-0.010867,-0.009607,0.012312,0.006293,-0.01967,-0.005039,0.002957,0.001907,0.000212,0.002299,-0.004358,0.013199,0.011392,-0.008093,0.004986,0.008082,-0.00408,0.001959,-0.010572,0.00019,-0.007756,-0.004146,0.007752,0.013164,0.002885,0.010419,0.012132,0.009167,0.010567,-0.006011,0.010159,-0.011391,0.006194,0.01358,-0.00016,0.005032,0.011699,-0.003838,0.003501,-0.003335,-0.00543,0.01204,0.009983,0.005084,0.005006,0.006313,0.013775,0.005468,-0.021583,0.003159,0.006083,-0.007236
COSTCO WHOLESALE CORP NEW,0.005922,0.004746,0.010466,0.003436,0.005795,-0.000278,0.021415,0.009041,0.019857,-0.017477,0.044453,0.034031,-0.005138,-0.0247,0.006293,0.009682,0.004497,0.010643,-0.005549,-0.004554,-0.014286,-0.00916,0.005677,0.011815,0.008658,0.008297,0.008364,0.001219,0.014341,-0.002561,0.003962,0.00456,0.011145,-0.00354,-0.007105,-0.001571,-0.009628,0.010266,0.01038,0.009697,-0.008363,0.015283,0.007097,0.002368,-0.00052,0.012648,0.006085,-0.001049,-0.001369,-0.011296,0.011103,0.003226,-0.000718,0.002348,-0.003679,0.01574,0.004807,0.010055,-0.000859,0.004364,-0.005441
MERCK & CO INC NEW,0.009563,0.015465,0.011137,-0.005648,-0.016567,-0.001251,0.005976,-9.6e-05,0.026351,-0.004295,-0.007272,0.008848,0.004244,-0.010611,0.009776,0.012313,-0.00065,0.003252,0.007316,0.002298,0.038709,0.013511,0.019517,0.001795,0.001365,0.008945,0.003631,-0.003618,0.001689,-0.00118,-0.003038,0.003471,0.002953,0.004542,0.003433,-0.008011,0.010515,0.005744,0.003807,0.003133,-0.007233,0.046365,0.000237,-0.00182,0.005548,0.00465,-0.006747,-0.009162,-0.000877,0.000718,0.003109,0.005722,0.009878,-0.003287,0.005888,0.008898,0.00147,-0.004712,0.001475,-0.00651,-0.008113
ADVANCED MICRO DEVICES INC,0.001898,-0.023231,-0.001602,-0.013178,0.09887,0.004285,0.042585,0.023808,0.004215,-0.001375,0.008333,-0.001797,0.008999,-0.033393,0.032775,-0.002216,0.027292,0.018548,0.018416,-0.009075,-0.059901,-0.023524,0.005099,0.018896,0.054842,0.02107,-0.004824,-0.003501,-0.009864,0.083106,0.009008,0.015608,0.071064,-0.034724,0.001427,0.058604,0.011442,-0.01708,0.003272,-0.032447,-0.025398,0.016638,0.042116,-0.019307,-0.036446,0.018227,-0.009301,0.018482,-0.003305,-0.002152,0.04174,-0.010856,-0.01635,-0.047047,-0.00845,0.106945,-0.029363,-0.002889,0.011306,-0.008202,0.090574
ABBVIE INC,0.007163,0.00516,0.002914,0.01252,0.010862,0.008853,0.01313,0.013224,0.006917,0.003759,-0.005424,-0.004025,0.001173,-0.012435,0.005933,0.015401,-0.002065,0.001682,-0.000839,0.001422,0.031296,0.004005,0.006232,0.004212,-0.004379,0.005451,0.015896,-0.006732,0.001038,-0.005665,0.003468,0.007776,0.009002,0.003763,0.012758,-0.019582,0.005541,-0.004421,-0.00298,0.006162,-0.003153,0.019404,0.006444,0.015355,0.011853,0.009926,-0.001257,-0.004062,-0.005802,0.001271,0.006521,0.012441,0.005097,-0.009803,-0.003471,0.009193,0.007581,0.004043,0.001007,-0.005531,-0.010955
ORACLE CORP,0.008175,-0.011779,-0.010796,-0.021828,0.007498,0.006556,0.013379,-0.124381,0.021625,-0.026022,0.030007,0.01626,0.011905,-0.019765,0.016419,0.003212,-9.4e-05,-0.002354,0.002926,-0.007718,-0.012994,-0.015376,0.001269,0.001365,0.018787,-0.009841,0.006658,0.008179,0.017467,-0.000281,-0.001314,0.021329,0.008924,0.003921,0.015713,0.022177,0.006036,-0.00313,-0.007763,0.003604,-0.021549,0.034288,0.002251,0.005182,-0.009365,0.017086,-0.005031,-0.000343,-0.006859,-0.018646,0.005102,-0.012953,-0.013034,-0.025694,-0.002674,0.02635,0.008468,-0.008754,0.003695,0.002694,0.0
SALESFORCE INC,0.032156,-0.035923,0.001436,-0.007529,-0.001124,0.007876,0.005143,0.017255,0.003392,-0.000428,0.017068,0.007607,0.002845,-0.015473,0.026897,-0.003405,-0.000451,0.001878,-0.004274,-0.009187,-0.02664,-0.016749,-0.002382,-0.000478,0.038826,0.001802,0.010676,0.027449,0.002027,-0.010076,0.008358,0.011126,0.023391,-0.002065,-0.012594,0.000397,0.007765,0.003261,0.028292,-0.000452,-0.023077,0.009641,0.006554,0.008577,-0.007914,0.010531,0.010767,-0.002226,-0.013663,-0.021474,0.028455,0.009649,-0.007604,-0.011494,-0.009917,0.03562,-0.002895,0.025922,-0.002963,0.000901,0.03019
CHEVRON CORP NEW,0.008426,0.000414,-0.013875,-0.00231,-0.000772,0.013271,0.000277,-0.012816,0.014807,0.036789,-0.003868,0.002209,0.013095,-0.009166,0.003062,0.002256,0.009004,-0.003281,-0.014087,-0.004073,0.002145,0.019066,-0.010963,-0.001726,-0.005984,-0.025418,-0.008236,0.005398,0.013698,-0.024309,-0.003967,-0.009083,0.002961,0.001758,-0.002807,0.019917,0.025186,0.003837,-0.000402,0.006976,-0.017919,0.00312,0.029414,0.000591,0.000131,-0.001444,0.012687,-0.019603,0.006886,-0.009732,0.002722,0.03364,0.001101,-0.004074,0.009351,-6.4e-05,-0.004954,-0.001358,-0.014827,0.001183,-0.002166
BANK OF AMERICA CORP,0.015415,-0.004522,-0.007787,-0.001635,0.004258,0.009785,-0.003553,-0.003566,0.04229,0.059301,-0.010018,-0.005059,0.002393,-0.015816,0.006671,0.006928,0.012863,-0.000591,0.001182,-0.006198,0.006831,-0.010915,0.008053,0.018639,-0.007842,-0.015515,-0.000892,-0.013393,-0.010558,-0.020732,-0.009963,-0.002201,0.015443,0.010242,0.006759,0.006408,0.012432,0.001198,0.005384,0.035109,-0.02242,-0.013525,-0.002384,-0.014341,0.001516,0.004237,-0.001808,-0.00151,0.016631,-0.025877,0.011603,0.028373,0.000587,-0.003813,-0.007656,-0.002671,0.009223,-0.009139,0.019935,0.000875,0.013116
NETFLIX INC,-0.017364,-0.025422,0.002754,-0.018499,0.011797,0.003894,0.013509,0.006762,0.036674,-0.021147,0.004746,0.029784,0.018308,-0.011616,0.004783,-0.009865,0.009101,0.001222,-0.002603,-0.0074,-0.037751,0.003757,0.009378,-0.001285,0.023141,-0.006061,-0.007799,0.02906,-0.000142,-0.022188,-0.001891,0.010368,-0.004863,0.005715,0.013341,0.107032,0.031439,0.014982,0.009414,-0.022474,0.002239,0.006027,-0.005057,-0.004569,-0.010995,0.006152,-0.001377,0.004995,-0.006182,-0.005969,0.044741,0.02439,-0.016025,-0.015104,-0.003095,0.026371,-0.008344,0.007009,0.023858,-0.008626,0.010797
COCA COLA CO,0.003422,-0.001194,0.001537,-0.001023,0.002389,-0.002213,0.007337,0.006436,0.008583,-0.014851,-0.007453,0.007167,-0.003219,-0.020738,0.006596,0.005691,0.004115,0.002561,0.000681,0.003064,0.015103,0.00234,-0.003336,-0.001506,0.007374,-0.00183,0.003333,-0.006478,0.009697,-0.006624,0.0,0.002834,-0.005485,-0.004346,0.0047,-0.015706,0.004244,0.00355,0.006064,0.002846,-0.006845,0.025046,-0.007215,-0.008259,-0.001666,0.000834,-0.002667,-0.004513,0.002351,-0.005863,-0.001011,0.001855,-0.000168,0.022058,0.008896,-0.00147,0.000818,-0.008007,-0.006095,0.000994,-0.006291
ADOBE INC,0.002389,-0.012915,-0.003871,-0.010827,0.021957,0.00202,0.024901,0.013532,-0.014834,-0.063467,6.8e-05,0.024714,0.009197,-0.01419,0.006845,-0.002316,-0.000818,-0.003644,-0.000939,0.001813,-0.027707,-0.014274,-0.00829,-0.004321,0.02825,0.009732,0.00824,0.01093,-0.00159,0.001911,-0.002644,-0.004026,0.030066,-0.013016,-0.01062,0.015573,0.026547,-0.013894,0.02655,-0.003602,-0.016211,0.016397,0.010909,-0.006711,-0.03705,0.014346,1.6e-05,0.01843,-0.024505,-0.016262,0.004602,-0.023517,-0.074148,-0.008689,-0.006256,-0.001764,0.029522,0.01272,-0.014256,-0.001213,0.015331
PEPSICO INC,0.002377,0.002668,-0.007095,-0.00256,-0.000298,-0.01063,0.012917,0.003873,0.021013,-0.021859,-0.007429,0.011437,-0.005684,-0.013456,0.007725,0.004252,0.007037,0.003198,-5.9e-05,0.002657,0.018076,0.000231,-0.008557,-0.014755,0.001006,-0.011472,-0.001495,-0.004733,0.006862,-0.006576,0.001625,0.004386,-0.008315,-0.004041,0.015323,-0.012169,0.005797,0.007805,0.001728,0.008742,-0.006426,0.01881,-0.004252,-0.000292,0.002925,0.000292,0.01388,-0.035548,0.017535,-0.01014,-0.008053,0.00203,-0.009174,0.014009,0.001067,-0.003435,0.008024,-0.007901,-0.000594,-0.00672,-0.002544
THERMO FISHER SCIENTIFIC INC,0.000746,-0.001592,-0.00755,0.004496,0.000587,-0.008763,0.010658,0.004808,0.042564,0.006422,-0.006692,0.001139,0.018356,-0.016492,0.013727,0.004729,0.001229,0.003681,0.002426,-0.004034,0.02517,-0.028172,0.016149,-0.011408,0.019107,0.000868,0.003839,0.003806,-0.003077,-0.004262,-0.005074,0.009587,0.013464,0.002972,-0.004789,-0.019519,-0.003296,0.016945,0.019074,0.016763,-0.049619,0.024584,-0.000742,-0.000362,0.015699,-0.014225,-0.002571,-0.000254,-0.007063,-0.015104,0.017954,0.000547,-0.001331,0.000548,0.008593,0.013819,0.007529,-0.002178,0.004774,0.01035,-0.003234
MCDONALDS CORP,0.014618,0.000595,0.001433,0.001117,-0.000244,-0.004393,0.012678,0.007851,0.015476,-0.019971,-0.009482,0.010304,0.001723,-0.005985,0.008305,0.001064,0.003977,0.005771,0.00438,0.002265,0.001787,-0.008921,-0.009002,-0.009426,0.01007,-0.003529,0.01107,0.000204,-0.002312,-0.00811,0.000241,0.010991,0.020961,-0.007054,0.005496,0.0013,-0.010751,-0.016655,0.000171,0.008005,-0.00655,0.018311,-0.003455,-0.0373,-0.004616,0.009415,0.01601,-0.008427,-0.000104,-0.00805,0.003692,0.012805,0.000548,0.002157,0.004306,0.006839,0.006184,-0.002116,-0.011309,0.004868,-0.004201
ABBOTT LABORATORIES,0.005657,0.002956,-0.007986,0.005654,-0.008481,0.004421,0.016362,0.004331,0.005343,0.012587,-0.012063,0.007177,0.003331,-0.009408,0.010056,0.00507,0.001834,0.005127,0.005556,-0.002989,-0.001999,-0.003004,0.013331,-0.001622,0.01444,0.002936,0.014814,-0.003059,0.0037,-0.001404,0.001494,0.00079,0.005876,-0.00436,-0.001664,-0.028333,0.015167,-0.003913,0.012856,0.000264,-0.002908,0.011843,-0.020788,-0.004103,0.021048,-0.006053,-0.007766,-0.005515,0.00644,-0.010575,0.006467,0.0141,0.003256,0.023068,0.010545,0.009756,0.003697,-0.006446,0.005982,0.005444,-0.011745
DISNEY WALT CO,-0.001187,-0.006157,-0.013259,0.00782,0.00929,0.008338,-0.00668,-0.012256,0.019326,0.011957,-0.00511,-0.00642,0.011523,-0.028319,0.008217,-0.010867,-0.000769,-0.006267,0.000221,-0.001217,0.004652,0.010363,-0.011893,0.003754,0.007151,-0.020535,-0.004238,0.001792,0.010062,0.029884,-0.029124,0.0207,0.009218,0.021707,-0.013778,-0.002879,0.014546,0.005271,0.022336,-0.005642,-0.009181,0.010515,0.000721,-0.004942,0.027315,-0.001511,0.114989,-0.01945,0.008303,0.010705,0.009958,0.007978,-0.007559,-0.019355,-0.016173,-0.000279,0.000929,-0.000557,0.016159,0.012612,0.00704
WELLS FARGO & CO NEW,0.009643,0.002221,-0.013963,0.000225,0.020225,0.015418,-0.002169,0.010217,0.02776,0.05758,-0.00396,-0.01292,0.008659,-0.014973,0.002229,-0.00546,0.009353,-0.006245,0.003041,-0.005255,0.002235,-0.013177,0.012325,0.012987,0.0,-0.01262,-0.00426,-0.000815,-0.033442,-0.012236,-0.003204,-0.004928,0.036176,0.00852,0.012157,0.007533,0.00788,0.008821,0.000596,0.016683,-0.01973,-0.021921,0.008824,-0.009357,-0.008419,0.003935,-0.002682,-0.005998,0.017894,-0.0139,0.006012,0.072326,-0.002498,-0.002697,0.017191,0.013483,0.009181,0.005013,0.012562,-0.001642,0.015899
CISCO SYSTEMS INC,0.00186,-0.008665,-0.002497,-0.004799,0.01174,0.002487,0.020876,-0.001215,0.007298,-0.005031,0.008697,0.007419,-0.001194,-0.007573,-0.002008,0.007847,0.003793,0.003182,0.000793,0.000792,-0.000198,0.007721,-0.008513,0.0002,0.007387,-0.0109,0.006612,0.003981,-0.001983,0.004966,-0.005732,0.008946,0.010246,0.005851,0.003684,-0.008694,0.019879,-0.003631,0.002877,-0.000956,-0.039433,0.0,0.0,-0.013352,0.009493,-0.004202,0.003617,0.003604,-0.002793,-0.007001,0.012893,-0.024264,-0.012638,-0.003303,0.004143,0.001856,0.005971,-0.009415,-0.00186,-0.005175,0.00645
T MOBILE U S INC,0.011964,0.003613,0.007853,0.00974,0.005531,0.000256,0.015665,0.010009,-0.005547,-0.016797,-0.00459,0.000704,-0.002496,-0.008533,0.002524,0.005035,0.007193,0.007078,0.006395,0.008682,0.009855,0.00105,0.001357,0.006593,0.000245,-0.001285,0.000551,-0.006859,0.002282,0.003322,0.007297,0.003774,0.001637,-0.004723,-0.003893,-0.010627,0.003457,-0.002461,0.005735,-0.008523,-0.002907,0.007877,-0.004431,0.001422,-0.006234,0.004845,-0.005254,0.00783,-0.002651,-0.001731,-0.000372,0.000929,-0.00718,0.010224,0.012342,-0.003048,0.00483,-0.002616,0.004332,-0.004981,0.000916
DANAHER CORP,0.000761,-0.006041,-0.01211,0.006015,-0.008335,-0.006532,0.017748,-0.007228,0.032355,0.010535,-0.008811,-0.003433,0.011879,-0.010169,0.015608,4.3e-05,0.004515,0.006309,0.00219,-0.007678,0.014913,-0.016951,0.007842,-0.010016,0.019845,-0.016989,-0.005328,-0.007316,-0.011932,0.006704,-0.00957,0.007703,0.020945,0.003982,0.00056,-0.015037,-0.005337,0.024671,0.003991,0.047108,-0.020576,0.021758,0.004895,-0.00207,0.009682,-0.006285,-0.003122,-0.011876,0.01597,-0.021472,0.026746,0.003911,0.004177,-0.00892,0.011624,0.008298,0.004392,-0.008627,0.012756,0.003335,-0.010051
INTUIT INC,0.005005,-0.006704,0.002296,-0.009707,0.00929,0.004217,0.022234,0.012818,0.026995,-0.014814,0.012193,0.016302,0.0049,-0.009252,0.008575,0.00496,0.00125,0.006834,-0.001748,-0.004761,-0.03403,-0.020902,-0.007308,0.003749,0.015891,0.012868,0.005816,1.6e-05,0.005076,-0.013027,-0.006608,0.019205,0.017698,0.013549,0.008262,0.000566,0.008347,-0.000203,0.017962,-0.007904,-0.025304,0.002423,0.010619,0.001595,-0.008273,0.012388,0.015393,0.007794,-0.001778,-0.028463,0.029516,0.010881,-0.012856,-0.014991,-0.011828,0.030786,0.002873,0.006108,0.008315,-0.015239,0.005659
INTEL CORP,-0.021477,-0.031779,-0.010154,-0.015506,0.021323,0.013049,0.043091,-0.011226,0.012035,0.013686,0.021691,-0.010182,0.02123,-0.019289,0.028846,0.019541,0.052083,0.005148,-0.007289,-0.002778,-0.048756,-0.01569,-0.003826,0.000427,0.033269,-0.008256,-0.012071,0.003581,-0.010915,-0.001273,-0.02125,0.014763,0.030167,0.001454,0.013895,0.004091,0.009371,-0.119072,0.004353,-0.020985,0.003728,0.0065,-0.017528,0.003991,0.002221,0.000936,-0.006545,0.019059,0.016624,-0.019759,0.023865,-0.003168,-0.012259,0.023213,-0.023585,-0.011272,0.000233,0.0,-0.006048,-0.017318,0.025244
QUALCOMM INC,0.004804,0.002159,0.006156,-0.006042,0.02293,0.000226,0.023539,0.004261,0.015511,0.019452,0.01152,-0.01034,0.011154,-0.019479,0.014241,0.007372,0.013729,0.001787,0.000961,-0.008433,-0.030423,-0.018755,-0.010393,0.004112,0.016822,0.006186,-0.004146,-0.00201,0.008415,0.006562,-0.012755,0.042851,0.045908,0.005988,0.004121,0.005668,0.000648,-0.024277,-0.007166,-0.024459,0.017331,-0.049828,0.00411,0.016515,0.000486,0.012422,0.015697,0.019031,0.013907,-0.019987,0.025993,0.013252,-0.021092,-0.004781,0.000329,0.018025,0.001034,0.013685,0.008088,-0.010423,0.012448
GENERAL ELECTRIC CO,0.005747,-0.007918,-0.010697,-0.003493,-0.002754,0.00929,-0.002571,0.01696,-0.00932,0.001403,0.015492,0.003327,0.018602,-0.020407,0.029181,-0.002205,0.006157,0.006354,0.000936,-0.005377,-0.013163,-0.015006,0.004836,0.013076,0.015757,0.003898,0.007144,0.001002,-0.000308,-0.014023,-0.008518,0.013162,0.009802,0.010939,-0.009754,-0.000154,0.0,0.009698,-0.000686,0.021587,-0.011275,0.02258,0.008345,0.008569,-0.000944,0.006687,0.003971,0.001654,0.00639,0.011415,0.033364,0.012765,0.005325,-0.00362,0.003028,0.017441,0.010945,0.009392,-0.00504,0.01052,0.008226
COMCAST CORP NEW,0.007639,0.020611,-0.034123,0.001923,0.011514,-0.00166,0.013302,0.000234,0.023436,0.022212,-0.003584,0.004946,0.0,-0.011186,-0.004072,-0.000454,-0.001591,0.001366,0.002955,-0.00612,0.002509,-0.008244,-0.015701,0.009618,0.016032,-0.01029,0.004621,-0.00483,-0.006471,0.002326,-0.017173,0.004486,0.019041,0.006228,0.007565,-0.003413,0.033562,0.021869,-0.003242,0.011711,-0.002358,0.004082,-0.035095,-0.004879,-0.010029,-0.035119,-0.037564,0.019879,0.012836,-0.017836,0.004062,-0.005236,-0.013397,0.010184,0.004561,0.001434,-0.000239,0.006921,0.001896,-0.002839,0.016607
INTERNATIONAL BUSINESS MACHS COR,0.012551,0.003426,0.0018,-0.006878,-0.000374,0.01086,0.00957,0.007339,-0.006618,-0.004339,-0.004174,0.003144,-0.007251,-0.009346,0.004561,0.008459,0.006599,0.001532,0.001774,-0.001221,-0.012534,-0.008669,0.004747,-0.010568,0.01244,-0.006578,0.007184,0.005768,0.022447,0.006996,-0.005271,0.004576,0.027811,0.007873,0.006423,-5.8e-05,0.094866,-0.015806,-0.001494,0.003901,-0.022409,0.017641,-0.005939,-0.012756,-5.4e-05,0.001799,0.012409,0.01074,-0.000966,-0.013215,-0.000708,0.017977,0.004121,-0.022383,-0.020388,0.025097,0.008197,-0.008561,0.004019,0.002326,-0.001457
VERIZON COMMUNICATIONS INC,0.006522,-0.013997,0.009989,0.002082,0.003896,-0.010349,-0.015163,-0.009822,-0.008311,0.02379,-0.013203,0.008028,-0.002655,-0.007187,0.003485,0.001603,-0.000267,-0.004536,0.004824,0.005601,0.0313,0.007202,0.005363,0.021082,-0.002488,-0.00985,0.001025,-0.030195,0.017414,0.018932,-0.01069,0.001801,0.010016,0.006356,0.066953,-0.022496,0.024467,0.002601,-0.008255,0.009988,-0.002826,0.003306,-0.008473,-0.017802,-0.006767,-0.016545,-0.012618,-0.004761,0.009567,0.000748,0.000498,0.010959,-0.002464,0.000247,0.014815,-0.009002,-0.001719,-0.023856,0.006047,0.004257,-0.001995
APPLIED MATERIALS INC,0.012084,-0.021901,-0.014298,-0.009921,0.025501,-0.004515,0.05023,0.013407,-0.001463,0.030257,0.001298,-0.009818,0.012285,-0.033327,0.028486,0.00409,0.013761,-0.000426,-0.006638,-0.006437,-0.04751,-0.018916,-0.01413,-0.002076,0.017181,-0.003497,-0.008078,0.014285,-0.004607,0.016595,-0.002536,0.045446,0.047399,0.002144,-0.007427,0.042442,-0.008671,-0.033192,0.009467,-0.013295,-0.01167,0.016251,0.007247,0.017303,-0.013969,0.013041,0.017496,0.068722,-0.001614,-0.028188,0.032611,0.007895,0.063466,-0.052262,0.007984,0.049388,-0.012867,0.03241,-0.00339,-0.026225,0.020654
CATERPILLAR INC,0.024091,-0.007828,0.001727,0.003057,0.005626,0.008119,0.005472,0.001955,0.025016,0.064186,0.001999,-0.000105,0.025375,-0.011094,0.001243,0.001,0.01815,0.008423,-0.004159,-0.004076,-0.010011,-0.028732,0.006331,0.009892,0.011491,0.000137,0.003627,-0.004398,-0.00565,-0.01095,-0.029941,0.011736,0.016602,0.011883,0.000554,0.006405,0.034712,-0.004455,0.012758,0.004979,-0.014602,0.024575,0.02405,0.020026,0.004107,0.002696,-0.004914,-0.015031,0.014094,-0.02733,0.012371,0.020082,-0.003591,-0.02538,0.010837,0.015608,0.005557,0.004631,0.006915,0.005891,0.013351
UBER TECHNOLOGIES INC,0.017205,0.022319,-0.011257,0.030706,0.020586,0.011807,0.012318,0.004163,-0.011958,0.008553,-0.01024,-0.002102,0.006318,-0.023181,0.012854,0.004068,0.004375,0.020975,-0.002212,-0.024865,-0.051811,-0.002227,-0.007725,-0.003806,0.024835,0.021861,0.034992,0.016985,-0.004254,0.00712,-0.008327,0.027883,0.003545,-0.008601,-0.003563,-0.008706,0.035132,-0.007273,0.022283,-0.00209,-0.023489,0.022369,0.020081,0.013516,0.021452,0.002554,0.013588,-0.009775,-0.025243,-0.001881,0.147268,0.028301,-0.036614,-0.023084,-0.002089,0.020801,0.002179,0.002046,0.004977,-0.012952,0.022771
AMERICAN EXPRESS CO,0.017509,-0.002935,-0.014834,-0.018573,0.006626,-0.001127,-0.000237,0.015737,0.02058,0.024633,0.009225,0.012465,0.01636,-0.027456,0.022917,0.004221,0.002102,0.005915,0.003956,-0.002449,0.005178,-0.010568,0.007621,0.01026,0.000793,-0.012896,-0.009638,0.000324,-0.01616,-0.005878,0.000166,-0.006685,0.0188,0.010045,0.002486,0.001887,0.012109,0.071037,-0.00283,0.01638,-0.016703,0.012354,0.015697,-0.002277,-0.001408,0.016679,0.010188,0.005966,-0.000988,-0.012202,0.005866,0.007729,0.000141,-0.000329,-0.00753,0.0147,0.002664,0.011186,0.004701,0.000229,0.006375
SERVICENOW INC,0.007364,-0.004589,0.000873,-0.002892,0.002113,0.016578,0.00864,0.016111,-0.001172,-0.049257,0.026235,0.007848,0.00567,-0.019655,0.010032,-0.004581,0.005276,0.003608,-0.001847,0.005737,-0.026851,-0.017774,-0.005079,0.006385,0.029727,0.003461,0.022371,0.017024,0.003744,-0.002222,-2.8e-05,0.025318,0.004223,0.004459,0.001289,0.013273,0.004283,0.003587,0.023134,-0.001918,-0.025874,0.007316,0.013359,0.004531,-0.009416,0.016644,0.011412,0.016925,-0.031478,-0.01726,0.023573,-0.015152,-0.019231,-0.015895,-0.006509,0.028438,0.002288,0.011272,-0.016058,-0.009581,0.015202
UNION PACIFIC CORP,0.027079,0.010935,-0.007396,0.003446,-0.000773,-0.00743,0.009836,0.003793,0.016229,0.026068,-0.003624,-0.003637,0.006429,-0.019823,0.017953,0.006072,0.00702,0.00212,0.000854,-0.001626,-0.008916,-0.007107,-0.002648,-0.004771,0.002959,-0.013341,0.006697,-0.010962,0.005627,-0.00631,-0.001693,0.009245,0.005378,0.016049,0.000905,-0.00411,-0.003136,-0.004885,0.019884,0.006241,-0.011228,0.021892,-0.003771,-0.006805,0.013096,-0.002841,-0.001365,0.002532,-0.008218,-0.007235,0.018322,0.001759,-0.015805,0.00223,0.016914,0.012693,0.00943,-0.016621,0.002573,0.007896,-0.001181
TEXAS INSTRUMENTS INC,0.016371,0.014239,-0.00108,-0.007631,0.010445,-0.004122,0.018723,-0.012815,0.024633,0.043075,-0.000829,-0.007234,0.006451,-0.019703,0.009868,0.008573,0.015276,0.002459,0.002862,-0.007337,-0.00704,-0.014888,-0.013644,0.003861,0.020836,0.000534,-0.008184,-0.009865,-0.004408,-0.006005,-0.00894,0.027676,0.040381,0.006795,-0.002803,-0.024492,-0.015582,-0.01989,0.011884,-0.016201,-0.01191,-0.002685,-0.003068,-0.001884,-0.003335,0.002526,0.00907,0.01367,-0.008128,-0.02626,0.006503,0.01799,-0.002053,0.014715,0.008234,0.008228,-0.010518,0.003727,0.003895,-0.011519,0.026313
PFIZER INC,-0.051198,0.012798,-0.006489,-0.010313,-0.005558,0.005239,-0.004865,-0.002095,-0.06718,-0.01988,0.019135,0.016147,0.04065,-0.018821,0.024611,0.003179,0.000352,0.00704,0.006292,0.0,0.03265,0.0,-0.021527,0.013063,0.003733,-0.006085,-0.013946,-0.020352,0.010563,-0.013241,-0.006003,-0.002131,0.006764,0.001061,0.004239,-0.003517,-0.015531,0.0,0.000364,-0.016739,0.002221,0.007755,-0.013192,-0.013368,0.035002,0.002182,0.000363,-0.000363,0.003628,-0.024946,0.005191,0.014755,0.003999,-0.001086,0.0029,-0.004337,0.007623,-0.020893,-0.01067,0.005578,-0.017752
AMGEN INC,0.010421,0.00033,-0.006128,-0.005612,0.007277,-0.008072,0.011222,0.006798,0.027848,-0.01882,-0.003149,0.000109,0.010745,-0.011708,0.015081,0.017291,-0.000915,0.009264,0.006736,-0.001525,0.032533,0.011097,0.008248,-0.000561,0.026007,-0.011644,-0.008755,-0.004826,0.01125,-0.009885,0.001977,0.001348,0.010904,0.007635,-0.000806,-0.01423,0.015581,0.004867,0.005389,0.003733,-0.001144,0.032775,-0.004221,-0.003775,-0.018325,-0.06391,-0.003447,-0.012651,0.01137,-0.013416,-0.001411,0.004309,-0.018577,-0.00067,-0.000176,0.006068,0.014026,-0.009717,-0.027517,-0.003699,-0.013083
MORGAN STANLEY DEAN WITTER & CO,0.019536,0.003956,-0.012806,-0.00948,0.011837,0.02402,0.006563,0.009418,0.024282,0.063179,0.005931,-0.008954,0.012781,-0.008486,0.016349,-0.002375,0.004653,0.008832,-0.000214,-0.004165,0.006971,-0.021193,0.002611,0.011829,0.002896,-0.015506,-0.0063,-0.010603,-0.008949,-0.041583,-0.018146,-0.006042,0.017163,0.00457,0.011781,0.009569,0.005139,-0.003295,-0.001254,0.009701,-0.004337,-0.004814,0.005183,-0.015813,0.002445,-0.001161,-0.00407,0.002802,0.01141,-0.033383,0.000357,0.019881,0.009688,-0.013295,0.001289,0.004564,0.008154,-0.010168,-0.002101,0.006551,-0.000116
PHILIP MORRIS INTERNATIONAL INC,0.007391,-0.011909,-0.004197,-0.015561,0.00022,0.002085,0.018399,-0.001183,0.016365,0.00286,-0.002218,0.004446,0.00411,-0.020783,0.009131,0.001185,0.003335,0.005684,0.003199,0.0,0.015731,-0.001465,0.002515,-0.003763,0.010388,-0.00727,-0.011717,0.007198,0.001261,-0.007977,-0.008465,-0.005549,-0.009336,0.001192,-0.006816,-0.010022,0.003631,-0.003947,0.009356,0.000654,-0.009917,0.026858,-0.003216,-0.014625,0.000327,-0.0024,-0.026575,0.001236,0.009874,-0.009,0.000336,-0.00269,0.00753,-0.000112,0.010375,0.006846,0.004057,-0.012451,-0.002654,0.002661,-0.005087
LOWES COMPANIES INC,0.0256,0.017801,-0.007854,0.0135,-0.001917,-0.002256,-0.007169,0.011437,0.032343,0.046832,0.000222,-0.006782,0.00607,-0.015127,0.006937,-0.00246,-0.000807,0.000314,4.5e-05,-0.00157,-0.017524,-0.029179,-0.004947,0.006107,0.021787,-0.000599,0.014746,-0.000227,-0.005678,0.006943,-0.010797,0.000825,0.008157,-0.000682,-0.019512,-0.018278,0.007267,-0.000472,-0.00066,0.012651,-0.007831,0.034721,-0.00336,-0.006743,0.000505,0.016367,-0.005864,0.008485,0.034194,-0.019273,0.006654,0.006169,-0.006482,-0.005907,0.01011,0.011941,0.008893,-0.005332,0.017595,0.014487,0.007831
INTUITIVE SURGICAL INC,0.014027,-0.01066,-0.00744,0.002391,0.00419,-0.003659,0.016139,0.016739,0.025724,-0.008451,-0.00561,0.012548,0.022228,-0.030651,0.024644,0.008427,0.003361,0.000237,0.002726,-0.003044,-0.018912,-0.026739,0.003539,-0.002382,0.019721,0.005169,0.102523,-0.005872,0.003864,-0.003794,-0.009522,0.036363,0.00777,0.002641,-0.011708,-0.003608,0.013241,-0.00056,0.011741,-0.004932,0.002465,0.014833,-0.000156,0.000443,0.014976,0.004324,-0.011332,0.003308,-0.015687,-0.008479,0.007575,-0.004165,-0.004051,-0.002615,0.006858,0.023275,0.001773,-0.003848,-0.004662,0.000336,-0.002561
S & P GLOBAL INC,0.014838,0.00519,-0.002452,-0.010611,-0.003057,-0.004792,0.02015,0.007221,0.019798,0.00579,-0.004569,0.001446,0.000573,-0.020222,0.01136,0.004969,0.003197,0.008642,0.004182,-0.002988,-0.009375,-0.014964,-0.000442,-0.00405,0.009908,-0.004628,0.006881,0.002447,0.006472,-0.00103,0.002703,0.004272,0.005346,0.005679,0.004567,-0.001321,0.007715,-0.006098,0.007188,0.01056,-0.013662,0.019784,-0.006933,-0.005528,0.003876,0.014185,-0.050226,0.002886,-0.019092,-0.016413,-0.003006,0.007787,-0.002167,0.005761,-0.003944,0.025664,0.007008,-0.009013,-0.012852,0.003623,-0.002352
STRYKER CORP,0.004927,-0.022969,-0.001512,-0.009088,0.005245,-0.000968,0.013594,0.005119,0.013581,-0.00479,-0.023393,0.004549,0.00175,-0.012569,0.026777,0.004966,0.005277,-0.000201,0.003043,0.001137,-0.010786,-0.007731,0.013982,-0.009126,0.015745,0.010901,0.014938,0.003931,0.012654,0.004442,-0.001941,0.003316,0.001049,-0.00565,-0.003479,-0.014191,0.013518,-0.001763,0.010085,0.006805,0.0595,0.015142,0.004375,0.002514,-0.009157,0.008682,-0.010767,0.008642,-0.002544,-0.003782,0.028311,-0.001803,0.001462,-0.003521,-0.001465,0.016084,0.005324,-0.007239,-0.000709,-0.001164,-0.00776
CONOCOPHILLIPS,-0.002942,-0.006075,-0.012137,-0.023157,0.002986,0.011006,0.000803,-0.009807,0.007113,0.027716,-0.003567,0.003143,0.013838,0.001717,0.0012,0.007104,0.011559,-0.004453,-0.016795,-0.003691,0.013096,0.0199,-0.028767,0.000429,-0.01742,-0.015197,-0.014012,-0.001619,0.006306,-0.027395,-0.009849,-0.00595,0.008791,0.001761,-0.000648,0.015557,0.021702,0.001606,-0.005614,0.021953,-0.019114,-0.00438,-0.006734,-0.005966,0.014095,0.007174,0.014067,-0.024056,-0.00054,-0.011971,0.003189,0.015074,-0.003874,-0.009315,0.0304,-0.005759,-0.006327,0.008161,-0.007205,0.003853,0.004463
HONEYWELL INTERNATIONAL INC,0.009494,0.002933,-0.007108,0.004265,0.0,-0.016078,0.0297,0.005589,0.007791,0.001625,-4.9e-05,0.008358,-0.002438,-0.008309,0.010596,0.002877,0.011671,0.004711,0.000718,0.002582,-0.003386,-0.021388,0.001809,-0.006686,-0.004275,-0.005082,0.003819,-0.003607,-0.002826,-0.016559,0.00091,0.011013,0.003248,0.001295,0.009451,-0.015128,0.013459,-0.003752,0.006194,0.014036,-0.017679,-0.024473,-0.006082,-0.015808,0.003264,0.002376,-0.003297,0.007133,0.012882,-0.016924,0.004433,0.015805,-0.00394,0.008977,0.002966,0.006415,-0.000896,-0.007177,-0.005071,-0.003078,0.011338
GOLDMAN SACHS GROUP INC,0.020173,0.002755,-0.021867,0.000644,0.007749,0.01802,0.002651,0.002416,0.0287,0.057178,-0.007719,-0.010801,0.016073,-0.012891,0.008079,0.00021,0.002522,0.007521,0.00502,-0.001656,0.006558,-0.016765,0.003038,0.009113,0.006262,-0.013167,-0.004639,-0.005786,-0.005267,0.007148,-0.008595,-0.000716,0.014035,0.009838,-0.013447,-0.003598,0.008698,-0.01283,0.007332,0.016581,-0.007393,-0.000417,0.010447,-0.012479,0.005143,0.004338,-0.00419,-0.002026,0.021808,-0.035376,-0.001875,0.019522,-0.002543,0.000208,0.009752,0.005666,0.001485,-0.002122,0.001512,0.013101,-0.010504
NIKE INC,0.032466,0.014716,0.002258,0.006065,-0.011196,0.009581,0.023294,0.008684,0.012788,-0.001238,0.004379,-0.003373,0.012382,-0.009866,0.009059,-0.118257,-0.000185,-0.008239,0.015775,-0.002297,-0.018606,-0.023557,-0.016724,-0.002151,0.015086,-0.008493,0.010025,0.020526,-0.007932,-0.031791,-0.008848,0.00119,0.008322,-0.011987,0.013325,-0.011187,9.9e-05,0.019649,0.010998,0.002888,-0.025437,0.002265,-0.010318,-0.010227,0.029394,0.0115,-0.000193,0.007035,0.025646,-0.02034,0.012667,-0.002633,-0.023951,-0.002029,0.019071,-0.001805,0.005234,-0.010319,0.005835,-0.007608,-0.004025
BOEING CO,0.009671,0.004276,-0.003023,0.011659,0.001857,0.031054,0.013813,0.002217,0.00917,0.021243,0.031338,-0.014606,0.011904,-0.012372,0.006801,-0.00603,0.009023,-0.002626,-0.006677,0.001191,-0.034144,-0.031181,0.004223,0.016576,-0.080321,-0.014149,0.009213,-0.022735,-0.022276,-0.078916,0.012667,0.042106,0.016115,-0.000419,-0.015959,0.012435,-0.057208,0.017783,-0.001363,-0.023149,0.052884,-0.005828,-0.002049,-0.013134,0.009437,0.016013,-0.012741,-9.6e-05,0.000621,-0.023265,-0.005282,0.009588,-0.007013,-0.00255,-0.008851,-0.000347,-0.003325,-0.001444,0.004288,0.027805,-0.015845
LAM RESH CORP,0.008604,-0.016646,-0.018196,-0.003256,0.018939,-0.006864,0.046106,-0.003195,0.004663,0.04432,0.008199,-0.004628,0.014404,-0.033393,0.029129,0.003952,0.020154,-0.00098,-0.006617,-0.008117,-0.043357,-0.016509,-0.007938,0.001806,0.033807,-0.006788,-0.003098,0.014019,-0.000697,0.001935,-0.010826,0.043499,0.051766,0.008738,-0.003779,0.0214,0.020562,-0.030684,0.008057,-0.011835,-0.012707,0.008532,0.007799,0.015047,-0.019617,0.016678,0.018644,0.05463,-0.003927,-0.016971,0.025891,-0.002097,0.013406,-0.027634,0.001655,0.047044,-0.016794,0.01105,-0.008554,-0.00866,0.016886
A T & T INC,0.011467,-0.005967,0.033613,-0.01626,0.008855,-0.009947,-0.017731,-0.012635,0.002438,0.012158,-0.007808,-0.003632,0.009113,-0.012643,0.005488,0.003639,0.001208,0.000604,0.00965,0.00239,0.02801,-0.001159,-0.004643,0.018659,-0.008586,-0.005341,-0.00472,-0.037937,0.015404,-0.002427,-0.001825,-0.000609,0.016463,0.007798,0.023214,-0.029668,0.029976,0.006403,-0.002314,0.016232,0.009127,0.019785,-0.011641,-0.005609,-0.006768,-0.0159,-0.029429,0.001189,0.010689,-0.007051,0.000592,0.010645,-0.007022,-0.003536,0.005322,-0.024118,0.012658,-0.011905,0.013855,0.007724,-0.001769
BLACKROCK INC,0.006815,0.000106,-0.002816,-0.008259,0.003189,-0.000952,0.010313,0.009144,0.018623,0.043572,0.014706,-0.027546,0.006203,-0.015161,0.012506,0.004155,0.005222,0.008232,0.001426,-0.003205,-0.014166,-0.02018,0.002295,-0.00397,0.018344,-0.003349,-0.002719,0.000316,0.008819,-0.01028,-0.004991,0.009944,0.012801,-0.014179,-0.001839,-0.008592,0.005994,-0.003998,0.001778,-0.008837,-0.009492,0.013715,0.003911,-0.006129,0.006142,0.008528,-0.001888,0.005055,0.005707,-0.029548,0.009421,0.016106,-0.005075,0.005176,0.009197,0.00992,0.000184,-0.009292,-0.006811,0.011392,0.002075
R T X CORP,0.010309,0.00984,-0.005293,0.000242,-0.014629,-0.002209,0.007009,-0.01038,0.0269,-0.016342,-0.019301,0.005107,0.023919,-0.011862,0.004532,0.014876,0.009852,0.001428,0.0,-0.000356,0.012836,0.004576,-0.002336,-0.000351,0.005388,-0.000466,0.003263,-0.008829,0.011838,-0.009614,-0.005263,0.004938,0.000702,-0.005963,0.053282,-0.00067,0.016203,-0.005828,-0.00365,0.005773,0.00574,0.011523,-0.002061,0.002827,0.000434,-0.003793,-0.009681,-0.005822,0.006961,-0.006035,0.008831,0.004377,-0.008498,-0.00033,-0.008463,-0.000998,0.005361,0.000111,0.004443,-0.00553,-0.00278
BOOKING HOLDINGS INC,0.010833,-0.007938,0.004317,0.000632,0.028022,0.011343,0.021896,0.01667,0.006384,0.004696,0.011284,-0.002469,0.012897,-0.013109,0.014511,0.004589,0.008754,-0.008975,0.004479,-0.000915,-0.018792,-0.020482,0.00313,-0.00345,0.01605,0.007621,0.009148,0.008841,-0.014042,0.000371,-0.003939,0.011149,0.024853,-0.030552,-0.004392,0.001756,0.001859,0.004667,0.00974,0.000357,-0.013412,0.014535,0.000826,0.017861,0.005501,0.017553,0.035401,-0.021363,0.008528,-0.011245,-0.002482,0.003304,-0.009017,-0.004299,0.010881,0.042998,-0.101494,-0.001771,-0.00618,0.005034,-0.007667
SCHWAB CHARLES CORP NEW,0.030007,-0.008233,-0.006545,-0.001125,0.01287,0.01763,-0.00078,0.008591,0.026793,0.069985,0.000564,-0.023528,0.006204,-0.037568,0.015793,0.005867,0.005395,0.004641,0.004042,-0.010784,0.00436,-0.029667,-0.002386,0.005083,0.008478,-0.015487,-0.013933,-0.008508,-0.00046,-0.014104,-0.013373,-0.011505,0.016901,-0.002352,0.004558,-0.006884,0.003623,0.00518,-0.001562,0.006881,-0.022678,-0.010331,0.01076,-0.009056,-0.007696,0.008725,0.004645,0.014407,0.017832,-0.027752,0.005103,0.025385,-0.003559,-0.012733,0.00865,0.007797,-0.00294,-0.000621,0.014752,0.004591,0.017212
ELEVANCE HEALTH INC,0.007571,-4.1e-05,0.00089,-0.007779,-0.002802,0.002118,-0.003912,0.015606,0.009369,-0.016781,-0.023777,0.001943,-0.007649,-0.014062,0.010583,0.005387,-0.000171,-0.001501,0.00614,0.006166,0.015417,0.003467,0.009053,-0.009921,4.2e-05,0.006645,-0.006208,0.00431,-0.014907,-0.003852,0.005979,-0.014261,-0.010057,0.015562,0.000678,0.003198,0.014018,0.007266,0.005643,0.011962,0.002214,0.004033,-0.000626,-0.009674,0.007138,0.008019,0.008759,0.007826,-0.00166,0.000139,0.001583,0.005374,0.007468,-0.007257,0.000924,0.005477,0.003749,-0.014667,0.001698,-0.008474,-0.003697
NEXTERA ENERGY INC,0.01128,-0.00845,-0.0075,0.033831,-0.005814,-0.002506,0.000167,-0.003182,0.050235,0.004319,-0.020389,-0.00813,0.009344,-0.028098,-0.004011,0.002517,0.007699,0.006145,0.007263,-0.004589,0.013665,0.006822,-0.003065,0.004531,0.013531,-0.014463,0.004354,-0.025048,0.00527,-0.011304,-0.034466,-0.01064,-0.006765,-0.00716,0.009323,-0.006448,0.017015,0.008624,0.018639,-0.004868,-0.010965,0.019103,-0.026778,-0.037489,0.004645,0.002668,-0.001596,0.005152,0.017144,-0.039965,0.013756,0.022496,-0.004191,-0.007365,0.008656,-0.007531,0.001941,-0.019637,0.007434,-0.009359,0.002725
T J X COMPANIES INC NEW,0.010555,-0.005279,-0.006436,0.006364,0.003726,0.0027,0.0184,0.004407,0.007897,-0.021112,-0.007337,0.005936,0.016255,-0.013366,0.014657,0.005143,0.010234,-0.000216,0.005066,0.006113,-0.00565,-0.016938,0.011778,-0.011533,0.012103,0.002801,0.011388,0.011791,-0.00231,0.008839,-0.015438,0.003814,0.007916,-0.003874,-0.000736,-0.001157,0.005898,0.009109,0.000311,0.004253,-0.019727,0.022653,0.004636,-0.00882,0.004656,0.007518,0.005418,0.003965,-0.006785,-0.001224,-0.00467,0.007924,0.001021,-0.006936,0.00832,0.009575,0.002724,-0.001509,0.013,0.00577,-0.019387
PROGRESSIVE CORP OH,-0.009571,0.005848,0.000734,-0.012475,0.001362,-0.003339,0.01396,0.010464,-0.027736,-0.0436,-0.000912,0.016883,0.010769,-0.013445,0.005914,0.00818,-0.002409,0.001779,0.004313,0.005937,0.014754,0.009528,-0.001042,-0.001779,0.016348,0.007861,-0.00696,0.015165,0.005237,-0.001954,0.007831,0.005121,0.001354,0.000823,0.000235,0.047205,-0.001962,0.007921,-0.009252,0.01097,-0.008124,0.002581,0.011079,0.008246,-0.010484,0.01054,0.004337,-0.001312,-0.00197,-0.001535,0.032239,0.006864,-0.000793,0.002063,0.004064,0.007569,-0.002035,0.011918,-0.007232,-0.00078,-0.012863
VERTEX PHARMACEUTICALS INC,-0.010287,-0.001509,0.010039,-0.001948,0.001386,-0.010736,0.017535,0.004042,0.132334,0.003777,0.010034,-0.014683,-0.003732,-0.007169,0.000949,0.011532,0.005947,0.000957,0.00299,-0.005815,0.00988,-0.000487,0.013245,0.000841,0.006291,0.004509,0.006532,0.014914,0.00772,0.009437,-0.008526,-0.001798,0.004711,0.011701,-0.000932,-0.02761,0.005613,0.000488,0.013134,0.023542,-0.02847,0.001131,-0.021182,0.009913,-0.029751,0.007089,0.009497,-0.000355,-0.010357,-0.005949,0.004423,0.020125,-0.009594,-0.003695,-0.002401,0.017039,0.007803,0.007835,-0.005906,-0.009166,-0.014591
UNITED PARCEL SERVICE INC,0.021766,0.00652,-0.011288,0.00733,0.007792,-0.001278,-0.003327,-0.002632,0.0121,0.032496,0.003572,-0.008408,0.000309,-0.028833,0.001274,0.006936,-0.00139,-0.00753,0.002997,-0.000509,0.00706,-0.005052,-0.003491,0.01102,0.00756,0.000125,0.008003,-0.012219,-0.005903,-0.018824,-0.004957,0.012746,0.0023,0.010899,0.009205,-0.021742,0.01999,-0.002567,-0.008035,-0.082015,-0.021784,0.003594,-0.003932,-0.019528,0.04918,0.009046,0.004618,-0.011222,0.008136,-0.017294,-0.004693,0.019137,0.020819,0.00155,-0.002489,0.009847,-0.007347,-0.007603,0.00522,-0.003372,0.003316
STARBUCKS CORP,-0.001007,-0.016129,-0.021107,0.015491,-0.005978,0.001763,0.01563,0.000306,-0.000408,-0.002752,-0.011141,-0.001964,0.012013,-0.030802,0.006546,-0.000525,0.004093,-0.003972,0.006716,0.000834,-0.024373,-0.004697,0.003432,-0.005986,0.012905,-0.011679,0.004404,-0.005989,-0.010329,0.007828,-0.010032,0.017108,0.005571,-0.008417,-0.011819,0.000761,0.006193,0.002052,0.010776,0.002985,-0.011161,0.003655,-0.00407,-0.005162,0.034158,-0.003763,0.01941,0.007351,-0.018808,-0.016759,0.002131,-0.009036,0.0,0.002575,0.016692,0.007998,-0.00167,-0.014014,-0.001591,-0.012005,0.02043
CITIGROUP INC,0.024512,0.002964,-0.014144,0.024839,0.013372,0.008041,-0.015136,-0.001869,0.026633,0.018241,-0.008161,-0.003412,0.025574,-0.016886,0.010585,0.005138,0.009438,0.002337,0.001166,-0.001553,0.031104,0.011312,0.002424,0.010415,-0.00589,-0.009813,-0.008601,-0.017729,0.010369,-0.014253,-0.009832,-0.004868,0.008022,0.025621,0.008706,-0.00075,0.008825,-0.001117,0.008198,0.055073,-0.016115,-0.001958,0.000178,-0.018725,-0.002752,0.003496,-0.004584,-0.005526,-0.001297,-0.021513,0.023124,0.022786,-0.006521,0.010392,-0.001624,0.010302,0.000537,-0.010191,0.006322,-0.011847,0.007993
REGENERON PHARMACEUTICALS INC,-0.010864,0.010382,-0.002939,0.01809,0.016069,-0.010646,0.009855,0.018081,0.01431,-0.000137,-0.019247,-0.009626,-0.002915,-0.007779,0.000107,0.005749,0.003319,0.02924,0.008383,-0.003868,0.030411,0.013879,-0.005874,0.001096,-0.011268,-0.00021,0.003844,0.010826,0.018811,0.004415,-0.008738,0.000936,0.003656,0.010103,0.012463,-0.006642,0.000664,-0.009295,0.016754,0.004112,-0.017661,0.01591,-0.013156,-0.009363,0.001581,0.000725,0.00846,0.007386,-0.006671,-0.006948,0.007805,0.00729,-0.006997,-0.001245,0.006305,0.012646,0.016904,0.008235,0.004114,-0.005778,-0.02179
LOCKHEED MARTIN CORP,0.003663,0.002848,-0.009874,0.007104,-0.005118,0.002035,0.007232,0.00082,-0.000421,-0.013667,-0.007771,0.011543,0.001969,-0.01159,0.012246,0.000446,0.004373,-0.002688,0.005034,0.004454,0.006354,0.006577,-0.002723,-0.002992,0.0046,-0.005037,-0.001951,-0.004985,0.022179,-0.011529,-0.002992,0.006791,-0.003938,0.002185,-0.041612,-0.018241,-0.001413,-0.002622,-0.00442,0.008575,-0.005259,0.000838,-0.008842,-0.010024,0.01245,0.007378,-0.007208,-0.001171,0.003681,-0.003621,-0.01953,0.011789,0.002245,0.000472,0.007731,0.003134,0.005199,-0.0045,0.002913,0.004763,-0.00252
AUTOMATIC DATA PROCESSING INC,0.013135,-0.001545,-0.004386,0.003412,-0.004132,-0.003131,0.017534,0.014531,0.010732,-0.013586,-0.007755,0.003032,-0.004897,-0.00629,-0.013952,0.008647,0.006797,-0.003999,0.0038,0.002065,0.001932,-0.003899,0.004946,0.006634,0.00659,-0.006504,0.000298,0.000213,0.002592,-0.00284,0.000468,0.002931,0.009149,0.004869,0.00401,-0.007988,-0.007214,-0.002619,0.006819,0.003702,0.030135,0.005289,0.007002,-0.00213,0.01019,-0.002153,0.003236,-0.004341,0.00032,-0.00192,0.005249,0.004584,0.00365,-0.000119,0.003874,0.003308,0.004357,-0.009067,-0.008835,0.000995,-0.001709
BRISTOL MYERS SQUIBB CO,0.014581,-0.002395,0.005002,-0.006968,0.005613,0.00299,0.015504,-0.011353,0.026727,-0.00752,-0.011269,0.008843,0.014998,-0.022069,0.005887,0.020094,-0.016064,-0.004665,0.000195,0.001757,0.02826,-0.008719,0.006501,0.003651,-0.008424,-0.009848,-0.012091,-0.008685,0.001792,-0.006162,-0.0004,0.002201,0.000399,-0.010776,0.011095,0.002394,-0.01254,0.001814,0.00342,-0.009625,-0.010529,-0.004093,0.000822,-0.014987,0.026678,-0.012586,0.001439,0.022583,-0.001205,-0.020905,0.003695,0.01125,0.008495,0.0,0.021059,0.00825,0.006429,-0.022067,-0.000198,0.008117,-0.003339
DEERE & CO,0.012074,0.000325,-0.021115,0.012184,-0.011818,0.006783,-0.007259,-0.004543,0.049028,0.030265,-0.00605,-0.008574,0.029209,-0.016957,0.0157,0.008847,0.011214,0.000922,-0.002266,0.001528,0.002601,-0.018857,-0.002441,0.009098,0.005102,-0.01196,0.001246,-0.008864,-0.009507,-0.003001,-0.017491,0.007343,0.003487,0.004886,0.007462,0.002452,0.011843,0.001552,0.010315,-0.001886,-0.00844,0.000254,-0.002743,-0.016735,0.007435,-0.007585,-0.000311,-0.011767,0.021244,-0.025989,0.014528,-0.05229,-0.010914,-0.009149,-0.000252,-0.001427,0.022087,-0.003976,-0.007021,0.011507,0.000658
PALO ALTO NETWORKS INC,0.003626,-0.032246,0.021528,-0.019059,0.022319,0.016382,0.004892,0.019008,0.027096,-0.042758,0.022833,0.000911,0.003349,-0.024724,-0.00525,-0.003975,0.008752,-0.011037,-0.006454,-0.002368,-0.020212,-0.00848,-0.011066,-0.001306,0.023221,0.03772,0.05216,0.023411,0.00541,0.020938,-0.005993,0.0173,0.005867,0.02342,-0.004253,-0.011448,-0.000147,0.006614,0.008206,0.001854,-0.021336,0.004313,0.014972,-0.001681,-0.00868,0.067381,0.006914,0.02692,-0.01308,-0.009974,0.00019,-0.003937,-0.001281,-0.000873,-0.284411,0.022331,0.053282,0.073345,0.039534,0.004448,-0.017713
MICRON TECHNOLOGY INC,-0.002496,-0.021599,-0.008076,-0.007599,0.007111,0.017787,0.037754,0.004756,0.020855,0.030079,-0.00949,0.001842,0.007479,-0.042351,0.086288,0.011816,0.00659,-0.004594,-0.007616,-0.006337,-0.035154,-0.000972,0.00547,0.008947,0.017975,-0.01907,-0.011401,0.01226,-0.011992,0.026945,-0.015719,0.018492,0.031714,0.019769,-0.019162,0.006284,0.012716,-0.012892,0.011584,-0.032671,-0.004759,-0.001633,0.010162,0.005782,-0.027363,0.006738,-0.003405,0.008011,0.001636,-0.048658,0.00368,-0.002444,-0.026093,0.01522,0.009664,0.05424,0.001048,0.040233,0.026716,-0.023299,0.010032
MARSH & MCLENNAN COS INC,-0.010129,-0.000253,-0.005067,-0.004686,0.000102,0.001126,0.01523,0.012585,0.00353,-0.052462,-0.021697,0.014109,-0.01054,-0.012623,0.007714,0.005781,-0.002129,0.005387,0.001485,0.003602,0.003695,0.006047,0.000889,-0.003394,0.003982,-0.002662,0.007065,0.002182,0.01597,-0.00148,0.003527,0.0109,0.003124,-0.003315,0.003427,0.001406,-0.038251,0.009943,-0.010363,0.010681,0.004196,-0.000516,-0.001961,-0.005792,0.011756,0.006324,0.005467,0.00564,-0.008691,0.001427,0.006362,0.016539,-0.003433,0.002946,-0.005277,0.022169,-0.002986,-0.000737,-0.001327,0.014024,-0.018488
MONDELEZ INTERNATIONAL INC,-0.003377,0.005648,-0.007582,0.00863,0.004489,-0.007262,0.009284,0.007247,0.011623,-0.032964,0.0,0.005092,-0.000141,-0.024208,0.016299,0.010644,0.007021,0.006973,0.006578,0.002353,0.019467,-0.007584,0.0,-0.002593,0.008483,0.000407,-0.00895,-0.004105,0.004672,-0.003693,0.006177,-0.005321,-0.000823,0.003706,0.017642,-0.006182,0.007438,0.008591,0.007719,0.008188,-0.014016,0.016873,0.004311,-0.020034,-0.001062,-0.008372,0.001876,-0.021268,0.00451,-0.02068,-0.007919,0.002801,0.005167,0.01681,0.008334,0.004471,-0.002023,-0.009327,-0.002183,0.000821,-0.00164
CIGNA GROUP,0.023357,-0.022712,-0.014834,-0.001125,0.001748,0.003334,0.166808,-0.017419,0.001584,0.004913,-0.027257,0.005405,0.007704,0.005198,0.004698,0.00286,0.00681,-0.003265,0.000869,0.000167,0.035565,-0.020768,0.00843,0.024068,0.000128,-0.002423,-0.016461,-0.001072,-0.007743,0.006328,0.005017,0.001945,-0.022713,0.009832,-0.002065,0.000329,-0.019475,-0.002512,0.003559,0.000234,0.00669,0.021166,0.053755,-0.007936,0.019641,0.009066,0.005264,0.007945,0.006927,0.000504,0.003527,0.001743,0.005572,0.000762,0.005947,-0.003553,0.006079,-0.005607,-0.004587,-0.016464,0.003014
BOSTON SCIENTIFIC CORP,0.004473,-0.024403,0.002008,-0.001093,0.003831,-0.001454,0.005641,0.012487,0.009473,-0.005312,-0.006586,-0.005375,0.005585,-0.015048,0.012186,0.004492,0.00161,0.000536,0.004641,0.027186,0.000519,-0.004149,0.009896,-0.000172,0.00447,0.013865,0.004727,0.00168,0.005536,0.005172,0.011784,0.001476,-0.001802,-0.003282,-0.001976,-0.011547,0.015187,0.004932,0.002945,0.001794,0.029958,0.02466,-0.006942,0.001398,0.005119,0.006791,-0.003219,0.007382,-0.007786,-0.000308,0.015084,0.002123,-0.004085,0.006077,-0.007098,0.015057,0.003896,-0.004925,-0.0036,0.00843,-0.011644
ANALOG DEVICES INC,0.002999,0.001038,-0.014351,-0.000332,0.0211,0.002712,0.028397,0.004418,0.006807,0.041088,0.003547,-0.021356,0.006308,-0.028509,0.021281,0.004178,0.00898,0.002414,0.004465,-0.00839,-0.025081,-0.023866,-0.015294,0.00258,0.013026,0.004127,-0.007325,0.003132,-0.003175,-0.003026,-0.012567,0.024484,0.025267,0.013041,0.020577,-0.015246,-0.005043,-0.017081,0.016862,-0.012475,-0.012221,-0.00182,0.000469,0.002395,-0.014801,0.011913,0.010887,0.004947,-0.004974,-0.048235,0.008826,0.006548,0.003733,0.006162,0.022809,-0.009343,-0.009379,-0.005786,0.000318,-0.006929,0.021623
C V S HEALTH CORP,0.0078,0.0,0.037091,0.03492,0.006939,0.014728,-0.017843,-0.002305,0.023101,-0.010626,-0.000805,0.006046,0.01843,0.012851,0.017867,0.001781,0.003047,-0.002278,0.001903,-0.000127,0.023936,0.000371,-0.004575,0.011303,-0.009089,-0.003966,-0.013937,-0.003912,-0.030027,0.011233,-0.005554,-0.040395,6.8e-05,0.009697,0.015826,-0.012117,-0.029654,0.01403,0.006575,0.005035,0.007041,-0.006051,-0.011228,-0.008893,0.018222,0.031047,-0.012755,0.016516,0.01271,-0.009057,-0.00235,0.002487,0.006527,-0.010246,0.011008,-0.000648,0.001297,-0.009974,-0.002093,-0.01416,-0.010906
K L A CORP,0.008042,-0.01714,-0.004374,-0.016045,0.023874,-0.012564,0.046367,0.00329,0.0172,0.020536,0.004653,-0.014356,0.002393,-0.025618,0.030446,0.00379,0.014966,0.000169,-0.008792,-0.008477,-0.035971,-0.013919,-0.01113,-0.003898,0.033161,-0.010705,-0.000449,0.01088,-0.002722,0.011059,-0.007604,0.048889,0.038966,0.016493,-0.00605,0.030872,0.005075,-0.065951,0.001185,-0.007882,-0.0022,0.008518,0.008713,0.017474,-0.021565,0.012101,0.01575,0.050623,-0.002693,-0.010771,0.01992,-1.5e-05,0.01375,-0.014486,0.00023,0.048856,-0.021864,0.022428,-0.009125,-0.006759,0.013819
BLACKSTONE INC,0.016997,0.011026,-0.00225,-0.027498,0.01561,-0.01133,0.003731,0.001947,0.057769,0.072818,0.007005,-0.026359,0.018498,-0.017071,0.024108,0.012003,0.005203,0.009439,0.003921,-0.0166,-0.020241,-0.046153,0.004495,-0.005614,0.001064,-0.010953,0.00438,-0.013248,-0.004837,-0.009134,-0.01074,0.00094,0.016996,0.015872,-0.01645,0.013868,0.023709,0.008746,0.02617,-0.004928,-0.02162,-0.001205,0.008045,-0.025008,0.019052,0.020476,0.013879,-0.001252,0.018797,-0.039437,0.02401,0.017976,-0.018119,-0.012198,-0.001108,0.008717,-0.017126,0.001359,0.011734,-0.003393,0.011875
ZOETIS INC,0.013924,0.016692,-0.013563,0.013081,-0.000934,0.015234,0.026327,0.010609,0.031023,0.013576,-0.018992,0.002191,0.006913,-0.017417,0.000154,0.001644,0.002667,0.007161,0.001321,0.001065,-0.004053,-0.018518,0.005753,0.004174,0.006672,-0.001071,0.014443,-0.010364,0.011337,-0.029909,-0.01083,0.000168,-0.011129,0.01497,-0.016213,-0.010792,0.006718,0.022422,0.006474,-0.0069,-0.01891,0.007082,-0.000529,0.005978,0.031393,0.004843,-0.006799,0.00802,-0.003193,-0.067111,0.003215,0.030259,-0.006644,-0.009767,0.00981,0.043954,0.002797,-0.000862,0.009947,0.004724,-0.008052
GILEAD SCIENCES INC,0.013708,0.008886,0.00868,0.004303,-0.016507,0.012428,0.013541,0.009115,0.028087,-0.00674,-0.017731,-0.010332,-0.000126,-0.011322,0.004326,0.009249,0.00364,0.005253,0.009581,-0.001602,0.027527,0.002883,0.011979,-0.01385,0.008162,0.024646,-0.018127,0.010533,0.011594,-0.004515,0.005698,-0.000925,0.010301,-0.101501,0.013388,0.000629,0.008802,-0.00885,-0.005659,-0.005691,-0.004579,-0.001278,-0.015353,-0.003248,0.013167,-0.04246,-0.008331,-0.001762,0.010588,-0.012357,-0.006664,0.004518,-0.024397,0.006426,0.016102,-0.005738,0.01058,-0.008158,0.00096,-0.004382,-0.008253
FISERV INC,0.0,-0.001991,0.000767,0.004906,0.002517,0.007153,0.011786,0.004256,0.005428,-0.001553,-0.014814,0.011127,-0.002305,-0.010732,0.003541,0.003003,-0.007634,0.003168,0.002782,-0.004049,0.001807,-0.009994,0.009488,-0.003233,0.020065,-0.000961,0.00222,0.007312,0.003886,0.000584,0.003212,0.002692,0.00878,0.01079,0.000569,-0.004267,0.004714,0.004834,0.011108,0.007977,-0.015134,0.014591,0.006669,-0.005176,-0.021228,0.011482,0.005886,0.004737,0.0,-0.004507,0.009751,0.020899,0.000203,-0.000743,-0.00196,0.01673,0.00433,0.001327,-0.002054,-0.017922,0.008922
SYNOPSYS INC,0.005026,-0.027035,0.00849,-0.015344,0.012626,0.003332,0.037486,0.019855,0.001816,-0.029291,0.008741,0.006148,-0.001858,-0.012405,0.014935,-0.063397,-0.008027,-0.004133,-0.001332,-0.004832,-0.030957,-0.013167,-0.004509,-0.010955,0.031291,0.00378,0.006595,-0.013302,-0.008145,0.030906,-0.003551,-0.026641,0.046466,0.047167,0.013273,-0.015376,-0.006994,-0.015931,0.022286,0.006075,-0.018097,0.012468,0.022315,0.012843,-0.029885,0.021846,0.029606,0.008078,-0.011073,-0.035857,0.025887,-0.008707,-0.00882,-0.008916,-0.008048,0.068676,-0.009038,8.7e-05,-0.002953,-0.006481,0.00605
K K R & CO INC,-0.01279,0.004675,0.002925,-0.009411,0.01017,0.01934,0.003639,0.004014,0.026309,0.043101,0.009637,0.007875,0.002604,-0.031409,-0.002194,0.000855,0.003174,0.014115,0.00288,-0.008734,-0.018588,-0.017464,0.000876,0.016383,0.010459,-0.008768,0.012531,-0.006673,-0.000977,-0.002934,-0.004292,0.004434,0.032246,0.000831,-0.003204,-0.007739,0.024118,0.016403,0.004726,0.006999,-0.013558,0.018134,0.015542,-0.011953,0.057999,0.012289,0.019213,0.004971,0.006081,-0.017824,0.00073,0.004534,-0.00582,-0.026343,0.005583,0.022528,0.000313,0.0,0.002296,-0.00177,0.025144
ARISTA NETWORKS INC,-0.013973,-0.007109,0.002836,-0.010709,0.008857,0.040596,0.011338,0.014521,-0.001349,0.006447,0.019781,0.013625,-0.008835,-0.014956,0.00935,0.012408,-0.003064,0.000842,-0.003197,-0.006161,-0.016772,-0.009328,0.005057,0.001561,0.064655,-0.002644,0.016436,0.010071,0.001152,0.00488,-0.01686,0.034419,0.023102,0.011726,-0.017104,0.001641,0.007429,-7.6e-05,0.019592,0.008829,-0.048831,0.016623,0.038482,-0.000476,-0.0296,0.008154,0.033103,0.023778,-0.005559,-0.054721,0.000603,0.003124,-0.017824,-0.008176,-0.019722,0.056073,-0.004093,0.022715,-0.006685,0.004634,0.015997
SHERWIN WILLIAMS CO,0.012661,-0.003081,0.005472,0.01311,0.016986,-0.006036,0.006245,0.010939,0.029069,0.011141,0.009779,-0.004519,-0.003762,-0.009765,0.008941,0.01414,0.004498,0.001919,-0.001373,-0.003005,-0.022411,-0.026696,-0.00337,0.003077,0.009404,-0.006545,0.002991,-0.003284,0.017114,-0.008033,0.002666,0.018246,-0.00767,0.011381,-0.00657,-0.014405,0.009467,-0.006778,0.020673,-0.001493,-0.010565,0.015441,0.002944,-0.017743,0.011133,0.006431,0.00739,-0.001313,-0.004234,-0.010341,0.012435,0.004758,-0.010976,0.007053,0.009735,0.020141,0.006628,0.001491,0.016155,0.005981,0.007128
CADENCE DESIGN SYSTEMS INC,-0.010685,-0.025412,-0.004934,-0.017164,0.006947,0.001773,0.033932,0.020391,0.008533,-0.023394,0.005257,0.007292,0.003035,-0.012904,0.017652,0.000907,-0.003118,-0.001164,-0.005098,-0.003184,-0.034769,-0.021377,-0.005286,-0.012543,0.036405,-0.000611,0.005769,0.013409,0.00641,0.033743,-0.007818,0.013145,0.047059,0.012289,-0.000642,-0.002132,-0.012614,-0.00158,0.01252,0.000849,-0.020908,0.007141,0.020756,0.000337,-0.012978,0.027083,0.022046,0.014901,-0.017183,-0.039957,0.021778,-0.016858,-0.018162,0.006097,-0.004485,0.050936,-0.006676,0.000527,-0.012118,0.0019,0.012642
WASTE MANAGEMENT INC DEL,0.016434,0.003395,-0.007569,0.005085,-0.006381,-0.001967,0.005101,0.018514,0.013987,-0.013348,-0.012,0.017645,-0.004785,-0.00577,0.005974,0.000792,0.003221,0.001296,0.002194,0.005389,0.002848,-0.006013,0.001456,-0.005705,0.002644,-5.6e-05,0.00533,0.000223,0.012164,-0.003473,0.003872,0.011242,0.005122,0.002494,0.003407,-0.009378,0.007073,0.003836,-0.002476,0.009496,-0.00791,0.01503,-0.001114,-5.3e-05,0.005367,0.004069,-0.002579,-0.003325,-0.003177,0.059652,-0.001654,-0.000251,0.012204,0.00124,0.012092,0.014738,0.003909,-0.002836,0.001542,-0.002503,-0.007768
H C A HEALTHCARE INC,0.007506,0.018941,-0.018006,-0.000475,0.006181,0.014097,0.017435,0.00374,0.022319,0.028255,-0.019793,-0.011872,0.007486,-0.021213,0.02004,0.004614,0.006334,-0.001767,-0.002728,0.000739,0.017142,-0.011768,0.003749,0.010033,0.020483,-0.007673,0.011349,0.000106,-0.001203,-0.004855,-0.010469,0.024975,0.010357,0.001877,-0.011793,-0.020989,0.025419,-0.009055,0.011643,0.051826,0.010975,0.032011,-0.016653,0.003878,-0.012234,0.001499,-0.005923,0.002815,0.012536,-0.01812,0.002922,0.007301,0.002893,9.7e-05,0.009852,0.003915,0.008055,-0.006849,0.002554,-0.006178,-0.001154
MERCADOLIBRE INC,0.01947,-0.031707,-0.009396,-0.009687,0.013822,-0.008146,0.02327,0.001375,-0.002944,-0.005365,0.001671,0.00833,0.006434,-0.01997,0.000557,-0.005787,-0.007828,0.009032,-0.005833,-0.006361,-0.026967,-0.019069,0.01292,0.012801,0.023895,-0.001434,0.015775,-0.004055,0.042031,0.008495,-0.022354,0.016327,0.038635,0.017443,0.002055,0.001585,-0.013559,0.032781,-0.010229,-0.023703,-0.013537,0.021305,0.014082,0.001043,-0.036264,0.002035,0.011063,0.005442,-0.005183,-0.015572,0.02352,0.014579,-0.001721,-0.016266,-0.001287,0.046157,-0.103775,-0.011778,-0.001671,-0.017388,0.01001
C M E GROUP INC,0.005404,0.001093,-0.006552,-0.018732,-0.011295,0.004223,0.018004,-0.006034,-0.00453,-0.014074,-0.016321,0.021574,0.008334,-0.008922,0.012888,0.002526,0.002286,0.004609,0.00228,-0.00199,-0.006505,-0.037375,0.006603,-0.01751,0.004619,-0.015092,0.003755,-0.007228,0.005804,0.005366,0.022004,-0.000345,-0.004189,0.006038,0.003444,0.001471,0.00656,0.00569,-0.009672,0.006495,-0.00131,-0.000243,0.003693,-0.008376,-0.00996,0.013216,-0.007106,0.005343,0.008435,0.002949,0.037362,-0.019333,0.005876,-0.005983,0.019006,0.013954,-0.000183,0.00679,4.6e-05,0.006334,-0.002219
INTERCONTINENTALEXCHANGE GRP INC,0.003514,0.006915,-0.008259,-0.008766,-0.004864,0.007198,0.024705,0.015412,0.034173,0.014728,-0.001865,0.003737,0.0017,-0.011392,0.015283,0.011994,0.007397,0.009001,0.006339,-0.001322,-0.015417,-0.01297,0.00649,0.001353,0.020828,-0.010669,0.004802,-0.006894,0.001499,-0.007325,-0.001587,0.006358,-0.001421,0.006722,-0.001257,-0.000787,0.001968,-0.000236,0.007229,0.006553,-0.013099,0.018849,-0.00794,-0.015152,-0.003314,0.013853,0.047158,0.010215,-0.000221,-0.007751,0.01674,0.001683,0.00168,-0.005032,0.001906,0.019021,-0.006533,-0.003396,0.005221,0.001515,-0.003025
ILLINOIS TOOL WORKS INC,0.01251,0.009501,-0.011916,0.00928,0.002754,0.00824,0.003165,0.005391,0.003337,0.026565,-0.003702,-0.002632,0.003609,-0.007348,0.014804,0.005451,0.006949,-0.000227,-0.001479,0.000229,-0.005154,-0.008788,0.004181,-0.005475,-0.002869,-0.003149,-0.009477,-3.9e-05,-0.001339,0.000276,-0.013717,0.010231,0.0108,0.008532,0.012496,-0.008854,0.013844,0.000877,0.006745,0.00617,-0.018472,-0.020506,0.001996,-0.007225,0.005822,-0.006258,0.001653,0.004872,0.00262,-0.018329,0.009534,0.010664,-0.01133,0.006616,0.009585,0.002403,0.005644,-0.001461,0.006776,0.004436,-0.00198
GENERAL DYNAMICS CORP,0.011014,0.010093,-0.005234,0.004225,-0.001826,0.003181,0.000515,0.00309,0.010466,-0.01837,0.005574,0.001267,0.004034,-0.017055,0.0115,0.006616,0.008304,0.004762,0.002758,0.005927,-0.004121,-0.007966,-0.001403,-0.0089,-0.000315,-0.010165,4e-05,-0.005214,0.019485,-0.016326,-0.002713,0.009201,-0.006416,0.001684,-0.001562,0.047359,0.017919,-0.002971,-0.001094,0.014692,-0.013697,0.007095,-0.005995,0.000942,0.008173,0.00523,-0.000334,0.004238,-0.002591,-0.008239,0.007035,0.003344,-0.002074,-0.001893,0.011044,0.001581,0.005214,-0.002667,0.002491,0.002229,-0.003864
CROWDSTRIKE HOLDINGS INC,-0.00827,0.010041,0.006656,0.001883,0.003133,0.00991,0.018223,0.006398,0.014041,0.002539,0.029286,-0.001077,-0.005658,-0.016955,0.01327,-0.006568,0.008763,-0.002133,-0.004625,-0.003162,-0.033017,-0.010248,0.005279,0.007368,0.055847,0.047803,0.030208,0.008793,-0.004112,0.010376,-0.035,0.024758,0.026244,0.027948,-0.004654,0.010126,-0.022712,-0.010734,0.035686,0.002262,-0.029368,0.023487,0.01403,-0.003558,-0.001256,0.051869,0.016552,0.019502,-0.024443,0.003579,0.037557,-0.009475,-0.006458,-0.016796,-0.096846,0.063449,0.001865,0.030627,0.000561,-0.000841,0.010002
C S X CORP,0.034056,0.007784,-0.010992,0.006909,-0.000597,-0.016119,0.007282,0.000602,0.000602,0.018051,0.004728,0.009706,0.007282,-0.006362,0.00291,0.004933,0.009241,-0.008584,0.002597,-0.002015,-0.001442,0.001155,0.001731,-0.00288,0.002022,-0.002306,0.0026,-0.003746,0.008389,-0.003442,-0.010075,0.001745,0.002903,0.005789,0.004029,-0.014331,0.017738,0.011143,0.005651,0.007305,-0.004184,0.016246,0.006891,0.005475,0.007895,-0.00081,0.002163,-0.004856,-0.000542,-0.007052,0.010653,0.0,-0.007568,0.003813,0.006511,0.021294,0.011613,-0.003913,-0.005762,-0.004215,0.0069
CHIPOTLE MEXICAN GRILL INC,0.01434,-0.006549,0.003177,-0.007277,0.00733,0.007501,0.02342,0.010852,0.008451,-0.027479,-0.001859,0.011253,0.01306,-0.005655,-0.002926,-0.001192,0.006583,-0.005208,-0.012594,0.003766,-0.018457,-0.004945,-0.005901,-0.003454,0.010661,-0.001963,0.005824,0.014062,-0.002051,0.007954,0.008939,0.005358,0.005071,-0.004112,-0.001368,0.00559,-0.009864,0.006264,0.033651,0.006134,-0.004344,0.013804,0.016486,-0.004605,0.006836,0.072053,-0.017439,0.006819,-0.011416,-0.003485,0.008099,-0.000836,-0.007475,-0.007016,-0.004155,0.02253,0.007365,0.005188,-0.005717,0.01001,0.006382
SOUTHERN CO,0.007608,-0.003356,-0.00491,0.018751,-0.008442,-0.002094,-0.001958,-0.012472,0.037037,-0.02162,-0.008951,0.007903,-0.00224,-0.022032,-0.004592,0.001009,0.000144,-0.000576,0.010805,-0.00057,0.010411,0.019619,-0.007337,-0.001394,0.007681,-0.004019,-0.000557,-0.017402,0.011901,-0.015402,-0.009812,-0.012351,0.002617,-0.001885,0.000145,-0.009153,0.015249,-0.001877,0.001158,0.000867,0.003899,0.014097,-0.026241,-0.021413,0.003275,-0.006677,-0.000149,-0.000448,0.020924,-0.011711,0.004444,-0.014452,0.005237,0.008424,0.010292,-0.006644,0.006094,-0.021274,0.00317,0.005266,0.006586
MARRIOTT INTERNATIONAL INC NEW,0.032462,0.001577,-0.032918,0.010212,0.015871,0.006586,0.033811,0.001802,0.005533,0.009263,0.004771,0.004432,-0.003286,-0.021094,0.023625,0.003516,0.003728,0.004431,-0.001604,0.006382,-0.016274,-0.012622,0.004474,0.010908,0.026122,-0.007668,0.001281,0.000926,-0.00652,0.003725,0.006009,0.021871,0.004255,0.015877,-0.00118,0.003248,0.019549,-0.003793,0.002194,0.004378,-0.014228,0.016435,0.005951,-0.003631,0.00217,0.012992,0.006615,-0.010257,0.007368,-0.055859,0.001915,0.021666,0.00474,0.005422,0.003828,0.024491,0.008704,-0.008987,-0.000762,-0.000161,0.003534
ALTRIA GROUP INC,0.013321,-0.002347,0.001647,-0.028424,-0.000967,-0.000484,0.002179,-0.000725,0.015957,0.002142,-0.008549,0.010779,0.005687,-0.027333,0.000248,0.00124,-0.000496,-0.003966,0.0,0.003982,0.030739,-0.004329,0.002899,-0.000723,0.010123,-0.001193,-0.019111,0.013151,-0.00625,-0.00895,-0.005614,-0.007364,-0.00272,0.003719,-0.000988,-0.012611,0.007012,-0.000249,0.008209,-0.001727,-0.008403,0.03988,-0.008629,-0.02031,0.001974,-0.008374,-0.004223,0.000499,0.01097,-0.007891,0.004226,-0.005693,0.000249,0.001742,0.005466,0.010625,0.005623,-0.010212,0.004667,0.0022,-0.001952
COLGATE PALMOLIVE CO,-0.000889,0.003558,-0.01646,-0.002703,0.001936,-0.005798,0.00609,0.012236,0.01018,-0.0393,0.009309,0.01403,0.000897,-0.009983,0.00724,0.007573,0.006879,0.000759,0.00177,0.005931,0.012671,-0.010283,0.005633,-0.004481,0.005251,0.005224,-0.003341,0.000124,0.004345,-0.005933,0.00659,-0.001606,0.000371,0.000498,0.01231,-0.016337,0.014236,0.019823,0.013642,0.003216,-0.000356,0.022803,-0.017418,-0.006263,-0.004162,0.001433,0.00477,-0.009494,0.001198,-0.001077,0.002875,-0.001672,-0.001077,0.013536,0.008273,0.008088,0.002907,-0.001159,0.003018,0.004629,-0.003341
DUKE ENERGY CORP NEW,0.003901,0.000972,-0.002804,0.015897,0.005535,-0.000741,0.010277,-0.000315,0.028847,0.002345,-0.017089,0.005588,-0.003705,-0.011672,0.007107,0.005189,-0.001342,-0.004445,0.006438,0.001238,0.007935,0.009917,-0.002936,0.000508,0.008626,-0.003018,0.001917,-0.021454,0.013484,-0.004367,-0.012241,-0.010018,-0.00313,-0.005232,0.005786,-0.011191,0.012587,0.001462,-0.001043,-0.002506,0.00314,0.020453,-0.016055,-0.010081,-0.001995,0.004629,-0.029843,-0.010362,0.01047,-0.011225,-0.002947,0.022389,-0.005197,0.000653,0.01142,-0.009248,0.006513,-0.022431,0.002206,-0.001211,0.012012
TARGET CORP,0.007249,-0.007939,-0.006207,0.003763,0.01357,0.0,0.011613,-0.008043,0.02005,0.019945,-0.019626,-0.004698,0.013506,-0.019201,0.018042,0.005955,0.00592,0.009572,0.001124,-0.000842,0.004775,-0.030957,0.011394,0.003565,0.006963,0.014394,0.002226,-0.014366,-0.007816,0.001136,-0.016517,-0.009658,0.005386,0.016071,0.003705,-0.011925,0.021408,0.002462,-0.007086,-0.007066,-0.010248,0.038395,0.007409,-0.02172,0.014754,0.015925,0.004566,-0.005902,0.019586,-0.022021,-0.007392,0.008964,0.022415,0.009224,-0.007339,0.010417,0.007583,-0.00878,0.012255,-0.003619,0.009773
MOODYS CORP,0.016687,0.007789,0.0046,-0.005936,-0.002142,0.005314,0.007955,0.007892,0.026933,0.002047,-0.006537,0.004961,-0.001176,-0.02069,0.009622,0.003755,0.001909,0.004867,0.001076,-0.000179,-0.022404,-0.017234,-0.001972,-0.007477,0.010789,-0.007,0.009435,0.000558,0.007935,0.005108,-0.001179,0.005036,0.009499,0.005041,0.002649,0.000308,0.006822,-0.008431,0.005086,0.013392,-0.011273,0.026783,-0.007304,-0.006532,0.00267,0.017083,-0.01692,0.018015,-0.01007,-0.079434,-0.007448,0.018446,-0.006644,0.012299,0.001439,0.018331,0.009453,-0.013982,-0.006445,0.005799,-0.001158
NORTHROP GRUMMAN CORP,0.009849,0.001021,-0.007745,0.007721,-0.005851,-0.002576,0.00527,0.001023,0.012019,-0.04402,-0.005629,0.009478,-0.002707,-0.015081,0.004506,0.008514,0.002958,-0.000603,0.003145,0.005283,0.004165,0.01019,-0.006633,-0.003901,0.011428,-0.006375,-0.000593,-0.009768,0.0294,-0.00661,-0.008412,0.001583,-0.008744,-0.008204,0.002786,-0.008548,-0.063308,0.007847,0.000799,0.011841,0.007351,-0.001209,0.000807,-0.009629,0.013317,0.012785,-0.005904,0.0082,-0.007584,-0.011739,0.000448,0.008132,0.002133,0.006542,0.013417,-0.006413,0.012953,-0.003817,-0.002134,0.001287,0.00451
AIRBNB INC,0.068704,-0.009776,7.5e-05,0.011966,0.033479,0.006007,0.015852,-0.016514,0.028175,0.01903,-0.004482,0.006139,-0.004,-0.039752,0.00723,-0.009079,-0.014773,-0.015643,0.003295,-0.006277,-0.012193,-0.007882,0.002249,0.016901,0.030152,-0.003926,0.001648,-0.002218,-0.016565,-0.015459,-0.000296,0.015262,0.021089,0.014865,0.002042,-0.0078,0.006516,0.052846,0.020586,-0.021349,-0.035466,0.016304,0.00041,-0.012078,-0.001727,0.020895,0.020264,-0.019563,0.042041,-0.019376,-0.017372,0.064035,-0.032849,-0.028588,0.007357,0.040338,-0.016746,-0.022206,0.018691,0.00901,0.026331
PARKER HANNIFIN CORP,0.016113,-0.004567,-0.007577,-0.001173,-0.001266,0.011204,-0.000935,0.005956,0.001611,0.031413,-0.003974,-0.000243,0.014929,-0.023552,0.014419,0.005023,0.007137,0.001712,-0.000627,-0.002727,-0.004537,-0.017291,0.003062,0.003296,0.011333,-0.002682,0.007257,0.004037,-0.005015,0.000934,-0.010201,0.02116,0.010028,0.006697,-0.009334,-0.008996,0.014886,-0.000445,0.010412,0.002854,-0.027958,0.076814,0.020353,-0.002919,0.005267,0.005219,0.005387,0.011387,-0.006099,-0.012679,0.020093,-7.7e-05,-0.003468,-0.001019,0.008046,0.01201,0.002019,-0.00049,0.001281,-0.000734,0.008191
MCKESSON H B O C INC,-0.01256,-0.011514,0.003244,-0.006945,-0.004218,0.004894,0.008932,0.000346,-0.0029,-0.041493,-0.005004,0.018363,0.001095,-0.00462,0.015136,0.003291,0.003435,0.003796,2.2e-05,0.011978,0.02255,0.014617,-0.012054,0.00767,-0.003262,0.009294,0.005467,0.010647,-0.007201,0.006552,-0.005486,0.014779,-0.017039,0.005613,-0.004002,-0.000762,0.002742,-0.00218,0.002452,0.007318,0.020142,0.003921,0.005181,0.006918,-0.002107,0.019946,-0.044006,0.014406,-0.013703,0.02081,-0.007072,0.008939,0.010639,-0.008453,0.001342,0.005676,0.01164,0.005734,-0.000424,0.009056,-0.003151
BECTON DICKINSON & CO,0.008765,-0.002854,-0.016711,-0.000642,0.004455,-0.00531,0.004692,0.014054,0.016056,-0.008151,-0.006289,0.002996,0.012199,-0.003325,0.013802,-0.000535,0.001235,-0.003288,0.002186,0.003292,0.006521,-0.02017,0.010147,-0.003376,0.023297,-0.039923,0.002397,-0.014261,0.005362,-0.005375,-0.002979,0.002988,0.003787,0.0,0.010217,-0.015653,0.008526,0.000338,0.005071,-0.006895,0.011007,0.014824,-0.021292,-0.008938,0.015357,0.003352,0.005136,0.012629,-0.001559,-0.017669,-0.001924,0.005658,0.003334,-0.000415,0.019363,-0.00693,0.01059,-0.018197,-0.001986,-0.008664,-0.015053
EOG RESOURCES INC,0.004306,-0.004854,-0.008537,-0.01804,-0.011691,0.005154,0.002017,-0.012836,0.006884,0.030554,-0.004063,0.012572,0.007482,-0.008977,-0.002882,0.009828,0.016603,-0.000241,-0.023658,-0.003132,0.005374,0.027796,-0.031685,-0.005288,-0.021681,-0.014435,-0.009305,-8.7e-05,0.009306,-0.025851,-0.013465,-0.004881,0.000727,0.004266,-0.00244,0.015584,0.024623,0.006008,-0.00502,0.015832,-0.025604,-0.010458,-0.015542,-0.010825,0.020337,0.00572,0.004799,-0.017778,0.016209,-0.016128,-0.00018,0.029187,-0.006039,-0.003787,0.028551,0.000344,-0.039003,0.001699,0.016868,0.002019,0.00254
AMPHENOL CORP NEW,0.014177,-0.004443,-0.005987,0.009965,0.002711,0.00811,0.02156,0.00231,0.007019,0.027879,0.004757,-0.005036,-0.000101,-0.012887,0.010382,0.007325,0.004848,-0.000201,-0.000302,-0.003118,-0.023202,-0.018073,-0.004733,-0.001796,0.022443,-0.007559,0.003756,0.002183,0.00083,-0.003731,-0.008425,0.014371,0.009411,0.003688,-0.000306,0.027772,0.00149,-0.000992,0.007348,0.01311,-0.016346,0.013056,0.010154,-0.004543,-0.002136,0.014498,0.005755,0.004101,-0.002469,-0.018566,0.009992,0.014984,-0.00142,-0.008624,0.003728,0.01381,0.009582,0.005862,-0.00148,0.003798,0.008214
TRANSDIGM GROUP INC,0.007685,-0.002979,-0.01227,0.008372,0.009808,0.011265,0.008741,0.007929,0.010966,-0.024086,-0.001429,0.004363,0.008587,-0.016777,0.012713,0.006337,0.008546,-0.000971,0.004762,-0.001175,-0.019178,-0.019744,0.003002,0.003157,0.018976,0.002948,0.014878,0.004749,0.012757,-0.005335,0.004312,0.020596,0.003922,0.014265,-0.000336,-0.01113,0.017879,0.003346,-0.000693,0.003892,0.006207,0.019219,0.009051,0.010073,0.004863,0.00562,-0.016077,-0.007691,-0.009572,0.011802,0.022161,0.009293,-0.009846,0.011009,0.004607,0.024563,0.005818,-0.010409,-0.0111,-0.001891,0.004898
U S BANCORP DEL,0.033054,0.002793,-0.002279,-0.008122,0.016633,0.017619,0.002473,-0.001974,0.050433,0.066839,-0.007059,-0.021329,0.003632,-0.039584,0.020019,0.004618,0.012871,-0.00295,0.004097,-0.008022,0.014556,-0.026418,0.01076,0.013886,0.003424,-0.011374,-0.001381,-0.013364,-0.015647,-0.018268,-0.013533,-0.016414,0.046326,-0.005475,0.004548,0.012152,0.007768,-0.003971,0.00727,0.00908,-0.041532,-0.015648,-0.001223,-0.01812,0.0,-0.004738,0.011526,-0.004706,0.02215,-0.027758,0.014275,0.025926,-0.001444,-0.008436,-0.007778,0.012984,0.000242,-0.012573,0.012977,-0.003626,0.017952
PAYPAL HOLDINGS INC,0.035411,0.003353,-0.032247,0.027797,-0.017638,0.007866,0.001697,-0.002541,0.048226,0.002268,-0.009859,0.003428,0.025053,-0.020156,0.005183,-0.003545,0.011643,0.001918,0.006382,-0.026474,0.000814,-0.046046,-0.00307,0.028571,0.026946,-0.011176,-0.001474,0.006398,-0.005705,-0.041803,0.024636,0.036734,0.060074,-0.031601,0.016316,-0.027169,-0.036655,0.017625,0.032049,-0.001255,-0.036589,0.010921,0.00645,-0.014098,0.035262,-0.007377,-0.112429,0.049528,0.020031,-0.030454,0.01047,0.014099,-0.00938,-0.008624,-0.019615,0.015136,0.013882,0.002874,0.01399,0.001496,0.001494
O REILLY AUTOMOTIVE INC NEW,-0.001893,0.002754,-0.00534,0.007393,-0.031963,-0.00821,0.020764,0.00753,0.010917,-0.032835,0.000473,0.008996,0.004302,-0.014529,0.007682,-0.005733,-0.010504,0.00052,-0.001422,0.009424,-0.005368,-0.001344,-0.008382,-0.011113,0.002745,-4.3e-05,0.009322,0.008606,0.008946,0.039022,0.001929,0.023555,0.012378,0.007626,-0.010252,-0.0067,0.005489,-0.001494,0.007335,0.010786,-0.017356,0.018279,0.005337,0.007935,-0.003562,0.014413,-0.043289,0.004888,0.000556,0.012539,0.009661,-0.001334,0.003006,-0.014671,0.003998,0.014465,0.003043,0.003828,0.01853,0.010363,-0.005069
ECOLAB INC,0.003494,-0.00499,-0.007522,0.001579,0.01114,-0.001559,0.006975,0.002895,0.02309,-0.009068,0.000407,0.002744,0.000457,-0.01011,0.010572,0.003606,0.005161,0.003776,-0.002608,-0.002615,-0.000756,-0.010495,-0.003212,-0.001228,0.003739,-0.000255,0.007452,0.003192,0.004545,0.000603,-0.008039,0.015296,-0.002943,0.005003,-0.008413,-0.012853,0.010172,-0.000654,0.003829,0.007478,-0.012554,0.009131,-0.003499,-0.018964,0.022501,0.015254,-0.000542,-0.000838,0.001283,0.089664,-0.019034,-0.002304,-0.005035,0.004689,0.002495,0.012861,0.011924,-0.009265,0.008217,0.013148,-0.000756
CINTAS CORP,0.009038,-0.005732,-0.007152,-0.000272,0.005119,-0.000758,0.011331,0.008792,0.018387,-0.019969,-0.00836,0.00349,-0.00066,-0.011833,0.065546,0.008967,0.012079,0.006275,-0.008446,0.002612,-0.017838,-0.019648,0.003619,-0.008792,0.011901,0.000651,0.004294,0.002095,0.008075,-0.00747,0.000544,0.006334,0.01085,0.00414,0.003558,-0.009475,0.000937,-0.00117,0.007009,0.011312,-0.006964,0.021453,0.00285,-0.005942,0.003687,0.006037,-0.007175,0.001718,-0.007327,-0.012596,0.013301,0.013629,-0.010241,-3.2e-05,0.00654,0.013642,0.009568,0.001327,-0.009133,0.004091,-0.003345
APOLLO GLOBAL MANAGEMENT INC NEW,0.007609,-0.030636,0.009682,-0.001764,0.00254,0.014207,-0.001629,0.014031,-0.010404,0.00943,0.014496,-0.004234,0.007228,-0.032609,0.001418,-0.002397,0.011029,0.006156,0.011915,-0.011456,-0.019959,0.009197,0.028534,0.001371,0.014326,-0.006543,0.011081,-0.014268,0.000734,0.000524,0.006285,0.005413,0.024436,-0.01506,-0.02196,0.029063,0.019372,0.003301,0.008972,0.003853,-0.011811,0.001494,0.025659,-0.001261,0.014272,0.013688,0.014259,0.023462,-0.009552,0.009093,0.024575,0.013147,-0.007979,-0.027593,-0.00292,0.020406,0.000897,-0.006541,-0.000541,0.008753,8.9e-05
SOUTHERN COPPER CORP,0.066871,-0.039745,-0.028498,-0.00447,0.005612,0.052742,-0.004241,-0.003993,0.033676,0.056367,0.006976,0.006563,0.025839,-0.019539,0.032293,0.018723,-0.003425,0.010309,-0.009864,-0.014428,-0.016382,-0.009095,-0.000954,-0.002744,0.022852,-0.014154,-0.011509,-0.003241,0.001204,-0.041617,-0.01506,0.004205,0.02893,-0.008262,0.01915,0.015739,0.006847,-0.007397,0.005529,-0.010399,-0.008334,0.020585,-0.024585,-0.02496,0.031623,-0.00219,-0.013288,-0.009637,0.011477,-0.028027,0.026785,0.035572,0.008678,-0.015892,0.012263,-0.002759,-0.013351,-0.025478,0.010758,-0.023639,0.024972
FEDEX CORP,0.021597,0.004463,0.001807,0.004247,0.001572,0.021821,-0.003049,0.006006,0.003003,0.02056,0.006548,0.00224,-0.00681,-0.120536,0.004508,0.002709,0.015966,-0.004167,0.01052,-0.002406,-0.002886,-0.018237,-0.00949,0.006197,0.007212,-0.00539,0.014398,0.00016,-0.009089,-0.014201,-0.007142,0.003206,0.010079,0.016874,0.000638,-0.004465,0.013615,-0.006242,-0.013993,-0.017175,-0.010174,0.002735,0.001695,-0.016711,0.012631,0.003357,-0.001569,0.003599,0.007501,-0.032932,0.001861,-0.001309,0.004524,0.008207,0.007807,0.011391,-0.002867,-0.009611,0.001161,0.012303,0.018824
WORKDAY INC,0.008127,-0.013557,-0.005423,-0.001643,0.018929,0.003781,0.009875,0.002318,0.006974,-0.028348,0.007091,0.000183,0.00451,-0.013979,0.01018,-0.001209,0.005136,-0.000985,0.008696,-7.2e-05,-0.028182,0.000485,-0.004955,-0.004793,0.026862,0.010552,0.003589,0.007803,0.015306,-0.008297,0.001531,0.015498,0.015087,-0.000379,0.004968,0.014349,-0.010626,-0.012758,0.028064,-0.006302,-0.012854,0.010066,0.002517,-0.010212,-0.010626,0.02006,0.014367,0.020894,-0.019023,-0.007824,0.0185,0.00943,-0.007932,-0.00228,-0.010001,0.025622,-0.002413,0.004348,-0.039582,0.000373,-0.001694
MARVELL TECHNOLOGY INC,-0.052575,-0.014962,-0.025187,-0.005325,0.0349,0.013221,0.030257,-0.004038,0.054368,0.036357,0.00506,0.002182,-0.001005,-0.035535,0.047098,0.0,0.014938,0.001799,0.000653,-0.01615,-0.035483,-0.024239,0.024137,0.031858,0.069927,-0.009983,-0.00063,0.038468,-0.002885,-0.002436,-0.002442,0.043605,0.042076,-0.013647,0.006989,0.023796,-0.031544,-0.028,0.030864,-0.018677,-0.016417,-0.01226,0.00987,-0.007552,0.000895,0.034138,0.023785,-0.030836,0.0231,-0.032519,0.012183,-0.022042,-0.017052,-0.018857,0.00738,0.066392,-0.032775,0.015389,0.007432,-0.023,0.061001
SNOWFLAKE INC,-0.009111,0.012529,-0.011365,-0.009078,0.015395,0.017938,0.012168,0.002591,0.015815,0.021928,-0.00921,-0.000201,0.000251,-0.023817,0.01292,-0.005691,0.01477,0.000755,0.012682,-0.011082,-0.049648,-0.025962,-0.00266,0.029393,0.03823,0.002801,0.002539,-0.009017,-0.022288,-0.01694,0.000532,-0.008027,0.034886,0.030862,0.03265,-0.00861,0.010794,-0.01699,0.034714,-0.015701,-0.051442,0.021979,0.094128,-0.014445,-0.008905,0.021294,0.021399,0.046568,-0.004801,-0.019771,0.037044,-0.015254,-0.008993,-0.044418,-0.017585,0.043522,0.016488,0.006933,0.013424,-0.01722,-0.181391
MONSTER BEVERAGE CORP NEW,0.001269,-0.000906,-0.016495,0.000737,0.0,-0.006998,0.024852,0.009772,0.013441,-0.017507,-0.008459,0.003812,0.005063,-0.02195,0.018764,0.011376,0.013926,0.009685,0.001395,0.003309,0.017011,-0.018945,0.004001,-0.002946,0.007299,0.013458,0.002894,-0.004753,0.007164,-0.014903,-0.018222,0.002451,-0.001223,-0.01504,-0.013317,-0.008998,0.001271,0.005441,0.002706,-0.005037,-0.005243,0.016721,-0.010547,-0.004155,0.022134,0.00213,0.000531,-0.014693,0.004851,0.004112,-0.005164,0.00537,-0.020474,0.006907,-0.004693,-0.000544,0.003266,0.007777,0.006999,-0.004634,0.058192
MARATHON PETROLEUM CORP,0.014947,-0.000198,-0.016316,-0.038544,-0.011175,0.010171,0.005803,-0.003337,0.022948,0.028842,-0.016635,0.023116,0.012911,-0.00091,-0.006314,-0.011726,0.00802,-0.014466,-0.020016,0.010076,0.026961,0.036296,-0.028438,-0.005867,0.024656,-0.012479,-0.009526,0.016684,0.013321,-0.021212,-0.013756,-0.001316,0.007773,0.009544,-0.003043,0.007339,0.013991,0.020665,-0.002367,0.060884,-0.025252,0.011655,-0.007163,0.028798,-0.02618,0.017703,0.000531,0.001709,-0.006354,0.005862,0.0,0.008418,-0.007589,-0.028792,0.010713,0.010238,0.010671,0.017105,-0.007597,-0.023199,0.012383
EMERSON ELECTRIC CO,0.013723,-0.013427,-0.006299,-0.007357,0.011631,0.009355,0.001898,0.008025,0.019792,0.046731,-0.009219,0.004182,-0.003228,-0.011281,0.011092,0.007627,0.011199,0.00082,-0.005225,0.002472,-0.014898,-0.012516,0.004436,0.003891,0.003142,-0.012008,0.001585,0.000317,0.000738,-0.016971,-0.009007,0.013633,0.01313,0.01296,-0.003745,-0.014512,0.0196,-0.012261,-0.000526,-0.002737,-0.031873,0.02213,0.002346,-0.006172,0.009208,0.104286,-0.016428,0.008009,0.010465,0.003836,0.014903,-4.7e-05,0.004162,-0.012718,0.001527,0.003144,0.005889,0.002644,-0.000565,-0.005371,0.012221
PHILLIPS 66,0.006284,-0.009715,-0.005761,-0.021143,-0.00304,0.005617,0.008698,-0.009414,0.015493,0.023199,-0.001845,0.011011,0.01904,0.002018,0.001641,-0.001713,0.012383,-0.007516,-0.013809,0.002258,0.008637,0.010872,-0.003462,-0.000296,-0.010278,-0.004781,-0.028526,0.006723,0.01988,-0.025589,-0.009269,-0.004678,0.011122,0.004416,0.011183,0.019526,0.029775,0.018671,-0.008059,0.02387,0.013342,0.008593,-0.00055,0.012168,-0.009033,0.004249,0.001979,-0.007901,-0.008307,0.004915,0.000344,0.007988,-0.010316,-0.018566,0.017075,0.021386,0.003342,0.008157,-0.020026,-0.02821,0.008992
P N C FINANCIAL SERVICES GRP INC,0.037623,0.012878,-0.015129,0.005048,0.002942,0.006439,0.002346,-0.001064,0.038836,0.047772,-0.006392,-0.00604,0.021069,-0.031889,0.014031,0.004612,0.010691,0.00584,0.004065,-0.005012,0.010655,-0.030927,0.005736,0.024258,0.008257,-0.019109,0.004336,-0.017013,-0.01357,0.000672,-0.001342,-0.017001,0.030761,-0.009019,0.003212,0.002135,0.00679,0.002314,0.012401,0.005017,-0.019708,-0.038159,0.018496,-0.015527,0.023726,-0.007502,-0.00162,-0.001082,0.009271,-0.026016,0.017968,0.011902,-0.005213,-0.014444,-0.000886,-0.008051,0.005021,-0.008691,0.007594,-0.001781,0.010364
ROPER TECHNOLOGIES INC,0.004329,-0.007085,-0.002254,-0.000317,-0.001065,0.003366,0.006728,0.006016,0.013451,-0.021679,0.005048,0.002622,-0.002597,-0.012224,0.01002,0.00472,0.00129,0.000368,0.004414,-0.001794,-0.01959,-0.00653,-0.012863,-0.002099,0.01235,0.005182,-0.002295,0.00396,0.003362,0.005766,-0.000149,0.008842,0.012086,0.002589,0.005274,-0.009117,0.007175,-0.003661,0.01137,0.010145,-0.043752,0.016406,0.00698,-0.006786,-0.001081,0.006217,-0.006105,0.009022,-0.014448,-0.012705,0.011748,0.011574,-0.004398,-0.002676,0.009024,0.011457,0.002809,-0.01609,-0.001478,-0.006671,0.002355
PACCAR INC,0.014812,0.005795,0.001601,0.009055,0.008446,-0.001466,0.026735,-0.003063,0.004404,0.009688,0.004592,-0.005195,0.010548,-0.008888,0.010428,0.005882,0.002565,0.000716,0.000409,-0.00184,-0.008909,-0.019116,-0.012114,-0.002026,0.023079,-0.009713,-0.00232,0.0,-0.005814,0.0,0.000319,0.013818,0.009226,0.008622,0.040375,-0.001782,0.011703,-0.002451,-0.003636,0.005721,-0.015495,0.016237,0.010782,0.010085,0.000672,0.007963,0.005235,0.003788,9.4e-05,-0.007829,0.016637,0.013031,-0.002684,-0.00334,0.011731,0.017024,0.002353,0.01327,-0.008196,0.000359,-0.00431
REPUBLIC SERVICES INC,0.012852,-0.008297,-0.006767,0.002415,-0.001606,0.001238,0.004018,0.016806,0.011746,-0.02645,-0.003749,0.009193,-0.004707,-0.003686,-0.003391,0.006434,0.002336,0.004231,0.003359,0.006908,0.000182,-0.007397,0.002688,-0.003899,0.005076,-0.003286,0.002991,-0.002252,0.013481,-0.00301,0.003381,0.009326,0.005544,0.000889,0.005864,-0.002827,0.005551,0.005931,0.001051,0.008223,-0.010181,0.015837,-0.000978,-0.002361,0.002482,0.005067,0.000458,-0.006585,-0.008588,0.020988,0.017824,0.006266,0.003169,-0.002328,0.0075,0.010862,0.009,-0.000595,-0.001893,0.00775,-0.012638
NORFOLK SOUTHERN CORP,0.038091,0.006888,-0.018068,0.018624,-0.003025,-0.028102,0.003394,0.002345,0.024025,0.027064,-0.006417,-0.000344,0.006159,-0.016437,0.020193,-0.00128,0.009482,-0.003427,0.004246,-0.000634,-0.003046,-0.011415,-0.00837,-0.008657,0.003013,-0.008968,0.005271,-0.009832,0.01293,-0.001917,-0.012877,0.035907,-0.000896,0.02602,0.005913,-0.018588,0.00329,-0.015094,0.017715,-0.006543,-0.006798,0.090716,-0.01626,-0.010355,0.013603,-0.005201,0.013969,0.00307,-0.003571,-0.014375,0.007951,0.008245,-0.009043,0.006943,0.015091,-0.005551,0.007104,-0.01341,-0.008132,0.004238,-0.00067
LULULEMON ATHLETICA INC,0.044338,-0.012537,-0.008312,0.008185,0.008683,0.053737,0.026754,0.00181,0.001688,-0.030129,0.004414,0.020694,0.010426,-0.003374,0.01164,-0.002016,-0.007216,0.004918,0.000806,0.004065,-0.011559,-0.014563,-0.004056,-0.009879,0.000774,-0.01174,-0.003315,0.002851,-0.011411,-0.01919,-0.00495,0.019321,0.013761,-0.004401,-0.010148,-0.004528,-0.001137,0.007864,0.008284,-0.001224,-0.057291,0.017893,0.000996,-0.012262,-0.000416,0.00265,0.033272,-0.005793,-0.008847,-0.021134,0.00982,-0.003755,-0.020437,-0.011121,-0.002564,0.026609,0.005777,0.022626,-0.000876,-0.007909,0.006356
AUTODESK INC,0.029758,-0.016094,-0.003886,-0.004083,0.01954,0.000759,0.009285,0.008183,0.030578,0.025116,0.006146,-0.013001,-0.004098,-0.006088,0.021883,0.003597,0.009516,0.000163,-0.000816,-0.005839,-0.038443,-0.0296,0.007615,0.002621,0.025837,0.002166,0.012121,0.007663,0.007438,-0.003877,-0.012547,0.011364,0.030931,0.008647,0.007935,-0.000475,-0.003602,0.005243,0.016438,-0.002955,-0.010372,0.004964,0.00541,-0.014194,0.004628,0.017521,0.011918,0.01977,-0.017399,-0.02015,0.02107,-0.003509,-0.011292,-0.011769,-0.010734,0.017662,0.000856,0.000583,-0.001554,-0.006616,0.01144
PIONEER NATURAL RESOURCES CO,0.002202,-0.007754,-0.019839,-0.016432,-0.00662,0.011106,0.001704,-0.014098,0.010623,0.026188,-0.005691,0.00722,0.011758,-0.019267,0.007576,-0.000481,0.005948,-0.005044,-0.017393,0.000133,0.024013,0.009076,-0.011835,0.002003,-0.016212,-0.014226,-0.009456,-0.002941,0.015066,-0.025392,-0.004082,-0.002257,0.000923,-0.001568,0.012241,0.017432,0.023816,0.009506,-0.00013,0.016189,-0.018408,-0.005569,-0.004725,-0.005759,0.008357,-0.001272,0.017562,-0.019589,0.00933,-0.011032,-0.006437,0.027513,8.6e-05,-0.010494,0.020075,0.00077,-0.006156,0.006366,-0.000898,0.004535,0.001618
MOTOROLA SOLUTIONS INC,0.007588,-0.005103,0.002781,-0.006439,0.00276,0.003587,0.005824,0.007812,-0.006141,-0.031015,-0.016845,0.014364,-0.006318,-0.011439,0.003749,-0.002254,0.000484,0.001355,0.002094,0.006494,-0.004631,0.001155,-0.000801,-0.008308,0.011968,-0.002717,0.009711,-0.002412,0.006459,-0.002087,0.004372,0.012428,0.016544,-0.003954,0.013785,-0.003399,0.000731,-0.007578,0.001993,0.002357,-0.024487,0.017684,0.007597,-0.007081,0.000246,0.007837,0.001281,0.007736,-0.032639,-0.002718,0.000533,0.014121,-0.010528,0.007957,0.00551,0.019149,-0.002326,-0.005208,0.000396,0.007819,-0.002596
FREEPORT MCMORAN INC,0.051447,-0.041539,-0.027652,-0.00875,0.00331,0.048942,-0.00734,-0.011883,0.047301,0.070937,-0.011199,-0.003614,0.020073,-0.019915,0.021529,0.003552,0.010618,0.008639,-0.004167,-0.01046,-0.011276,-0.017106,0.004351,-0.003369,0.019078,-0.011848,-0.009592,-0.002906,-0.002194,-0.049829,-0.016967,-0.000785,0.014656,-0.033273,0.01841,0.040608,-0.007049,0.003803,0.016166,-0.006463,-0.007005,0.012346,-0.001991,-0.035411,0.038521,-0.024147,-0.027551,-0.019937,0.008833,-0.027328,0.01473,0.028226,0.015163,-0.01777,0.018878,-0.004889,0.007499,-0.023871,0.003418,-0.019654,0.010692
CONSTELLATION ENERGY CORP,-0.009584,-0.008008,-0.00513,-0.04801,-0.018645,0.006152,0.044421,-0.014292,0.016945,-0.007129,0.027249,0.005137,0.012148,-0.031454,0.01111,-0.025188,0.019423,-0.001276,-0.00264,-0.001879,-0.01403,0.005206,-0.00423,0.007628,0.006796,-0.004614,-0.005494,-0.025378,0.0,-0.009742,0.000984,-0.004557,0.027287,0.024115,0.012627,-0.025445,0.042189,0.005973,-0.002144,0.007189,0.000985,0.046148,0.016297,-0.020662,0.031331,0.011373,-0.013434,0.011092,-0.027692,-0.004669,0.005942,0.021994,-0.002586,0.00488,-0.003035,0.015145,0.004498,-0.005747,0.169194,0.096752,-0.013932
OCCIDENTAL PETROLEUM CORP,-0.00541,-0.016488,-0.010024,-0.013967,0.001771,0.001241,0.010448,-0.026463,0.030063,0.026914,-0.003404,0.007001,0.022554,-0.002156,0.004487,0.006122,0.01036,-0.00651,-0.01753,-0.004336,0.005694,0.009326,-0.024583,-0.003045,-0.011368,-0.013901,-0.011486,0.00581,0.016279,-0.024802,-0.007065,0.004447,-0.000885,0.005672,-0.000176,0.010224,0.012214,0.006723,-0.003082,0.01168,-0.022581,-0.004343,-0.004885,-0.001052,0.010355,0.000868,0.007463,-0.009991,0.009744,-0.007238,-0.005381,0.04904,0.006821,-0.015863,0.015279,0.000992,-0.008426,0.007498,0.00215,-0.005611,0.005808
PALANTIR TECHNOLOGIES INC,0.010973,-0.092255,-0.005435,-0.063934,0.005254,0.03194,0.0,-0.015194,0.021143,0.019026,-0.000549,-0.01978,0.006166,-0.038997,0.01971,-0.010233,0.015508,-0.011878,0.005152,-0.02221,-0.034362,-0.029554,0.009944,-0.016615,0.043179,-0.016797,0.024405,-0.006552,0.004796,-0.013723,-0.00847,0.00061,0.023171,0.048868,-0.015341,-0.033468,-0.017314,-0.006683,0.04526,-0.02048,-0.038829,0.014916,0.042254,-0.017626,0.308014,0.079104,0.038559,-0.005304,0.027482,-0.041517,0.049146,0.008734,-0.038174,-0.042553,-0.028205,0.037379,-0.026282,0.025686,0.041172,-0.004484,0.027027
GALLAGHER ARTHUR J & CO,-0.004016,-0.001815,-0.011149,-0.009355,-0.005979,-0.000373,0.016766,0.010571,-0.009613,-0.0741,-0.018631,0.021319,-0.013052,-0.019947,0.012494,9e-05,-0.002333,0.002923,0.002018,0.006355,0.000534,8.9e-05,0.003911,-0.002745,0.015803,-0.011799,0.017732,0.008038,0.012069,-0.005664,0.002227,0.01265,0.007765,-0.005318,0.009094,-0.002545,-0.005521,-0.019853,-0.018238,0.007824,0.006896,-0.000172,0.002671,0.015124,-0.009354,0.009186,0.003514,0.007636,-0.013482,0.002971,0.009986,0.007835,-0.005529,0.010534,-0.006784,0.019034,0.001349,-0.003918,-0.002008,0.007883,-0.003829
FORTINET INC,-0.001332,-0.004572,0.005167,-0.013138,-0.00984,0.016368,0.028374,0.0261,0.005632,0.030714,0.013672,-0.029742,0.029407,-0.005367,0.018451,0.012989,0.008942,-0.007692,0.001011,-0.014647,-0.012814,0.001211,0.009335,-0.000856,0.050051,-0.030362,0.033165,0.014339,0.003052,-0.007047,-0.022258,0.013032,-0.008305,0.0289,0.027929,0.026393,-0.008471,0.008696,0.004991,0.003913,-0.033278,0.030392,-0.00015,-0.005268,0.021032,0.037789,-0.03113,0.038173,-0.002555,-0.01224,0.021326,-0.008747,-0.025335,-0.008324,-0.037844,0.024793,0.010155,0.011236,0.022661,-0.00629,-0.005755
CAPITAL ONE FINANCIAL CORP,0.02033,0.008865,0.003306,-0.013441,0.014151,0.023488,0.006097,0.012457,0.039904,0.032856,0.003715,0.002313,0.011848,-0.028817,0.014953,0.000771,0.007631,0.003213,0.006634,-0.006817,0.00755,-0.010522,-0.007267,0.020421,0.009742,-0.005834,-0.030016,-0.004653,-0.004987,-0.00141,-0.011292,-0.009201,0.024496,0.013283,0.000617,0.01025,0.011137,0.046549,-0.00173,0.000939,-0.023736,-0.005616,0.014269,-0.009086,-0.006581,-0.002828,0.010525,0.002881,0.01709,-0.028731,0.011833,0.009252,0.00638,0.001166,-0.017323,-0.003333,0.007134,-0.0076,0.017325,0.005847,-7.3e-05
AIR PRODUCTS & CHEMICALS INC,0.007725,-0.009133,-0.030094,-0.002824,0.002794,0.004809,0.0049,0.010508,0.007406,0.005532,0.000185,0.001255,0.004867,-0.016036,0.013388,0.004048,0.00744,0.002983,-0.005296,0.004813,-0.001205,-0.009544,-0.002252,-0.00037,0.009957,-0.01741,-0.004215,-0.008878,-0.001739,-0.013933,-0.00119,-0.000423,0.002346,0.001113,0.008853,-0.023097,0.025237,-0.006638,-0.00294,-0.007085,-0.013769,0.015056,-0.005355,-0.155518,0.000138,-0.012245,0.021033,-0.000318,0.012509,-0.022373,-0.002757,0.045804,-0.000441,0.005466,4.4e-05,0.014906,0.005572,-0.014734,0.010333,0.002934,0.007013
AUTOZONE INC,0.012192,0.008464,0.002635,0.014784,-0.028746,-0.004638,0.004965,0.010537,0.021993,-0.03055,-0.003277,0.003543,0.004535,-0.015846,0.002044,-0.001523,-0.015077,0.001541,-0.002203,0.006995,-0.006617,-0.000354,-0.003965,-0.002534,0.001176,-0.012784,0.006298,0.00374,0.008816,0.039103,-0.000131,0.020145,0.008616,0.008939,-0.000967,-0.006029,-0.001094,0.011508,0.005107,0.015824,-0.02696,0.013041,0.008484,-0.006347,0.00281,0.010911,-0.039007,-0.018912,0.00891,0.008236,0.000264,-0.00073,0.001083,-0.011614,0.01244,0.010653,-0.000881,0.005123,0.066606,0.019164,-0.00186
HILTON WORLDWIDE HOLDINGS INC,0.019819,0.004273,-0.02413,0.003763,0.014102,0.005281,0.033152,0.00887,-0.002744,-0.007468,0.002659,0.007109,0.007003,-0.011517,0.021669,-5.5e-05,-0.001653,0.001711,0.001212,0.001926,-0.011093,-0.006386,-0.00095,0.00979,0.009418,-0.003019,0.004789,-0.002027,5.5e-05,0.001263,0.006196,0.011933,0.008993,0.00571,-0.005678,0.001014,0.022392,0.004485,0.002803,0.005229,-0.016583,0.014453,0.006659,-0.006871,0.004905,0.007245,-0.00755,-0.012285,0.007338,-0.017875,0.013624,0.017955,0.007188,-0.00243,0.009894,0.017886,0.010324,-0.00748,0.002857,0.001817,0.001765
COPART INC,-0.001792,-0.020746,-0.006111,-0.022341,-0.000419,-0.006082,0.034184,0.007345,0.010128,-0.014237,-0.005085,-0.00368,-0.003489,-0.013386,0.010436,0.008263,0.003893,-0.002449,0.000614,0.00184,-0.030408,-0.014313,-0.004057,-0.00193,0.016971,-0.001267,0.013748,-0.002295,-0.005228,0.006937,-0.003132,0.008796,0.011003,0.016222,0.000808,-0.017767,0.006989,-0.018984,0.012484,0.00596,-0.01859,0.024147,0.01687,-0.000799,0.009802,0.00733,0.002163,-0.000981,-0.008446,-0.024762,-0.000203,0.010362,-0.015484,-0.008987,0.007626,0.010636,0.039871,0.021798,0.008,0.003024,0.001319
EDWARDS LIFESCIENCES CORP,0.0096,0.011995,-0.00477,0.009296,-0.0177,0.013478,0.016334,0.026597,0.042117,0.033768,-0.01106,-0.026268,0.005743,-0.015801,0.011198,0.011741,0.005934,-0.000918,0.006561,-0.005997,-0.008918,-0.032288,0.005333,-0.009113,0.03871,0.002114,0.003824,-0.012875,-0.014772,-0.00054,-0.002298,0.008399,-0.001746,0.011439,-0.004391,-0.030603,0.013923,-0.004215,0.01816,-0.008985,0.06184,0.003058,0.093762,-0.000348,0.025447,-0.018584,-0.009352,-0.009207,0.024821,-0.009871,-0.00255,0.0,0.000697,0.009292,-0.002877,0.011195,0.001369,-0.018122,0.004179,-0.005895,-0.01314
3M CO,0.007873,0.035954,-0.016918,0.010817,0.004767,0.000871,-0.002032,-0.005816,0.015893,0.027354,-0.000561,-0.010376,0.003589,-0.024282,0.018231,0.007294,0.01674,0.005827,0.008736,-0.003373,0.00622,-0.020091,0.003525,0.003883,0.002486,0.002205,-0.007333,0.005725,-0.007345,-0.00444,-0.014493,0.003394,0.012401,0.002413,-0.11035,-0.029761,0.029387,0.000104,0.004063,-0.006537,-0.014621,0.016534,-0.010844,-0.022557,0.011108,0.000853,-0.00682,-0.003219,0.018622,-0.020818,-0.00259,0.015906,-0.012232,0.006247,-0.001198,0.00567,0.003795,-0.008209,0.005228,-0.009101,0.007216
TRAVELERS COMPANIES INC,0.00753,0.006649,0.002566,-0.002886,-0.001201,-0.003573,0.006014,0.007184,0.008494,-0.013228,0.000219,0.003282,0.015103,-0.012569,0.00941,0.001239,0.006943,0.008178,0.003764,0.006127,0.004882,-0.000627,0.006482,0.002753,-0.003936,-0.000572,0.004631,0.009218,0.003541,0.005881,0.004016,0.004304,0.067154,0.010346,-0.013467,0.0,0.00256,-0.000426,-0.001466,0.011463,-0.010209,0.003123,0.013206,-0.0081,-0.000329,0.005681,-0.001914,0.003227,0.000886,0.005869,0.003103,0.011079,-0.006803,0.011815,-0.002817,0.012849,-0.006028,-0.003983,0.008179,-0.00658,0.00245
METLIFE INC,0.002043,0.01239,-0.008985,-0.006722,-0.001259,0.009927,0.013263,0.004004,0.015798,0.010116,-0.008072,-0.017179,0.018093,-0.017771,0.005673,0.004117,0.00577,-0.003321,0.00409,-0.002414,0.018449,-0.003415,0.005512,0.021188,0.008706,-0.004315,0.001156,0.0,-0.006782,-0.008862,-0.011873,0.004599,0.017277,0.008855,-0.000576,0.003167,0.010189,0.006961,-0.007336,0.006396,-0.021042,-0.057271,0.009181,0.005762,0.002279,0.015767,-0.003731,0.011236,0.015556,-0.010358,0.007518,0.01741,-0.011073,-0.002181,0.004663,-0.00116,0.006825,-0.010962,0.008604,0.002603,0.005769
CARRIER GLOBAL CORP,0.02425,0.00451,-0.016648,0.00837,-0.002264,0.044999,0.012303,0.006792,-0.009409,0.053943,-0.025166,-0.009943,0.004052,-0.014038,0.016429,0.003162,0.005954,0.005919,-0.002423,-0.003296,-0.017406,-0.027458,0.010565,0.004326,0.012563,0.006735,0.004225,-0.003156,-0.012663,-0.005166,-0.014145,0.006175,0.008664,0.007874,-0.00728,-0.016813,0.024377,-0.014207,0.014412,0.000355,-0.028759,0.016085,0.021407,-0.009158,-0.034661,-0.008838,0.02285,0.017254,0.000536,-0.036938,0.019085,0.019091,-0.036575,-0.010556,0.006363,0.001488,0.0065,-0.00369,0.019259,-0.005087,0.014975
ROSS STORES INC,0.013499,0.006395,-0.003091,0.001437,-0.005814,0.00319,0.024303,0.001183,0.017128,-0.023082,-0.004829,0.008213,0.006146,-0.009274,0.009435,0.003974,0.004252,0.002993,0.005749,0.001375,-0.00513,-0.021136,0.00371,-0.005692,0.00974,0.000663,0.000442,0.005958,-0.001389,0.003661,-0.010797,0.013791,0.001164,0.004359,0.004702,-0.00108,0.014993,0.006747,0.008324,-0.003008,-0.015648,0.020174,0.003983,-0.006473,-0.004133,0.007667,0.019616,-0.001301,-0.003153,-0.003232,-0.003105,-0.000692,-0.002147,0.002568,0.002562,0.014363,0.007692,-0.001284,0.01204,0.005547,-0.009904
AMERICAN INTERNATIONAL GROUP INC,0.002431,0.000455,-0.001515,-0.008042,0.000612,0.001835,0.009919,0.011635,0.009559,-0.011007,-0.007219,0.006817,0.014746,-0.012159,-0.000751,0.005408,0.002988,0.000298,0.010722,-0.001768,0.016089,-0.003341,0.000291,0.005537,-0.011448,-0.005717,-0.003538,-0.004438,0.003121,-0.004148,-0.006992,0.007341,0.023647,0.006247,-0.003754,0.002319,-0.002603,0.007973,-0.002301,0.01456,-0.012361,-0.009927,0.01177,-0.010053,-0.002321,0.015123,-0.020054,0.010379,0.008825,0.005163,-0.013126,0.016337,-0.003698,-0.02727,0.008073,0.032033,0.006208,0.0,0.008833,0.006671,0.006351
D R HORTON INC,0.024986,-0.002827,0.001839,0.02203,0.020433,0.015549,0.003178,0.00648,0.031259,0.062149,-0.019722,-0.010059,0.011036,-0.005658,0.006292,-0.002594,0.005135,0.006901,0.001516,0.0,-0.013818,-0.012877,-0.001757,0.006365,0.024558,-0.003415,0.018187,0.002977,-0.00684,-0.006042,-0.006732,0.003751,0.01816,0.015454,-0.092391,-0.027388,0.016953,-0.007558,-0.002135,0.021826,-0.002443,0.030929,-0.002987,-0.009259,-0.015148,0.011256,-0.000415,0.002282,0.023256,-0.039857,0.021985,-0.000825,-0.028271,0.015573,0.003624,0.007917,0.006684,-0.001643,-0.002879,0.003713,0.023702
FORD MOTOR CO DEL,0.031189,0.011342,-0.009346,0.00849,0.012161,0.01756,0.00545,0.00813,0.007168,0.074733,-0.004967,-0.007488,0.007544,-0.018303,0.045763,0.00081,0.008097,-0.004819,-0.004036,-0.012156,-0.002461,-0.037007,-0.002562,0.014555,0.010127,-0.010861,-0.000845,-0.010144,-0.021349,0.0,-0.016579,-0.024845,0.019108,0.0,0.015179,-0.029903,0.028105,0.004409,0.014047,0.019913,-0.005093,0.032423,0.003306,-0.045305,0.041415,0.060481,0.002344,-0.011691,0.023659,-0.023112,-0.009464,0.023089,-0.017572,-0.004065,-0.00898,-0.001647,0.00165,-0.015651,0.004184,0.025,0.011382
SUPER MICRO COMPUTER INC,-0.014042,-0.012165,-0.012728,-0.036279,0.010773,0.064415,-0.038107,0.011858,0.029958,0.077126,0.019395,0.073573,-0.019399,-0.043869,0.006952,-0.047538,0.015912,0.002276,-0.012034,-0.02467,0.004186,-0.016851,0.029076,0.011531,0.096361,0.073217,-0.003928,0.002716,-0.010923,-0.039021,-0.024762,-0.021337,0.359363,0.030423,0.04846,0.028007,0.011463,-0.003007,0.045387,0.034902,0.032439,0.101754,-0.006632,0.144437,0.027497,0.002949,0.021065,0.060587,0.044199,0.023907,0.112522,0.140196,-0.19988,-0.019606,-0.067804,0.328739,-0.118409,0.018988,-0.02879,-0.040618,0.06072
OLD DOMINION FREIGHT LINE INC,0.042873,-0.004535,-0.021565,-0.055473,0.005632,-0.014774,0.025524,0.008868,0.004761,-0.00401,0.027528,7.6e-05,0.020327,0.002394,0.017859,0.009188,0.007337,-0.005769,-0.006141,-0.01394,-0.018726,-0.031729,0.01075,-0.014104,0.023295,-0.004965,0.000665,-0.005575,7.7e-05,-0.015609,-0.012905,0.012015,0.012631,0.037394,-0.018596,-0.006494,0.0096,-0.007005,0.011613,-0.003424,-0.012252,0.002992,0.042071,0.014069,0.026807,0.016214,0.006267,0.000391,-0.014311,-0.012025,0.01696,0.002783,-0.02054,-0.009541,0.011945,0.029476,0.00753,0.01288,-0.010832,-0.018501,0.02213
GRAINGER W W INC,0.022119,-0.002713,-0.003531,0.004959,0.006068,-0.004149,0.016653,0.004441,-0.002753,0.012213,-0.006359,0.011681,-0.003565,-0.01708,0.009841,0.004624,0.000701,0.003464,-0.005052,0.001922,-0.018644,-0.005275,0.00869,0.003346,0.004299,0.002141,0.008301,0.007511,0.006033,-0.001864,-0.001749,0.039472,-0.009402,0.014653,-0.001163,-0.005025,0.011719,0.002031,0.014628,0.020778,-0.020923,0.030146,0.054084,-0.02766,-0.005605,0.004956,0.005217,0.011517,-0.012304,-0.012458,0.009611,-0.000752,-0.008361,-0.000695,0.006298,0.018214,0.000783,0.004901,0.006133,0.005322,-0.001272
I D E X X LABORATORIES INC,0.036023,0.070472,0.00453,0.005029,0.002914,0.01581,0.008977,0.016638,0.022971,-0.006062,-0.023657,-0.002015,0.010593,-0.010812,0.023731,0.002588,0.003556,0.001978,-0.000161,-0.003537,-0.01326,-0.023061,0.006429,-0.002117,0.012282,0.016692,0.00217,0.008065,-0.041918,-0.028564,-0.008692,0.019012,-0.00278,0.014528,0.000169,-0.021279,0.004287,0.004862,0.013486,-0.020731,-0.01142,0.023686,-0.000266,0.085328,-0.008949,0.009365,0.002271,-0.002441,-0.011622,-0.017505,0.008818,0.014753,-0.023364,-0.007794,0.006459,0.029814,0.008717,-0.01114,0.009125,-0.005895,0.00621
GENERAL MOTORS CO,0.024051,0.021941,-0.011793,0.007038,0.018232,0.007162,-0.005037,-0.004765,0.017056,0.06649,-0.014345,-0.008116,0.012133,-0.011151,0.02199,-0.006345,0.003054,-0.001384,0.003326,-0.007735,0.003619,-0.021637,0.006238,0.014089,0.019728,-0.00436,-0.006294,-0.012393,-0.016732,0.003687,-0.010738,-0.012282,0.026894,-0.005351,-0.002548,-0.015044,0.013257,0.000569,0.005969,0.077988,0.017038,0.001804,0.001029,-0.028784,0.006351,0.018144,-0.001808,-0.002329,0.018672,-0.024694,0.001566,0.016159,-0.007438,0.00801,0.012305,-0.003798,0.007372,0.004037,0.009801,0.0112,0.011568
VALERO ENERGY CORP NEW,0.008137,0.000633,-0.006405,-0.023239,-0.005378,0.005489,0.006029,-0.020894,0.032258,0.035096,-0.004722,0.026056,0.012735,-0.007934,-0.004678,0.002122,0.007489,-0.010286,-0.013124,-0.000692,0.005077,0.023573,-0.025647,-0.010053,0.002093,-0.016245,-0.018872,0.025888,0.027344,-0.01673,-0.023125,-0.002771,0.017466,0.007491,-7.7e-05,0.008055,0.033116,0.025658,0.003408,0.025365,-0.013532,-0.004392,-0.003182,0.018571,-0.018375,0.024305,0.004392,0.008886,-0.003705,-0.006735,-0.003744,0.006736,-0.017255,-0.03232,0.0157,0.019176,0.012877,0.024792,-0.014543,-0.026367,0.016163
CENCORA INC,0.00354,-0.001617,-0.000147,-0.01502,-0.002292,0.007692,0.005452,0.005423,-0.001128,-0.010897,-0.005806,-0.001298,0.009047,-0.010353,0.012413,0.003807,0.005171,0.000686,-0.003623,0.009288,0.015386,0.008584,0.001616,0.003275,-0.004637,0.015401,0.01175,0.012955,0.002284,-0.00196,-0.001324,0.00951,-0.011368,-0.00055,-0.001421,-0.002157,0.006716,-0.005301,0.003491,0.009568,0.055095,0.018223,-0.008146,-0.003319,0.003416,0.011319,-0.028779,0.001606,-0.003078,0.005261,0.001687,0.006477,-0.005835,0.002762,0.004777,0.003983,0.012244,0.00451,-0.007678,-0.001607,-0.002245
DOORDASH INC,0.027665,0.01843,-0.021604,0.006391,0.02189,0.010407,0.015,-0.004926,-0.005644,0.013243,-0.001867,0.011224,-0.01217,-0.027006,0.018639,-0.000298,-0.006665,0.008312,-0.004767,-0.013172,-0.024573,-0.027887,0.001386,0.009691,0.039131,0.045981,0.024648,-0.015248,0.001443,-0.001056,-0.010863,0.020119,0.013053,-0.015706,0.009841,0.01353,0.003734,0.006696,0.020418,-0.045088,-0.012041,0.029751,0.020503,-0.012603,0.039031,0.017714,0.034724,0.008538,-0.007292,-0.017308,0.031102,0.052162,-0.081254,-0.004569,-0.006841,0.058593,0.002883,-0.015358,0.031779,-0.010186,0.017396
TRUIST FINANCIAL CORP,0.035159,0.000301,-0.003906,-0.003318,0.027845,0.010895,0.002913,-0.009585,0.040763,0.06058,-0.024973,-0.009809,0.010457,-0.025327,0.019559,0.007399,0.009521,0.003503,0.001343,-0.009922,0.015981,-0.02666,0.012599,0.017041,0.010638,-0.008421,0.001327,-0.010337,-0.016069,-0.015242,-0.011056,0.00559,0.041412,-0.012277,-0.005134,0.019826,-0.001065,0.008798,0.006607,0.0021,-0.02908,-0.015111,0.007945,-0.014678,0.0,-0.006621,0.000555,0.009293,0.004743,-0.029714,0.013452,0.025981,-0.006331,-0.014958,0.005905,-0.003634,-0.011223,-0.020148,0.010136,-0.002007,0.004884
AFLAC INC,-0.001209,0.001453,-0.001451,-0.010652,0.003304,0.006707,0.006784,0.01492,-0.003794,-0.032726,-0.008735,0.008936,0.009964,-0.016809,0.00607,0.002955,0.003315,0.002325,0.002442,0.00475,0.009455,-0.001081,-0.010698,0.005103,0.001813,-0.027996,0.025947,0.000605,0.000605,-0.002538,0.003635,0.009417,0.00909,0.001541,0.001657,0.004253,-0.001294,0.004948,-0.00844,0.013477,-0.016214,-0.096514,0.008137,-0.006379,0.00773,0.024831,-0.009134,0.001536,0.003579,-0.005732,0.011017,0.015839,-0.009854,-0.00126,0.006093,0.004921,0.009542,-0.00883,0.006399,0.004364,0.002234
UNITED RENTALS INC,0.05422,-0.023394,-0.02977,0.001977,0.01591,0.022809,0.020361,0.00879,0.040386,0.074072,0.004057,-0.006139,0.010506,-0.027743,0.022713,-0.000771,0.017458,-0.002774,-0.000294,-0.009107,-0.011022,-0.035161,0.003107,-0.01361,0.017437,-0.005101,0.003029,0.003675,0.013558,0.003487,-0.019265,0.023714,0.015372,0.011975,-0.001399,-0.002024,0.129554,-0.032058,0.02692,-0.007333,-0.027341,0.031932,0.013682,-0.013192,0.013895,-0.002765,-0.008778,0.005178,0.020266,-0.037707,0.026944,0.010581,-0.016113,-0.009842,0.001522,0.02157,-0.000865,0.019082,0.008483,0.014354,0.010318
NUCOR CORP,0.002589,-0.017663,-0.009797,-0.021236,0.00604,-0.006923,0.015362,-0.004982,0.018075,0.024772,0.011531,0.008101,0.020893,-0.012201,0.005293,0.008153,0.001067,-0.002132,-0.012031,-0.006564,0.007987,0.006498,-0.025486,-0.008717,0.012781,-0.032648,0.010472,-0.003968,0.004162,0.011309,-0.010246,-0.015676,0.002344,0.021884,0.007627,0.005182,0.011991,0.00229,0.008795,0.069407,-0.010429,-0.007008,-0.012014,-0.005889,-0.005266,0.026799,0.00043,0.001342,-0.002359,-0.035572,0.008803,0.029272,-0.004185,-0.008568,0.002011,0.012421,0.017895,0.008421,0.007986,-0.004816,0.000572
MICROCHIP TECHNOLOGY INC,0.014621,-0.002008,-0.011126,0.000838,0.02619,0.003147,0.032876,0.003599,0.00706,0.034498,-0.008176,-0.009653,0.000876,-0.031076,0.01502,0.003449,0.012418,-0.002081,-0.003073,-0.007265,-0.040142,-0.02299,-0.013835,0.007074,0.019645,-0.003503,0.001172,0.003043,-0.003384,-0.002927,-0.021372,0.033837,0.038069,0.014535,0.013776,-0.015545,-0.010049,-0.030452,0.003567,-0.014559,-0.009074,0.005518,-0.015879,0.013881,-0.02586,0.000721,0.012484,0.012922,-0.017439,-0.039071,-0.001116,0.023951,-0.010908,0.00968,0.013107,0.010422,-0.012634,0.000724,0.000483,-0.009163,0.02385
CONSTELLATION BRANDS INC,0.006071,-0.006778,-0.015189,-0.006592,0.003233,-0.006021,0.005374,0.000552,0.028665,-0.006431,-0.01896,0.010277,0.009209,-0.02497,0.003403,0.008522,0.004666,0.004728,0.008496,-0.001693,0.008852,-0.010128,0.003769,0.021458,0.009979,0.01416,0.004851,0.010402,0.003418,-0.011305,-0.010651,0.003918,0.001183,-0.009136,0.005405,-0.022056,0.011317,-0.002838,0.00521,-0.00945,-0.013485,0.03101,-0.008271,-0.014087,0.006436,-0.013433,-0.005605,-0.002057,0.018677,-0.010118,-0.004007,0.005337,-0.004328,0.005823,0.001427,0.000366,0.006227,-0.001658,0.001094,0.001417,0.004365
AMERICAN ELECTRIC POWER CO INC,0.012068,-0.00472,-0.010233,0.013239,-0.001991,-0.006983,0.010673,-0.006088,0.044625,-0.002872,-0.013201,-0.006081,0.004894,-0.022038,-0.003486,0.004248,0.004354,0.000991,0.006435,-0.001353,0.024132,0.002404,0.00012,0.008154,0.005234,-0.004497,-0.018899,-0.025927,0.013557,-0.006258,-0.015436,-0.01919,-0.006394,-0.005663,0.011002,-0.014339,0.014288,-0.003201,0.006937,0.000766,-0.003825,0.019836,-0.013302,-0.023274,0.005599,0.001295,-0.006595,0.009481,0.012131,0.015337,0.000254,0.032487,-0.000123,-0.005778,0.020772,-0.006783,0.005488,-0.020376,0.040857,-0.008921,0.022444
IQVIA HOLDINGS INC,0.013125,-0.002951,-0.009063,0.005973,-0.002783,0.001349,0.004784,0.005178,0.039185,0.020359,-0.016613,-0.003308,0.012789,-0.016866,0.019245,0.000218,0.007193,0.003852,0.003493,-0.005801,-0.004279,-0.045054,0.000318,0.001999,0.016053,-0.01031,-0.020834,-0.014646,-0.000467,-0.005378,-0.008416,0.01081,0.010319,0.010957,-0.01938,-0.003044,0.012307,0.002738,0.008932,-0.004312,-0.040768,0.014743,-0.002603,-0.00019,0.022306,-0.004967,0.01241,0.00553,-0.001467,-0.011979,0.130998,-0.008215,-0.011886,-0.016094,0.010734,0.042355,-0.000283,0.00089,0.005495,0.005907,-0.012584
HESS CORP,0.003628,0.004395,-0.02329,-0.015247,-0.029718,0.017167,0.012639,-0.010279,0.014318,0.046588,0.013609,0.007745,0.009264,-0.008907,0.002607,0.002805,0.014124,-0.000336,-0.025845,-0.004007,0.004301,0.020928,-0.013937,-0.004734,-0.008272,-0.02565,-0.008918,0.006263,0.014164,-0.024547,-0.001446,-0.007097,0.001532,0.00335,-0.003048,0.021185,0.026805,0.001597,-0.009081,0.003987,-0.020833,0.006902,0.03152,-0.003426,0.004056,-0.00582,0.007369,-0.028714,0.010136,-0.003623,-0.001818,0.036853,0.002973,-0.01179,0.012408,0.007677,-0.003542,0.005701,-0.030942,0.00055,0.002407
SEMPRA ENERGY,0.004529,-0.005328,-0.017649,0.029889,-0.000137,-0.009036,0.021553,-0.001217,0.035748,-0.000131,-0.016475,-0.005584,0.002674,-0.0248,0.0,0.007657,0.010312,-0.004298,0.007149,0.000804,0.014586,0.002506,-0.000658,0.006187,0.006934,-0.007926,-0.002881,-0.016945,0.007616,-0.012598,-0.011953,-0.004893,-0.004508,-0.016191,0.000279,-0.022448,0.008843,0.002545,0.008179,0.006155,-0.005144,0.01104,-0.01396,-0.018082,-0.00414,0.004157,-0.002998,-0.002434,0.014641,-0.018956,0.001586,0.014973,-0.000142,0.002412,0.018398,-0.008894,0.009114,-0.014728,0.002115,-0.005488,-0.000991
M S C I INC,0.013152,-0.004188,-0.00392,-0.015895,-0.012949,-0.003462,0.019598,0.018215,0.038687,-0.007797,-0.019424,0.002408,0.018147,-0.004332,0.02377,0.016744,-0.001796,0.00775,0.008804,-0.008675,-0.017414,-0.010669,0.017913,-0.038716,0.009479,-0.00626,0.012802,0.006622,-0.008759,-0.005482,-0.007945,0.015423,0.01367,0.022187,-0.004274,-0.009471,-0.006607,-0.009878,0.003022,0.093094,-0.006011,0.009488,-0.0186,-0.016305,-0.002383,0.014828,-0.008686,0.011819,-0.003764,-0.024704,-0.004882,0.007891,-0.012107,-0.021433,-0.001635,0.017673,0.00619,-0.001828,-0.017766,0.018052,-0.01222
DEXCOM INC,0.009522,0.013891,-0.008796,0.006314,0.008055,-0.016149,0.007951,0.010687,0.026267,0.006624,-0.004143,0.0062,-0.000486,-0.053938,0.052812,-0.00513,0.011296,0.001457,0.003475,-0.000564,-0.008059,-0.02291,0.012971,0.017648,0.045572,0.00054,-0.013107,0.007266,-0.030482,-0.00432,0.007954,0.015943,-0.001255,0.015712,-0.016784,0.00236,-0.007181,-0.035927,0.018777,-0.027847,0.004636,0.010301,-0.013377,0.002232,0.030438,0.013529,0.003475,-0.051791,-0.017017,-0.011738,-0.002393,0.008051,-0.005438,0.007006,-0.012556,0.009537,-0.010553,-0.000774,-0.007317,-0.009539,0.007442
PAYCHEX INC,0.015988,0.002098,-0.00918,0.011216,0.003295,-0.006489,0.009515,0.010863,0.012326,-0.010069,7.9e-05,0.007096,0.00822,-0.007221,-0.070077,0.008074,0.00267,-0.009236,0.003611,-0.003264,-0.010411,-0.008738,0.008644,0.001103,0.012629,-0.006696,0.001854,0.002103,0.004868,0.000752,0.002504,0.002165,0.014289,0.005734,0.000244,-0.007572,-0.00722,-0.000578,0.003473,0.008734,-0.005636,-0.005175,0.005533,-0.015439,0.019184,-0.000737,0.005324,0.002281,-0.000325,-0.005815,0.006837,0.004664,0.004805,0.008997,-0.008515,0.01037,-0.000561,-0.010189,-0.00381,-0.003987,0.001716
BLOCK INC,0.025382,-0.000615,-0.001692,0.047927,0.006912,0.010223,-0.008819,0.014732,0.007043,0.067085,-0.007357,-0.004447,0.046427,-0.015522,0.01038,0.003121,0.013482,0.018163,-0.001131,-0.027166,-0.066322,-0.049709,-0.006994,-0.017462,0.035096,0.003174,-0.023443,-0.000442,-0.02048,-0.019856,-0.019337,0.00892,0.021405,0.012756,-0.007348,-0.054834,0.002237,0.036039,0.061721,-0.011018,-0.047054,0.025535,0.018149,-0.029906,0.017464,0.019552,0.007612,-0.028331,0.029306,-0.056072,0.037396,0.030708,-0.055268,0.001371,-0.019169,0.054134,0.161271,-0.053979,0.040852,0.009137,0.01339
ONEOK INC NEW,0.014815,0.004866,-0.013246,-0.011692,-0.017526,0.01442,-0.014801,-0.017403,0.018922,0.019314,-0.009911,0.004711,0.01304,-0.00998,0.015778,0.009061,0.013968,-0.002249,-0.006481,-0.004254,0.011393,0.010138,-0.012127,0.010159,-0.00447,-0.012347,0.006677,-0.010443,0.007558,-0.014862,-0.007759,0.031712,-0.016982,-0.009423,-0.005765,-0.00174,0.020767,0.002134,0.002839,0.002584,-0.022626,0.00337,-0.002775,-0.002929,-0.002203,0.008831,0.006274,0.001015,0.017236,-0.010679,-0.005325,0.028216,0.013088,-0.004167,0.022876,0.005318,-0.010174,-0.000822,0.020025,0.0,0.010085
WILLIAMS COS,0.013319,-0.007779,-0.019735,-0.011583,-0.012905,0.016891,-0.017737,-0.013758,0.007265,0.0,-0.001154,0.002311,0.010663,-0.011406,0.008653,0.004861,-0.000569,-0.002563,-0.002855,-0.002863,0.019811,0.022241,-0.013495,-0.007538,0.002813,-0.006452,-0.005364,-0.012773,0.004025,-0.010023,-0.016778,-0.004119,0.000295,0.003249,-0.000589,0.002356,0.012048,0.012486,-0.001721,0.011204,-0.015341,0.006059,-0.002007,-0.010632,-0.003776,-0.000291,-0.007291,-0.000294,0.015281,-0.014761,-0.029084,0.034493,0.00351,-0.005829,0.016711,0.006344,0.001146,-0.006296,0.009217,0.006278,0.019285
KRAFT HEINZ CO,0.011678,0.008446,0.000558,0.010045,0.008287,-0.007397,0.015181,0.013051,0.010735,-0.017525,-0.011081,0.00328,-0.005993,-0.02028,0.005874,0.011124,0.00385,0.000548,0.006024,0.006532,0.030828,-0.001049,-0.007878,0.004235,0.008171,0.007843,-0.017121,-0.008182,0.002661,-0.001858,0.004786,-0.02064,0.001891,-0.00863,0.010609,-0.008883,0.01195,-0.001342,0.002688,0.001072,-0.00589,0.016967,-0.002913,-0.011421,-0.000269,-0.021768,0.001923,-0.01371,0.010842,-0.006326,-0.054525,0.023712,-0.004575,0.023269,0.021617,0.00055,-0.009887,-0.002497,-0.004449,-0.007263,-0.007316
CHARTER COMMUNICATIONS INC NEW,0.004349,-0.006793,-0.087037,-0.006641,0.018454,-0.003011,0.019263,-0.020207,0.033482,0.012021,-0.010367,0.010423,0.006434,-0.013304,0.006007,-0.003703,0.019393,0.005238,0.002171,-0.009455,0.007281,-0.012362,-0.028241,-0.009448,0.01792,-0.027081,-0.004368,0.001689,-0.007399,0.009427,-0.024706,0.014781,0.017967,0.005524,0.014713,-0.019148,-0.006247,0.021676,0.009972,-0.010109,-0.016632,0.031372,-0.165115,-0.048745,-0.044031,-0.022771,-0.003772,0.030255,0.023218,-0.017656,-0.01835,0.023879,-0.003876,0.00727,-0.026531,0.033763,0.008148,-0.022644,-0.009021,-0.005724,0.019387
BANK OF NEW YORK MELLON CORP,0.008071,-0.000616,-0.005136,-0.01879,0.01915,0.013009,0.009988,0.007265,0.020838,0.01315,0.000194,-0.003874,0.005444,-0.015664,0.009823,0.001362,0.009714,0.001924,0.002881,-0.003256,0.00634,-0.011073,0.004054,0.007306,0.005917,0.004744,-0.004155,0.0,0.040205,0.009845,-0.009568,-0.00401,0.015007,-0.003815,-0.000365,0.001824,0.007831,-0.000181,0.010302,0.002504,-0.01035,0.000721,0.002342,-0.011145,0.000909,0.003814,-0.002895,0.001996,0.007244,-0.031104,0.010948,0.014868,-0.002532,-0.005077,0.004556,0.004354,0.005058,-0.00647,0.004884,0.00162,0.008088
HUMANA INC,0.021346,-0.006522,0.017013,-0.033077,-0.007234,0.002748,-0.010402,0.011183,0.012761,-0.039009,-0.016182,-0.003099,0.007717,-0.025217,0.004536,-0.00163,-0.000816,-0.003114,0.011242,0.004829,0.026845,-0.01187,0.004349,-0.017726,0.00539,-0.003125,-0.000479,-0.008909,-0.035781,0.000182,0.020443,-0.079909,-0.025365,0.020223,-0.0052,-0.012564,-0.116899,0.016519,0.013039,0.029759,0.003264,-0.005925,0.008116,-0.047114,0.014764,0.00606,-0.002089,0.006743,-0.003079,-0.012624,-0.006009,0.004665,0.008077,0.0006,0.001253,0.001306,-0.014046,-0.008156,0.00764,-0.031817,-0.002392
ALLSTATE CORP,-0.001378,0.006973,0.000288,-0.00137,0.003827,0.002158,0.026916,0.009017,-6.9e-05,-0.0354,-0.001293,-0.002229,-0.003604,-0.019024,-0.001622,0.014771,0.004949,0.002245,0.010333,0.001144,0.027361,0.008275,0.024138,0.009966,-0.004,0.010711,-0.004438,0.000399,0.004389,0.003112,0.006931,0.002425,0.012817,0.003293,-0.008237,0.021478,0.010418,-0.004338,-0.014586,0.002755,-0.007924,0.006055,0.007555,-0.003431,0.003316,0.007944,0.019861,-0.010634,-0.004437,-0.004645,0.01772,0.003098,-0.000679,-0.012733,-0.003444,0.006408,-0.006617,0.00421,-0.001627,0.006581,-0.006663
CENTENE CORP DEL,0.016287,-0.011352,0.013238,-0.008132,-0.002151,-0.006331,0.006507,0.028148,0.004323,-0.01513,-0.017084,0.00768,-0.003476,-0.031128,0.016618,-0.000954,0.004227,-0.002987,0.006264,0.004331,0.035305,-0.001171,0.006125,0.002202,-0.008012,0.016285,0.005128,0.013519,-0.008305,-0.001142,-0.009146,-0.017949,-0.031984,0.013756,0.005188,-0.001059,-0.02557,0.002991,0.003931,0.010802,0.006011,-0.000133,0.001461,-0.01777,0.011476,0.0,0.021089,0.01085,0.0075,-0.015531,0.0103,0.010453,0.005619,0.006985,-0.001513,0.011368,0.001873,0.000125,0.002244,-0.025121,0.00051
FASTENAL CO,0.014174,0.002466,0.002624,0.022716,0.003702,-0.001123,0.017017,0.008366,0.002505,0.002967,-0.00109,0.007325,0.000928,-0.000773,0.006962,0.003841,0.001684,-0.001681,-0.007652,-0.00108,-0.018836,-0.023131,0.001772,-0.003377,0.007906,0.00096,0.008796,0.004597,0.002367,0.003936,-0.006116,0.071789,0.020757,0.00822,-0.005722,-0.009639,0.005375,-0.011704,0.002924,0.007434,-0.00709,0.023597,0.011598,-0.016844,0.000288,-0.000288,-0.002879,0.010973,-0.000143,-0.015569,0.017557,0.000285,0.001283,-0.002278,0.003567,0.024598,0.001665,0.011361,0.002055,0.005605,-0.007477
AMETEK INC NEW,0.011725,0.001528,-0.01138,0.006302,-0.002045,0.008017,0.003627,0.022887,0.00093,0.015976,-0.005729,0.000736,0.000858,-0.009609,0.011556,0.003116,0.004263,-0.002183,0.003525,-0.001393,-0.012251,-0.013937,-0.000747,0.00162,0.007092,0.006919,0.004172,0.001527,-0.002989,0.00104,-0.021637,0.013994,-0.001725,0.006974,0.012013,-0.014414,0.00848,-0.003656,0.011069,0.003266,-0.02303,0.023573,0.009465,-0.002688,-0.005449,0.003914,-0.002579,0.013229,-0.000475,-0.002256,0.031957,0.001903,0.000863,0.005291,-5.7e-05,0.019508,-5.6e-05,0.003872,-0.006261,0.005344,0.008169
G E HEALTHCARE TECHNOLOGIES INC,0.013877,-0.000576,-0.020758,0.001767,-0.009699,0.016768,0.038091,0.012934,0.029563,0.023456,-0.011986,0.000667,0.008393,-0.003303,0.023197,0.005052,0.007218,-0.006015,-0.001674,-0.002837,-0.012287,-0.003405,0.006044,0.000653,0.009658,-0.009049,-0.006392,0.00105,-0.000656,-0.015754,-0.029612,0.010584,0.008025,0.007152,-0.012996,-0.028777,0.018449,0.003842,0.016815,-0.005109,-0.008649,0.013495,-0.005918,-0.006765,0.116469,-0.001586,0.002811,-0.008774,0.022498,-0.01034,0.010448,0.029578,0.004554,0.004301,-0.016321,0.031301,0.016317,0.017402,0.020967,0.005404,-0.018706
KEURIG DR PEPPER INC,0.019005,0.001865,-0.006205,0.004995,0.005281,-0.007726,0.020243,-0.002747,0.017447,-0.030987,-0.007451,0.01345,0.004321,-0.00799,0.007435,0.009533,0.006701,0.001815,0.007249,-0.0009,0.001501,-0.023374,-0.000153,-0.012357,-0.005005,0.005344,-0.006567,0.005666,-0.001252,-0.002507,-0.002828,0.00189,0.00283,-0.01223,0.007619,-0.018904,0.014451,0.012346,0.000938,-0.00656,-0.011321,0.017176,-0.010319,-0.019273,0.002255,0.004822,0.007358,-0.010797,0.005457,-0.012771,0.005821,-0.000322,-0.00386,0.008395,0.011848,-0.038924,-0.005927,-0.022855,0.0,0.017966,-0.003996
LAS VEGAS SANDS CORP,0.014744,-0.025,-0.016656,-0.000891,0.000446,0.034337,0.026299,0.004621,0.016726,-0.000411,-0.015223,-0.002925,0.032055,-0.034714,0.026078,0.002664,0.002453,-0.010196,0.011331,0.002444,0.043081,-0.012858,-0.008289,0.011144,0.019091,-0.034183,-0.014397,0.009333,-0.002814,-0.01149,-0.016517,0.026747,-0.01353,-0.018833,0.022742,0.012648,0.010274,-0.002393,0.007396,-0.017659,-0.011917,0.039452,-0.007276,0.016442,0.02074,0.011118,0.016303,0.000187,0.015666,-0.011017,0.011511,0.008994,0.005094,-0.039638,0.008104,0.002991,0.020503,-0.014977,-0.009828,0.00412,0.016785
AMERIPRISE FINANCIAL INC,0.007864,-0.007157,-0.003336,-0.006864,0.007397,0.01375,0.021953,0.013135,0.004187,0.022056,-0.005606,-0.004579,0.014623,-0.023164,0.008718,5.3e-05,0.00585,0.004706,0.002947,-0.003463,-0.002106,0.003984,-0.003942,0.008073,0.006124,-0.022188,0.005533,0.000741,-0.004944,-0.007784,-0.003775,0.007579,0.018113,0.014253,0.001782,0.004281,0.00493,5.1e-05,0.004369,0.001119,-0.017075,-0.002094,0.012098,-0.001587,-0.005179,0.00853,0.012316,0.005344,0.001083,-0.018824,0.00377,0.016532,-7.5e-05,-0.002564,-0.003579,0.020159,0.009397,0.00199,0.001912,0.004722,-0.007988
KIMBERLY CLARK CORP,0.002505,0.001048,-0.021906,0.008234,0.001797,-0.012758,0.008588,0.006613,0.015193,-0.022488,-0.011586,0.009628,0.001493,-0.016312,0.005303,0.006531,-0.000998,0.001832,0.004239,0.005711,0.006995,-0.005067,0.006489,-0.002285,0.007853,0.00349,-0.002993,0.004462,0.002827,-0.008859,0.002031,-0.002271,-0.002194,-0.003502,0.021334,-0.055302,0.020756,0.005644,0.000825,0.003546,-0.005998,0.020336,-0.009479,-0.01047,0.002893,-0.002143,-0.006608,-0.003825,0.00217,-0.012659,-0.001265,0.003294,-0.004209,0.00727,0.010911,0.004981,0.004874,-0.003371,-0.00033,0.00033,-0.000495
SYSCO CORP,0.008729,0.002747,0.002877,-0.002185,0.015469,-0.004718,0.001354,-0.004328,0.023502,-0.015131,-0.008895,-0.009247,0.006039,-0.000682,0.003823,0.0,-0.00272,-0.004091,0.000137,0.001232,0.01764,0.007525,0.008536,0.007055,-0.000529,-0.000397,-0.007277,0.005598,0.003976,-0.011221,-0.003071,0.007098,0.000133,0.005318,-0.00119,-0.007018,0.003734,-0.001594,0.000266,0.075163,0.001361,0.01767,-0.010685,-0.007855,-0.005319,-0.009203,-0.004393,0.0029,0.00616,-0.011244,-0.001769,0.00481,0.001512,-0.005409,0.007715,0.009538,0.004724,0.000247,0.003711,-0.005792,0.003719
AGILENT TECHNOLOGIES INC,0.007746,0.000699,-0.007759,0.008054,-0.001784,-0.011501,0.013915,-0.001396,0.038435,0.031554,-0.008553,0.005483,0.016433,-0.011517,0.0055,0.004534,0.00172,7.2e-05,-0.000358,-0.003606,-0.002014,-0.054703,-0.00122,-0.003359,0.021599,-0.020243,0.003137,-0.010756,0.006632,-7.7e-05,-0.018463,0.018264,0.005826,0.010136,-0.006865,-0.014129,0.000771,0.008546,0.014047,0.010916,-0.031129,0.022675,-0.000601,-0.001128,0.022888,-0.022597,0.009639,-0.005445,-0.007725,-0.019273,0.019112,0.018981,0.000668,-0.005191,0.008871,-0.024459,7.6e-05,-0.00409,0.008061,0.033648,0.002555
L3HARRIS TECHNOLOGIES INC,0.020334,0.023576,-0.006373,0.004747,-0.01141,-0.004423,0.026863,-0.00378,0.03879,-0.007113,0.008567,0.006863,0.001525,-0.016848,0.004647,0.004577,0.0059,0.000811,0.004907,-0.001422,-0.003988,0.000191,-0.010914,-0.011179,0.005799,-0.01405,-0.000147,-0.002703,0.024049,-0.013041,-0.002682,0.005818,-0.004423,0.009765,-0.00353,-0.008928,0.001909,0.022332,0.004971,0.002235,-0.010915,0.005086,-0.011839,0.000676,0.002752,0.008907,-0.001241,0.00258,0.006767,-0.015526,0.010578,0.005234,0.003313,-0.000708,0.0093,-0.001777,0.004826,-0.012637,0.0,0.006848,-0.007177
DATADOG INC,0.017586,-0.003709,-0.000931,-0.031846,0.006036,-0.010174,0.007907,-0.00061,0.022414,0.029173,0.016162,0.005465,-0.006977,-0.014623,0.01542,8.2e-05,0.008735,0.000324,-0.002589,-0.015412,-0.051903,-0.023114,0.005337,0.026279,0.028106,0.016185,-0.00817,0.005741,0.017538,0.006423,0.018095,0.007062,0.02671,0.02049,-0.029854,-0.049841,-0.003182,0.014404,0.039693,-0.01583,-0.018844,0.019769,0.058392,-0.023602,-0.014946,0.011147,0.006354,0.026322,-0.000445,-0.023508,0.033946,-0.031656,-0.015928,-0.016032,-0.014257,0.041958,-0.012279,-0.001235,0.01237,-0.003665,0.007588
DOMINION ENERGY INC,0.029334,-0.011571,0.004119,0.020294,-0.000423,0.005292,0.003369,0.0,0.038195,-0.006266,-0.013832,-0.006188,-0.003528,-0.017288,-0.009114,0.00107,0.005342,-0.011477,0.011826,-0.001275,0.032128,-0.001649,-0.004749,0.017427,-0.000612,-0.014895,-0.007249,-0.017108,0.00467,-0.012043,-0.012618,-0.014945,-0.003518,-0.005516,-0.005991,-0.014509,0.023556,0.008188,-0.002853,0.006824,-0.000437,0.020997,-0.022279,-0.020815,0.008951,-0.013307,-0.006968,0.01177,0.011633,-0.019018,0.011271,0.014044,0.008134,-0.011121,0.020728,-0.014906,0.049562,-0.027163,0.026418,0.011718,0.003051
FIDELITY NATIONAL INFO SVCS INC,0.021487,0.000501,-0.005673,-0.010572,0.008141,0.000339,-0.003733,-0.014986,0.037344,0.006,-0.015739,0.010604,-0.001999,-0.017356,0.014096,0.003852,0.005506,0.002157,0.006622,-0.012007,0.014983,-0.012465,0.005979,0.013868,0.031591,-0.018627,0.004504,-0.002402,-0.008186,-0.010196,-0.022237,-0.013211,0.014404,0.03291,-0.022643,0.010425,0.019489,0.020241,-0.000157,-0.005512,-0.014094,0.009798,-0.009225,-0.009311,-0.001458,0.000811,-0.00373,0.005208,0.009067,-0.01733,0.022861,0.016124,0.0,-0.010841,0.007783,0.010244,0.002808,0.047449,-0.005198,-0.001642,0.034694
COINBASE GLOBAL INC,0.072482,0.0548,-0.006308,-0.039729,0.011587,0.076584,-0.058655,0.011593,0.077639,0.021069,-0.037298,0.03739,0.050381,0.004343,0.038119,0.044337,-0.019546,0.076664,0.006046,-0.066753,-0.097976,-0.029577,0.02207,-0.010411,0.035329,-0.046606,-0.004606,-0.066957,-0.073534,0.023704,-0.000149,-0.071119,0.003297,0.027736,-0.031355,-0.022949,-0.00272,0.034625,0.060863,-0.015058,-0.020028,0.00585,0.002094,-0.092246,0.021228,0.019033,0.085852,0.071218,0.037467,-0.046976,0.142389,0.032984,0.088368,-0.038878,-0.062839,0.052337,-0.028846,0.168454,0.027225,0.007931,0.013745
COGNIZANT TECHNOLOGY SOLS CORP,0.006252,0.004801,-0.014475,-0.000143,0.004278,-0.001278,0.019195,0.005162,0.015684,0.020497,0.019952,-0.003545,-0.006192,-0.01856,0.001756,0.01335,0.004258,0.001723,0.003175,-0.004088,-0.014961,-0.009812,-0.001086,-0.010192,0.01167,-0.007192,0.002597,0.020859,0.041266,-0.022701,-0.006562,-0.000528,0.016125,0.005073,-0.002071,-0.002075,0.017544,-0.013027,0.007635,-0.003467,-0.006186,0.009855,0.000128,-0.003852,0.014693,-0.009272,0.003846,-0.015326,-0.007393,-0.013459,0.016424,0.01668,-0.009228,-0.003377,0.009513,0.025687,0.004531,-0.003884,-0.004654,-0.00834,0.006881
DOW INC,0.010628,-0.003824,-0.018426,-0.004889,0.003537,-0.002937,0.00707,-0.00897,0.029713,0.036308,0.000184,0.000184,0.01235,-0.006191,0.007145,0.002729,0.010704,0.0,-0.008616,-0.007061,0.008935,-0.012651,-0.008054,0.011626,0.004743,-0.020697,-0.010382,0.004871,-0.005034,-0.005059,-0.011864,0.002478,0.003992,0.014202,0.006535,-0.015211,0.034847,-0.016017,0.000185,0.007398,-0.015972,-0.001119,-0.002241,-0.004867,0.016554,0.000925,-0.003882,0.002042,0.014818,-0.029385,0.007522,0.029675,0.005619,-0.013879,0.019009,0.004484,0.006964,-0.005675,0.003567,-0.008353,0.014156
PRUDENTIAL FINANCIAL INC,-0.000409,0.006343,-0.003253,-0.001122,0.017666,0.012141,0.005552,0.007394,0.019182,0.010275,-0.012832,-0.006644,0.011341,-0.017539,0.007024,0.003003,0.001835,0.000868,0.003949,-0.004989,0.008292,-0.017022,0.000876,0.0139,0.002013,-0.011864,0.00426,-0.003471,-0.001258,-0.006781,-0.006632,-9.8e-05,0.015711,0.009474,-0.000958,0.004505,0.009352,0.004255,-0.006025,0.009945,-0.015943,-0.021348,0.005064,-0.004651,0.006425,0.055518,-0.004765,-0.027898,0.015628,-0.018558,0.011023,0.027162,-0.006497,0.00028,0.003262,0.00613,-0.002308,-0.009438,0.005792,0.003158,0.009073
YUM BRANDS INC,0.014178,-0.013194,-0.010108,0.003457,-0.004327,0.000563,0.018417,0.011372,0.022331,0.001375,-0.018839,0.014226,-0.001763,-0.009214,0.007285,0.000154,0.002,0.004453,-0.002446,0.001073,-0.012475,0.000543,-0.003176,-0.00272,0.002338,-0.003265,0.007643,-0.001548,0.001008,0.005266,-0.005624,0.010691,0.014104,-0.009373,0.005265,-0.017533,0.006026,-0.008678,0.01131,0.000536,-0.008651,0.007414,-0.013032,-0.018796,0.007441,0.018622,0.005862,-0.000997,0.008367,-0.001142,0.02134,0.010372,-0.006278,0.00052,0.009556,0.015529,0.007209,-0.00188,-0.007388,0.011384,-0.001299
LENNAR CORP,0.028612,-0.000532,0.002966,0.026308,0.015513,0.015349,0.00043,0.006374,0.032947,0.066478,-0.035721,-0.013398,0.009302,-0.012513,0.00763,-0.003313,0.005291,0.007422,-0.000804,-0.000938,-0.010601,-0.012207,-0.004051,0.008272,0.020783,-0.007702,0.03503,0.012064,-0.022229,-0.008237,-0.00598,0.004813,0.009912,0.022792,-0.046242,-0.016736,0.027563,-0.004962,0.00802,0.010029,-0.008076,0.027227,0.00052,-0.009805,-0.01023,0.011594,0.003929,-0.001761,0.031957,-0.039453,0.014438,0.002145,-0.025811,0.005126,0.006557,0.010396,0.009898,-0.006126,-0.001687,-0.000455,0.030624
OTIS WORLDWIDE CORP,0.01119,0.005648,-0.016048,0.007106,0.002429,0.009693,0.011543,0.005988,0.004155,0.014092,-0.005294,-0.007761,0.003688,-0.017257,0.001473,0.008032,0.005835,-0.000223,0.00067,-0.00223,-0.011624,-0.008821,0.000342,-0.001939,0.000571,-0.007538,0.001151,-0.010115,0.001045,0.00522,-0.013963,0.017788,0.009314,0.001823,0.004548,-0.003736,0.011022,-0.003934,0.007785,0.007613,-0.017333,0.01289,0.015517,-0.000879,0.011553,-0.001849,-0.009807,0.002311,0.002855,-0.013685,0.008214,0.019047,-0.010627,-0.002411,0.007251,0.007963,0.012012,0.003208,0.00032,0.011401,0.004003
KINDER MORGAN INC,0.010245,0.005634,-0.019608,0.001714,-0.001711,0.011429,-0.007345,-0.01992,0.015099,0.012014,-0.011306,0.004574,0.003984,-0.007936,0.008,0.004535,0.007336,-0.004482,-0.004502,-0.002827,0.010771,0.012339,-0.00554,0.0039,0.004994,-0.003313,-0.00554,-0.006128,0.007287,-0.008347,-0.01459,-0.014237,-0.006355,-0.002326,-0.004662,-0.011124,0.026051,0.006347,-0.004014,0.007052,-0.016851,0.006501,-0.00411,-0.017099,0.0012,-0.002397,-0.001201,-0.001203,0.010235,-0.012515,0.0,0.02414,0.00825,-0.002922,0.021102,-0.009185,-0.000579,-0.006957,0.002335,-0.001165,0.013994
CUMMINS INC,0.009591,0.021519,-0.010857,0.008615,0.00039,-0.00065,0.020557,-0.002762,0.019943,0.037268,-0.027148,0.003395,0.008954,-0.016318,0.014427,-0.02873,0.010549,0.001461,0.003085,-0.004198,0.00672,-0.014346,-0.00774,0.009666,0.012639,-0.007298,-0.000794,-0.006939,-0.001726,-0.010036,-0.007199,0.000472,-0.017068,0.020374,0.00992,-0.001693,0.012935,0.007452,0.000956,0.008054,-0.014415,0.015336,0.006914,-0.01447,0.043258,-0.013636,0.007295,0.007442,0.020137,-0.009149,0.023458,0.020463,0.002558,-0.017412,0.005156,0.005205,0.004146,0.008486,0.008753,0.006777,-0.006473
TRADE DESK INC,0.016179,-0.039665,-0.006254,-0.000293,0.00688,0.026897,0.014158,-0.003909,0.037281,0.027969,-0.015642,0.009881,0.026709,-0.028075,0.012058,-0.038623,0.002179,0.006659,-0.009179,-0.019619,-0.019038,-0.017991,-0.013272,-0.011111,0.019959,-0.007827,0.000438,-0.005841,-0.016451,-0.04779,0.011606,0.008527,0.027671,0.037996,0.011385,-0.007552,-0.007609,-0.016059,0.051463,-0.031185,-0.012269,-0.017829,0.041512,-0.035714,0.016296,0.014577,0.00819,0.016246,0.036461,-0.013124,0.018783,0.01884,0.174614,-0.071629,-0.005814,0.0173,-0.024671,0.009209,0.041489,-0.008178,0.006243
CORTEVA INC,0.022124,-0.021212,-0.029412,0.005924,0.007927,0.014607,0.014396,-0.021616,0.016291,0.021959,0.000215,0.013534,0.014413,-0.026536,0.015025,0.003595,0.011378,-0.000417,0.002293,-0.003535,0.013356,-0.009885,-0.009983,-0.005672,-0.006761,-0.010636,-0.00989,-0.000434,0.001738,-0.013446,-0.014289,-0.00959,0.026796,-0.013816,0.010229,-0.00044,-0.003744,0.013705,0.001526,-0.002177,-0.007637,0.188654,-0.018868,-0.023379,0.005598,0.038011,-0.01535,0.006762,0.026866,-0.025618,0.008391,0.011095,0.002195,-0.008029,-0.002575,0.009037,0.003473,-0.001457,0.005655,-0.010702,-0.015768
ELECTRONIC ARTS INC,-0.001811,0.000436,-0.002902,-0.002038,-0.011594,0.01173,0.010354,0.012774,0.014395,-0.010537,-0.014342,-0.00533,0.003331,-0.014147,0.009444,-0.001523,-0.00276,-0.004225,0.000366,0.000366,-0.007529,-0.000515,0.001916,-0.002648,0.006268,0.009233,-0.000653,0.000799,0.001307,-0.005583,-0.003864,0.010321,-0.002246,-0.001089,0.01163,-0.009413,0.007834,0.003455,-0.006025,-0.007433,0.000218,0.002471,-0.009281,-0.012441,0.002371,0.011016,0.015357,0.012676,-0.021762,0.010542,0.029353,0.006779,-0.012287,-0.008715,0.000922,0.016647,-0.00648,-7e-05,-0.020269,0.004158,-0.004283
INGERSOLL RAND INC,0.01134,-0.003045,-0.000833,-0.00806,0.016391,0.010476,0.009139,0.003785,-0.007541,0.021845,-0.006241,-0.000267,0.020182,-0.019128,0.012422,0.008971,0.012029,0.005814,-0.000899,-0.005657,-0.007887,-0.026196,0.002944,-0.001868,0.012299,0.002509,0.005006,0.018351,-0.003475,0.006846,-0.006414,0.009425,0.008954,0.005832,-0.001638,-0.004671,0.0052,0.000631,0.01488,0.001615,-0.009304,0.026672,0.021344,-0.009912,0.00398,0.015978,0.009578,0.00609,-0.005006,-0.004212,0.016214,0.015031,0.019137,-0.030513,0.025363,0.020801,-0.002864,0.002541,-0.004187,-0.005864,0.016472
GENERAL MILLS INC,0.007383,0.012787,-0.00662,0.021234,0.007588,-0.013858,0.009317,0.009988,0.016482,-0.022406,-0.016586,0.017173,0.005577,-0.035677,-0.001865,0.004672,0.002945,0.000618,0.003553,0.002617,0.024716,-0.0003,-0.014836,-0.011409,-0.005385,0.005105,-0.019105,-0.001425,0.005233,-0.008834,0.004138,0.003487,-0.002527,0.000475,0.02485,-0.017143,0.013042,0.00062,-0.003875,0.016962,-0.006733,-0.001233,-0.000463,-0.019599,0.020463,-0.017276,0.005494,-0.02685,0.01187,-0.002378,-0.008899,0.014751,0.012798,0.026209,-0.002584,-0.00823,0.003842,-0.004899,-0.012154,0.001402,-0.001866
CHENIERE ENERGY INC,-0.002965,-0.040967,-0.02354,0.015758,-0.005326,0.02549,-0.018614,-0.012201,-0.004215,0.008466,-0.007812,0.020682,-0.001957,-0.013266,0.003741,0.005008,-0.007243,0.000175,-0.001984,-0.001813,-0.007615,-0.000295,-0.002952,-0.007639,-0.0037,0.002336,-0.001195,-0.014838,0.002429,-0.007452,-0.007935,-0.0008,-0.008313,0.007762,0.001047,0.017603,-0.006593,0.021189,-0.006618,-0.00036,-0.015371,-0.006037,-0.007301,-0.009425,0.002565,-0.001123,-0.006622,-0.006477,0.005697,-0.008874,-0.012002,0.02166,0.00887,0.004552,0.021353,-0.041692,0.000317,-0.017371,-0.011678,-0.001893,0.015109
KENVUE INC,0.012231,-0.003383,-0.021824,-0.038671,0.073234,-0.009611,-0.00097,0.007771,0.013976,0.000951,-0.003324,0.000953,0.021894,-0.02422,0.012888,0.006598,-0.003277,0.012212,-0.003712,0.002795,0.001858,-0.013908,-0.017395,0.021531,0.013115,0.010171,-0.003661,0.00735,-0.019152,-0.013017,-0.011776,-0.001907,-0.010984,-0.013037,0.022994,-0.022956,0.015663,0.004337,0.009597,-0.00808,-0.005271,0.006262,-0.002872,-0.016803,0.005859,-0.003883,-0.057992,0.0,0.013451,-0.007147,-0.008312,-0.002095,0.0,0.000525,0.012592,-0.005699,-0.000521,-0.012513,-0.001056,0.011628,-0.007314
VEEVA SYSTEMS INC,0.025988,0.000951,-0.005866,0.002416,-0.030495,-0.001388,0.010248,0.003897,0.012617,0.03084,-0.011868,0.007638,0.007415,-0.00229,0.022079,0.020479,-0.004139,0.004157,0.016557,-0.00768,-0.017349,-0.021091,0.004968,-0.002257,0.026119,0.012911,0.004611,0.053329,0.021838,-0.007044,-0.025722,0.012928,0.012958,0.010765,0.011462,-0.012702,-0.004257,0.002546,0.022469,-0.011761,-0.016595,-0.016489,0.013775,-0.012379,0.024922,0.024985,0.003868,0.006361,0.007843,-0.020736,0.031506,0.013097,-0.018832,-0.00269,-0.010925,0.026806,-0.002386,0.010648,-0.004821,0.010991,0.000621
GARTNER INC,0.014488,-0.003536,-0.010806,0.016489,0.00905,0.013453,0.012389,0.0066,0.011788,-0.025834,-0.021123,0.011836,0.001779,-0.017515,0.001695,0.007105,-4.5e-05,0.000358,0.012628,-0.002565,-0.030724,-0.022207,-0.002339,-0.002743,0.024567,0.002662,0.010481,0.007021,0.021477,-0.002444,0.002825,0.019169,0.003865,0.006711,-0.003803,-0.006735,-0.004081,-0.000781,0.006206,0.00399,-0.017399,0.020921,0.006167,-0.000213,-0.017221,-0.025449,0.013846,0.01609,-0.027075,-0.010489,0.008112,0.008781,-0.011459,-0.008047,-0.009528,0.028814,0.015834,0.000716,0.000174,0.010064,-0.000279
ZSCALER INC,0.002531,0.001161,0.003279,-0.005027,0.010813,-0.006248,0.033551,0.025746,0.022253,0.004409,0.024307,0.004015,0.006695,-0.023701,0.011887,0.001581,0.013127,0.001915,-0.002578,-0.012832,-0.041479,-0.01003,0.000428,-0.002472,0.039512,0.037414,-0.003801,0.013842,0.009846,0.00611,-0.029503,0.01145,0.01483,0.041333,0.007224,-0.004988,-0.01276,-0.006169,0.034708,-0.016038,-0.022603,0.010141,0.024952,-0.048975,0.011549,0.042304,0.019415,0.022132,-0.004197,-0.043567,0.043122,-0.000434,-0.00162,-0.014679,-0.141022,0.057171,0.04015,0.027505,0.003269,-0.021444,0.019723
NEWMONT CORP,0.025131,-0.016019,-0.016034,-0.005014,0.001008,-0.01636,-0.005374,-0.028299,0.059042,0.02875,-0.006804,0.005383,0.016549,-0.015561,0.007539,0.015206,-0.003566,0.011215,-0.016045,-0.007434,-0.011597,-0.022244,0.003,0.005484,-0.002727,-0.038528,-0.018873,-0.011331,0.003198,-0.043305,-0.035546,-0.003167,-0.001155,0.012146,0.010286,-0.026018,0.001452,-0.008118,0.012862,-0.004041,0.0,0.031875,-0.033698,-0.030514,0.008993,-0.000297,-0.009213,-0.016497,0.023483,-0.045292,0.002497,0.029888,0.01058,-0.007179,0.007231,-0.07598,0.012626,-0.040601,-0.004998,0.000335,0.0462
EXELON CORP,0.012464,-0.006668,-0.005939,0.023636,-0.001776,-0.003305,0.007906,-0.002024,0.039554,-0.07561,-0.063588,-0.029304,0.027866,-0.016944,0.007469,0.005418,0.007657,-0.003377,0.012426,0.001395,0.015877,-0.007952,-0.004422,0.008051,0.010465,-0.006814,0.005489,-0.011736,-0.003866,-0.010258,-0.003081,-0.008148,-0.007365,-0.005137,-0.003156,-0.019281,0.024061,0.003152,0.007998,-0.006801,-0.006847,0.006033,-0.019132,-0.021252,0.008626,0.005603,-0.010264,0.002667,0.015958,-0.005527,-0.002047,0.021688,0.001434,-0.005156,0.042614,-0.004971,0.002776,-0.013839,0.016278,-0.011323,0.001117
MARTIN MARIETTA MATERIALS INC,0.005941,-0.006676,-0.010728,0.002678,0.010532,0.008725,0.00507,0.018844,0.014875,0.010742,-0.006308,0.000919,0.005016,-0.0098,0.009139,0.007919,0.003989,0.002528,-0.002762,0.001345,-0.015794,-0.01839,0.008444,0.001502,0.020214,0.001369,0.005268,-0.005221,-0.002916,-0.000101,-0.005506,0.020077,0.00493,0.005064,-0.015176,-0.011293,0.020498,-0.006379,0.023006,0.008497,-0.017546,0.013945,0.008535,-0.021888,0.011759,0.019378,0.001773,0.003293,0.009789,-0.009487,0.023158,-0.007081,0.007897,-0.012466,0.005927,0.022115,0.000949,0.008438,0.010428,0.012556,0.020509
KROGER CO,0.007454,0.00157,-0.003582,0.000674,0.005837,-0.004911,0.01144,-0.018629,0.010622,-0.025268,0.011929,0.032192,-0.010103,-0.001553,0.000444,0.002665,0.001772,-0.000221,-0.000885,0.011955,0.012251,0.005403,-0.013328,0.003268,-0.001737,0.005873,-0.002163,-0.006285,0.003926,0.008256,0.002586,-0.008167,-0.00455,-0.000218,0.006967,-0.003243,0.007158,-0.0028,0.004968,0.002579,-0.010933,0.012354,-0.012203,-0.003251,-0.021744,-0.008224,0.018377,-0.00066,0.009469,-0.00589,0.008997,0.025826,0.016428,0.007557,-0.003958,0.000627,0.007734,-0.019706,0.023487,0.003308,0.022254
P G & E CORP,0.016308,-0.010315,-0.01216,0.010551,0.007541,0.013817,0.001136,0.005672,0.023689,-0.013774,-0.007821,-0.024775,0.017321,-0.014756,0.00576,0.009164,0.014188,0.003358,0.008366,-0.002214,0.001109,-0.004432,-0.014469,0.010164,0.008944,0.000554,0.005537,-0.032489,-0.003415,-0.022844,-0.008767,-0.004717,0.001185,-0.014201,-0.008403,0.000605,0.013914,0.013723,0.002354,-0.003523,-0.005893,0.014819,-0.027453,-0.016817,-0.007941,0.010468,-0.01036,0.000616,0.012308,-0.009726,0.003683,0.011009,-0.00605,0.012173,0.00902,-0.007747,0.022823,-0.038755,0.013439,0.0,0.006028
COSTAR GROUP INC,0.026975,-0.000586,-0.012672,-0.004278,-0.014441,-0.002301,0.019663,0.010356,0.01402,0.025328,-0.007705,0.007708,-0.00255,-0.017269,0.00659,0.004594,0.000686,0.000571,0.00491,-0.007045,-0.022085,-0.031477,-0.01631,-0.000983,0.019179,0.009891,-0.012064,-0.007254,0.015711,-0.019664,-0.000856,0.001714,0.00611,0.01166,0.006844,-0.001192,0.010148,0.005673,0.014103,-0.012168,-0.020648,0.013416,-0.007801,-0.025971,0.02593,0.014902,-0.039469,0.016632,-0.003007,-0.014961,0.008329,0.007775,-0.018804,-0.001966,0.033727,-0.017981,0.028131,-0.009553,0.010836,0.017199,0.007875
MODERNA INC,0.027413,0.000501,-0.019907,0.029637,-0.008065,0.004628,0.020916,-0.048293,0.007176,0.092494,0.00163,-0.00686,0.042964,-0.032551,0.057663,0.040917,0.025714,0.034933,-0.019259,0.006681,0.131222,-0.034844,0.000737,0.022639,0.038877,-0.045565,-0.006535,-0.024347,-0.007912,-0.035772,-0.017717,-0.012755,0.006359,0.0,0.022267,-0.007947,0.016813,-0.009727,0.029761,-0.022606,-0.013858,-0.020089,-0.01535,-0.020615,0.047544,-0.007298,-0.056798,-0.066731,0.01819,-0.040787,0.006794,0.060384,-0.030393,-0.015616,0.006897,0.135289,-0.029968,-0.025296,0.023187,0.013306,-0.053755
QUANTA SERVICES INC,0.011895,-0.004776,-0.001107,0.012775,0.013187,0.025054,0.012597,0.017397,0.024407,0.026251,-0.003614,-9.3e-05,0.012605,-0.022094,-0.002114,0.007484,0.002897,0.006009,0.002408,-0.002679,-0.03026,-0.035982,-0.008278,-0.004948,0.0326,-0.007151,-0.002254,-0.005745,-4.9e-05,-0.005384,-0.006009,0.008743,0.002575,0.005088,-0.038828,-0.011659,0.024369,-0.008536,0.003872,0.000964,-0.016223,0.032002,0.021173,-0.011296,0.019388,0.013536,-0.005409,0.011262,0.007092,-0.022495,0.028041,0.006678,-0.01224,-0.010594,0.009656,0.102784,0.006268,0.005333,0.016678,-0.003924,0.012069
VULCAN MATERIALS CO,0.009693,-0.003849,-0.012942,-0.000425,0.01057,0.008685,0.0131,0.009321,0.01254,0.004873,-0.001824,-0.007355,0.008936,-0.015622,0.009495,0.00739,0.003201,0.000753,-0.001683,0.006964,-0.015021,-0.019097,0.006155,0.00426,0.010739,-0.002589,0.01204,-0.00774,-0.001783,-0.007055,-0.005036,0.017446,0.004264,0.005308,-0.019711,-0.013465,0.016424,-0.0047,0.031525,0.007324,-0.021814,0.019247,0.017711,-0.020432,0.008404,0.021332,0.008118,0.006543,0.000542,-0.012535,0.016785,0.005641,0.052339,-0.014776,0.008155,0.01385,0.001129,0.014967,0.009499,-0.004781,0.013534
VERISK ANALYTICS INC,0.005385,-0.014131,-0.002925,-0.015675,-0.004726,-0.003551,0.030869,0.013202,0.016236,-0.046354,-0.001826,0.009915,-0.012114,-0.004201,0.006596,0.005064,0.003514,0.000802,0.001644,0.005261,-0.003684,-0.005379,0.005281,-0.017861,-0.004236,0.008637,-0.003238,0.001069,0.01093,0.001098,-0.001519,0.003718,0.010819,0.01391,0.001561,0.003322,-0.004782,0.002752,0.00172,0.006215,-0.01853,0.021074,0.004704,-0.004762,0.007583,0.008814,-0.005585,0.005416,-0.013886,-0.008902,0.00494,0.002072,-0.007906,0.01557,-0.04362,0.009846,0.020083,-0.007025,-0.000782,-0.003787,-0.000413
LAUDER ESTEE COS INC,0.033284,0.05313,-0.048795,0.009004,0.018596,-0.015533,0.008001,0.013279,0.047148,0.021184,-0.016569,-0.005291,0.042973,-0.036304,0.012882,-0.007081,0.004016,0.004896,0.012558,-0.008811,-0.00547,-0.046683,0.000433,-0.010236,0.0126,0.001726,-0.025849,0.020786,-0.026572,-0.03746,-0.026819,0.010928,-0.014335,-0.005007,0.023562,-0.015529,0.019816,0.016633,0.036009,-0.009815,-0.016321,0.020532,-0.004306,0.120489,-0.027083,-0.029273,-0.008173,0.018257,0.017929,-0.025701,0.003447,0.018717,0.007225,-0.008608,0.016332,0.008069,0.008879,-0.033136,0.024066,-0.003165,0.008142
MONOLITHIC PWR SYS INC,0.019846,-0.000125,-0.010991,0.001536,0.025729,0.012718,0.028955,0.005773,0.021651,0.047099,-0.006401,0.001611,0.001466,-0.038142,0.017511,-0.006578,0.03141,-0.000753,-0.005247,-0.002278,-0.042455,-0.04255,-0.012519,0.005131,0.02913,0.005146,-0.00768,-0.00129,-0.016434,0.030496,-0.020221,0.045435,0.033442,0.010185,0.006648,-0.015576,-0.025823,-0.023616,0.031008,-0.010262,-0.017443,0.018931,0.035383,0.016277,-0.020473,0.019637,0.142018,0.020676,-0.029828,-0.024319,0.046425,-0.014574,-0.005202,-0.024887,0.002246,0.038352,-0.027209,0.005214,-0.021521,0.001805,0.013327
EQUIFAX INC,0.020256,0.013596,-0.006929,0.004383,-0.00138,0.018417,0.016245,0.010513,0.031595,0.019633,-0.008472,0.019011,-0.011274,-0.03514,0.018631,0.006895,0.01513,0.011472,-0.003195,-0.009295,-0.030005,-0.028515,0.004549,0.012517,0.039448,-0.012583,0.006413,-0.008169,0.00383,0.011036,-0.008886,0.00434,8.1e-05,0.012839,0.002495,-0.006784,0.004082,-0.009298,0.016212,-0.007597,-0.015592,0.024515,-0.001718,-0.020248,-0.006372,-0.005837,0.042173,-0.011426,0.026487,-0.030651,0.00968,0.040665,-0.009366,-0.000891,-0.00318,0.033226,0.003017,-0.002745,0.011612,-0.003801,0.023493
ON SEMICONDUCTOR CORP,0.039955,-0.014559,-0.011218,0.016049,0.03268,0.003956,0.042816,-0.01272,0.03406,0.063533,-0.006496,-0.022067,0.0117,-0.042129,0.030553,0.004304,0.017379,-0.004914,-0.000823,-0.017063,-0.024901,-0.026274,-0.039213,-0.006562,0.029591,-0.011676,-0.018434,-0.015606,-0.012898,0.004492,-0.020732,0.013145,0.008877,0.017869,0.020747,-0.020847,-0.032735,-0.013482,0.018268,-0.006163,-0.019843,-0.013215,0.009118,0.09544,-0.016368,0.008386,0.048727,0.001115,0.001485,-0.028794,0.039191,-0.012857,-0.02456,-0.014878,0.001936,0.009534,-0.027693,0.018113,-0.007735,-0.006496,0.032039
GLOBAL PAYMENTS INC,0.02877,0.000167,-0.016443,0.013663,0.003516,0.002419,0.021305,0.005704,0.047318,-0.025685,0.019811,-0.006241,0.008165,-0.030836,0.015346,0.004115,-0.004571,0.00863,0.004239,-0.007347,0.001339,-0.013053,0.00255,0.012398,0.044588,-0.013001,0.014695,-0.009605,-0.013031,-0.010517,-0.006672,-0.004842,0.01601,0.024872,-0.006406,-0.013806,0.010538,0.019181,0.011053,0.004136,-0.019935,0.015612,0.008795,-0.003004,-0.00169,0.008465,-0.002773,-0.004611,0.012868,-0.012196,0.021386,-0.008346,-0.026339,-0.025263,0.012691,-7.6e-05,0.004908,0.001728,-0.00075,-0.023793,-0.002768
P P G INDUSTRIES INC,0.01155,-0.003342,-0.003493,0.000351,0.015978,-0.006898,0.012919,-0.003223,0.014446,0.011392,-0.003151,0.000471,0.005109,-0.021336,0.009773,0.006768,0.006319,0.00314,0.001465,-0.005519,-0.015179,-0.011271,-0.004876,0.007108,0.009936,-0.00787,0.007249,-0.00611,-0.005738,-0.012298,-0.00473,0.01307,-0.02456,0.005304,0.002111,-0.009899,0.01248,0.001751,-0.001258,0.00147,-0.014189,0.003262,-0.009965,-0.017988,0.016864,-0.003717,-0.00531,0.006853,0.009457,-0.01533,0.009803,0.021199,-0.003581,-0.005285,0.010555,0.005118,0.006905,-0.014061,-0.010046,-0.003052,0.007973
C D W CORP NEW,0.007967,0.000188,-0.010301,-0.003897,0.014266,0.00287,0.011867,0.008808,0.001838,0.0111,0.012657,0.002061,0.001162,-0.006877,0.012095,0.006797,0.009266,-0.000787,0.000656,-0.006034,-0.029254,-0.015272,-0.010216,-0.004835,0.019482,-0.000138,0.009579,0.004086,-0.009178,0.00721,-0.007476,0.027206,0.006355,0.001987,-0.009255,0.006761,0.011753,0.003057,-0.002525,0.004845,-0.015203,0.01482,0.011214,-0.008295,-0.000997,0.030803,0.026768,0.005206,-0.013171,-0.018719,0.008464,0.013655,-0.005685,0.00174,-0.001861,0.025773,0.000687,-0.003561,-0.00796,0.00262,0.005308
ROCKWELL AUTOMATION INC,0.021892,-0.006999,-0.0161,0.011309,-0.000791,0.002303,0.004524,0.013939,0.025662,0.054576,-0.008082,0.003055,0.016967,-0.022288,0.010509,0.003358,0.010592,0.000579,-0.001928,-0.000451,-0.013205,-0.008225,0.002666,0.001247,0.003311,-0.010096,-0.002971,0.010031,-0.001672,-0.020388,-0.010054,0.016149,0.010995,0.007217,-0.004482,-0.012883,0.012952,-0.004076,0.005347,0.008535,-0.175575,0.038416,0.019011,-0.006306,-0.023806,0.034772,0.03602,0.017186,-0.009912,-0.00823,0.005568,0.00518,-0.001457,-0.025383,0.007373,0.014529,0.006783,-0.009625,0.011375,0.019362,-0.004644
ATLASSIAN CORP PLC,0.021786,-0.003485,-0.019184,-0.010383,-0.00461,0.024009,0.032387,0.017171,0.06505,0.031514,0.034427,-0.004356,0.019732,0.019436,0.031271,-0.017263,0.01765,-0.008121,-0.00757,-0.013929,-0.047045,-0.029205,0.012588,0.01472,0.041973,-0.001231,0.037867,-0.008394,-0.021308,0.015021,-0.014924,0.010339,0.014786,0.010825,0.011645,-0.021614,0.005225,0.014078,0.031801,0.006884,-0.029756,0.020539,-0.147156,-0.010764,-0.017624,-0.00852,0.013511,0.030477,-0.011839,-0.028219,0.027705,-0.012831,-0.024775,-0.014723,-0.003272,0.006467,-0.004819,0.001076,0.005668,0.005976,0.001787
DIAMONDBACK ENERGY INC,-0.000907,-0.002658,-0.024113,-0.024442,0.007578,0.007724,0.005446,-0.011101,0.010684,0.026629,-0.002151,0.016459,0.009767,-0.0084,0.002759,0.000832,0.016689,-0.005723,-0.017458,-0.001609,0.012445,0.020126,-0.027159,0.000834,-0.001218,-0.01926,-0.009165,0.000198,0.016183,-0.017421,-0.009129,-0.000267,0.008815,0.005826,-0.003093,0.011421,0.020366,-0.000512,-0.008833,0.013367,-0.020328,-0.006635,-0.01637,-0.003994,0.01584,-0.003553,0.013404,-0.011337,0.093845,-0.002289,0.025725,0.050983,0.005041,-0.00758,0.009491,-0.016801,-0.002094,0.004253,0.004743,0.010171,0.015354
MONGODB INC,0.04688,-0.028054,0.025176,-0.106648,-0.008208,-0.006376,0.035622,-0.005817,0.04602,0.019602,0.002218,-0.017683,-0.007172,-0.019791,0.02029,-0.00571,0.023118,0.00331,-0.002869,-0.019732,-0.061539,-0.027913,-0.028339,0.008223,0.035743,0.00074,0.038075,-0.001399,-0.002573,0.035369,-0.01248,-0.020481,0.022617,0.030844,-0.005709,-0.002311,-0.02392,-0.012516,0.062941,-0.011043,-0.036123,0.021347,0.065857,0.002018,0.014695,0.031761,0.038763,0.05426,-0.025774,-0.032501,0.030458,-0.025282,-0.019295,-0.043543,-0.038938,0.05261,0.003422,-0.001595,-0.001885,-0.014446,0.009313
NASDAQ INC,0.001075,0.005903,-0.00907,0.002154,-0.026683,-0.002956,0.004632,-0.000922,0.040982,-0.004965,-0.024416,0.011692,0.006862,-0.01094,0.017044,0.016937,0.010344,0.006247,0.004311,-0.001717,-0.021328,-0.015993,0.000714,-0.006425,0.018682,-0.005995,0.009225,-0.006152,0.006898,-0.008256,-0.006199,0.012832,0.017948,0.005359,0.003783,-0.003083,0.002921,0.004283,-0.006312,0.003433,-0.011634,-0.011771,-0.007707,-0.011827,0.006074,0.010476,-0.002636,0.008633,-0.007336,-0.019884,0.001975,-0.005734,-0.001262,0.002165,0.009003,0.009279,0.001591,-0.00812,0.003203,-0.000887,-0.002131
DOLLAR TREE INC,0.020714,0.016409,-0.003588,-0.013541,0.005634,-0.018384,0.018166,0.00221,0.027806,-0.004905,0.007471,-0.003134,0.02454,0.006063,-0.000595,0.016601,0.025264,0.013071,0.003173,-0.001687,0.003449,-0.040831,-0.00395,0.000808,0.009392,0.003416,-0.003043,-0.017439,0.003993,0.001473,-0.004119,-0.021344,-0.01532,0.004139,0.0029,-0.009437,0.015903,0.003781,0.007986,-0.018611,-0.005179,0.038356,0.022709,-0.011174,0.004411,0.014989,0.007652,-0.009936,0.023871,-0.021144,0.000501,0.016228,0.008582,0.020367,-0.005879,-0.004607,0.007737,-0.000754,0.021472,-0.018536,0.003695
DOLLAR GENERAL CORP NEW,0.027227,0.001039,-0.01068,0.003973,-0.012097,-0.038398,-0.011083,-0.014148,0.050875,0.005217,-0.007938,-0.030005,0.03125,-0.008537,0.009154,0.016297,0.006429,0.010371,0.008256,0.002951,0.032953,-0.065157,0.026508,0.007421,-0.006998,0.018403,-0.019241,-0.001492,0.005827,0.023619,-0.004789,-0.00853,-0.027723,0.019664,-0.005934,-0.024996,0.016913,0.00429,0.001798,-0.01324,0.001137,0.029908,0.001029,-0.014321,0.000745,0.007297,0.002661,-0.003244,0.006878,-0.032099,0.001745,0.02303,0.047838,0.006997,-0.005404,-0.001764,-0.007563,-0.011467,0.0397,-0.007138,0.014239
FAIR ISAAC CORP,0.036879,-0.004682,0.007671,-0.017179,0.005802,0.014606,0.010076,0.011695,0.006522,-0.031874,0.000168,0.016809,0.003256,0.002291,0.008925,0.002935,-0.003645,0.005143,-0.001085,-0.004558,-0.028221,-0.007771,-0.004375,-0.00179,0.033143,0.006274,0.034984,0.012173,0.013294,-0.005362,0.004713,0.016469,0.007829,0.022306,-0.005286,-0.004651,0.006836,-0.068451,0.021749,-0.020714,0.001479,0.036986,0.009757,0.000661,0.00293,0.016383,0.032012,0.001794,-0.019232,-0.022236,0.019189,0.006848,-0.015844,-0.017831,-0.010038,0.033452,-0.004603,0.004617,-0.009486,-0.001097,-0.003703
BIOGEN INC,0.002392,-0.007629,-0.014086,0.018731,0.022448,0.000711,0.028501,0.011905,0.026181,0.003835,-0.032782,0.008866,0.005433,-0.014025,0.022969,0.01619,0.010583,0.004718,-0.005154,-0.006946,0.034548,-0.015987,-0.011958,-0.009221,0.000388,-0.008295,-0.006293,-0.027613,0.003681,-0.007778,-0.003737,0.006931,0.012107,-0.006641,0.013613,-0.017959,-0.003844,-0.005646,0.011029,-0.001778,-0.0017,0.004743,-0.016584,-0.007714,0.015341,-0.020403,-0.000998,0.00283,0.015603,-0.073915,-0.026075,0.011824,-0.019118,0.000593,0.008667,0.006196,0.003776,0.001746,0.001028,-0.009824,-0.021422
HUBSPOT INC,0.046646,-0.019305,-0.00787,-0.010358,-0.011551,0.020324,-0.000677,0.050907,0.012423,0.036644,0.007897,0.010669,0.006529,-0.004653,0.024083,0.002749,0.008036,0.001369,0.006304,-0.014447,-0.056292,-0.026631,-0.005663,0.014314,0.03594,0.012797,0.009906,0.000772,-0.015745,0.007607,-0.002705,0.017409,0.013051,0.015222,0.00122,-0.008917,5.1e-05,0.005139,0.036009,0.023019,-0.020802,0.003224,-0.000946,-0.015578,0.005109,0.006469,0.030893,0.028536,-0.045714,-0.021327,0.042606,-0.032844,0.007455,-0.029601,-0.010263,0.018872,0.008428,0.00256,0.014251,-0.004743,0.009989
HALLIBURTON CO,0.018364,-0.009016,-0.02783,-0.036058,-0.012622,0.014817,-0.004581,-0.009491,0.007259,0.034592,-0.00195,0.010888,0.016846,-0.009777,0.004937,-0.001365,0.012572,-0.010526,-0.012275,-0.001657,-0.00083,0.012459,-0.021602,0.00531,-0.021129,-0.019881,-0.01275,0.003522,0.008482,-0.028132,-0.008057,0.002106,0.019814,0.013541,0.025269,0.043343,0.004616,0.014324,-0.009059,-0.010218,-0.031513,-0.006171,-0.018628,-0.006903,0.008399,-0.002297,0.008348,-0.014844,0.00058,-0.013611,0.00411,0.033333,-0.000849,-0.005098,0.0,0.004839,-0.00255,-0.00852,0.001432,-0.000286,0.003433
PUBLIC SERVICE ENTERPRISE GP INC,0.015858,-0.002208,-0.010746,0.009425,-0.003165,0.002403,0.006553,-0.00778,0.032485,-0.023869,-0.022864,0.0026,0.007617,-0.023001,-0.006421,0.004971,0.001154,-0.000988,0.00511,0.002952,0.006378,0.004387,-0.000324,-0.000971,0.00729,-0.00579,0.003073,-0.027415,0.000166,-0.015749,-0.009432,-0.008162,0.003772,-0.008881,0.002068,-0.02012,0.0086,0.00348,0.006069,0.003964,-0.004463,0.017934,-0.014061,0.0,0.013402,0.000509,-0.013726,0.00378,0.015577,-0.013147,0.003757,0.014123,0.003188,0.005352,0.017135,-0.012594,0.006295,-0.018272,0.032529,0.017051,-0.003672
XYLEM INC,0.010178,0.002542,-0.006387,0.00293,-0.000565,0.003206,0.012408,0.002228,0.011488,0.016029,-0.001893,-9e-05,0.007858,-0.017118,0.018419,0.008506,0.0087,0.006689,-0.000525,0.00035,-0.006034,-0.018563,0.006902,-0.001602,0.006242,-0.006557,0.00116,-0.005078,0.000537,-0.006892,-0.011446,0.015589,0.004219,0.013498,0.003352,-0.018108,0.011459,-0.005222,0.008631,0.00344,-0.011517,0.026147,0.000347,-0.01161,0.048036,0.0317,-0.007864,0.015689,-0.008045,-0.012733,0.019962,0.002094,-0.005063,0.005412,-0.004915,0.013038,0.004237,0.000637,-0.000159,-0.000477,0.011303
DISCOVER FINANCIAL SERVICES,0.028172,-0.009203,0.04581,0.01635,0.016187,0.009479,0.0,-0.005421,0.029881,0.018051,-0.015689,0.007734,0.019747,-0.012298,0.032894,-0.001529,0.005947,0.005284,0.00294,-0.00151,-0.000534,-0.014243,-0.003702,0.013777,0.008851,-0.012584,-0.0035,0.001801,-0.015284,0.001187,-0.00839,-0.107964,0.003402,0.023836,0.007928,0.007766,0.024896,0.030654,-0.00795,0.020458,-0.025129,0.009856,0.004129,-0.003458,-0.009097,0.005868,0.024087,0.003124,0.01209,-0.019095,0.006643,0.014756,-0.002077,0.126075,-0.024192,-0.005385,0.013743,0.002054,0.005658,0.004892,-0.02069
CONSOLIDATED EDISON INC,0.017423,0.003381,-0.008697,0.005044,0.00862,-0.009628,0.003495,-0.001524,0.024856,-0.022338,-0.022413,0.001669,0.003444,-0.01063,-0.001567,0.005268,0.006579,-0.005207,0.009465,0.00353,0.015829,0.006385,0.002688,0.002895,0.003101,-0.001173,0.006617,-0.032549,0.004055,-0.000655,-0.011031,-0.0127,0.005145,-0.007345,-0.000897,-0.008977,0.015285,0.003903,0.006332,0.000994,0.002426,0.020682,-0.018107,-0.015697,0.001115,-0.003342,-0.008942,0.004398,0.004379,-0.0218,0.001961,0.015891,-0.010202,0.002978,0.011761,-0.0079,0.000227,-0.019561,0.007772,-0.002647,0.006463
FORTIVE CORP,0.004639,0.003319,-0.01769,0.005564,0.005533,-0.002462,0.025838,0.005094,0.002253,0.026408,-0.013549,0.001387,0.008451,-0.016348,0.013687,0.004271,0.007546,0.003404,-0.001493,0.000679,-0.018471,-0.01702,0.006757,-0.001118,0.009518,-0.003466,-0.000696,-0.001114,0.001951,-0.007095,-0.006585,0.009591,0.009639,0.019925,0.008276,-0.007804,0.007459,-0.004307,0.009734,0.000134,0.046586,0.051804,0.009607,-0.008913,-0.008872,0.009565,-0.001093,0.005593,0.00532,-0.007457,0.012845,0.012324,-0.003428,-0.006879,0.008001,0.016112,0.004901,-0.001045,0.001163,0.001974,-0.013443
COUPANG INC,0.034031,-0.027848,0.002604,-0.011039,0.008536,0.022135,0.00828,0.006949,0.025722,0.026911,0.013699,-0.051116,0.019195,-0.034629,0.01888,0.001235,-0.012955,0.00875,0.01425,-0.010996,-0.028413,-0.015893,0.004522,0.012219,0.016518,0.01125,0.011125,0.010391,0.013309,-0.084179,-0.02412,-0.004008,0.002012,-0.006693,-0.003369,-0.009466,-0.008874,0.000689,0.0,-0.009635,-0.027102,-0.006429,0.020848,-0.025352,0.014451,0.023504,0.009047,-0.002759,0.037344,-0.026,0.033539,0.043709,-0.003807,-0.001911,0.013401,0.02267,0.009852,-0.00061,0.030506,0.079929,0.015351
BAKER HUGHES CO,0.001185,-0.001184,-0.028148,-0.028659,-0.00408,0.016073,0.008375,-0.00646,0.009288,0.028834,0.001193,0.014592,0.0,-0.001174,0.000294,0.00235,0.019344,-0.008338,-0.008408,-0.000585,-0.007314,-0.000295,-0.019752,0.005113,-0.029324,-0.025277,-0.012334,-0.001921,0.011229,-0.026967,0.003913,0.002598,-0.005507,0.00912,0.017753,-0.047257,0.008655,0.005941,-0.015748,-0.022,-0.02863,0.004561,0.012574,-0.006554,0.020486,-0.009187,0.006868,-0.008868,0.022368,-0.01661,-0.005515,0.012132,-0.001712,-0.003431,0.009983,-0.004772,0.02363,-0.001673,-0.004021,-0.008075,0.003731
CLOUDFLARE INC,0.021128,0.013201,-0.023428,-0.016549,0.001826,0.009375,0.00387,0.004755,0.028009,0.053247,0.004607,-0.004115,0.009563,-0.031341,0.024387,-0.006246,0.017078,-0.002449,-0.01017,-0.016769,-0.046961,-0.037303,0.00576,-0.007159,0.044048,0.024987,-0.008085,-0.001853,-0.017941,-0.011591,-0.017591,0.011548,0.043484,0.040934,-0.008857,-0.019064,-0.005709,-0.020523,0.051384,-0.015896,-0.047131,0.006831,0.038447,-0.022142,0.009527,0.021571,0.083503,0.194995,-0.021312,-0.054346,0.044954,-0.030181,-0.026675,-0.00538,-0.029595,0.046062,-0.010254,0.006399,-0.008377,-0.007837,0.010874
X C E L ENERGY INC,0.009698,0.000651,-0.007158,0.015402,-0.006778,-0.010398,0.010507,-0.006336,0.035481,-0.012001,-0.015822,0.012504,-0.003689,-0.013039,0.003588,0.008614,0.003062,-0.003052,0.005687,0.000323,0.025198,0.001733,0.002359,0.0,-0.002354,-0.004876,-0.008693,-0.027424,0.005082,-0.006524,-0.013463,-0.007322,-0.00285,-0.009247,0.004412,-0.016388,0.011508,0.00849,0.004546,0.001676,0.001841,0.021213,-0.02159,-0.021732,-0.001367,-0.001198,-0.006339,0.002931,0.013753,-0.011701,0.006863,0.005624,0.001017,0.002031,0.010475,-0.008025,0.0,-0.021574,0.003962,-0.010467,-0.086353
ANSYS INC,0.007227,-0.026872,-0.028761,0.009776,0.014574,0.00381,0.010202,0.021473,0.002362,-0.007271,0.001933,0.006701,0.003328,-0.005696,0.021635,0.180829,0.008101,-0.005487,0.008247,0.002819,-0.027227,-0.027705,0.002739,-0.000233,0.013224,0.01526,0.002571,0.008257,-0.031611,-0.05501,0.008613,-0.005965,0.026594,0.011929,0.002463,-0.006699,-0.000442,-0.021154,0.002859,-0.006693,-0.009457,0.014733,0.007786,0.006711,-0.002489,0.000802,0.024931,-0.008832,-0.012855,-0.030662,0.007572,0.00297,-0.003414,0.006943,-0.010568,0.035633,0.001616,-0.013406,-0.001635,-0.007982,0.003242
DUPONT DE NEMOURS INC,0.012161,-0.008977,-0.012263,-0.003527,0.001274,0.002404,0.006912,-0.006584,0.01382,0.021283,-0.002588,0.004916,0.007202,-0.011468,0.014877,0.015734,0.012975,0.005489,0.00143,-0.001428,0.007539,-0.006322,-0.005972,0.001698,-0.000261,-0.004695,-0.001704,-0.005513,-0.003036,-0.023964,-0.008681,0.003558,0.004636,0.009636,0.004033,-0.140447,-0.001402,0.008735,-0.017937,-0.008817,-0.018269,0.002589,0.006456,-0.018441,0.074008,0.011257,0.009326,0.008644,0.011673,-0.023806,0.012119,0.011826,0.0,-0.007012,0.016036,0.012598,0.000429,-0.000715,-0.004434,0.005891,-0.006319
HARTFORD FINANCIAL SVCS GRP INC,-0.00435,0.010409,0.004324,-0.007345,-0.001276,-0.000128,0.006643,0.012817,0.01065,-0.004091,-0.0061,0.007766,0.007209,-0.01888,-0.005534,0.006324,0.002891,0.00213,0.005627,-0.000497,0.01269,-0.000123,0.007495,0.01,-0.00978,-0.001707,0.00684,0.004367,-0.00761,0.00426,-0.001576,0.007405,0.024461,0.007528,0.001284,0.007578,0.0081,-0.003558,0.000115,0.00933,-0.007646,0.001265,0.037326,-0.002989,-0.003887,0.001672,-0.001336,0.012036,0.002313,-0.005054,0.009938,0.017713,-0.000215,0.003976,0.005245,0.006388,0.014389,-0.005215,0.003774,-0.001358,0.002406
ARCHER DANIELS MIDLAND CO,0.01831,-0.005994,-0.006566,-0.012814,0.008744,-0.001084,0.018034,-0.00666,0.009118,0.015413,-0.008767,-0.045017,0.022118,-0.04409,0.003537,0.007472,0.013014,-0.003039,0.001386,-0.000692,0.007477,0.005085,-0.018871,-0.013101,0.003531,-0.005488,-0.018961,0.002019,0.001295,-0.006613,-0.002605,-0.002612,-0.008001,-0.241971,0.011995,0.006117,-0.023751,0.01304,0.055524,0.019294,-0.0075,0.021231,-0.018851,-0.049021,0.007742,0.000187,-0.003404,0.006641,0.013007,-0.023632,0.015247,0.019523,-0.012153,-0.00466,0.009363,-0.003711,-0.004655,-0.005239,-0.007147,0.004167,0.001886
C B R E GROUP INC,0.031028,0.009458,-0.01302,0.004192,0.014856,0.000363,-0.005321,0.000608,0.046173,0.057724,0.000549,0.003951,-0.011697,-0.007411,0.019724,0.004808,0.007178,0.011122,0.001922,-0.007781,0.001397,-0.044733,-0.018304,-0.004232,0.012981,-0.016557,-0.000807,-0.020658,0.004714,0.001994,-0.021421,0.008612,0.014113,0.02222,-0.011326,-0.006596,0.010483,-0.005533,0.018547,-0.013429,-0.004383,-0.00139,-0.013807,-0.01953,0.010199,-0.002969,0.024065,0.006864,0.019988,-0.035569,0.020554,0.08528,-0.012407,-0.023193,-0.005606,0.011828,-0.015514,-0.001776,0.010339,0.003521,0.007566
HERSHEY CO,0.016284,-0.001885,-0.014112,0.006758,-0.00074,-0.017561,0.002907,-0.008536,0.022199,-0.013666,-0.024166,0.003027,0.001591,-0.016598,0.008244,0.008398,0.004821,0.002835,0.001033,0.012656,0.029983,-0.000989,-0.006985,-0.015013,0.020305,0.008566,-0.017867,0.00406,0.001208,0.004668,5.2e-05,-0.000365,-0.005275,-0.011551,0.020026,-0.014165,0.000264,0.004489,0.013564,0.023808,-0.019455,0.025266,-0.00388,-0.006425,-0.008198,-0.00267,0.041439,-0.033908,-0.008851,0.005782,-0.018425,0.006954,-0.00026,0.012607,-0.005579,0.005455,0.001498,-0.026931,-0.007635,-0.005129,0.009183
DEVON ENERGY CORP NEW,0.004447,-0.010848,-0.020143,-0.012106,0.004855,0.014496,0.007258,-0.024094,0.020305,0.034826,-0.002667,0.008246,0.009726,-0.009632,0.013484,-0.000872,0.018555,-0.005572,-0.013793,-0.010052,0.011921,0.021161,-0.025208,0.006794,-0.008925,-0.016692,-0.018539,-0.007965,-0.018812,-0.025485,-0.014156,-0.000243,-0.002678,0.005126,0.002914,0.007748,0.020904,0.003059,0.00352,0.01286,-0.030009,-0.005236,-0.011962,-0.01477,0.009585,0.005599,0.026628,-0.019335,0.015629,-0.008049,-0.001432,0.032266,0.006251,-0.00115,0.016125,-0.003174,-0.002047,-0.001139,0.01118,-0.006543,0.000681
H P INC,0.005453,-0.015593,-0.006198,-0.012821,0.032292,0.0017,0.030889,0.004465,-0.002646,0.025871,-0.00485,-0.016894,0.000661,-0.016182,0.011749,0.001327,0.007621,-0.00559,-0.001984,-0.002982,-0.008641,0.002347,-0.007358,0.009097,0.035058,-0.027097,0.005968,-0.011206,-0.006333,-0.024153,-0.015126,0.0,0.016405,0.00206,0.013365,-0.000338,0.005074,0.009761,-0.025333,-0.003078,-0.015094,0.008011,-0.008984,-0.012204,-0.001412,-0.012018,0.012165,0.004595,0.0095,-0.019171,0.015636,0.015745,-0.015501,0.001749,-0.006986,0.018291,0.011054,-0.016057,0.001042,-0.003815,-0.013579
CORNING INC,0.012285,0.000693,-0.01386,0.011595,0.007642,0.003447,0.013397,-0.003051,0.009181,0.029987,-0.003598,-0.011819,0.009302,-0.020737,0.014454,0.001657,0.007278,0.003612,0.002291,-0.005877,0.001314,-0.011807,0.004978,0.009577,0.024534,-0.023308,0.003269,0.001629,-0.004554,-0.012418,-0.012244,0.010385,0.009284,0.005913,-0.010451,0.00231,0.014817,0.001298,0.009397,0.069021,-0.024324,-0.012312,0.004986,-0.007442,0.000937,-0.007803,-0.001887,0.00977,0.00437,-0.027968,0.015026,0.008819,-0.003746,0.011909,-0.001239,0.013643,0.0,-0.005506,-0.002461,-0.00185,0.004674
TRACTOR SUPPLY CO NEW,0.034777,0.009235,-0.022735,0.010956,-0.001957,0.014446,0.018862,-0.003564,0.023967,0.016511,-0.030344,-0.007133,0.001808,-0.029425,0.009152,0.001039,-0.005615,0.009064,0.015331,-0.00403,0.007139,-0.018078,0.011239,0.017997,0.021105,-0.012124,-0.003578,0.00709,0.008935,0.003131,0.014536,0.011955,0.003518,0.006232,-0.017634,-0.010377,0.001327,0.0057,-0.005623,0.006406,-0.014004,0.045859,-0.008344,-0.0085,0.012253,-0.001454,-0.006939,0.014019,0.004807,-0.012235,0.009301,0.009215,-0.004923,-0.000296,-0.004399,0.018396,0.018606,-0.001481,0.03498,0.005573,0.006809
HOWMET AEROSPACE INC,0.005703,0.000189,-0.013797,0.002491,0.00822,0.00986,0.00751,0.008945,0.001293,-0.026379,0.000379,0.007386,0.008648,-0.017335,0.014226,0.00187,0.00504,0.0039,0.00111,0.000185,-0.007206,-0.018053,-0.003033,0.023384,0.00483,-0.007025,0.03463,-0.00108,0.00054,-0.03385,-0.001677,0.030241,0.009966,0.00592,0.006421,-0.001595,-0.018992,0.002895,0.006314,0.003586,0.005002,0.019908,0.005925,0.001213,0.011075,0.011296,0.0022,-0.009633,0.003925,0.053544,0.022588,-0.001736,-0.007112,0.004616,0.006497,0.024244,0.01245,-0.000152,0.00167,0.011975,-0.003146
CARDINAL HEALTH INC,0.000747,0.0028,-0.002978,-0.011854,0.004817,0.00423,0.00131,0.008974,0.001112,-0.049607,-0.021424,0.006269,0.000297,-0.020069,0.021388,0.000889,-0.001875,-0.00178,-0.006735,0.010178,0.018056,0.020561,0.007925,0.001516,-0.005202,-0.017115,0.007933,0.014781,0.000567,0.005577,-0.008648,0.008819,-0.008553,-0.001327,-0.007594,-0.001722,0.012936,-9.5e-05,0.005487,0.007339,0.019895,-0.037458,-0.015604,0.001643,0.004246,0.015374,-0.027822,0.02161,-0.012673,0.007141,-0.007762,0.013424,-0.004669,0.008808,0.001993,0.01487,0.008773,0.020168,-0.005985,0.018703,0.002866
DELTA AIR LINES INC,0.030328,0.002891,-0.014413,0.035363,0.035953,0.000248,0.003965,0.01802,-0.001212,0.030347,-0.002356,-0.027397,-0.000728,-0.019684,0.019336,0.000243,-0.008996,-0.004171,0.000985,-0.009845,0.005469,-0.042274,0.011874,0.034184,0.026887,0.016575,-0.004962,0.003562,-0.089683,-0.025994,-0.008807,0.025579,-0.021266,-0.008047,0.027853,0.004736,0.052108,-0.013688,0.011607,-0.014218,-0.009615,0.015841,0.005533,-0.018509,0.023955,0.000747,0.003482,0.003965,0.001728,-0.014046,0.020745,0.003918,-0.021463,0.011964,0.003941,0.033366,-0.007122,0.001678,0.004547,0.000715,0.006189
KEYSIGHT TECHNOLOGIES INC,0.014644,0.001886,0.000579,0.02033,0.006098,0.017196,0.019539,0.015087,0.019683,0.042085,-0.001197,0.001388,0.002835,-0.015955,0.013852,0.002393,0.004962,0.002125,-0.002557,-0.005252,-0.022629,-0.031128,-0.006903,-0.004345,0.027188,-0.010392,0.010435,-0.005948,-0.000921,-0.008226,-0.006238,0.017428,0.008269,0.008852,0.000323,0.001161,0.002448,0.002121,0.021805,-0.010105,-0.028278,0.008221,0.007637,-0.009955,0.011807,0.013913,0.019223,0.00211,-0.015168,-0.037216,0.011361,-0.001485,0.003621,-0.00509,-0.06728,0.034713,0.00624,0.01587,0.002691,0.006481,0.003577
METTLER TOLEDO INTERNATIONAL INC,0.011484,-0.001476,-0.019005,0.010491,0.006211,-0.008636,0.020156,0.002076,0.050403,0.045858,-0.027835,-0.004687,0.014126,-0.012332,0.018661,0.003887,0.004474,0.003059,0.001881,-0.010039,0.001014,-0.055238,0.001918,-0.014817,0.02986,-0.021688,0.0316,0.008242,-0.003607,0.001438,-0.01772,0.018917,0.012658,0.015967,0.00064,-0.012402,-0.001959,0.012491,0.008222,0.008163,-0.032574,0.022394,-0.011348,-0.019122,0.021172,0.000932,0.009677,-0.041193,0.013223,-0.027293,0.020405,0.009753,-0.00441,-0.002585,0.008038,-0.00093,0.014261,-0.01201,0.015018,0.025025,0.002935
ULTA BEAUTY INC,0.108078,0.031206,-0.010971,0.02719,-0.009423,-0.015699,0.000996,0.021527,0.000183,0.003062,-0.008087,-0.004382,0.001945,-0.024232,-0.000209,-0.012797,0.012772,0.012317,0.007408,0.00647,-0.006898,-0.026284,-0.010342,0.004692,0.025132,0.004348,-0.008556,0.003992,-0.001553,-0.012591,-0.006828,0.005796,-0.006162,0.009163,0.006291,-0.002355,0.030182,0.00075,0.029174,0.001476,-0.01315,0.002928,0.003595,-0.005838,-0.000756,0.023984,0.009883,0.006761,0.00465,0.011427,-0.008417,0.006248,0.004171,0.01729,-0.004619,0.009781,0.010514,0.011896,0.009149,-0.004008,-0.018957
SPLUNK INC,-0.001386,-0.002379,0.002716,-0.00185,-0.000596,-0.000397,0.003577,0.001188,0.002439,-0.001118,0.004543,-0.004392,0.000527,-0.000329,-0.00079,0.001976,0.000986,-0.001117,-0.000132,0.001907,-0.00046,-0.000854,6.6e-05,0.000394,0.000263,0.000788,0.000722,0.001574,-0.000524,-0.000131,0.000393,0.000655,0.003011,0.000261,0.000261,-0.000522,0.000326,0.000391,0.001826,-0.001432,-0.000326,-0.000196,0.000326,-0.000326,0.001043,-0.000521,0.00541,0.00188,-0.000776,0.000518,0.0,0.00589,-0.000257,0.000193,0.000515,0.000965,-0.000514,0.0,0.000321,0.003599,0.000384
WEST PHARMACEUTICAL SERVICES INC,0.002936,-0.002587,-0.021118,-0.001572,-0.005074,0.003077,0.005522,0.010577,0.034247,-0.004643,0.000531,-0.005556,0.005895,-0.024616,0.012218,0.003307,0.00679,-0.004086,-0.002669,-0.007917,-0.009741,-0.029883,0.00606,-0.002468,0.036438,-0.007134,0.022385,-0.007084,-0.022164,-0.000779,-0.020173,0.009897,-0.000379,0.01275,0.013022,-0.008304,0.015801,0.020157,0.025293,0.015628,-0.008136,0.022706,-0.001258,0.043567,0.001635,0.036985,-0.005085,-0.003066,-0.007348,-0.019772,0.024085,-0.140841,0.032364,-0.032786,0.017191,0.010387,0.02095,-0.011294,-0.013763,-0.002735,0.002939
EDISON INTERNATIONAL,0.007315,-0.00163,-0.009648,0.006595,0.002233,0.00208,0.008599,-0.006027,0.04688,-0.006639,-0.00384,-0.00414,0.003584,-0.017712,0.001454,0.008857,0.031088,0.003769,0.006536,-0.001536,0.01189,-0.010506,0.009919,0.003873,0.008268,-0.00205,-0.009449,-0.016038,0.00267,-0.016676,-0.012398,-0.010101,-0.004519,-0.009372,-0.00946,-0.027309,0.028536,0.006862,0.002963,-0.005761,0.002526,0.012004,-0.020794,-0.01959,-0.006559,0.00476,-0.011003,-0.000309,0.01051,-0.014836,0.009626,0.02199,-0.002257,0.003469,0.02119,-0.0078,0.012459,-0.025051,0.01743,0.002068,0.002506
VERTIV HOLDINGS CO,0.033898,0.004874,-0.00463,-0.021927,0.022192,0.04486,0.010395,0.037791,-0.030144,-0.014602,0.010373,0.001467,0.029707,-0.040024,0.028148,0.004117,0.004305,-0.001225,0.000613,-0.018995,-0.049761,-0.001534,0.005047,0.011135,0.048154,0.013185,-0.00793,0.02521,-0.009996,0.008885,-0.014011,0.03309,0.054628,-0.004099,0.004116,-0.015838,0.009277,0.002814,0.026936,0.032058,-0.005824,0.055565,0.033804,0.00179,-0.039948,0.027402,0.015311,0.029998,-0.034635,0.019733,0.039021,-0.032784,0.002069,-0.015087,-0.05595,0.074296,-0.00318,0.057576,-0.000603,-0.002565,0.022996
RESMED INC,0.012109,0.011839,-0.003591,0.01895,-0.00311,-0.003792,0.004114,0.025621,0.026054,0.003138,-0.020795,0.005087,0.0216,0.002247,0.004828,-0.019507,0.01161,-0.002365,0.000116,-0.005665,-0.001395,-0.03487,0.010797,-0.004535,0.035667,0.029288,-0.003037,0.003384,-0.02243,-0.021219,0.002938,0.012009,-0.001273,0.024806,-0.010463,-0.018232,0.084818,0.020392,0.00568,0.000784,-0.006166,0.018191,-0.009295,-0.009121,0.003209,-0.019138,-0.015221,0.004789,-0.011428,-0.018354,0.007702,0.01141,-0.011774,0.001108,-0.002048,0.015586,0.005134,-0.004075,-0.012548,-0.038842,-0.00138
ZIMMER BIOMET HOLDINGS INC,0.014272,-0.009155,-0.009154,0.002677,0.009989,8.5e-05,0.005797,-0.004492,0.003831,0.005343,0.00135,0.000927,0.009848,0.00025,-0.002917,0.007605,0.009124,-0.002388,0.004128,0.000576,-0.002547,-0.007579,-0.002241,-0.00183,0.016586,-0.00082,0.011159,-0.006898,0.005638,-0.003494,-0.003343,0.01309,-0.003796,-0.006242,-0.012317,-0.004625,0.011948,-0.002214,0.010108,-0.004474,0.026395,0.013137,-0.007308,-0.0076,0.017869,-0.000392,-0.035359,-0.001951,0.024837,-0.021375,-0.010718,0.021011,0.002492,0.002165,0.026964,0.00148,0.004979,-0.017805,-0.00402,-0.017726,0.001853
T ROWE PRICE GROUP INC,0.02317,-0.004295,-0.014312,-0.006763,0.000701,-0.015009,0.004267,0.005058,0.038748,0.051642,-0.009691,0.00461,0.013581,-0.020699,0.008586,0.009355,0.007415,0.0,0.002944,-0.012109,0.002043,-0.015013,-0.002164,0.001037,0.007158,-0.006546,0.01092,0.017413,0.011258,-0.035569,-0.007695,0.005107,0.030297,0.010411,-0.007954,-9.1e-05,0.014852,-0.011582,0.01417,0.000537,-0.029183,0.013094,-0.001183,-0.013669,0.006837,0.006882,-0.007473,-0.023689,0.034421,-0.047732,0.015467,0.017864,0.005542,0.005052,-0.000731,0.01436,0.000812,-0.004775,0.003621,0.01344,0.008901
RAYMOND JAMES FINANCIAL INC,0.026343,-0.009359,-0.016182,-0.000951,0.00276,0.015944,0.009248,0.014624,-0.017059,0.029049,-0.007756,0.012543,0.020377,-0.013812,-0.009723,0.006306,0.008057,0.004973,-0.003888,-0.006919,0.007175,-0.025289,0.006486,0.016974,0.003749,-0.015383,0.001897,-0.003696,-0.012666,0.001649,-0.001006,0.004945,0.01622,0.017934,-0.000881,-0.007847,0.01173,-0.005534,-0.008391,0.010867,-0.029166,0.002814,0.017558,-8.9e-05,-0.009518,-0.002784,0.009546,0.024799,0.018715,-0.018115,0.01549,0.014997,0.000422,-0.017217,0.003263,0.013952,0.001013,0.00059,0.008934,0.006015,-0.000913
TAKE TWO INTERACTIVE SOFTWR INC,-0.002276,-0.001774,-0.005077,0.003572,-0.019769,0.007198,-0.01777,0.030414,0.037659,0.00472,-0.022515,-0.010175,0.005234,-0.009034,0.015384,0.009726,-0.002038,-0.003898,0.002982,-0.00322,-0.0105,-0.0054,0.002904,-0.004092,0.002086,0.004289,-6.3e-05,0.014635,0.000867,0.001237,-0.009266,-0.003242,0.020268,0.008154,0.004379,0.004541,0.015672,-0.006588,0.003764,-0.006428,-0.01204,0.008489,0.004028,-0.017904,0.016219,0.0174,0.000177,-0.086616,0.002324,-0.011464,0.014529,0.007963,-0.022808,-0.009388,-0.005463,0.008802,-0.009381,-0.008609,-0.011823,-0.003109,-0.003729
WABTEC CORP,0.030542,-0.001415,-0.009087,-0.004796,0.004819,-0.00387,0.006757,0.005873,0.013595,0.002222,0.002299,0.004833,0.026086,-0.007627,0.012489,0.001107,0.002291,0.001891,-0.001416,-0.000473,-0.007959,-0.009612,-0.005534,0.012098,0.007331,-0.001266,-7.9e-05,0.005941,0.008111,0.001094,-0.018259,0.007312,0.010021,0.004453,0.0035,0.003643,0.002471,0.001232,0.009386,0.011357,-0.008441,0.013909,0.006447,-0.002681,0.006273,0.013062,0.001685,-0.000366,0.002853,-0.004888,-0.009604,-0.008365,0.002389,0.000894,0.012351,0.014406,0.00341,-0.004411,0.000145,0.012999,0.012904
DELL TECHNOLOGIES INC,-0.051931,-0.036285,-0.000433,-0.023957,0.014195,0.001604,0.00786,0.010832,-0.001714,0.036639,-0.011183,0.024435,0.002181,-0.015096,0.040044,0.005178,0.017039,0.003377,-0.007507,-0.002347,-0.022353,0.024201,-0.008225,-0.001711,0.046414,-0.028352,0.014784,0.018658,-0.005018,0.002648,-0.02339,0.009657,0.060962,-0.020195,0.015899,0.015528,-0.008004,0.01421,-0.009618,0.016665,-0.022642,0.03499,0.006295,-0.007067,-0.035352,0.012821,0.012658,0.016509,0.004872,-0.030478,0.02453,-0.038587,0.018013,-0.020781,-0.012976,0.078634,0.029161,0.026785,-0.013043,0.018458,0.015121
W E C ENERGY GROUP INC,0.016144,0.000353,-0.014941,0.014093,0.00106,-0.010941,0.001665,-0.014013,0.047814,-0.027356,-0.025526,-0.00097,0.010682,-0.017656,0.006847,0.007165,0.00844,-0.002272,0.00719,0.001428,0.025544,0.00336,-0.007967,0.003724,-0.007769,-0.002805,0.003047,-0.040542,0.008159,-0.002657,-0.01526,-0.011192,-0.004602,-0.006872,0.003397,-0.008652,0.012016,-0.00175,0.007262,0.003853,0.0,0.01263,-0.023478,-0.022915,0.003973,-0.002298,-0.009724,0.001938,0.010574,-0.013717,0.002485,0.017613,0.000897,-0.000897,0.016539,-0.013116,0.007796,-0.029292,0.011888,-0.003357,0.01671
ARES MANAGEMENT CORP,-0.00392,-0.021554,0.002011,-0.015508,0.003521,0.021607,0.000723,0.012645,0.016322,0.008074,0.022349,0.007115,-0.002383,-0.025512,0.008493,0.005383,0.021675,0.006086,0.007141,-0.008008,-0.029095,0.000866,0.007961,0.004894,0.016232,-0.02665,0.024961,-0.002949,-0.001944,-0.009823,-0.010605,-0.012966,0.019616,0.019497,-0.009857,-0.00051,0.027241,0.003978,0.012051,-0.002936,-0.006299,0.009384,0.028707,-0.013001,0.02,0.014647,0.051998,0.008558,0.00256,-0.015687,0.013342,-0.011192,-0.001553,-0.017485,-0.007466,0.017703,-0.015304,-0.004549,-0.005636,0.005285,0.010514
EBAY INC,0.017557,-0.002636,-0.003364,-0.000241,0.000241,-0.00458,0.011383,-0.015565,0.020676,0.016444,-0.021102,0.018443,0.027046,-0.0158,0.01745,0.002058,-0.007759,-0.0023,0.002075,0.003451,0.005731,-0.007294,-0.023421,0.006113,0.001168,-0.01634,0.009967,-0.016213,-0.015763,-0.012376,-0.000737,0.002951,0.008335,-0.001702,0.008524,0.00483,0.013218,0.012571,-0.00164,-0.01572,-0.020977,0.01534,0.005755,-0.014545,0.03218,-0.007501,-0.007558,0.009757,0.024982,-0.054265,0.025529,0.010432,0.019475,0.003222,0.004818,0.010959,-0.006098,-0.002954,0.011623,0.078847,-0.012738
CHURCH & DWIGHT INC,-0.013039,-0.002831,-0.01693,0.000428,0.006629,-0.012852,0.004519,0.011782,0.005399,-0.038012,0.001532,0.015628,-0.00226,-0.014021,0.004047,0.001198,0.004135,0.007586,0.010863,0.006064,0.000106,-0.006556,0.006067,-0.006877,0.005327,0.017061,0.005209,0.010987,0.001128,0.005223,0.005501,-0.008815,-0.0092,0.007119,0.019361,-0.024219,0.00999,0.010707,0.004843,0.009036,-0.006468,0.019329,-0.023679,0.008151,-0.0002,0.005891,-0.00804,-0.011107,-0.00253,-0.007101,-0.006092,0.004021,0.004005,0.002761,0.005711,0.010445,0.007627,0.000199,-0.005278,0.002303,0.0
N V R INC,0.026799,0.010711,-0.004535,0.000877,0.012591,0.014134,-0.001039,0.0014,0.022425,0.037329,-0.00774,-0.005919,0.01413,-0.012904,0.013559,0.005791,0.004016,0.002371,-0.006137,0.002684,-0.004493,-0.002878,-0.005214,0.003622,0.01862,-0.004552,0.015999,0.013282,-0.004604,-0.006682,-0.007839,0.011311,0.003205,0.02886,-0.064403,-0.01167,0.023577,0.002379,0.010023,0.002018,-0.006373,0.019225,0.015069,-0.020913,0.023151,0.011986,0.008891,-0.005169,0.022724,-0.035212,0.02078,0.004398,-0.019121,0.003974,-0.003032,0.018354,0.006831,-0.002003,-0.003494,0.005552,0.00535
BROWN & BROWN INC,-0.008028,0.004856,-0.00604,-0.001756,-0.001894,0.005015,0.011328,0.010135,0.000264,-0.050284,-0.034603,0.022456,-0.001408,-0.017764,0.010622,0.000994,-0.001703,0.003411,0.004533,0.002679,-0.005063,-0.018375,0.014831,-0.012486,0.037213,-0.004433,0.014888,-0.001234,0.022375,0.00094,-0.001073,-0.004297,0.009171,0.006147,0.048081,-0.016601,-0.005283,-0.004016,0.002602,0.015828,-0.009451,0.004642,-0.001285,-0.001287,0.010569,0.006632,0.012923,0.013133,-0.000741,0.000123,0.015442,0.006448,-0.000484,0.000121,0.001693,0.015452,0.001426,-0.002255,0.000714,0.007966,-0.006723
BROADRIDGE FINANCIAL SOLUTNS INC,0.008152,-0.001433,-0.003998,-0.01518,0.003239,-0.003385,-0.001411,0.014391,-0.002786,0.005898,0.000568,0.015278,0.001576,-0.00335,0.0,0.016857,0.01177,0.011138,0.007637,-0.000389,-0.028481,-0.013858,-0.000152,-0.003755,0.018589,0.0,0.00985,-0.003763,0.006908,-0.002172,-0.001039,-0.003565,0.018188,0.007272,-0.000291,-0.001212,0.010579,-0.001777,0.001347,0.003843,-0.02278,-0.012586,0.000546,-0.017399,0.003128,-0.003017,0.003783,-0.000101,-0.006785,-0.020594,0.015034,0.009314,-0.001916,-0.013945,0.007276,0.016584,0.008257,-0.000447,-0.006902,0.0072,0.010573
BUILDERS FIRSTSOURCE INC,0.03855,-0.017375,0.046763,0.013821,0.009157,0.00771,0.008531,0.004229,0.035297,0.08717,-0.034804,-0.014707,0.028479,-0.019675,0.019698,0.015916,0.008371,0.011385,-0.01114,-0.010198,-0.009345,-0.036703,-0.01268,0.015831,0.02566,0.00897,0.011793,-0.000538,0.001076,-0.008842,-0.007775,0.006439,0.041224,0.03194,-0.05814,-0.014016,0.027099,-0.001649,0.041175,-0.00051,-0.015192,0.03045,0.009664,-0.014219,-0.001291,0.016634,0.02399,0.000432,0.009658,-0.0264,0.024975,0.001018,-0.016745,-0.004842,0.004155,0.025645,0.001593,0.009381,0.014283,0.000569,0.009882
FIFTH THIRD BANCORP,0.056304,0.002616,-0.017939,0.004982,0.018176,0.014281,-0.01152,-0.011654,0.059613,0.086244,-0.00313,0.000571,0.001997,-0.031606,0.011467,0.002035,0.014215,0.003146,0.002281,-0.008908,0.008408,-0.023002,0.012949,0.028472,0.00678,-0.009259,0.001416,-0.014423,-0.01406,-0.021828,0.005356,-0.016277,0.029182,0.010231,-0.01331,0.017595,0.005764,-0.001146,0.01922,-0.004503,-0.031948,-0.013435,0.002072,-0.015953,0.004803,-0.003287,0.000899,0.007787,0.01367,-0.037819,0.021024,0.011638,0.000885,-0.003831,-0.009172,-0.002687,0.003593,-0.007458,0.02104,-0.011481,0.022633
M & T BANK CORP,0.035422,0.012659,-0.016966,-0.009689,0.014905,-0.000979,0.005805,-0.012442,0.05123,0.047289,-0.015856,-0.039437,0.016262,-0.038749,0.016796,0.002276,0.01714,-0.007057,0.003699,-0.009466,0.014225,-0.031936,0.012631,0.013941,-0.000868,-0.011371,0.002491,-0.011327,-0.016335,-0.012699,-0.003273,0.014661,0.048992,0.018509,-0.001127,0.006135,-0.004486,-0.003661,0.008762,0.006795,-0.039171,-0.046126,0.013361,-0.003821,-0.005339,-0.013609,0.008814,0.012992,0.025501,-0.029255,0.025842,0.011384,0.004357,-0.006869,-0.001747,0.006272,0.00087,-0.017524,0.022479,-0.004325,0.011656
ROBLOX CORP,0.029,0.019283,-0.013582,-0.017458,-0.002502,0.024335,-0.008327,0.038281,0.030209,0.027938,-0.013477,0.012978,0.005394,-0.020121,0.01483,0.033498,0.008919,0.010134,-0.008965,-0.015292,-0.059711,-0.025122,0.017896,-0.021566,0.0115,0.001421,-0.011826,0.015797,-0.035815,-0.038368,-0.017027,0.005429,-0.005143,0.046265,0.007411,0.000981,0.012249,-0.022023,0.019055,-0.049539,-0.008431,0.013399,0.034071,-0.032456,0.031766,0.101971,0.002906,-0.010475,-0.014865,-0.032465,0.043006,0.006797,-0.034428,-0.034957,-0.01618,0.040992,-0.0224,-0.0041,-0.011141,-0.01641,-0.006474
AXON ENTERPRISE INC,0.007134,0.020604,-0.019299,0.002676,0.012869,0.004462,0.010153,0.01336,0.025168,0.020398,0.011299,-0.001133,0.0009,-0.012309,0.016102,0.008527,-0.003552,0.003758,-0.001891,-0.001005,-0.025936,-0.016691,-0.010104,-0.00294,0.030302,-0.009976,-0.000321,0.002088,0.004609,-0.004867,0.004169,0.014331,0.010586,0.011176,-0.017908,-0.014784,0.005811,-0.005303,0.013407,-0.001884,-0.020413,0.014615,0.016977,0.001868,0.007729,0.023164,0.013297,0.007361,-0.015758,-0.008474,0.024163,0.0072,-0.010961,-0.007783,-0.01483,0.029614,-0.003351,0.003547,0.000847,0.137591,-0.005983
DOVER CORP,0.014523,0.001536,-0.014432,0.013087,0.003352,-0.000487,0.011767,0.001239,0.012441,0.054243,-0.019898,-0.002628,0.009881,-0.015134,0.009935,0.003017,0.011116,-0.003104,0.0,-0.00227,-0.014889,-0.021053,-0.001551,-0.004119,0.005017,-0.004385,-0.002778,0.001087,-0.00129,-0.00632,-0.012106,0.016131,0.008994,0.002499,0.015021,-0.017785,0.013175,-0.000133,0.012138,-0.001845,-0.011223,0.0452,0.014053,0.007811,0.005188,-0.002176,-0.002243,0.002623,0.00897,-0.013212,0.006632,0.010877,-0.007255,-0.008547,0.001937,0.016772,0.006255,0.004144,-0.004187,0.004754,0.006206
AMERICAN WATER WORKS CO INC,0.010619,-0.000751,-0.013219,0.010047,-0.00113,-0.009053,-0.004872,0.002448,0.030909,-0.004368,-0.020373,-0.006679,0.013372,-0.013723,0.005352,0.000456,0.005397,-0.000302,0.005672,-0.007445,0.011516,0.0,-0.013108,0.000987,0.008719,-0.002255,0.006629,-0.015641,0.00517,-0.013615,-0.01526,-0.020168,-0.004212,0.01245,-0.00473,-0.034215,0.01673,-0.006614,0.02103,-0.010736,-0.003055,0.009837,-0.015011,-0.014916,0.008229,0.001122,-0.000984,0.003037,0.011784,-0.03122,0.005844,0.031375,-0.011589,-0.013516,0.004705,-0.016841,-0.006016,-0.012862,0.005109,-0.001017,0.005343
MOLINA HEALTHCARE INC,-0.007659,0.007719,0.003939,-0.011417,0.001709,0.011804,-0.004677,0.034098,0.010331,-0.019849,-0.031537,0.008981,-0.019086,-0.021267,0.018828,0.000419,-0.001758,-0.002572,-0.001149,0.01372,0.028286,0.013835,0.005495,-0.000396,-0.002166,0.007121,-0.002103,0.010193,-0.007952,0.011985,0.00374,-0.014024,-0.040807,0.00736,-0.000652,-0.004375,-0.044438,0.010112,0.003026,0.001466,0.003491,-0.003451,-0.000929,-0.010652,0.017146,0.013945,0.053549,0.018821,0.010189,0.00433,0.014277,-0.00455,0.008992,-0.000573,-0.006127,0.013157,0.006159,-0.012464,-0.003933,0.004149,-0.019588
PULTE GROUP INC,0.029405,0.0,-0.001099,0.016938,0.021631,0.019585,-0.0027,-0.000625,0.020523,0.070641,-0.022788,-0.00283,0.009216,-0.008354,0.003429,0.0,0.007322,0.007269,-0.004234,-0.002609,-0.016179,-0.010635,-0.001593,0.011664,0.022172,-0.004049,0.018391,0.005798,-0.008599,-0.00753,-0.003554,0.004627,0.017653,0.029886,-0.051629,-0.011969,0.027061,-9.5e-05,0.008942,-0.004809,-0.009379,0.020754,-0.007121,-0.015287,-0.017058,0.00429,0.002427,-0.00155,0.025024,-0.034822,0.017843,0.006357,-0.029001,0.015673,0.005629,0.01023,0.010126,0.00435,0.006215,-0.004024,0.018322
DECKERS OUTDOOR CORP,0.031764,0.012773,-0.004915,-0.003867,0.009728,0.001382,0.003566,0.01132,0.019143,-0.029794,0.007122,0.005563,0.011617,-0.019778,0.004766,-0.014827,-0.008231,-0.00032,-0.017797,-0.010496,0.008303,0.006469,-0.009022,-0.029648,0.049748,0.017788,-0.001449,0.011194,0.004235,0.021368,0.003755,0.016867,0.017022,0.024625,-0.01765,-0.004681,0.013842,0.008909,0.009078,-0.001575,-0.02561,0.025367,0.141308,-0.034748,-0.030608,0.009669,-0.001092,0.015377,-0.000651,-0.009471,0.013661,0.02673,-0.008946,-0.002665,0.001139,0.025996,-0.00405,-0.012505,0.00222,0.012646,0.014925
ALIGN TECHNOLOGY INC,0.031104,-0.003856,-0.019353,0.007058,-0.001199,0.021329,-0.011527,-0.005533,0.063871,0.110909,-0.00782,0.026195,0.025297,-0.02322,0.045864,-0.008136,0.008534,0.003975,0.005049,-0.009651,-0.01854,-0.047226,0.020061,0.012703,0.034986,0.013069,-0.00263,-0.001554,-0.017079,-0.015388,-0.029537,0.019071,0.006918,0.019787,-0.019071,-0.035131,0.019606,0.008279,0.02312,-0.020896,0.009745,0.022669,0.001902,0.006134,0.046665,-0.012862,0.036069,0.004644,0.020481,-0.033461,0.03568,0.023187,-0.003228,0.015416,-0.028323,0.039094,0.001011,-0.019061,0.007142,-0.034083,9.9e-05
LIVE NATION ENTERTAINMENT INC,0.000356,-0.001424,-0.032331,0.01388,0.021081,0.010797,0.022303,0.034103,-0.022207,0.056893,-0.000752,0.002903,0.017583,-0.04499,0.008385,0.000328,0.010062,0.006822,0.011508,-0.004785,-0.019124,-0.026686,-0.003581,0.001909,0.011322,0.013633,-0.021323,0.019888,-0.006792,-0.000662,-0.003201,0.003765,0.005847,-0.02358,0.01112,-0.007443,0.004813,-0.005458,-0.002016,-0.003142,0.000225,0.006078,-0.013313,-0.008957,0.01636,-0.013282,0.003879,0.017386,-0.000335,-0.019553,0.018803,0.049553,-0.006181,-0.012869,-0.009234,0.02511,0.019574,-0.033047,0.014864,0.007911,0.028638
D T E ENERGY CO,0.038997,0.002219,-0.016142,0.006282,-0.001025,0.012964,0.013627,-0.001544,0.030932,-0.007854,-0.013431,-0.000728,0.008833,-0.013088,0.003658,-0.001093,0.005017,-0.004357,0.006564,-0.001359,0.013604,-0.006979,-0.004055,0.001086,0.007863,-0.005111,-0.001082,-0.025354,0.007684,-0.011484,-0.017565,-0.008135,-0.003147,-0.005932,0.005486,-0.020197,0.014068,-0.002023,0.002413,0.006934,0.008225,0.019446,-0.022239,-0.011039,0.002791,0.009692,-0.009409,0.001727,0.018868,-0.018801,0.009101,0.023165,0.000278,-0.001484,0.014121,-0.019604,0.013362,-0.020839,0.010736,0.007174,0.002313
STATE STREET CORP,0.015106,0.002435,-0.011876,-0.02431,0.024356,0.010795,0.008517,0.006971,0.019835,0.025323,-0.011712,-0.005668,0.006348,-0.020984,0.012623,0.002337,0.006866,0.003217,0.005771,-0.003443,0.003744,-0.005788,0.001035,0.010726,0.002813,-0.014153,-0.009312,-0.004439,0.003278,-0.008365,-0.015553,-0.005088,0.020859,-0.020432,-0.004845,-0.001488,0.011376,0.005758,-0.003595,0.000134,-0.013093,-0.008393,0.002457,-0.011712,-0.001654,0.008006,-0.008764,0.006216,0.010434,-0.033832,0.005484,0.021399,-0.007394,-0.012967,0.008386,0.003742,0.016018,-0.009649,0.008371,-0.001497,0.004907
ILLUMINA INC,0.076901,0.041443,-0.022564,0.019953,0.027546,-0.035772,0.041615,0.0,0.07676,0.038052,-0.033387,0.015736,0.08079,-0.018849,0.024324,-0.00164,0.004571,0.013439,-0.002806,-0.020334,-0.011706,-0.052831,0.008363,-0.007228,0.024372,0.045489,0.006369,0.002702,-0.021062,-0.021008,-0.011692,0.005091,0.012217,0.022078,0.013465,0.001847,0.012411,-0.01492,0.043305,0.003272,-0.028465,0.01909,-0.010498,-0.01373,0.018702,-0.013459,0.002728,-0.038303,0.01538,-0.044441,0.05234,0.037871,-0.018211,-0.023429,-0.025991,-0.006305,-0.018812,0.02985,0.020369,0.008729,-0.008157
TARGA RESOURCES CORP,-0.003206,-0.009428,-0.017467,-0.02416,-0.010627,0.021719,-0.010397,-0.014242,0.004855,0.016853,-0.010083,0.006674,0.003373,-0.00568,0.015505,-0.004592,0.009688,-0.005597,-0.008155,0.006022,-0.00518,0.01539,-0.017094,-0.005333,-0.016785,-0.008892,0.002512,-0.00692,0.007089,-0.01539,-0.012602,0.013499,-0.001211,0.016002,-0.00692,0.009011,0.023934,0.009536,-0.003801,0.012257,-0.023897,0.012712,-0.000697,-0.004769,0.007596,0.009627,0.009764,-0.009215,0.016305,-0.000791,-0.001131,0.055807,0.039348,-0.005983,0.011519,0.009131,-0.013522,0.005462,-0.00492,0.003296,0.008624
P T C INC,0.013028,0.003074,0.005253,-0.005537,0.021207,0.020644,0.011824,0.004686,0.002657,0.008362,-0.000993,0.004501,0.000815,-0.016339,0.011941,0.016239,0.007702,0.002339,0.001138,-0.005457,-0.03618,-0.012868,0.007569,-0.01115,0.022912,-0.011966,0.00883,0.017564,0.000581,-0.003369,0.000874,0.008443,0.008719,0.013623,0.009826,-0.000615,0.007386,0.003444,0.023249,-0.004328,-0.018473,-0.006919,-0.003735,-0.008504,-0.000564,0.017503,0.00738,0.008593,-0.024905,-0.004089,0.016535,0.00686,-0.02088,-0.007296,-0.001526,0.015627,0.008697,0.004034,0.003798,0.010583,-0.006946
PINTEREST INC,0.021133,-0.008336,-0.011304,-0.017297,0.014917,0.026161,0.01289,0.021776,0.010518,0.013695,0.009727,0.008831,0.009019,-0.024185,0.006466,0.000535,-0.005886,0.003767,-0.000804,-0.006171,-0.022408,-0.009666,-0.002231,0.003913,0.040646,0.010968,-0.000794,-0.001324,-0.015381,-0.009696,-0.009791,0.018676,0.00027,0.001617,-0.005382,-0.011905,0.01287,0.019194,0.038992,-0.013531,-0.03028,0.002936,0.057743,-0.002013,0.034787,-0.005359,-0.002694,-0.094548,-0.036886,0.005632,0.00308,0.021217,-0.035539,-0.004819,0.009399,0.015519,-0.003612,-0.013107,0.019497,0.001109,0.016058
ENTERGY CORP NEW,0.006114,-0.006273,-0.009567,0.011253,0.003348,0.001178,0.00098,-0.005093,0.037504,-0.020209,-0.023143,0.006443,0.000197,-0.018907,0.001004,0.004913,0.001297,-0.000399,0.005982,0.002775,0.014329,0.004189,-0.000291,0.008734,0.007119,-0.002961,0.001629,-0.019801,0.006441,-0.001648,-0.021853,-0.01837,0.002225,-0.007469,-0.000102,-0.011492,0.019342,0.002321,0.00433,0.005113,-0.004888,0.022354,-0.013727,-0.009842,-0.001506,-0.006938,-0.002329,0.005647,0.01123,-0.008077,-0.00173,0.019576,0.0015,-0.001398,0.012499,0.002568,0.009653,-0.024878,0.008204,-0.001985,0.009943
BERKLEY W R CORP,0.009786,0.005324,-0.005974,-0.015572,-0.016234,0.006065,0.018646,0.00867,-0.006822,-0.022256,-0.004777,0.00712,-0.00806,-0.011974,0.006493,0.006451,-0.001567,-0.000713,0.005282,0.00426,0.020221,0.005683,0.008407,0.016264,-0.023534,-0.005233,-0.003184,0.012222,-0.00096,0.00673,0.005866,0.008816,0.012638,0.023367,-0.003892,0.011852,0.071824,-0.021616,-0.003437,0.005419,0.003063,-0.019541,0.007349,0.006306,-0.010936,-0.001864,-0.005726,0.007511,0.002858,0.00285,0.012108,0.004272,0.004133,-0.007626,0.018297,0.026713,-0.004667,-0.001641,-0.003405,-0.00377,-0.011353
WARNER BROS DISCOVERY INC,0.084211,0.005296,-0.045654,0.0046,-0.009158,0.060074,-0.003487,-0.017498,0.057881,0.051347,-0.018415,-0.023654,0.032581,-0.056634,-0.01458,-0.019147,0.020408,-0.00087,0.017406,-0.026518,0.024605,-0.030875,0.004425,-0.013216,0.017857,-0.032456,-0.00544,-0.039198,0.010436,-0.028169,-0.018358,0.011811,0.006809,0.011594,0.006686,-0.012334,0.016331,0.003781,-0.012241,-0.037178,-0.007921,0.043912,-0.020077,-0.017561,0.0,-0.031778,0.008205,-0.019329,0.033195,-0.042169,0.019916,0.042138,-0.030572,0.006104,-0.032356,-0.001045,-0.099373,-0.006969,0.017544,0.001149,0.009185
STEEL DYNAMICS INC,0.005204,-0.008184,-0.018186,-0.025127,0.006422,-0.010926,0.014228,-0.008539,0.013797,0.03268,0.045245,-0.019194,0.009744,-0.024732,-0.000665,0.013728,-0.004842,-0.002887,-0.011539,-0.00823,0.006859,0.001682,-0.022248,-0.002061,0.007056,-0.034433,-0.001504,0.002481,0.000884,-0.014308,0.00672,0.003026,0.001509,0.022772,0.006151,0.003444,-0.005492,0.000863,0.007414,0.047835,-0.014373,-0.007457,0.003089,0.011069,-0.010865,0.036532,0.002248,0.001202,-0.009441,-0.043938,0.011574,0.036496,-0.006204,-0.005919,-0.004567,0.022368,0.017872,0.031966,0.014496,-0.00361,0.010039
ROLLINS INC,0.004173,0.005378,-0.003404,0.008783,0.000242,0.001692,0.004827,0.010089,0.033769,-0.016793,-0.013804,0.011625,-0.002814,-0.004233,0.011101,0.003971,0.006747,0.008551,0.002979,-0.002285,-0.00916,-0.023804,0.013021,-0.002103,0.003981,0.004432,0.005341,0.012936,-0.00228,-0.0016,-0.007097,0.00807,0.009378,-0.001133,0.003176,-0.021031,-0.006468,0.005115,0.000463,0.006936,-0.005511,0.021473,-0.004973,-0.011359,0.011259,0.004317,-0.010634,-0.005717,0.00207,0.006426,0.009122,-0.057175,-0.01606,0.001218,0.010256,0.011119,0.01793,0.00822,-0.005591,0.018271,0.013803
HUNT J B TRANSPORT SERVICES INC,0.024451,0.002318,-0.009619,-0.001752,0.004307,-0.012018,0.032419,0.001609,0.015701,0.029182,0.002429,-0.018594,0.002015,-0.006437,0.015487,0.005283,0.005355,-0.002614,-0.001928,-0.010502,-0.021278,-0.018108,-0.01516,0.00492,0.018898,-0.011056,0.008097,-0.009639,0.005076,-0.005935,0.004033,0.027281,0.009038,0.044585,-0.010117,-0.008614,0.012518,0.000776,-0.002616,-0.005974,-0.017933,0.003931,0.033305,-0.008442,0.02259,0.01315,-0.001727,0.01031,0.004639,-0.002355,0.006896,0.005608,-0.032361,-0.056542,0.017273,0.038636,0.009667,-0.023842,-0.002212,-0.011227,0.005409
VERALTO CORP,-0.009579,-0.009541,-0.003035,0.003706,-0.015825,0.01072,0.018428,0.008201,0.003744,0.020453,-0.006051,0.025238,0.032162,-0.033557,0.005952,0.00641,0.006002,0.013272,-0.001081,-0.009393,-0.015074,-0.036658,-0.01845,0.003785,0.007932,-0.009934,-0.00404,-0.004579,-0.004206,-0.015972,0.01784,0.001713,0.020261,0.027595,-0.010039,-0.033338,0.00577,0.003781,0.01182,0.00552,-0.020937,0.001304,0.000651,-0.013925,0.024416,0.045607,0.01725,-0.005208,0.016681,-0.015689,0.024699,0.028141,-0.005774,-0.003717,-0.00478,0.006795,0.00896,-0.004613,0.017148,-0.002506,-0.013132
FIRST CITIZENS BANCSHARES INC NC,0.012194,-0.005808,-0.017236,-0.025418,0.010305,0.011956,-0.015859,0.01157,0.025063,-0.026157,-0.004696,-0.000307,0.007726,-0.022458,0.007509,0.008235,0.009111,-0.008883,0.004352,-0.013014,0.01401,-0.02609,-0.009249,-0.002968,0.025812,-0.020733,0.007717,-0.001913,-0.003711,-0.009825,-0.004189,0.00837,0.017518,0.018529,0.009096,-0.017421,-0.007874,0.055062,-0.00359,0.035115,-0.017548,-0.016046,0.022803,0.009726,-0.033485,0.000661,-0.003982,0.011291,-0.001873,-0.008117,0.008811,0.027443,-0.012335,-0.003254,0.008695,-0.001339,0.008842,0.022416,0.013467,-0.013961,0.004801
FIRSTENERGY CORP,0.01137,-0.005086,-0.003228,0.010796,-0.004005,-0.005898,0.004854,-0.007515,0.041374,-0.016619,-0.023501,-0.004327,0.002716,-0.019773,0.003869,-0.002753,0.003036,-0.00055,0.007434,0.001913,0.020186,0.009626,0.000795,0.008997,0.006557,0.003648,0.005711,-0.018586,0.009206,-0.013552,-0.013738,-0.005893,-0.002695,-0.008646,0.000818,-0.020697,0.015017,-0.003288,0.010995,-0.000544,-0.002176,0.017448,-0.014202,-0.015493,0.0,0.000559,-0.001116,0.04247,0.012329,-0.02171,-0.000541,0.010019,0.002413,-0.006419,0.018035,-0.013749,0.002681,-0.024599,0.010691,-0.000814,-0.006243
GENUINE PARTS CO,0.01446,0.019451,-0.023959,0.018429,-0.016264,-0.009681,0.019702,0.000221,0.014599,0.016423,-0.010581,0.008816,-0.004727,-0.015113,0.011838,0.003683,-0.00259,0.001082,-0.002738,0.000795,-0.00296,-0.014049,7.4e-05,0.003378,0.013468,-0.0091,0.003426,0.00552,0.002673,0.007205,-0.013019,0.010654,0.018932,0.010416,-0.003831,-0.009439,0.006,0.000772,0.000771,0.003573,-0.021082,0.0174,-0.002033,-0.015733,0.00842,0.010331,-0.003292,0.006113,0.013689,-0.018809,0.011446,-0.002291,-0.005428,0.009445,0.001248,0.011491,0.012045,0.003652,0.014486,0.007837,-0.009819
BAXTER INTERNATIONAL INC,0.013027,0.009302,-0.029547,0.003631,0.016699,-0.010402,0.007469,0.007414,0.02562,0.035078,-0.006418,-0.009561,0.009392,-0.002326,0.008031,-0.013621,0.005211,0.002074,0.003621,-0.003608,0.004915,-0.018533,0.013113,0.01372,0.03856,-0.000246,-0.0091,-0.006205,-0.000999,-0.02375,-0.009219,0.003877,-0.006179,0.003109,-0.007748,-0.014055,0.029303,-0.00513,0.007476,-0.009724,-0.000258,0.012923,-0.005358,-0.011544,0.030626,-0.00831,0.027425,-0.022491,0.019216,-0.017117,0.000505,0.032795,0.006839,0.013343,0.011013,-0.00521,0.012854,-0.012926,-0.003571,-0.006929,-0.008422
EVERSOURCE ENERGY,0.02306,-0.001481,-0.008239,0.006812,-0.003795,-0.011926,0.019112,-0.009541,0.047833,0.006974,-0.016292,0.002588,-0.006131,-0.01737,0.006278,0.002791,0.005894,-0.001302,0.009778,-0.003873,0.032729,0.008629,-0.021776,-0.013039,0.012889,-0.077461,0.006207,-0.021248,-0.004202,-0.011252,-0.026316,-0.013879,-0.010926,-0.011796,0.001895,0.005295,0.031979,0.004739,0.000726,-0.006345,-0.010765,0.032091,-0.013581,-0.027355,0.000931,0.00093,0.005205,0.01683,0.008912,-0.017487,0.046973,0.02734,0.004265,-0.022932,0.015647,-0.005306,0.013079,-0.020894,0.028279,-0.011136,0.001536
DRAFTKINGS INC,0.019874,-0.04641,-0.020167,-0.011251,-0.017208,0.013838,0.016435,0.003563,0.022119,-0.033663,-0.022671,-0.004526,0.015914,-0.040839,0.023914,0.017374,-0.004759,0.006751,0.002235,-0.017285,-0.047376,-0.040798,0.020801,0.009124,0.01296,0.018745,-0.019568,-0.00417,-0.014358,0.021548,0.04189,0.070431,0.002131,0.008506,0.009225,0.00444,0.00598,-0.005428,0.037162,0.009521,-0.030777,0.040973,0.023124,0.008656,-0.005006,0.020604,0.00493,0.013315,0.005302,-0.021096,0.027875,0.013218,0.002474,-0.072919,-0.013795,0.002209,0.010774,-0.022529,0.028005,0.020492,0.023388
SOUTHWEST AIRLINES CO,0.043801,0.022855,-0.004762,0.03018,0.041801,-0.003086,0.009288,0.033061,-0.038271,0.020926,-0.025202,-0.001379,0.018985,-0.009146,0.018232,-0.003378,-0.011864,0.002058,0.00582,-0.017018,-0.01385,-0.041082,0.022702,0.043681,-0.001029,0.006868,0.013302,0.004376,-0.04256,0.00525,-0.02124,0.068303,-0.001332,0.005669,0.031499,0.0,-0.023144,-0.009872,0.003988,-0.000662,-0.009937,0.009702,0.006296,-0.020415,0.043025,-0.009346,0.051724,0.004949,0.009234,-0.007929,0.037504,0.01363,-0.008185,-0.002063,0.020083,-0.008686,-0.013435,0.010953,0.010835,-0.001448,-0.005802
HUBBELL INC,0.0116,-0.000461,-0.011604,0.011974,0.00936,0.006269,0.021741,0.013212,-0.012883,0.037692,-0.004162,-0.000983,-0.004368,-0.00794,0.010681,0.004437,0.008896,-0.002645,0.000244,0.00253,-0.009151,-0.02786,0.009784,-0.005564,0.014835,0.015083,-0.006285,0.006141,-0.000183,-0.003693,-0.014705,0.012655,0.012067,0.015594,-0.011352,-0.00846,0.017248,-0.014499,0.010882,0.035332,-0.025384,0.024257,0.030025,-0.008587,-0.002108,0.013933,0.008673,0.0134,-0.008788,-0.02001,0.02005,-0.00278,0.00053,-0.009836,-0.003377,0.029846,0.002934,0.010361,-0.005655,0.012381,0.026563
DARDEN RESTAURANTS INC,0.021985,0.006816,-0.005963,0.007623,-0.001054,-0.013285,0.014155,-0.000744,0.008567,0.003878,-0.003679,0.028802,-0.010229,-0.020065,0.000432,-0.002281,0.013285,-0.002683,0.004402,0.000183,-0.012295,-0.011585,0.003741,0.006708,0.011538,-0.006343,-0.003465,-0.00652,-0.017876,0.000255,0.003436,0.014013,-0.004252,0.014758,0.000433,0.0,0.002845,-0.00697,0.016336,0.001039,-0.007387,0.028601,-0.004246,-0.012071,0.008571,0.000723,0.012889,-0.003092,-0.013778,-0.018506,-0.007024,0.007633,0.000493,0.017543,0.006836,0.012197,0.006173,0.000177,-5.9e-05,0.005427,0.001525
TELEDYNE TECHNOLOGIES,0.015039,0.001369,-0.018385,0.006318,0.005932,0.011057,0.014338,0.007667,0.003115,0.014861,-0.005255,0.000117,0.006691,-0.015951,0.010237,0.016772,0.009297,0.009715,0.005614,0.004683,-0.017903,0.002373,-0.002618,-0.006207,0.013388,-0.006911,0.005887,-0.001361,0.000522,-0.008832,-0.025563,0.01676,0.007144,0.006955,0.007569,-0.054437,0.016726,-0.014003,0.02437,-0.002097,-0.022883,0.02177,0.012068,-0.005384,0.008434,-0.004493,-0.003286,0.007802,-0.016036,-0.01611,0.017468,0.009239,0.001808,-0.00347,-0.009936,0.010458,0.004479,-0.015339,-0.00312,0.001247,0.004325
BALL CORP,0.018991,0.005857,-0.007235,0.019552,-0.002615,0.005244,0.001217,-0.006252,0.030234,0.003223,-0.012005,-0.016601,-0.001218,-0.029448,0.018492,0.008285,0.007168,0.005207,0.000691,-0.00742,-0.009388,-0.019832,0.014324,0.013063,-0.003833,-0.001749,0.00403,-0.011518,-0.004943,-0.015614,-0.015321,0.004027,0.012398,0.014767,0.006744,-0.01516,0.017899,0.006506,-0.004193,-0.00807,-0.019278,0.071416,0.001178,-0.016981,-0.020865,0.021659,0.011113,0.000507,0.022816,-0.011566,0.036443,0.003871,-0.00241,-0.003382,-0.003394,-0.000811,0.02061,-0.008109,0.003687,0.003354,0.022286
ENTEGRIS INC,0.037356,-0.013112,-0.018432,0.000953,0.011332,0.007439,0.028694,0.00109,0.029406,0.051402,-0.007547,0.005239,0.002185,-0.030445,0.034862,0.003177,0.012166,0.00107,-0.001398,-0.013259,-0.048239,-0.034023,-0.010167,0.008162,0.026744,-0.002304,0.00293,-0.007703,-0.002498,0.008409,-0.009847,0.039419,0.037235,0.004404,0.020022,-0.000811,0.001948,-0.024629,0.021597,-0.007562,-0.03493,0.002464,0.012289,0.001423,-0.008695,0.011048,0.040624,0.017475,-0.006381,-0.016096,0.057055,0.034154,0.008551,-0.009429,-0.008707,0.006253,-0.01953,-0.000226,-0.004679,-0.002047,0.020818
FLEETCOR TECHNOLOGIES INC,0.046279,-0.000119,-0.002623,0.001156,0.019225,0.000117,0.009137,-0.000813,0.024592,0.028461,0.019588,0.001874,0.002339,-0.012348,0.006796,0.001408,0.004794,0.015175,-0.001838,0.000531,-0.003715,-0.009128,0.006774,-0.000427,0.012929,-0.002461,-0.012091,-0.002783,0.016137,0.0,-0.021339,-0.001331,0.019095,0.016263,0.003479,-0.003675,0.022269,0.000715,0.011088,-0.001144,-0.023575,0.015935,0.004753,-0.014766,-0.015742,0.017422,-0.092024,0.031231,-0.008925,-0.008156,0.013507,0.011014,-0.013654,0.004749,0.005093,0.005578,0.019469,-0.010277,0.000862,-0.010375,0.013096
WATERS CORP,0.029365,-0.000208,-0.013297,0.016038,0.013333,-0.004227,0.014479,0.004791,0.048155,0.029507,-0.003734,0.006685,0.020758,-0.017388,0.017139,0.002889,0.006763,0.003223,-0.000811,-0.010638,-0.001853,-0.069198,0.004871,-0.007483,0.021864,-0.029384,0.016591,-0.010306,0.011595,0.000552,-0.018239,0.025288,0.007383,0.014722,-0.001924,-0.012704,-0.001344,0.013205,0.026066,0.012394,-0.032493,0.021214,-0.011435,0.012814,0.017023,-0.020703,0.009736,-0.011846,-0.008116,-0.026921,0.019064,0.016849,0.007247,-0.003874,0.017194,0.003126,0.002118,-0.01274,0.017185,0.015121,-0.00077
L P L FINANCIAL HOLDINGS INC,-0.001395,0.001892,-0.001619,-0.023643,-0.002122,0.035916,0.005444,0.011849,-0.058333,0.000606,-0.022995,0.039735,0.020025,-0.004537,0.006408,0.012331,0.006733,0.001716,0.00347,-0.003677,0.013751,0.008581,-0.000215,0.008037,0.012833,-0.019827,0.005669,-0.005381,-0.008501,0.009224,0.004377,0.010936,0.012509,0.010726,-0.004253,0.003857,-0.005742,0.009681,-0.011234,0.016772,-0.020957,0.00531,0.044706,-0.011863,-0.027112,0.009524,4.1e-05,0.017719,0.01334,0.025294,-0.010861,0.009647,0.000777,-0.006986,0.002501,0.023977,0.002703,0.017353,7.5e-05,0.001567,-0.001789
HEWLETT PACKARD ENTERPRISE CO,-0.001183,-0.020722,-0.027811,-0.012438,0.015113,0.006203,0.027127,-0.009604,0.012828,0.028951,-0.01993,0.004187,0.002382,-0.005348,0.015532,0.005294,0.008192,-0.008125,0.004681,-0.011066,-0.002945,0.006497,-0.002347,0.01,0.032033,-0.089165,0.017968,-0.003652,-0.029322,-0.036501,-0.017636,-0.005319,0.027406,0.008458,0.0,0.016774,0.010152,-0.005025,-0.002525,0.005696,-0.03776,0.004578,0.003255,-0.008436,0.0,-0.001309,0.015727,-0.00129,0.008398,-0.024343,0.0,0.00197,-0.021625,0.005358,-0.006662,0.010731,0.002654,-0.011913,-0.002679,-0.002015,0.024899
VERISIGN INC,0.026249,0.004408,-0.007086,-0.005525,-0.006436,-0.007549,0.004789,0.013178,0.014806,-0.043314,-0.018243,-0.001936,-0.005382,-0.004192,0.000881,0.009439,0.002132,-0.005222,0.002576,-0.001551,-0.021363,-0.001736,-0.013568,-0.00791,0.010614,-0.007186,0.02961,0.001671,0.002061,-0.008522,-0.002964,0.010652,0.006765,-0.000536,0.00531,-0.011485,-0.004608,0.000345,-0.001034,-0.005421,-0.01447,0.006889,-0.003246,-0.006263,0.001815,0.007901,0.003695,-0.013133,-0.012804,-0.006791,0.004216,0.012748,-0.018097,-0.010348,0.002861,0.007729,0.011788,-0.01801,0.002798,0.004391,0.004526
MARKEL GROUP INC,-0.009791,-0.010407,-0.006297,-0.010205,-0.015004,0.005724,0.018508,-0.004573,-0.003295,-0.002305,0.006974,0.009449,0.001541,-0.017727,0.001545,-0.000411,0.005927,0.003986,0.008075,0.005659,0.011663,-0.005618,0.004719,-0.006062,-0.006085,-0.002892,-0.002582,0.008489,0.005535,0.001035,-0.006854,0.007161,0.01126,0.009614,-0.002709,0.007553,0.002145,0.002588,0.011486,0.005386,-0.002199,-0.068317,0.012386,0.004283,-0.007543,0.026752,-0.025577,0.014548,0.010518,-0.002085,0.019438,0.00047,-0.005552,-0.005727,0.006668,0.007998,-0.002035,-0.019334,0.012716,0.018119,0.003078
VISTRA CORP,0.024569,0.023153,0.006735,-0.029168,0.024531,-0.00565,-0.002164,0.012202,0.021163,-0.016527,0.005068,0.002123,0.004582,-0.002916,0.004786,0.006086,0.004734,0.004712,0.011464,-0.007728,-0.011682,0.002889,0.005762,0.004948,0.014252,0.011497,-0.028543,0.01066,0.009004,0.00255,0.010173,-0.007805,0.019284,-0.004979,-0.003002,-0.015558,0.030589,0.008657,-0.005395,0.016519,-0.004851,0.054351,0.02982,-0.026936,-0.002076,0.011558,-0.019653,0.007692,-0.009715,0.032469,0.001584,0.025299,0.004186,0.012506,0.00065,0.031182,0.021,0.002674,0.045744,0.040016,0.028668
P P L CORP,0.013783,-0.004532,-0.012898,0.011914,0.0,-0.00115,0.010361,-0.006077,0.042033,-0.008434,-0.005178,-0.002974,0.002237,-0.017485,-0.000757,0.016294,0.005966,0.002224,0.004068,-0.001842,0.015129,0.005453,-0.001446,0.004707,0.008649,-0.006074,-0.007548,-0.021369,0.002221,-0.00997,-0.017904,-0.015192,0.003085,-0.007689,-0.003487,-0.010886,0.01533,0.002323,0.004249,0.000769,0.006918,0.014122,-0.019571,-0.016507,0.002732,-0.000389,-0.000779,0.008184,0.016622,-0.009506,0.0,0.015739,0.006803,-0.007507,0.01702,-0.001488,-0.001862,-0.022015,0.008394,-0.007189,0.004954
WESTERN DIGITAL CORP,0.001656,-0.019012,-0.014746,0.001069,0.010466,0.011625,0.028834,0.007717,0.016324,0.014277,-0.009189,-0.003157,0.008314,-0.030035,0.060109,0.005346,0.001899,-0.006444,0.009729,-0.01058,-0.028833,-0.010224,-0.006357,0.0006,0.002797,-0.015142,0.021849,0.001782,-0.011759,0.044496,0.001723,0.023509,0.022783,0.040716,0.012807,0.005197,0.039635,-0.034809,0.026103,-0.02728,-0.014969,0.00262,0.01324,0.00533,-0.000342,-0.008725,-0.014153,-0.005252,0.0088,-0.034543,0.013372,-0.001248,-0.035886,0.002407,-0.013671,0.043267,0.006463,0.018195,0.007008,-0.000348,0.034981
COTERRA ENERGY INC,-0.004191,-0.013389,-0.017449,-0.022099,-0.008071,0.004882,0.006478,-0.017699,0.009828,0.036902,-0.017208,0.015917,0.005092,-0.016758,0.020214,0.001554,0.005043,-0.003088,-0.006969,-0.005068,0.006661,0.007785,-0.019313,0.010634,-0.004287,0.007828,-0.014757,-0.007489,0.015489,-0.029331,-0.009267,0.000813,-0.009346,-0.00123,0.011499,0.015834,0.009592,0.001188,-0.009095,0.009976,-0.016989,-0.01045,-0.002843,-0.014664,0.005374,0.001645,0.005747,-0.008163,0.012757,-0.021536,-0.00706,0.031368,0.000811,-0.002026,0.062119,0.006498,-0.013293,-0.002309,0.002315,-0.016936,0.009397
HORMEL FOODS CORP,0.023864,0.01341,-0.012602,0.017869,-0.001567,-0.014757,0.010516,-0.001577,0.032849,-0.023853,-0.026316,0.017053,0.003796,-0.009455,0.007636,0.002842,0.001574,0.0,0.004087,0.005322,0.021489,-0.006098,-0.008589,-0.00495,-0.002488,0.004676,-0.010549,-0.003763,0.010151,-0.015404,-0.003512,-0.004165,-0.014157,-0.009465,0.012191,-0.010417,0.000658,0.018738,-0.013553,0.003598,-0.010104,0.016134,-0.008425,-0.026144,0.009732,-0.011964,-0.008745,-0.013912,0.018582,-0.02973,0.002786,0.010764,-0.004122,0.015523,0.01019,0.018157,0.007596,-0.001967,0.014778,-0.002265,0.145637
INTERNATIONAL FLAVORS & FRAG INC,0.018573,-0.006252,-0.011534,0.003845,0.017039,-0.002338,-0.001953,-0.002739,0.029689,0.018544,-0.007108,-0.007033,0.011763,-0.004876,0.010678,0.003108,0.0171,0.001706,0.005405,-0.010751,0.005558,-0.017563,-0.005501,0.00528,0.003376,-0.002368,0.006121,-0.009436,0.005891,-0.008847,-0.008298,-0.006719,0.014933,0.003018,-0.003511,-0.005536,0.042131,-0.001335,-0.003039,-0.012316,-0.003951,0.018592,-0.011073,-0.013412,0.007358,0.019438,-0.022225,-0.00708,0.004754,0.002117,-0.013791,0.020912,0.001851,0.010346,-0.064001,0.034905,0.012837,-0.038146,-0.038367,-0.016523,0.03128
BOOZ ALLEN HAMILTON HOLDING CORP,0.024215,0.023876,-0.024158,-0.008981,-0.012293,-0.000399,0.011174,0.008998,0.008996,-0.029152,-0.001597,0.00208,0.003911,-0.007712,0.007772,0.00978,0.003228,-0.000942,-0.0011,0.005977,-0.003362,-0.010747,-0.005789,-0.012841,0.025854,0.002284,-0.000314,-0.005502,0.016677,-0.015238,-0.001026,0.00893,-0.00141,0.019531,-0.008463,0.002095,-0.002091,0.135785,-0.013527,0.001939,-0.027025,0.009945,0.001969,-0.004072,0.015366,-0.002707,0.006682,0.01784,-0.005454,-0.010213,0.005055,0.001654,0.001513,-0.003366,-0.001447,0.01829,0.009286,-0.007924,-0.008123,0.005323,0.002715
PRINCIPAL FINANCIAL GROUP INC,0.009481,0.007648,-0.007057,0.000402,0.00067,0.006698,0.011045,0.004343,0.023195,0.019211,-0.0142,-0.008413,0.021725,-0.014092,0.004467,0.002414,0.004816,-0.001009,0.000631,-0.007319,0.005593,-0.005562,0.009152,0.018012,-0.004207,-0.023236,0.004961,-0.00038,-0.002786,-0.007746,-0.01203,0.000259,0.014245,0.012002,0.002397,0.005664,0.003254,0.004366,-0.001118,0.004103,-0.020434,-0.01732,0.003731,-0.006409,0.011352,-0.003699,-0.004481,0.005658,0.009463,0.004054,-0.007192,0.028593,-0.011119,0.003248,-0.008095,0.008663,-0.001245,-0.00162,0.007115,-0.001487,0.003724
ALNYLAM PHARMACEUTICALS INC,0.018782,0.008518,-0.014462,0.027294,0.012799,-0.040731,0.005175,0.017318,0.038187,0.033016,-0.006649,0.005344,0.00682,-0.045067,0.011673,0.054544,0.000942,0.028086,-0.004375,-0.021971,0.01839,-0.022008,0.00876,-0.015236,0.039339,0.00696,-0.008022,-0.007782,-0.008663,-0.030508,0.00568,-0.013816,-0.010325,-0.000598,0.031427,-0.023722,-0.006857,-0.023433,0.00746,-0.004642,-0.040029,0.011625,-0.010633,-0.013637,0.00867,-0.020792,0.005338,0.003127,-0.004058,-0.043345,0.013272,-0.101858,-0.002917,0.018299,0.033736,0.052152,-0.031693,0.006407,0.002143,-0.023711,-0.02667
CLOROX CO,0.003418,-0.000209,-0.01648,0.00707,0.008495,-0.014619,-0.01088,0.016642,0.023114,-0.02369,-0.001899,0.006131,-0.001821,-0.013472,0.003983,0.004959,0.000634,-0.001832,0.002611,0.003731,0.014728,-0.021909,0.006571,-0.008143,0.006653,-0.006328,0.000283,0.009549,0.004064,0.001814,0.004249,-0.005688,-0.007883,0.003656,0.013661,-0.026204,0.031632,0.003677,0.000207,0.007049,-0.003294,0.019208,0.056201,-0.012407,0.002267,0.004975,-0.008487,-0.006614,0.00359,-0.004488,-0.005553,0.003942,-0.011518,0.007878,0.002824,-0.000458,0.001573,-0.011973,0.005827,0.010468,-0.001108
CELSIUS HOLDINGS INC,0.050091,0.007117,-0.006875,-0.015,-0.005076,-0.001177,-0.023772,-0.01127,0.056178,-0.019079,-0.023969,0.00161,0.024719,-0.037262,0.024445,-0.004971,0.058154,0.052314,-0.004846,-0.016772,0.082722,-0.062172,0.021496,0.012909,0.015189,-0.001204,0.029442,-0.012209,0.021842,-0.006297,-0.001668,-0.004844,-0.127392,0.012791,0.007312,-0.003205,0.008133,-0.01651,-0.006486,-0.02189,-0.020416,0.024048,0.044031,-0.002624,0.048675,0.035305,0.016271,-0.005451,0.014729,0.010633,0.044756,0.013267,0.016091,-0.013197,-0.037288,0.048047,-0.001247,0.023575,0.029896,0.003703,0.204368
HUNTINGTON BANCSHARES INC,0.042629,0.003407,-0.011885,0.005155,0.013675,0.010961,-0.003336,-0.008368,0.040506,0.068938,-0.012519,-0.013219,0.007092,-0.024257,0.013633,0.001582,0.013428,-0.002338,0.000781,-0.007026,0.011006,-0.026439,0.016773,0.02121,0.006923,-0.014515,0.002326,-0.016241,-0.015723,-0.021566,-0.000816,0.0,0.039216,0.016509,-0.013148,0.025078,-0.010703,0.008501,0.00613,-0.000762,-0.029726,-0.02121,0.010433,-0.015091,-0.002419,-0.001617,-0.002429,0.007305,0.020145,-0.025276,0.030794,0.009434,0.002336,-0.008547,0.008621,-0.000777,0.0,-0.006221,0.018779,-0.009217,0.010853
ERIE INDEMNITY CO,0.009539,0.017557,0.004215,-0.011739,0.015329,-0.000882,0.043827,0.0235,-0.011541,-0.00446,0.00868,0.016531,-0.004187,-0.005241,0.009587,0.009647,-0.005649,0.002931,0.006598,0.002514,0.000239,-0.007015,0.004088,-0.008757,-0.002638,-0.003831,0.001892,0.019159,0.020473,-0.011686,0.002815,0.012707,-0.007762,0.006205,-0.010756,0.000236,-0.002983,0.022783,-0.007415,0.006362,0.002842,0.003354,0.001153,-0.010881,0.011292,0.007223,0.000514,0.012936,0.00141,-0.016159,0.006724,0.010403,0.012181,-0.012034,-0.013165,0.002993,-0.006651,0.013934,0.098651,0.059383,-0.013529
KELLANOVA,0.006471,0.014561,-0.005592,0.006748,0.008378,-0.008493,0.010242,-0.003871,0.023316,-0.008499,-0.019333,0.002976,-0.005377,-0.011372,0.015463,0.011699,0.009545,0.003091,0.008157,0.005214,0.033089,-0.004848,-0.011134,-0.003167,-0.002118,-0.002653,-0.01064,-0.009679,0.003077,-0.023096,0.007204,0.00055,-0.011547,-0.005934,0.015669,-0.017998,0.021694,0.002014,0.000913,0.009126,-0.009586,0.015705,-0.010068,-0.017072,0.005728,-0.013596,0.023282,-0.026392,0.021686,-0.008051,-0.004058,0.025931,0.001444,0.011898,0.005701,0.009389,-0.009653,0.000177,-0.014352,0.008628,-0.007129
AMEREN CORP,0.017786,-0.005572,-0.010315,0.017627,-0.004552,-0.009018,0.002051,0.005244,0.043099,-0.077472,-0.043855,-0.008225,0.017009,-0.004285,0.000833,-0.000416,-0.004163,-0.000975,0.008368,0.000553,0.022947,-0.004459,0.003258,0.001894,0.008238,-0.008572,-0.003242,-0.021415,-0.004294,-0.009459,-0.012498,-0.010097,-0.004741,-0.006207,0.002469,-0.009562,0.01931,-0.00244,0.004028,0.003439,-0.006569,0.016243,-0.018246,-0.020746,0.006032,0.004534,-0.01121,0.011484,0.006841,-0.013011,0.00498,0.013555,-0.000431,0.005179,0.021898,-0.008263,0.011157,-0.010754,0.006918,0.002384,-0.004196
COOPER COMPANIES INC,0.012347,-0.008092,-0.008956,0.021713,0.006948,-0.028845,0.013015,0.002652,0.045113,0.032733,-0.011028,0.006828,-0.000766,-0.013848,0.022534,0.013407,0.009561,0.008038,-0.001211,-0.002898,-0.014163,-0.02466,0.005771,-0.000137,0.020878,-0.005996,0.036464,-0.011277,0.008514,-0.002475,-0.010475,0.018321,0.004537,0.001342,-0.003763,-0.017151,-0.001684,-0.017533,0.014706,-0.007722,-0.005784,0.02276,-0.013708,-0.013102,0.008994,-0.00016,-0.002643,0.007895,0.006399,-0.029867,0.013054,0.005584,-0.006835,0.029005,0.024869,-0.003059,-0.010534,-0.023256,-0.008042,0.008214,-0.009629
TYLER TECHNOLOGIES INC,0.011961,-0.001909,-0.005013,-0.016112,-0.00522,0.002313,0.002084,0.009359,0.0117,-0.005479,0.000536,0.019614,-0.009272,-0.013411,0.008459,0.006085,0.003398,-0.001945,0.006473,-0.000406,-0.023725,-0.003185,-0.013541,-0.00142,0.033931,-0.004223,0.013885,0.01642,0.008771,-0.027483,0.005585,0.011012,0.014546,0.02275,0.008816,-0.010608,-0.022855,0.003192,0.013446,-0.009968,-0.021548,0.016393,0.002746,-0.008054,0.007323,0.01245,-0.001675,0.013421,-0.013923,-0.007244,0.019527,0.002227,-0.000295,-0.012699,-0.006133,0.00899,0.002016,0.00848,-0.01088,0.005316,-0.003579
RELIANCE INC,0.01326,-0.004948,-0.028321,-0.009716,0.002172,-0.011172,0.020065,-0.014262,0.010598,0.003533,0.002409,0.009648,0.014645,-0.011944,0.018954,0.013154,0.000248,0.000566,-0.005868,-0.005582,0.006257,-0.008173,-0.012611,0.007366,0.024204,-0.02416,-0.001766,0.013791,0.004095,-0.011987,0.000933,0.005164,-0.005173,0.016246,-0.006317,-0.002131,-0.002029,0.003138,0.01262,0.020749,-0.018332,0.014645,0.001865,-0.00517,0.009527,0.023577,-0.002783,0.007329,-0.003805,-0.031494,0.019303,0.127914,-0.017783,-0.027142,-0.004094,0.00958,0.015096,0.004535,-0.008262,-0.00446,-0.000747
BROWN FORMAN CORP,0.020429,0.007341,-0.002484,-0.103769,0.010004,0.010272,0.024691,0.008859,0.002986,0.022938,-0.018658,0.014826,0.015641,-0.03537,0.009474,0.003302,-0.000693,-0.006934,0.001047,-0.004359,-0.004378,-0.018997,0.001255,-0.013431,0.010891,-0.002334,0.00054,-0.001439,0.004864,-0.021872,-0.009714,0.009439,0.0011,-0.011172,0.019448,-0.008721,0.021078,0.017591,-0.003704,-0.006551,-0.021565,0.038798,-0.004033,-0.006514,0.008506,0.003866,-0.003501,-0.006324,0.021389,-0.018865,0.011642,0.011508,-0.002413,0.011059,0.001025,-0.012805,-0.005707,-0.008523,0.010877,0.015099,0.029749
ZOOM VIDEO COMMUNICATIONS INC,0.036267,-0.030303,0.008216,0.032305,0.013955,0.01571,-0.00657,-0.017911,-0.000842,0.012918,-0.007901,-0.002934,0.014854,-0.035349,0.029201,0.008345,0.023586,-0.006468,-0.00868,-0.016144,-0.038381,-0.028634,-0.00402,0.000897,0.021356,-0.00117,-0.001903,0.004693,0.028613,-0.019302,-0.016643,-0.009271,0.02555,0.007966,0.000575,-0.008473,-0.023465,0.004746,0.017567,-0.025388,-0.038255,0.003715,-0.008944,-0.009024,-0.001413,0.004403,0.000313,0.028169,-0.018569,-0.012717,0.00754,-0.001559,-0.029981,-0.012878,0.000489,0.012551,0.020605,-0.004416,0.080006,0.02127,0.015944
JACOBS SOLUTIONS INC,0.018714,-0.00193,-0.012915,0.009088,-0.003339,-0.008413,0.007542,0.002729,0.002955,-0.00062,-0.016369,-0.003155,0.018593,-0.020196,0.011099,0.004156,0.000859,0.015447,-0.000922,-0.001846,-0.014099,-0.008986,-0.003075,0.001186,0.016195,0.018969,0.006714,0.003032,0.011182,-0.013151,-0.012342,0.010196,0.003794,0.010206,0.003667,-0.000149,0.012082,0.010906,0.005248,0.0029,-0.025595,0.016176,0.009858,-0.0094,0.021241,0.026231,-0.002856,0.016414,0.0,-0.016905,0.008598,0.020861,0.001629,-0.014708,-0.005572,0.011552,0.007195,-0.00347,0.00553,-0.001086,-0.003263
JABIL INC,0.013788,-0.013344,-0.009449,0.001138,0.017746,0.022161,0.016723,-0.006943,0.003745,0.131177,-0.025729,-0.020315,0.007833,-0.020117,0.001244,-0.006757,0.004457,-0.007785,0.004159,-0.004532,0.005808,-0.006165,-0.018218,0.013917,0.013805,-0.001167,0.008959,-0.002316,-0.008358,-0.021305,-0.031098,0.016377,0.008826,0.006501,-0.017783,0.00617,0.002017,-0.007731,0.008927,0.026384,-0.018103,0.048288,-0.000914,-0.008688,-0.00246,0.013795,0.033295,0.02825,0.004937,-0.013242,0.020202,-0.001981,-0.018009,-0.008448,-0.00182,0.023344,-0.005418,0.00387,0.018849,-0.004275,0.014076
NETAPP INC,-0.001204,-0.010627,0.00299,-0.013027,-0.003579,0.00348,0.004027,-0.01727,0.015193,-0.003686,-0.003251,0.008772,0.010368,-0.018758,0.006972,-0.001675,-0.000224,-0.008727,-0.004402,-0.000567,-0.022119,0.00116,0.002897,-0.011504,0.010697,0.001047,0.006855,0.003346,-0.00322,-0.008192,-0.006166,0.012057,0.015614,0.009225,-0.005191,0.006012,0.006201,-0.013223,0.004883,0.005198,-0.019674,0.002867,0.00446,-0.007286,0.004587,-0.004224,0.019374,0.010459,0.009015,-0.037723,0.005961,-0.005583,-0.017876,-0.002917,-0.010063,0.016903,0.015925,0.000343,-0.002974,0.009866,0.012382
WALGREENS BOOTS ALLIANCE INC,0.042628,0.0,-0.013468,0.042418,0.071562,0.010912,-0.006908,-0.003043,0.074139,0.020707,0.002387,-0.00873,0.042034,-0.024203,0.025984,0.00614,0.014874,0.001127,-0.001501,-0.018421,0.020682,-0.040525,-0.051232,0.030915,0.02479,-0.010535,-0.026814,-0.026337,-0.031627,-0.01719,-0.030608,-0.000902,-0.006772,0.025455,0.000887,-0.0093,0.03308,-0.011251,-0.005689,0.001761,-0.008348,0.030129,-0.026237,-0.021201,0.04287,-0.012981,-0.011837,-0.01331,0.017536,-0.047724,-0.000464,0.034819,-0.002692,0.015014,-0.025101,-0.008276,0.007418,-0.034054,0.030491,-0.021729,0.004726
LABORATORY CORP AMERICA HLDGS,0.009497,0.013838,-0.022432,0.003917,-0.001102,-0.004733,-0.002078,0.006477,0.018019,0.007179,-0.01596,0.001959,0.018733,-0.017228,0.008901,0.008418,0.005937,0.005813,0.001765,0.001013,0.023186,-0.025198,-0.006528,0.000888,0.002529,0.009735,-0.012358,-0.010649,0.002287,-0.007652,0.005546,0.019372,-0.005147,-0.00168,0.004075,-0.014734,0.014775,-0.007633,0.00987,-0.003478,-0.017893,0.008952,-0.012261,-0.008576,0.01202,0.006433,-0.004068,-0.000943,0.021834,-0.018114,0.021403,-0.026215,-0.024715,-0.004477,0.010479,-0.000734,0.006383,-0.013552,0.001021,-0.004126,0.004795
EXPEDIA GROUP INC,0.022984,0.003661,-0.010156,0.004335,0.033453,0.012879,0.019519,-0.023325,0.000138,0.01332,-0.005721,0.016987,0.020543,-0.020195,0.040819,0.005113,-0.013972,0.000718,0.000196,-0.009721,-0.019962,-0.025343,-0.001172,0.010358,0.022963,0.020377,-0.005762,-0.004281,-0.01713,0.000269,-0.009082,0.01127,-0.002618,-0.019587,0.019497,0.000471,0.025106,-0.002429,0.013493,-0.014677,-0.022344,0.021506,-0.003102,0.004369,0.013117,0.004424,0.032971,-0.177839,0.018992,0.009281,-0.000148,0.027518,-0.023677,0.005471,-0.009927,0.033125,-0.020129,-0.009905,0.009559,-0.005211,0.009518
CINCINNATI FINANCIAL CORP,-0.001362,0.010911,-0.005782,-0.015799,0.010538,0.001852,0.010798,0.006929,0.012903,-0.009813,-0.023442,0.002049,0.003826,-0.013193,0.008616,0.0,0.006873,0.00195,0.006229,0.000677,0.023391,-0.006045,0.012923,0.007129,0.001211,-0.009117,0.008544,0.007913,-0.008313,-0.000745,9.3e-05,0.00904,0.027893,0.00593,-0.001786,0.010738,-0.005755,-0.000801,-0.002495,0.000893,-0.010979,-0.002076,0.014923,-0.00401,0.002953,-0.045228,0.005326,0.011989,0.015061,-0.008233,0.012042,0.01325,-0.004893,-0.008225,0.002794,0.00773,0.006244,-0.005053,0.009622,0.003353,0.002639
IDEX CORP,0.006743,0.005713,-0.012782,0.014882,0.004937,-0.003697,0.014841,-0.001539,0.006167,0.029161,-0.016657,0.002744,0.007125,-0.005997,0.009191,0.001261,0.001866,0.004702,0.005885,0.00023,-0.009488,-0.012881,-0.005182,0.0,-0.001705,-0.003985,-0.001714,-0.001908,-0.008007,-0.00551,-0.003548,0.001414,0.008328,0.001932,0.008581,-0.016872,0.010161,0.006593,0.014344,0.007165,-0.010156,0.04104,0.002453,-0.011327,0.00307,0.016127,0.015331,0.010495,-0.00539,-0.011896,0.012262,0.002907,-0.000922,0.012661,0.013371,0.007283,0.008166,-0.004176,-4.2e-05,0.002669,-0.003296
WESTLAKE CORP,0.032557,-0.001433,-0.017299,-0.004382,0.000154,-0.002239,0.002863,-0.020984,0.044444,0.05455,0.002361,0.001927,0.015245,-0.014525,0.002563,0.00206,0.01134,-0.001682,-0.011092,-0.00646,0.005644,-0.017904,-0.010417,0.011039,-0.001663,-0.021728,0.002591,-0.002806,-0.003184,0.003046,-0.011184,0.020673,0.016218,0.009099,0.005224,-0.027266,0.012734,0.020306,-7.1e-05,0.0034,-0.023366,0.010698,-0.009226,-0.002382,0.008321,0.011409,0.013125,-0.004762,0.012806,-0.029248,0.010449,0.021673,-0.000693,-0.078668,0.020104,0.037644,-0.02696,0.004606,-0.000873,-0.006652,0.020752
FACTSET RESEARCH SYSTEMS INC,0.003771,-0.001911,-0.017169,-0.006629,-0.003156,0.003958,0.011827,0.009039,0.012754,-0.01085,0.00652,0.003326,-0.02144,0.00818,0.039485,-0.002233,0.006778,0.004023,0.005441,0.000545,-0.029997,-0.017332,0.007565,-0.003449,0.004775,-0.009264,0.018173,0.004732,0.003441,-0.009281,-0.008243,0.006021,0.004922,0.009321,0.006713,-0.000127,0.000488,-0.00087,0.004313,0.013835,-0.006928,0.018175,0.00454,-0.019249,2.1e-05,0.011835,-0.026912,0.016019,-0.013338,-0.016744,-0.003345,0.004851,-0.012068,-0.003403,-0.007683,0.012176,0.010025,-0.009494,0.00538,0.011765,-0.007318
EPAM SYSTEMS INC,0.002711,0.009927,-0.023445,0.013708,0.021365,0.015661,0.024656,0.003708,0.012349,0.042604,0.005524,0.024841,-0.016481,-0.016249,0.012732,0.008121,0.014729,-0.001827,-0.005724,-0.004853,-0.020583,-0.029394,0.026781,-0.004755,0.029739,0.004404,0.002979,0.0002,0.026794,-0.024567,-0.019223,0.017391,0.001669,-0.003966,-0.002409,-0.032807,-0.011098,0.011328,0.006658,-0.025458,-0.016897,0.02686,0.016598,-0.004581,0.000554,-0.011966,0.00518,-0.003134,0.015685,-0.062216,0.020061,0.082908,0.03579,-0.04542,0.003425,0.019074,-0.008965,0.002021,0.01531,-0.004983,-0.003633
OMNICOM GROUP INC,0.014635,0.00709,-0.012016,0.006757,0.00183,-0.001949,0.025751,-0.001071,-0.000357,0.029787,0.004281,-0.00553,0.004171,-0.01096,0.01633,-0.00405,0.007203,-0.000692,0.001039,-0.002537,0.008554,-0.025903,0.001177,0.009284,0.027247,0.001927,-0.00181,0.010427,-0.004375,-0.003605,-0.008933,0.003309,-0.000682,0.010241,0.007997,-0.003799,0.020527,-0.000989,0.004951,0.000438,-0.010943,-0.006307,0.00167,-0.012895,0.002252,-0.030112,0.003591,-0.023548,0.021988,-0.015153,0.007635,0.014454,0.005515,0.009713,0.002943,-0.003498,0.003284,0.00553,0.000786,-0.011889,0.003292
YUM CHINA HOLDINGS INC,0.012737,-0.03796,-0.028524,-0.008808,-0.013824,-0.001001,0.000251,0.01002,-0.014137,0.010315,-0.003237,0.001249,0.031188,-0.021776,0.027208,0.001445,-0.002645,0.005545,0.013666,0.003548,0.000236,0.012017,-0.019558,-0.028022,-0.012949,-0.030693,-0.019663,-0.007294,-0.016531,-0.036019,-0.033213,0.020899,-0.011498,-0.022695,0.043832,0.031424,-0.039094,-0.003928,0.017465,-0.027686,-0.015091,0.025441,-0.006484,0.01958,0.042026,0.078793,-0.018321,0.016646,0.019598,-0.03382,0.016872,0.011639,0.011995,-0.007983,0.014387,0.003846,0.009579,-0.003795,0.012381,0.028928,-0.019657
AVERY DENNISON CORP,0.003548,0.001691,-0.007672,-0.000311,0.004349,-0.011753,0.005373,-0.009391,0.028964,0.012674,-0.005881,0.005916,0.00769,0.003093,0.007956,-0.005427,0.001488,0.00421,0.000148,-0.003057,-0.012317,-0.014724,-0.005337,0.002095,-0.00357,5.1e-05,0.00348,0.003264,0.002033,-0.004769,0.000969,0.010796,0.01063,0.007378,-0.005196,-0.012784,0.009826,0.002944,-0.005423,0.006653,-0.008895,5e-05,-0.003008,-0.014684,0.012759,0.023332,-0.000492,0.008868,0.009962,-0.014313,0.01246,0.011047,0.000767,0.004214,0.005817,0.026028,-0.007994,-0.00177,-0.00098,0.00028,0.011067
BEST BUY COMPANY INC,0.034959,0.017298,-0.009238,0.01473,-0.007058,-0.007645,0.014461,-0.012544,-0.011474,0.070886,-0.002323,0.0,0.001552,-0.023631,0.002777,0.004221,0.022853,0.000899,0.006543,-0.002294,-0.01303,-0.023686,-0.001723,0.007039,-0.003824,-0.00503,0.008116,-0.014782,-0.010583,-0.027078,-0.01002,-0.002811,0.000846,0.03507,-0.005715,0.003558,0.025638,-0.005185,-0.019781,-0.000273,-0.01132,0.037936,0.005981,-0.019554,0.008489,0.008552,0.000132,0.001457,0.004233,-0.039779,0.02332,0.00067,-0.012056,-0.006509,0.011601,0.014706,0.014227,0.002229,0.03414,0.007842,0.01506
CENTERPOINT ENERGY INC,0.018394,0.002084,-0.010052,0.007703,-0.000695,0.000348,0.009732,-0.001377,0.04102,-0.016556,-0.028283,-0.001733,0.005554,-0.023127,0.0,0.002827,0.004228,-0.004211,0.006343,0.00035,0.015401,0.004136,-0.001716,0.005502,0.005814,-0.00612,0.000684,-0.030769,0.00776,-0.0014,-0.016824,-0.009982,0.0,-0.010803,0.001092,-0.013091,0.014002,0.001817,0.012332,0.00215,-0.001073,0.015748,-0.015152,-0.015027,0.002906,-0.001449,-0.005078,0.003646,0.007991,-0.011171,0.004009,0.019013,0.000359,-0.003228,0.017632,-0.014498,0.001435,-0.021856,0.012821,-0.006148,0.000728
LEIDOS HOLDINGS INC,0.015095,0.021663,-0.01168,-0.002727,-0.009298,-0.001748,-0.001659,0.006463,0.010733,-0.010074,-0.010489,0.003161,-0.001668,-0.01699,0.006706,0.009757,0.002509,-0.000741,0.001113,0.002779,-0.002217,-0.003148,0.001486,0.008533,0.013151,0.000454,-0.004627,-0.008112,0.01259,-0.013159,-0.002115,0.011243,0.001367,0.01265,-0.006291,-0.003708,0.005174,0.007405,-0.000359,0.000897,-0.010214,0.00344,0.000722,-0.001803,0.012914,0.008203,0.00168,0.002295,0.009072,0.058659,0.001814,0.005679,0.013422,-0.002665,0.003644,0.006454,0.010501,-0.002935,0.007081,-0.000158,0.010272
HOLOGIC INC,-0.002104,-0.008011,-0.018702,-0.002166,0.001592,-0.01228,0.004534,0.01922,0.014714,0.000845,-0.001547,0.000423,0.001972,-0.011666,0.010666,-0.000422,0.000985,-0.002391,0.004511,0.002666,0.014136,-0.001242,0.006909,0.001098,-0.022207,0.011075,-0.004021,0.008353,0.004418,0.001924,0.002195,0.006845,-0.000408,0.007073,0.009049,-0.008299,0.000675,0.003642,0.00766,-0.000667,-0.006539,-0.000403,-0.026475,-0.005522,0.029567,-0.004314,-0.005687,0.000136,0.008442,-0.010667,-0.001638,0.008886,-0.000136,0.010706,0.016626,0.000791,0.003558,-0.017597,0.007352,-0.016454,-0.004317
MCCORMICK & CO INC,0.017893,0.012123,-0.002096,0.016204,0.0,-0.009449,0.011328,-0.002506,0.031176,-0.021636,-0.020504,0.01241,0.007384,-0.018619,0.013893,0.0,0.004273,0.000734,0.006451,0.002785,0.01637,-0.008341,-0.013196,-0.011903,-0.000297,0.006099,-0.020109,-0.008299,0.009586,-0.017634,-0.002455,-0.001538,0.001694,-0.006459,0.033896,-0.01527,0.04287,0.006997,-0.007238,0.010061,-0.016024,0.007776,-0.014704,-0.027039,0.018223,-0.021327,0.003048,-0.017776,0.021964,-0.010898,-0.005509,0.008617,0.009153,0.028874,-0.007787,0.00385,0.004278,-0.002938,-0.000589,-0.001621,0.016684
ENPHASE ENERGY INC,0.054445,0.022062,0.010379,-0.029364,0.003746,-0.038817,0.005242,-0.036021,0.078041,0.117182,0.030777,0.000888,0.091026,-0.054094,0.045781,0.000971,0.025002,-0.012451,-0.006193,-0.01966,-0.006811,-0.065605,-0.037185,-0.022698,0.005286,0.009138,0.0041,-0.02765,-0.035611,-0.013337,-0.029425,0.010516,-0.028783,0.034366,0.038731,-0.029021,-0.011474,-0.013667,0.036063,-0.025831,-0.020875,0.012581,-0.034901,-0.038915,0.02771,0.169137,-0.005361,0.047827,0.052503,-0.041427,0.065231,0.036241,-0.03314,-0.03276,-0.010271,-0.02218,-0.042531,0.013961,0.010598,-0.016597,0.066415
EXPEDITORS INTERNATIONAL WA INC,-0.002077,0.014323,-0.006321,-0.00347,-0.004311,0.002248,8.3e-05,0.001163,0.014686,0.010058,0.007529,0.016633,-0.000237,-0.00838,0.009886,0.017684,-0.004654,-0.003351,-0.002346,-0.002979,-0.000943,0.001574,-0.000236,0.00998,-0.017507,-0.027085,0.018152,0.002718,0.009887,0.004184,-0.004953,0.016435,-0.009406,0.009731,-0.001321,-0.010272,0.022016,-0.000385,-0.013392,0.00234,-0.016811,-0.020898,0.005174,0.00193,0.01156,0.012697,-0.00337,0.001415,-0.00636,-0.010194,0.003832,0.001432,-0.013977,-0.069185,0.020161,0.025445,-0.006203,-0.007074,-0.004778,0.000337,0.006988
OKTA INC,0.098136,-0.015347,0.002621,0.017747,-0.026764,0.000139,0.021178,0.046984,0.021431,0.030773,0.02603,0.014188,0.027623,-0.016267,0.044213,0.003594,0.02641,-0.012211,0.008057,-0.008759,-0.038993,-0.035977,-0.005962,-0.010915,0.016978,0.00155,-0.000476,-0.002025,0.000119,-0.013486,-0.009799,-0.007697,0.000739,0.040231,0.019633,-0.01334,-0.006466,0.003076,0.028194,-0.020422,-0.031975,0.027223,-0.024971,-0.007731,-0.003409,0.020767,0.013404,0.037435,-0.021855,-0.029443,0.05036,0.021005,-0.006485,-0.058519,-0.029644,0.013797,0.011422,0.037002,0.006835,0.004487,0.229095
TEXTRON INC,0.015914,-0.007833,-0.011518,0.003273,-0.004959,-0.004197,0.015936,0.003759,0.017435,0.010917,-0.003517,0.003277,0.005151,-0.009124,0.009965,0.004496,0.00373,-0.000248,0.000496,-0.004087,0.000124,-0.023996,0.001911,-0.000636,0.00229,-0.006855,-0.000639,-0.001407,0.01665,-0.023054,-0.006061,0.016347,0.005744,0.006219,0.000631,0.078407,0.00713,-0.015436,0.011081,0.002682,-0.015,0.012986,0.002214,-0.008488,0.009617,0.018818,-0.001368,-0.004453,0.003096,-0.016806,0.003721,-0.001274,-0.006032,-0.012954,0.007567,0.001877,0.00691,0.01326,0.006429,-0.000798,0.016781
REGIONS FINANCIAL CORP NEW,0.053357,0.003984,-0.036281,0.005882,0.022807,0.011015,0.00172,-0.012021,0.048667,0.082873,-0.003571,-0.020481,0.012023,-0.020145,0.008962,0.006792,0.015568,-0.001533,0.000512,-0.008696,0.006192,-0.035898,0.009043,0.02214,0.006189,-0.01999,-0.01046,-0.018499,-0.015617,-0.018053,-0.000557,0.000557,0.037326,0.024168,-0.005244,0.01476,-0.006234,0.001046,0.013055,0.004124,-0.041581,-0.024103,0.004391,-0.018579,-0.005568,-0.00112,0.002803,0.006149,0.025556,-0.030878,0.022359,0.014215,-0.003774,-0.003247,-0.004886,-0.005456,0.002743,-0.002735,0.019199,-0.000538,0.016155
ATMOS ENERGY CORP,0.000351,0.009398,-0.00905,0.007464,-0.001743,-0.009343,-0.001234,0.003353,0.027705,-0.012495,-0.00494,-0.004703,0.007613,-0.017282,0.005214,0.010198,0.007832,0.00095,0.00138,-0.001551,0.008887,0.009322,-0.003559,0.003231,0.007374,-0.004123,-0.002704,-0.02245,0.003467,-0.014768,-0.011746,-0.00275,0.005781,0.000531,-0.003889,-0.01606,0.027324,-0.001931,0.004925,0.002188,-0.004978,0.016237,-0.017445,-0.017491,0.000268,0.001073,0.008934,0.001594,0.007868,-0.019737,0.011007,0.011418,-0.0028,-0.002282,0.008796,-0.00436,-0.005473,-0.01011,0.008153,-0.000622,0.004001
SIRIUS X M HOLDINGS INC,0.042735,-0.065574,-0.010965,-0.004435,0.048998,-0.014862,0.081897,0.055777,0.024528,0.047882,-0.050967,-0.031482,0.042065,-0.040367,0.047801,-0.001825,0.005485,-0.003636,0.009124,-0.01085,0.003656,-0.009107,-0.001838,0.005525,0.003663,-0.014599,-0.005556,-0.024209,-0.005725,-0.007678,0.017408,0.019011,0.011194,0.0,0.00369,-0.003676,-0.009225,-0.005587,-0.011236,-0.032197,-0.003914,0.027505,-0.011472,-0.005803,-0.005837,-0.007828,-0.010533,-0.018036,0.026531,-0.05169,0.008386,-0.002079,0.0,-0.014583,-0.010571,0.010684,0.006343,-0.006303,-0.008457,-0.055437,-0.002257
C M S ENERGY CORP,0.028894,-0.001199,-0.017144,0.008721,0.001902,0.003624,-0.001204,-0.001894,0.033466,-0.015857,-0.016621,0.00207,-0.001033,-0.016196,-0.003327,0.005623,0.004718,-0.000696,0.009398,0.001207,0.019632,0.001351,0.001518,-0.000674,0.003876,-0.003357,0.00219,-0.030588,0.007282,-0.000516,-0.015326,-0.014691,0.001775,0.002658,0.003888,-0.021123,0.015285,-0.00124,0.013123,0.002626,-0.002095,0.029391,-0.018185,-0.020599,-0.001944,-0.001063,-0.002482,0.005776,0.015514,-0.014223,0.004988,0.014179,0.000874,-0.004191,0.012274,-0.01022,0.009801,-0.019064,0.012898,-0.005407,0.006138
MASCO CORP,0.02659,0.004504,-0.002562,0.018465,-0.000631,0.009623,-0.000313,0.005627,0.030619,0.045393,-0.00981,-0.010053,0.002208,-0.015565,0.005072,-0.002375,0.000744,0.000149,-0.001635,-0.002829,-0.006121,-0.03455,-0.000622,0.012455,0.027372,0.006137,0.014281,-0.00088,-0.012331,0.002675,-0.002372,0.013373,-0.002053,0.014399,-0.029114,-0.023273,0.026119,0.001042,0.016952,0.001755,-0.017808,0.027196,-0.00651,-0.009902,0.011619,0.024135,0.040886,-0.009684,0.008814,-0.010648,0.013799,0.000136,-0.004355,0.011072,-0.001217,0.010056,0.008207,0.004937,0.017528,0.000913,0.000782
SKYWORKS SOLUTIONS INC,0.012999,0.007638,0.001011,0.012722,0.019741,0.014666,0.02804,-0.000187,0.021562,0.040745,-0.00723,-0.011724,0.003056,-0.018278,0.02382,0.005883,0.0148,-0.000873,-0.004283,-0.013167,-0.029443,-0.035744,-0.018915,0.000484,0.027113,-0.014047,-0.002391,-0.011885,-0.005917,-0.001756,-0.020332,0.035023,0.022269,0.024048,0.011051,-0.018126,-0.007143,-0.022797,0.014915,-0.017146,0.001246,-0.01436,-0.017483,-0.003658,0.022423,0.006405,0.008485,0.004398,0.010186,-0.02582,0.023699,-0.002457,-0.010799,0.001639,-0.003849,0.013621,-0.010293,-0.001155,0.004242,-0.022559,0.030446
AKAMAI TECHNOLOGIES INC,0.004328,-0.00112,-0.002416,-0.009946,0.004019,-0.004524,0.00271,0.005317,0.018816,0.007064,0.006845,0.006715,0.002001,-0.006823,0.001089,0.001088,-0.00117,-0.004017,0.000168,-0.005629,-0.012421,-0.004877,-0.014444,-0.002617,0.014519,-0.0025,0.003284,0.010338,0.006992,0.003133,-0.006415,0.013763,0.008548,0.012796,0.010994,0.004301,-0.000808,-0.004852,0.011945,0.001044,-0.011471,0.006573,0.002983,0.001608,-0.001043,0.008756,0.009636,0.012147,-0.001325,-0.02419,-0.081967,-0.028136,-0.021332,-0.007601,-0.011074,-0.00196,0.011407,-0.000924,-0.002868,0.003526,0.025707
SYNCHRONY FINANCIAL,0.045427,0.004138,0.000294,0.009417,0.017493,0.011175,0.004534,0.004231,0.034551,0.024708,-0.016428,0.011584,0.018109,-0.023542,0.019287,-0.002891,0.008698,0.00209,0.000522,-0.004691,-0.006023,-0.013435,-0.000267,0.036859,0.009789,-0.017857,-0.014546,0.000791,-0.032657,0.006262,-0.013258,-0.019194,0.03187,0.0233,-0.008737,0.014156,0.012905,0.028081,-0.008093,0.012239,-0.020907,-0.006689,0.015281,-0.004878,0.000774,-0.006703,0.009084,-0.003858,0.020656,-0.022262,0.017594,0.013221,-0.007277,0.023256,-0.020257,0.001009,0.010579,-0.004985,0.027305,-0.003414,0.010521
LENNOX INTERNATIONAL INC,0.028599,0.004136,-0.015666,0.012529,9.6e-05,0.004682,0.020042,0.008064,-0.01815,0.045707,-0.005765,-0.008177,0.006645,-0.010821,0.017544,0.000631,0.005113,0.006118,-0.001091,0.000313,-0.014323,-0.025322,0.001558,-4.6e-05,0.010869,0.018311,0.001873,-0.005269,-0.024902,0.007336,-0.001752,0.018401,0.006688,0.023849,-0.027054,-0.021816,0.015693,0.010854,-0.016162,0.024435,-0.043752,-0.008291,-0.010904,0.006477,0.006104,0.029345,0.024191,0.019583,-0.015357,-0.038924,0.033172,0.009755,-0.006404,0.001004,-0.000401,0.017942,0.005605,0.008731,0.012389,0.005671,-0.001039
NORTHERN TRUST CORP,0.012997,0.006104,-0.000124,-0.001114,-0.000744,0.006637,0.005473,-0.004578,0.029704,0.037176,-0.005586,0.001638,0.003155,-0.032262,0.008545,0.000477,0.00489,0.003798,0.004612,-0.006827,0.005807,-0.026983,-0.002664,0.013477,0.008506,0.001782,-0.002134,-0.008437,0.004434,-0.006443,-0.003963,-0.024476,0.002843,0.003328,-0.001965,-0.004554,0.011251,-0.002323,-0.003676,-0.005412,-0.015088,-0.004269,0.013619,-0.020403,-0.006858,0.011765,-0.008215,0.01491,0.021472,-0.047695,0.020266,0.022267,-0.01052,-0.004253,0.003517,0.001127,0.018755,-0.003437,0.007143,-0.004157,0.008472
AVANTOR INC,0.009443,0.002806,-0.034049,0.00676,0.001918,0.004308,0.009056,0.004251,0.034337,0.019554,0.026316,-0.019557,0.02305,-0.015598,0.007482,0.002184,0.006103,-0.0026,0.002606,-0.010832,-0.003504,-0.032967,-0.005455,-0.004113,-0.005966,0.018467,0.019039,-0.003559,-0.017411,-0.007724,-0.02152,0.009827,0.0,0.018999,0.005002,-0.001358,-0.00589,0.032817,0.017652,0.015612,-0.01836,0.024793,-0.005942,0.013237,-0.003371,0.001269,-0.016047,-0.003863,-0.028005,-0.018617,0.102078,-0.014344,-0.012058,0.012205,0.014969,0.007374,-0.00976,0.004517,-0.002044,0.007784,0.001626
CARLISLE COMPANIES,0.020684,0.018099,-0.011051,0.008016,0.012531,0.003332,0.001559,-0.00071,0.00799,0.038225,0.017212,0.001145,-0.005369,-0.011594,0.003942,0.004474,0.006826,-0.000891,0.000127,-0.004842,-0.007778,-0.027194,0.000298,0.015216,0.01071,-0.00588,-0.005622,0.000261,-0.012939,-0.004038,0.028982,0.001647,-0.004418,0.00136,-0.016949,-0.005692,0.02654,-0.003739,0.016017,0.020319,-0.019102,0.01521,0.006112,-0.020094,0.00976,0.076509,0.002428,0.009833,0.012713,-0.019343,0.010735,-0.003713,-0.009731,0.014623,0.001499,0.0156,0.009664,-0.016785,-0.008821,0.007143,0.000915
LOEWS CORP,-0.003983,0.010141,-0.005373,-0.012226,-0.009499,0.000291,0.012783,0.003156,0.005576,-0.023319,-0.010045,0.007353,0.005839,-0.011466,0.00602,0.004086,0.002762,0.002754,0.004192,0.001727,0.012502,-0.002697,0.006119,0.006931,0.000983,-0.003789,-0.000282,0.000423,0.001127,0.000281,-0.00225,0.007753,0.009931,0.011773,-0.004107,0.004673,-0.001505,-0.002741,0.006733,0.006961,-0.01247,-0.007686,0.010235,-0.003423,0.000275,-0.00206,-0.008808,0.010136,0.004811,-0.001094,0.006847,0.023123,-0.011699,-0.005481,0.006092,0.007939,0.003738,-0.008645,0.006037,0.000933,0.000933
PURE STORAGE INC,-0.004803,-0.007843,-0.009121,-0.023934,0.022006,0.020301,0.001507,0.01776,0.013901,0.05776,0.009101,0.024597,-0.020806,-0.024516,0.006981,-0.004992,-0.009476,0.000844,0.013213,-0.010544,-0.023556,0.048823,0.007667,-0.024728,0.043188,-0.004274,-0.016899,0.009277,-0.010273,-0.013384,0.023533,0.053016,0.050604,0.006846,-0.01117,0.029961,-0.015737,-0.014777,0.019671,-0.007716,-0.02819,0.016504,0.03936,-0.008521,-0.005013,0.020633,0.037612,0.01382,-0.005363,-0.04044,-0.006556,0.023097,-0.010597,-0.050058,-0.03848,0.049962,-0.015052,0.022923,-0.000482,0.015429,0.25
CELANESE CORP DEL,0.017164,0.002552,-0.009901,0.006643,0.005535,-0.00254,0.007287,-0.007234,0.026176,0.047018,0.000856,-0.010263,0.010237,-0.005264,0.020836,0.007192,0.013896,0.005711,-0.007382,-0.012458,-0.004184,-0.028956,-0.003261,0.002538,-0.006461,-0.010459,0.009417,-0.010806,-6.8e-05,-0.019068,-0.012106,0.019396,-0.003091,0.001034,0.00709,-0.020573,0.014445,0.005297,0.009511,0.019386,-0.027263,0.011006,-0.006288,-0.016806,0.023322,0.007709,-0.000738,0.000134,0.018399,-0.040551,0.018143,0.026662,-0.002235,-0.011188,0.006762,-0.005586,-0.00107,0.005021,-0.003597,-0.001136,0.017066
FIRST SOLAR INC,0.015908,-0.004679,-0.026012,-0.064998,-0.00764,0.008323,0.005021,-0.042502,0.047606,0.079763,0.065845,-0.016185,0.040497,-0.046681,0.03305,0.002058,0.009097,0.002908,0.004523,-0.005427,-0.000697,-0.027533,-0.00663,0.003367,-0.004435,0.004695,-0.02744,-0.012567,0.000936,-0.070681,-0.012341,0.00129,-0.010376,0.027344,0.01034,-0.0171,0.002418,-0.009381,0.009944,-0.001808,-0.018318,0.010868,-0.041044,-0.014243,0.009371,0.030827,-0.015743,0.058183,0.037756,-0.031039,0.038729,0.009732,-0.017555,-0.02373,-0.021011,-0.035326,-0.012713,0.011827,0.002836,0.029381,0.031089
E Q T CORP,0.007007,-0.031561,-0.015653,-0.038843,0.003255,0.003785,-0.006464,-0.023855,0.034713,0.041868,-0.009789,0.012227,-0.001799,-0.021627,0.026842,-0.000769,0.005642,-0.000765,-0.004084,-0.009226,0.006725,-0.004882,-0.013685,0.013351,-0.012917,-0.003664,-0.009456,-0.017502,0.020783,-0.04019,-0.009366,-0.020857,0.003408,0.001415,-0.003392,0.011344,0.011217,-0.004992,-0.001672,0.009213,-0.020747,-0.009605,-0.00057,-0.024543,0.001463,0.0,0.015191,-0.012086,0.017477,-0.023762,-0.033431,0.04642,0.010655,-0.027954,0.10584,0.000536,-0.008307,-0.007295,-0.005988,0.001643,0.015582
BIOMARIN PHARMACEUTICAL INC,0.014712,0.021424,-0.008369,0.005875,0.008284,-0.021066,0.006025,0.025669,0.027216,-0.009035,-0.004712,-0.009366,0.003013,-0.040191,0.02698,0.011034,0.002598,0.014721,-0.007662,-0.00731,0.016905,-0.013973,0.010861,-0.012893,0.026226,-0.02899,-0.002497,0.001147,-0.027813,0.001393,-0.000321,-0.009633,-0.003026,0.019404,-0.010634,-0.007846,-0.011483,-0.004164,0.010014,-0.023535,-0.017184,0.007493,-0.007099,-0.004426,0.023712,-0.001559,-0.016841,0.003517,-0.003165,-0.023248,-0.001393,0.026625,0.005323,-0.001126,-0.001466,0.016151,0.014116,-0.012495,0.006437,-0.025143,-0.023982
PACKAGING CORP AMERICA,0.010119,-0.008014,-0.018177,-0.006534,0.00067,-0.002678,0.008055,-0.020944,0.024917,0.009531,-0.008007,-0.003338,0.00134,-0.011494,0.004307,0.002695,0.001894,0.00622,-0.010181,-0.002571,0.006016,-0.001464,0.012343,0.012555,0.005246,-0.008836,-0.00712,0.003073,-0.001802,-0.00644,-0.004967,0.000183,0.000487,0.005232,0.007565,-0.008889,0.040422,0.001631,-0.013143,-0.003712,-0.018868,-0.016518,-0.01085,0.007498,0.002768,0.013985,0.009437,0.008749,-0.000713,-0.020094,0.003458,0.009069,0.006471,0.009704,0.011379,0.009677,0.01276,-0.007582,0.004021,0.00904,0.027387
ALBEMARLE CORP,0.040323,-0.048985,-0.056009,0.044499,0.059594,0.021061,-0.011329,0.011064,0.094732,0.044481,0.00802,-0.00782,0.020698,-0.042973,0.020487,0.031901,0.015324,-0.020146,0.000737,-0.033126,0.016681,-0.045681,-0.030318,-0.000736,0.005522,-0.021306,-0.005461,-0.03227,-0.02021,-0.000793,-0.041683,-0.022452,-0.024239,0.048814,0.015238,-0.007342,-0.026625,0.011735,0.028037,-0.023458,-0.046297,0.017779,-0.021665,-0.048315,0.039456,0.017962,-0.006258,0.012683,0.037226,-0.065701,0.019519,0.027188,0.043319,-0.063382,0.032486,-0.003121,0.0209,0.007211,0.05818,0.026985,0.043844
APPLOVIN CORP,0.020544,-0.023007,-0.008028,-0.012679,0.006557,0.014115,-0.016595,-0.013065,0.046056,0.020037,0.032567,0.023029,0.066553,-0.011241,-0.00232,-0.041628,-0.019655,0.006188,0.002706,-0.022326,-0.026851,-0.014698,-0.002355,-0.000262,0.030963,-0.003818,0.035514,0.021959,0.007001,-0.023735,0.011297,0.046382,-0.045254,0.053841,0.031715,-0.031746,0.017548,0.005219,0.051242,-0.08804,-0.031552,-0.004133,0.119629,-0.008286,0.012313,0.035838,-0.023904,-0.004296,0.015318,-0.026137,0.022693,0.248133,0.023419,-0.042425,-0.033316,0.042945,-0.007093,0.02788,0.027801,-0.043213,0.029478
GODADDY INC,0.019488,0.011666,0.004457,-0.008103,0.010212,0.004236,0.009779,0.00731,0.005655,-0.016589,0.00143,0.014465,0.007599,-0.007634,0.002908,-0.009261,0.00576,0.000657,-0.002158,-0.00188,-0.029766,-0.004951,-0.015123,-0.007133,0.017162,0.015597,0.011301,-0.001528,0.00153,0.00191,0.019924,0.002804,0.00699,0.001759,-0.004897,0.006035,-0.008306,0.002792,0.002784,0.008792,-0.021468,0.016689,-0.007101,0.016996,0.0,0.026301,0.001869,0.002931,-0.005402,0.006411,-0.012917,-0.001972,-0.012304,-0.00982,0.006887,0.030552,0.016903,-0.007397,-0.006049,-0.003175,0.010088
TERADYNE INC,0.017673,-0.007458,-0.02061,-0.000219,0.015238,-0.003455,0.048109,-0.004032,0.018892,0.073655,-0.002182,0.001141,0.005699,-0.021439,0.028762,0.009757,0.025272,0.003625,-0.002799,-0.017385,-0.034556,-0.028825,-0.001671,0.011715,0.030359,-0.006138,-0.003421,0.002098,-0.002759,-0.00687,-0.011817,0.030721,0.025467,0.012601,0.010446,-0.005124,-0.006506,-0.040837,0.005784,-0.013953,-0.076489,-0.015012,0.012928,-0.001245,0.015584,-0.002455,0.009845,0.038997,0.005865,-0.038869,0.026893,0.010928,-0.00312,-0.020247,-0.00589,0.029122,-0.022834,0.020072,-0.018404,0.000798,0.032287
S S & C TECHNOLOGIES HLDGS INC,0.025062,-0.009884,-0.011559,0.010985,-0.002979,0.003867,0.013658,0.006564,0.025742,0.014221,-0.007753,0.001995,0.005641,-0.016334,0.011573,0.006632,0.007906,0.00049,0.001143,-0.002937,-0.011291,-0.017875,0.000506,0.00758,0.019057,-0.012467,0.007807,-0.008901,0.001164,-0.00598,-0.007687,0.009094,0.010013,0.019002,-0.000811,-0.011035,0.003118,0.005398,0.008135,0.001453,-0.0166,0.00508,-0.004239,-0.009989,0.004466,-0.000329,-0.004612,0.008936,0.004428,-0.017799,0.048545,0.013953,-0.007662,0.008667,-0.002968,0.011282,0.005578,-0.010632,-0.003271,-0.00875,0.008827
DOMINOS PIZZA INC,0.010919,0.006647,-0.014432,-0.003832,0.024099,-0.017662,0.006533,-0.001686,0.015095,0.003128,-0.006951,0.007474,0.008709,-0.008117,0.013763,0.002544,0.00366,0.006102,-0.006379,0.002481,0.002208,-0.030692,0.002023,-0.00309,0.00665,0.018501,0.009728,-0.005626,-0.001214,0.035595,-0.008311,0.008357,0.001972,0.002906,-0.005374,-0.009255,-0.008749,0.002488,0.034167,0.002999,-0.019598,0.017151,-0.026457,-0.009501,0.008444,0.000878,0.010973,-0.003493,0.005175,-0.013551,0.00707,0.000565,-0.006757,-0.011141,0.008654,0.017231,0.013177,0.058457,-0.027734,0.000224,0.004436
MANHATTAN ASSOCIATES INC,0.021834,-0.000746,-0.002503,-0.011005,-0.009169,-0.003953,0.003833,0.009749,4.5e-05,-0.03924,-0.00815,0.020309,0.015512,-0.017934,0.008626,0.001683,-0.003996,-0.013132,0.000647,-0.005818,-0.039708,-0.011269,-0.01893,-0.005983,0.014446,0.008702,0.015097,4.8e-05,0.0169,0.026781,0.00148,0.004664,0.01765,0.013459,-0.00722,-0.007272,-0.012978,0.00678,0.028031,-0.009472,0.083922,0.026839,0.005982,-0.005627,-0.006542,-0.007232,0.00525,0.014088,-0.019042,8.1e-05,0.012411,-0.005627,-0.014511,-0.003814,-0.005352,0.027775,0.002457,0.004781,0.001519,0.014133,-0.002677
TYSON FOODS INC,0.029035,0.03361,0.002409,0.005006,0.026898,-0.003104,-0.002725,-0.020882,0.042256,0.000765,-0.009937,-0.00193,0.00116,-0.011783,0.009773,0.00542,0.009434,0.007438,0.016092,0.001491,0.033116,-0.016568,-0.00824,0.014033,-0.000364,0.007832,-0.015001,-0.004037,0.01087,-0.004374,-0.005858,-0.013626,-0.008774,-0.010358,0.015414,-0.003373,0.016172,0.01758,-0.006001,0.007318,-0.005449,0.034149,-0.004768,0.020227,-0.036696,-0.026178,0.000556,-0.025755,-0.000571,-0.017888,0.007169,0.011351,0.010462,0.017508,-0.007031,-0.010807,0.013562,0.005761,0.000185,-0.004434,0.015587
COREBRIDGE FINANCIAL INC,-0.029482,0.007349,-0.020428,-0.000993,0.001491,0.009926,0.007862,0.014627,0.029793,0.025665,0.015172,-0.012681,0.012385,-0.021296,0.004167,-0.00461,0.006021,0.0,0.004144,-0.006878,0.017544,-0.001361,0.024989,0.031472,0.008595,0.003835,0.014431,0.003347,0.007923,0.009102,-0.01025,-0.009942,0.0159,0.006178,0.001637,0.003678,0.008958,-0.004036,-0.009724,0.007774,-0.018676,-0.031858,0.011539,-0.007605,-0.006386,0.003428,-0.001708,0.00556,0.010634,-0.002946,0.037146,0.018722,0.012785,-0.000394,-0.004736,0.000397,-0.004756,-0.021505,0.006919,-0.01253,0.016373
NUTANIX INC,0.03922,-0.006476,0.005844,0.0,0.004916,0.023349,0.006519,-0.007988,0.013928,-0.002146,-0.003657,0.015328,-0.000638,-0.015319,0.007563,0.013082,-0.000212,-0.000423,0.009108,0.00105,-0.038583,-0.02072,0.001336,0.020018,0.023986,0.000852,0.037447,0.007178,0.024435,0.001391,0.047836,0.013828,0.025598,0.020222,0.003571,0.006939,-0.028804,0.002001,0.033957,-0.008079,-0.004957,0.015658,0.013665,-0.008469,-0.014468,0.017333,0.01895,-0.007848,-0.028031,-0.017693,0.039986,0.024247,-0.013527,-0.037024,-0.03115,0.071835,0.007199,0.002723,-0.011711,0.01391,0.069783
SNAP INC,0.022415,0.011315,0.020979,0.011644,-0.000677,0.022358,0.043738,0.006349,0.037855,0.029787,-0.001181,0.00591,0.009401,-0.03376,0.037952,-0.010447,-0.015836,0.010131,0.0059,-0.007038,-0.046663,-0.022305,0.026616,0.021605,0.045922,-0.01502,0.018768,-0.01612,-0.038619,-0.054169,-0.002574,0.045806,0.012955,0.011571,-0.016857,-0.000612,-0.001838,-0.002456,0.039385,-0.024867,-0.035216,-0.001259,0.074354,-0.017595,0.041791,-0.346132,-0.027169,0.000901,0.047705,-0.042955,0.023339,0.017544,-0.037069,-0.019696,-0.019178,-0.000931,0.006524,-0.007407,0.016791,0.009174,0.001818
GRACO INC,0.014608,0.005246,-0.009953,0.00613,0.002071,0.004742,0.002662,0.001448,0.011329,0.021809,-0.007464,0.002115,0.004104,-0.007941,0.008593,0.008053,0.005442,0.001152,-0.001035,-0.001036,-0.016828,-0.025791,0.003249,-0.002519,0.006854,-0.005972,0.000841,0.009004,0.005711,-0.001301,-0.012912,0.018361,0.004655,0.006353,-0.006079,-0.011527,0.006307,0.002128,0.004602,0.019967,-0.017734,0.015475,0.003694,-0.009892,0.008945,0.005181,0.006071,0.003757,-0.000227,-0.006807,0.009139,0.003396,-0.005528,-0.001588,0.007499,0.011729,0.007246,-0.005533,-0.003227,0.004577,0.014225
MICROSTRATEGY INC,0.058961,0.067351,0.025354,-0.014918,0.003876,0.049554,-0.072724,0.004534,0.049577,-0.006195,-0.020537,0.002612,-0.001049,0.003798,0.014787,0.064078,-0.024788,0.110649,-0.004219,-0.054291,0.08475,-0.078946,0.03922,-0.037709,-0.052402,-0.034648,-0.020129,-0.052133,-0.094465,-0.006982,0.034969,-0.02485,-0.011508,-0.022474,-0.042536,0.001777,0.015056,0.080213,0.03905,0.011094,-0.035226,0.004529,-0.006713,-0.018996,0.015084,0.0201,0.157083,0.099539,0.110162,-0.043901,0.122241,-0.067387,-0.025683,0.007748,-0.045647,0.059973,-0.036051,0.158617,0.094566,0.104554,0.062194
SAIA INC,0.067317,0.02076,-0.015142,-0.068803,0.000795,0.002895,0.015198,0.016103,-0.012554,0.019384,0.020516,0.006581,0.025049,0.019858,0.032368,0.002618,0.013301,-0.013585,-0.007107,-0.022768,-0.024463,-0.020374,0.005802,-0.004938,0.027867,-0.001741,0.013742,-0.005344,0.01432,-0.004251,-0.01427,0.022676,0.021041,0.040127,-0.01737,-0.01822,0.000332,-0.005237,0.02006,-0.013393,-0.005408,0.037441,0.143459,-0.005164,-0.001862,0.00991,0.031864,0.021994,-0.008607,-0.009636,0.013459,-0.017672,-0.021356,-0.020935,0.033849,0.021578,0.007959,0.01911,-0.006895,-0.013692,0.02277
POOL CORP,0.029713,-0.011184,-0.000113,0.025198,0.003393,-0.026447,0.004956,-0.011479,0.037665,0.085634,-0.009841,-0.0066,0.004412,-0.002299,0.0128,0.001213,0.012067,0.007109,-0.003344,-0.009145,-0.026485,-0.037022,-0.002435,0.013034,0.009822,0.000236,0.021807,-0.012749,-0.007951,-0.00055,-0.011923,0.026362,-0.000413,0.033476,-0.022837,-0.024983,-0.006143,-0.003091,0.016005,-0.009858,-0.022126,0.015704,-0.008566,-0.019179,0.01879,0.019488,0.017041,-0.001781,0.016165,-0.043319,0.018357,0.016589,-0.004703,-0.006532,0.011254,-0.025752,0.022502,-0.003122,0.01206,0.005191,0.012796
C F INDUSTRIES HOLDINGS INC,0.015436,-0.032106,-0.008665,0.01475,0.043472,-0.012511,-0.014107,-0.017356,0.027774,0.008527,-0.008325,0.012592,0.014378,-0.006896,0.026488,0.007766,0.002486,-0.001736,-0.010558,-0.002009,0.026541,0.013356,-0.018863,0.0,-0.024033,-0.010229,-0.003827,0.008965,-0.020183,-0.013214,-0.012472,-0.002659,-0.0004,-0.000267,0.014539,0.009335,0.002345,0.007018,0.0,-0.001161,-0.024419,0.017614,-0.004164,-0.005489,0.000526,0.002889,0.001964,0.02052,0.00999,-0.023333,0.013763,-0.010054,0.011719,-0.006564,0.007514,0.024817,0.008908,0.000373,-0.008205,0.001504,0.010263
NORDSON CORP,0.014702,0.006449,-0.009778,0.01311,-0.000124,-0.007964,-0.006272,0.000757,0.012109,0.038551,0.00784,0.013891,0.003689,-0.00262,0.016154,0.00845,0.010025,0.000795,0.001249,-0.001361,-0.020859,-0.027296,-0.001749,-0.005654,0.012413,-0.009928,0.001198,-4e-05,0.00403,-0.004292,-0.004311,0.008338,0.007474,0.001934,0.001654,-0.012897,0.01195,-0.007282,0.011142,0.008706,-0.021421,0.022406,-0.002564,-0.015894,0.004077,0.008516,0.023689,0.006721,0.004286,-0.016581,0.012866,0.007584,-0.00365,0.000151,-0.009163,0.044977,0.000914,-0.010376,-0.010596,-0.003881,-0.004907
LIBERTY MEDIA CORP 3RD NEW,-0.000314,-0.012885,-0.008437,-0.010275,0.003082,0.017464,0.004132,0.005381,-0.008186,0.011429,0.010515,0.003883,0.019802,-0.018659,-0.005256,-0.004817,-0.026546,0.003208,0.011353,-0.001897,-0.012831,-0.002728,-0.004023,0.005493,0.00723,-0.009571,-0.003221,0.002747,0.025459,-0.008328,-0.000158,-0.00317,0.002226,0.001745,0.072051,0.008272,-0.000586,0.000586,-0.003809,-0.000441,-0.010593,0.005204,-0.01568,-0.018635,0.012251,-0.001513,0.000303,0.008937,0.019817,-0.032092,0.015818,0.025603,0.009927,-0.026453,0.001485,0.011861,0.007326,-0.007709,0.009675,0.014663,0.041065
WILLIAMS SONOMA INC,0.044311,0.01251,-0.015431,-0.006915,0.007375,-0.002611,0.002053,-0.028687,0.041981,0.044997,-0.008234,-0.024419,0.017271,-0.008513,0.01628,-0.005812,-0.00393,0.003107,-0.000442,-0.007525,0.007583,-0.043087,0.00329,0.004816,0.016724,-0.00346,-0.003221,0.021506,0.008006,-0.004707,0.004532,0.018978,-0.002272,0.015357,0.004771,-0.013628,0.01165,-0.007566,-0.033853,-0.004516,-0.035846,0.018564,0.017058,-0.003244,0.025039,0.004055,0.050311,0.019133,0.03082,-0.020858,0.001621,0.002338,0.014265,-0.010084,-0.017246,0.025186,0.004922,0.013768,0.016149,-0.002999,0.011988
TRANSUNION,0.02861,0.0,-0.003974,0.022773,0.01804,-0.00016,0.003832,0.01352,0.063716,0.023606,-0.011387,-0.000292,0.001458,-0.037425,0.028593,0.000883,0.013813,0.004349,-0.000866,-0.007511,-0.031291,-0.040114,-0.005948,0.023303,0.039698,-0.024419,0.021086,0.005794,0.011817,0.019124,-0.015327,-0.014257,0.017562,0.016099,0.004853,-0.01179,-0.001725,-0.025342,0.036047,-0.018822,0.005523,0.018644,-0.020999,-0.016087,0.000884,0.010007,0.008451,0.0,0.020084,0.041077,0.05483,-0.009545,-0.022399,-0.006261,-0.002547,0.021906,0.018411,-0.012655,0.009548,-0.015158,0.021179
TRIMBLE INC,0.020582,-0.011509,-0.018586,0.005877,0.011686,0.003209,0.024414,0.000937,0.023498,0.052011,-0.000193,-0.002318,0.015295,-0.019451,0.018281,0.001528,0.014302,0.002632,0.005813,-0.008203,-0.014098,-0.035653,0.008699,-0.0049,0.017136,-0.009682,-0.003715,0.010795,-0.00466,-0.018533,-0.020076,0.002028,0.012348,0.009398,0.014659,-0.009371,0.018723,-0.013736,0.011769,0.024428,-0.037472,0.030083,0.003818,-0.018064,0.000968,0.004256,0.003275,0.008256,0.041516,0.023222,0.040207,0.033328,0.002328,-0.002654,0.002994,0.018073,0.000977,0.005695,-0.000485,-0.014082,0.004597
UNITED AIRLINES HOLDINGS INC,0.02132,0.006958,-0.022952,0.033847,0.008063,-0.007029,-0.010007,0.013314,0.011679,0.048341,-0.000229,-0.028683,0.002126,-0.029231,0.033997,-0.000705,-0.011046,-0.008318,0.005751,-0.016917,-0.013088,-0.029224,0.02378,0.031875,0.027778,0.014446,0.016537,0.005648,-0.106268,-0.021368,-0.026972,0.049894,-0.023887,-0.009531,0.053056,0.008644,0.05191,-0.009544,-0.010811,-0.010216,-0.006721,0.0029,-0.003133,-0.032874,0.030492,0.001213,0.008236,0.017059,0.016301,-0.032543,0.029073,0.0,-0.019612,0.035008,0.013576,0.027469,0.005524,-0.011866,-0.001557,-0.003118,0.016309
R P M INTERNATIONAL INC,0.013213,0.005178,-0.001049,0.011077,0.008878,0.001872,0.005887,-0.00288,0.020216,0.024747,-0.002673,-0.002859,0.010484,-0.016316,0.0064,0.005643,0.00383,-0.000621,-0.004617,-0.004282,-0.016931,-0.023692,-0.030147,0.00818,0.013937,-0.004707,0.012675,-0.006632,0.007616,0.003359,0.001581,0.019779,-0.011522,-0.001388,-0.008986,-0.0043,0.009388,-0.001023,0.007541,-0.002772,-0.011675,0.011344,-0.013164,-0.019915,0.005176,0.010585,0.004812,0.012396,0.015954,-0.008947,-0.003777,0.009062,-0.006232,0.003689,0.01516,0.016744,0.003383,-0.005589,0.006067,0.012681,0.01007
LAMB WESTON HOLDINGS INC,0.008897,0.01526,-0.017958,0.003777,0.0,-0.000396,0.016343,0.009063,0.024435,-0.016027,-0.000383,0.027988,-0.012401,-0.023697,0.005319,0.007118,0.017288,0.009389,0.005767,-0.00037,-0.014155,-0.015297,0.003145,0.00722,0.012828,0.000279,-0.002141,-9.3e-05,-0.000187,0.010919,0.015417,-0.002273,-0.004556,0.004211,-0.001276,-0.033863,-0.007652,-0.008092,0.007102,-0.013533,-0.010337,0.0328,0.006259,-0.018567,-0.029482,-0.008609,0.006887,-0.000496,0.003074,0.024323,-0.007239,0.006514,-0.022121,0.009187,-0.003132,0.018853,-0.010505,-0.006039,-0.012053,0.001587,0.012181
EMCOR GROUP INC,0.00847,0.011525,-0.023156,0.000567,0.002596,0.01078,0.006706,0.002591,0.003322,0.005381,-0.009057,0.0006,0.006597,-0.014803,-0.004419,0.009298,0.002315,-0.001432,9.3e-05,-0.003654,-0.012301,-0.010621,0.002898,0.006252,0.006496,0.001824,0.020306,0.012033,-0.009222,0.005937,-0.005856,0.019499,-0.019618,0.022889,-0.01063,-0.00632,0.001681,0.016918,0.001873,0.027245,-0.011441,0.024593,0.006375,-0.007355,0.014819,0.008652,0.012595,0.013017,-0.006649,-0.003162,0.023563,0.015575,0.002298,-0.006959,0.003822,0.028082,0.040586,0.019131,0.009422,0.10084,0.02642
VIATRIS INC,0.020697,0.033084,-0.007231,0.008325,0.007224,0.007172,0.0,0.004069,0.026343,0.025666,-0.01155,-0.016553,0.028713,0.005775,0.019139,0.0,0.005634,0.005602,0.007428,-0.001843,0.051708,-0.001756,0.015831,0.037229,-0.022538,-0.009394,0.043103,-0.002479,-0.032312,0.005993,-0.024681,-0.016579,0.011535,0.021053,0.011168,-0.004248,0.001706,0.016184,-0.004191,-0.005892,-0.003387,0.008496,-0.001685,-0.022785,0.02677,-0.012616,-0.015332,0.010381,0.023116,0.001674,0.008354,0.062138,0.018721,0.013783,0.001511,0.007541,0.012725,-0.007391,-0.014892,-0.071051,0.006509
BENTLEY SYSTEMS INC,0.018248,-0.004909,-0.010816,-0.009783,-0.018985,-0.000987,-0.002965,0.001586,0.019992,-0.004657,-0.020277,0.007761,0.009479,-0.011737,0.016627,0.024143,0.007985,-0.00132,-0.004155,-0.010431,-0.054044,-0.046394,-0.002549,-0.004686,0.035523,-0.020252,0.003375,0.022703,0.0,0.000206,-0.001439,0.008026,0.026337,0.01293,-0.00216,-0.005708,-0.009303,0.004396,0.028645,0.006188,-0.031328,0.019048,0.002726,-0.017087,0.006322,0.019435,0.007703,0.009555,-0.025364,-0.035541,0.03826,0.01474,0.016055,-0.015613,-0.015288,0.021929,-0.009115,0.005941,-0.057725,0.027497,0.010823
DYNATRACE INC,0.023716,-0.001642,-0.004933,-0.004958,-0.004613,0.003522,0.007205,0.004035,-0.001644,-0.000366,-0.000183,0.016661,-0.006303,-0.020116,0.021454,0.002535,0.008669,-0.008236,-0.000361,-0.012281,-0.034558,-0.02197,0.000387,0.001742,0.038647,0.00093,0.019889,0.026973,-0.001775,-0.008356,-0.001972,0.024789,0.014899,0.006736,-0.000858,0.00704,-0.007843,0.001203,0.026948,-0.008023,-0.039596,0.022807,0.041166,-0.011038,-0.007496,0.017959,-0.075515,-0.040485,-0.025651,-0.006868,0.013446,-0.012699,-0.019198,-0.016246,-0.014326,0.000404,0.00908,-0.009598,-0.011306,0.008985,0.002833
LINCOLN ELECTRIC HOLDINGS INC,0.018732,0.012341,-0.005826,-0.001083,0.009367,0.010012,0.00706,-0.007971,0.013408,0.033959,-0.000139,0.006745,-0.008765,-0.007454,0.010122,0.008312,0.006778,0.00282,-0.002903,-0.00753,-0.017199,-0.019044,0.012116,-0.004524,0.00464,-0.008906,-0.005373,0.005832,0.009695,0.000847,-0.010064,0.023707,0.024318,0.011598,-0.002687,-0.01208,0.013137,0.005249,0.007543,0.005626,-0.0211,0.01611,0.0031,-0.01713,0.005166,0.013719,0.014371,0.006606,0.000302,-0.019164,0.018922,0.078817,0.0004,-0.011645,-0.002105,0.008358,0.006035,0.012799,0.001224,0.011951,0.000117
SNAP ON INC,0.018821,0.003788,-0.007048,0.004302,-0.0005,-0.006357,0.010244,-0.003451,0.014174,0.018059,-0.010097,0.003563,0.004351,-0.015283,0.010136,0.003937,0.006108,0.000966,-0.000862,-0.003794,-0.000346,-0.020434,-0.002722,-0.004042,0.006621,-0.006542,0.005517,0.00577,-0.000704,0.003945,-0.007122,0.00689,0.006668,0.007216,-0.00045,-0.008726,0.007929,0.003847,0.007561,0.008429,-0.014882,0.000414,0.008826,-0.003793,0.006587,0.003681,-0.096672,-0.013532,0.020234,-0.021103,0.004006,0.02227,-0.006543,0.006736,0.000297,0.00784,0.005825,0.00096,0.009402,0.005224,0.001708
FRANKLIN RESOURCES INC,0.033468,0.001561,-0.014414,0.006719,0.008245,-0.004284,-0.003129,0.041193,0.04107,0.062975,0.000681,-0.005784,0.017112,-0.016824,0.011294,0.005076,0.012795,0.003324,-0.003976,-0.008982,-0.006378,-0.034824,0.007075,0.014401,0.015582,-0.00716,-0.001374,-0.009629,-0.013889,-0.019718,-0.016882,0.003288,0.017116,0.014322,-0.038122,-0.013578,0.022321,0.004003,-0.0029,-0.013813,-0.01843,0.015772,-0.005176,-0.021553,0.011394,0.00338,0.004117,0.010063,0.037269,-0.064034,0.017484,0.022413,-0.003654,-0.006234,-0.001476,0.002217,-0.004056,-0.010367,0.013468,-0.002953,0.01629
CITIZENS FINANCIAL GROUP INC,0.045838,0.004558,0.014311,-0.010323,0.013908,0.015432,-0.000675,-0.009463,0.076083,0.066265,-0.002081,-0.017879,0.017901,-0.034873,0.016368,0.004558,0.014217,0.003281,-0.002081,-0.012809,0.011165,-0.040883,0.005601,0.032488,0.006892,-0.008036,0.0012,-0.022775,-0.029746,-0.013906,0.016987,-0.004097,0.031329,0.017797,-0.002713,0.018138,-0.002375,-0.000298,0.019946,0.013719,-0.046925,-0.046483,0.028223,-0.015908,-0.000317,-0.007292,0.001916,0.004144,0.022857,-0.045624,0.018211,0.013734,-0.005671,-0.00602,-0.005738,-0.003527,0.002252,-0.023114,0.017417,-0.007106,0.021145
ZEBRA TECHNOLOGIES CORP,0.017892,-0.007669,-0.02093,-0.000981,-0.003844,0.012434,0.014907,-0.001127,0.021096,0.113448,-0.007275,-0.012954,0.010275,-0.028988,0.014143,0.015454,0.022605,0.001053,-0.001595,-0.007336,-0.019573,-0.057691,0.001782,-0.001107,0.033242,-0.01781,-0.004562,-0.00094,-0.024154,-0.021497,-0.017863,0.043567,-0.002003,0.022,0.005971,-0.007497,0.011095,-0.018756,0.014911,-0.019615,-0.045275,0.012732,0.015993,-0.017892,0.001735,0.019052,4e-05,0.024158,0.024932,-0.052429,0.029129,0.121719,-0.029216,-0.012815,0.009194,0.018402,-0.016066,0.011164,-0.0082,-0.010806,0.024487
MARATHON OIL CORP,0.000393,-0.014937,-0.026337,-0.035246,0.005098,0.018174,-0.00166,-0.029106,0.024839,0.021312,-0.00491,0.01028,0.010989,-0.014895,0.009808,-0.002833,0.020698,-0.011928,-0.018914,-0.009024,0.010762,0.020885,-0.030084,0.008685,-0.02665,-0.022325,-0.015511,0.003939,0.020052,-0.031624,-0.015004,-0.007616,0.005418,0.000449,0.00404,0.009835,0.023904,0.003459,-0.000862,0.015093,-0.029312,-0.008315,-0.008826,-0.006233,0.009409,0.007102,0.000441,-0.011013,0.008909,-0.014128,0.002687,0.037963,0.006024,-0.004277,0.020716,0.013954,-0.00834,0.015559,0.005797,-0.006999,0.00539
X P O INC,0.046708,-0.016942,-0.04314,-0.041083,-0.012521,0.020015,0.001219,0.031163,0.006965,-0.00551,0.006012,-0.002812,0.014689,0.003938,0.030569,0.001903,0.006815,-0.002219,0.001223,-0.027102,-0.03094,-0.027097,-0.006297,0.002559,0.013978,-0.001079,0.021481,-0.00141,0.017177,-0.010988,-0.050053,0.02733,0.017496,0.013426,-0.013829,-0.009899,0.042014,-0.007539,0.009667,-0.018694,-0.00755,0.028558,0.084889,0.001469,0.026917,0.188577,0.012871,0.023721,-0.026564,-0.012157,0.035112,0.006319,-0.00504,-0.017604,0.007776,0.023903,-0.001556,-0.011568,-0.015521,-0.007335,0.021913
L K Q CORP,0.021559,0.004836,-0.023408,0.015233,-0.002648,0.004425,0.007489,-0.006122,0.012099,0.013693,-0.000858,0.010944,0.013585,-0.006283,-0.000422,0.007801,0.00251,0.00313,-0.003745,-0.002088,-0.010672,-0.013748,-0.001716,0.012245,0.011036,-0.016373,0.003414,0.000744,-0.000319,0.008078,-0.007803,0.004888,0.002115,0.019206,-0.007662,-0.009599,0.001054,0.002947,0.000839,-0.003355,-0.018094,0.022927,-0.009217,-0.020507,0.017052,0.00955,-0.000631,0.008414,0.025657,-0.021965,0.015804,0.006551,0.017694,-0.003597,0.009226,0.030604,0.00617,0.004983,0.009344,-0.003023,-0.009096
M G M RESORTS INTERNATIONAL,0.035497,-0.011998,-0.030235,0.006133,0.011176,0.040442,0.051183,-0.003905,0.008762,0.0208,-0.034931,0.010209,0.033992,-0.033985,0.022994,-0.002472,0.006309,0.002911,0.005805,-0.008213,0.017905,-0.027045,0.00226,0.010823,0.024091,-0.028316,-0.025107,-0.00184,-0.023958,-0.00236,-0.015141,0.029546,0.003266,-0.010233,0.011513,-0.004413,0.017732,0.000688,0.004582,-0.004333,-0.006642,0.030897,0.003802,-0.008244,0.004044,0.000671,0.038238,0.006677,0.005991,-0.028924,-0.062637,0.007009,-0.012993,-0.004231,-0.001416,0.003073,0.003535,-0.019493,0.005988,0.004524,0.025836
QUEST DIAGNOSTICS INC,-0.007724,0.009694,-0.018911,0.000222,0.002224,0.005103,0.007579,0.018037,0.012266,-0.027353,-0.016247,0.005851,0.004638,-0.012312,0.009423,0.005146,0.000146,0.005996,0.000581,0.001598,0.021323,-0.008096,0.0063,0.010102,-0.002676,0.003602,-0.035254,-0.009701,-0.003462,-0.005469,-0.000971,0.003814,-0.012367,-0.01403,-0.007115,-0.015565,0.018707,0.002228,-0.008433,-0.003943,-0.003105,-0.009811,-0.017064,-0.00976,0.020036,0.009187,-0.006906,0.001581,0.025801,-0.016537,-0.001095,-0.015581,-0.01376,-0.001613,0.023667,-0.010968,0.013882,-0.006925,0.001823,-0.00609,-0.006128
FIDELITY NATIONAL FINL INC NEW,0.002676,0.012678,0.006809,0.011562,0.009705,-0.002136,0.009204,-0.001909,0.019975,0.014792,0.00705,-0.004324,0.025848,-0.008264,0.006504,0.013328,0.008968,0.006913,0.00765,-0.006813,-0.02842,-0.031067,0.000416,0.016649,0.007165,-0.008537,0.0164,0.001008,0.004836,-0.019451,-0.009611,-0.004749,0.014108,0.019231,-0.015456,0.009786,0.004846,0.004219,0.012205,0.007511,-0.018442,0.012193,0.001185,-0.019724,0.007445,0.005392,0.010727,0.006682,0.014447,-0.017321,0.018606,0.011729,-0.004371,-0.004963,0.013236,-0.053957,0.001801,-0.011386,0.012124,-0.007786,0.017706
STANLEY BLACK & DECKER INC,0.031683,0.003732,-0.029427,0.014777,0.004746,-0.003221,0.000215,-0.002907,0.042333,0.051492,-0.02818,-0.013688,-0.00185,-0.009784,0.008008,0.012794,0.006622,-0.00081,0.003748,-0.010091,0.001019,-0.041752,0.002338,0.012617,0.024395,-0.003066,0.006459,-0.013039,-0.014346,-0.012565,-0.01527,0.017446,0.004445,0.012856,-0.018831,-0.015057,0.023253,-0.003787,0.018693,-0.012129,-0.020884,-0.015434,-0.01339,-0.025819,0.011893,0.003918,-0.004683,-0.003697,0.023162,-0.042747,0.017679,0.011055,-0.014281,0.001245,0.002374,0.0,0.005301,-0.024119,0.017358,-0.005989,0.015005
GEN DIGITAL INC,0.011775,0.006267,-0.010231,-0.005393,0.006326,-0.005388,0.00316,0.006301,0.007156,0.019094,0.010022,0.0,0.004746,-0.021468,0.017113,-0.001726,0.003457,-0.009475,-0.00087,-0.006963,-0.001315,-0.01448,-0.005788,0.003135,0.017411,-0.010092,0.011525,0.009203,0.002605,0.002599,-0.014255,0.006573,0.022203,0.003407,0.000424,-0.00297,0.014468,-0.002936,0.017249,-0.008685,-0.020442,0.018739,-0.112458,-0.00683,-0.023476,0.015542,-0.001913,0.023,0.025761,-0.024658,-0.001873,0.009146,-0.001402,0.015918,-0.006913,0.009281,0.017931,-0.028907,-0.003721,-0.000934,0.004206
REVVITY INC,0.026772,0.005259,-0.026264,0.014438,0.011474,-0.007199,-0.003626,-0.013563,0.103063,0.026652,-0.001481,0.001582,0.033656,-0.006493,0.016434,0.018438,0.017919,0.009577,0.000723,-0.013181,0.010246,-0.04899,0.025709,-0.003342,0.015369,0.02064,0.003775,-0.007611,-0.000271,-0.023556,-0.022553,0.002269,0.004815,0.002631,0.00731,-0.005396,0.01665,0.012053,0.000727,0.009993,-0.035978,0.019407,-0.033315,-0.016285,0.00308,-0.012666,0.003401,0.004939,0.010891,-0.03375,0.021806,0.004925,-0.01547,-0.004685,0.017552,0.005782,0.000671,-0.004596,0.016064,0.016283,0.020866
CONAGRA BRANDS INC,0.002474,0.021157,-0.006906,0.022253,0.013265,-0.009063,-0.002033,0.005092,0.028031,-0.017083,-0.019719,0.005455,-0.003052,-0.035374,0.003879,0.006674,-0.003838,-0.003503,0.004218,0.00315,0.030356,-0.008466,-0.019126,-0.017758,0.018433,0.020536,-0.00307,-0.016422,0.006957,-0.012781,0.011547,-0.006918,-0.003135,0.003843,0.023669,0.0,0.009181,-0.002022,-0.002363,0.008219,-0.009851,0.017153,-0.006408,-0.03055,0.002101,-0.009085,-0.009168,-0.024911,0.013869,-0.017639,-0.02052,0.016461,0.001472,0.046674,-0.002458,-0.004576,0.000707,-0.010247,-0.001428,0.00572,-0.001777
WATSCO INC,0.03668,0.001767,-0.004736,0.010454,0.009594,0.021884,0.004201,-0.002418,-0.010568,0.021508,0.009952,0.011587,-0.006408,-0.013348,0.018484,0.000235,0.005335,0.001426,0.001541,-0.001259,-0.020795,-0.024764,0.008627,-0.016235,-0.002241,-0.001234,0.016511,-0.001945,-0.006846,-0.007727,-0.023678,0.001121,0.018372,0.021564,-0.028398,-0.024948,0.002737,-0.012514,0.024198,0.009038,-0.013524,0.010026,0.001519,-0.006852,0.004022,0.021173,0.016612,0.014924,-0.012322,-0.063913,0.009345,0.024783,-0.040038,-0.009306,0.005186,0.00895,0.004462,-0.003299,0.014073,0.01763,-0.004672
KEYCORP NEW,0.06699,0.016641,-0.037202,0.001546,0.011574,0.011442,-0.006787,-0.01139,0.072197,0.058023,-0.030467,-0.014665,0.017718,-0.019499,0.014205,0.0007,0.011197,0.004844,0.001377,-0.009629,0.014583,-0.029432,0.010578,0.021633,0.004098,-0.007483,-0.00891,-0.004841,-0.013204,-0.019718,-0.005747,-0.046243,0.056061,0.018651,0.014789,0.002082,0.006925,0.008941,0.013633,0.008742,-0.031333,-0.024776,0.014114,-0.010438,-0.022504,0.0,-0.002158,0.001442,0.017279,-0.042463,0.02439,0.024531,-0.009155,0.008529,0.004933,0.006311,-0.006272,-0.026297,0.033626,-0.015559,0.025144
OVINTIV INC,-0.003157,-0.011539,-0.029297,-0.025937,-0.002179,0.009947,0.002402,-0.021567,0.025716,0.047756,-0.007343,0.011558,0.008684,-0.018351,0.007385,0.003895,0.032177,-0.005085,-0.016,-0.00813,0.005237,0.009287,-0.031418,0.011817,-0.027479,-0.012715,-0.014071,-0.00508,0.010941,-0.025974,-0.005679,0.000745,0.015137,0.009289,0.011141,0.010779,0.016114,-0.000466,0.002567,0.0128,-0.025276,-0.007308,-0.014011,-0.009152,0.011911,0.002883,0.001198,-0.005742,0.024783,-0.011975,0.007605,0.040802,0.015862,-0.01093,0.044429,-0.00108,-0.006269,0.0,0.001958,0.038862,0.032602
BURLINGTON STORES INC,0.026358,0.024359,-0.015648,0.004045,-0.012144,0.012638,0.008396,0.005176,0.044717,0.006589,-0.025812,-0.006665,0.026453,0.010716,0.009754,0.007087,0.021165,0.003625,0.002289,-0.013042,0.001954,-0.035975,0.001597,0.010098,0.020521,0.014127,0.001068,-0.009903,-0.016363,0.008396,0.013446,-0.001327,-0.00465,0.005031,-0.004699,-0.020682,0.032595,0.004923,0.001919,-0.006502,-0.030237,0.032278,-0.00299,-0.015859,0.002634,0.000103,0.029927,-0.011403,0.000759,-0.019058,0.005978,0.010245,-0.010344,-0.007378,0.000413,0.043548,-0.014092,0.033902,0.002862,-0.00653,-0.001461
INCYTE CORP,-0.005889,0.017401,-0.002547,0.010945,-0.004331,-0.008699,0.042779,0.084502,0.037666,-0.005453,-0.024123,-0.026966,0.021115,-0.018417,0.015306,0.018804,-0.004773,0.002078,0.000798,0.000957,0.042363,0.000917,0.016486,-0.019973,0.008581,-0.021878,-0.003728,-0.016059,-0.005863,-0.022314,0.002282,-0.00488,0.005067,0.000163,0.006016,-0.016648,0.001315,-0.004596,-0.002803,-0.019679,-0.008603,0.006636,-0.013692,-0.00497,0.027041,-0.038404,0.000349,0.00523,0.003122,0.025934,-0.024436,0.018656,-0.017127,0.014838,0.025672,0.009614,-0.005254,-0.00099,0.007765,-0.016721,-0.027009
CHARLES RIVER LABS INTL INC,0.023341,-0.005305,-0.011316,0.011798,0.010415,0.008335,0.009977,0.020484,0.034404,0.051748,0.006761,-0.011785,0.033145,-0.017102,0.017701,0.002164,0.008212,0.002813,-0.000251,-0.009967,-0.009095,-0.043671,-0.002991,0.002418,0.013578,-0.051734,-0.009526,0.001501,-0.009229,-0.023926,-0.014097,0.012726,0.028723,0.017875,-0.008201,-0.004392,-0.000375,0.034033,0.01943,-0.002672,-0.034292,0.015073,-0.00624,-0.002658,0.013374,-0.008707,0.000869,0.01577,0.01602,-0.024537,0.112968,0.001142,-0.001793,-0.024576,0.00904,0.024056,0.003281,0.007468,0.013584,0.014944,-0.009894
OWENS CORNING NEW,0.025446,-0.009063,0.00225,0.005359,0.015704,0.016738,0.003069,-0.004451,0.021165,0.045078,-0.002291,-0.023224,0.006985,-0.016274,0.003119,0.003853,-0.001751,0.003305,0.0,-0.003496,0.003643,-0.0203,-0.003499,0.019141,0.017433,0.007734,-0.002448,-0.00325,-0.00712,-0.008444,-0.001419,0.020034,-0.000531,0.025427,-0.037486,-0.012242,0.019544,0.003206,0.012916,0.005456,-0.009414,0.027387,-0.00167,-0.015635,0.001765,0.034647,0.005802,-0.070725,0.007017,-0.014807,-0.027272,-0.005593,-0.01603,0.011504,0.014905,0.006682,0.018945,-0.000475,0.010998,0.006581,-0.000801
HEICO CORP NEW,0.031366,0.012066,-0.025657,0.004222,0.01589,0.008838,0.023848,0.002105,0.009555,-0.015841,-0.020938,0.01233,-0.000275,-0.047495,0.026738,0.007742,-0.000698,-0.002796,-0.001332,-0.000351,-0.006389,-0.020632,-0.000722,-0.014161,-0.000513,-0.014592,0.005953,0.008433,-0.001834,-0.011978,0.00543,0.024486,0.000794,0.015729,-0.000994,-0.002275,0.029504,-0.002561,0.000833,-0.006172,-0.012908,0.024387,0.0,0.004761,0.012224,0.014452,-0.013176,0.00671,-0.002087,0.017878,0.026379,0.009686,0.005308,-0.007507,0.007564,0.027165,-0.000557,-0.005391,-0.034019,-0.012061,0.015799
NEUROCRINE BIOSCIENCES INC,0.004546,-0.005038,0.017249,0.007845,0.004436,-0.022667,0.010488,0.026496,0.015619,-0.017807,-0.009312,-0.002495,0.013176,-0.009794,0.007065,0.060168,0.021331,0.011967,-0.004595,-0.002951,-0.000228,0.007591,0.006404,-0.008235,0.011021,-0.001717,-0.009872,-0.013672,0.011104,0.004469,0.033932,-0.002698,0.004534,0.01769,0.004363,-0.002137,0.006423,0.008085,0.000492,-0.001125,-0.01612,0.019174,-0.004984,-0.000564,0.009177,-0.046657,-0.013721,-0.015771,-0.014135,0.026144,-0.015466,0.016923,-0.012612,0.00257,-0.015077,0.020819,0.006073,0.010434,0.003319,-0.010071,-0.031635
MOLSON COORS BEVERAGE CO,0.006337,0.005652,-0.003854,-0.002257,0.003716,0.002897,0.008987,0.009225,0.012451,-0.018524,-0.019826,0.002104,0.006459,-0.017167,-0.003591,0.005242,-0.003259,-0.000654,0.002127,-0.000653,0.01405,-0.000483,-0.011767,0.003262,0.012844,0.008026,0.012102,0.002203,-0.007849,-0.000316,0.001266,-0.006797,-0.005411,0.003841,-0.002869,-0.023022,0.028964,-0.002226,0.01036,-0.008203,-0.017178,0.021363,-0.016479,-0.012728,0.000163,-0.025453,0.008873,-0.000498,0.031214,-0.013202,0.002447,0.010254,0.001289,0.009171,-0.003986,0.003041,-0.002713,0.004001,0.000319,0.002071,-0.000477
FLOOR & DECOR HOLDINGS INC,0.064224,0.013525,-0.009604,0.023579,0.005186,0.00129,-0.000793,-0.020129,0.065473,0.061259,0.000895,-0.011713,0.016647,-0.011124,0.026098,-0.002719,0.019435,-0.005607,-0.011972,-0.020458,-0.012908,-0.065383,0.010494,0.005096,0.021525,-0.01667,0.008095,-0.00444,0.002942,-0.018072,-0.00713,0.022419,0.019079,0.023472,-0.016473,-0.010364,0.008602,0.004635,-0.035803,-0.022203,-0.015758,0.038982,0.001723,-0.013377,0.003486,0.012835,0.014388,0.020665,0.029082,-0.051154,0.029689,0.007689,0.007721,-0.010907,-0.00401,0.038796,0.031534,-0.009734,0.039493,0.02248,-0.017362
TOPBUILD CORP,0.030631,0.025095,-0.011968,0.022834,0.002122,0.012007,0.001499,0.004739,0.031899,0.124282,0.003076,-0.019332,0.026728,-0.024364,0.018593,0.003358,0.003931,0.002936,-0.004115,-0.008714,-0.013761,-0.037333,-0.021951,0.01174,0.015898,0.003331,0.017634,0.013737,-0.010116,0.005192,-0.00984,0.01886,0.005739,0.026228,-0.037045,-0.020496,0.021838,-0.008018,0.02523,-0.001784,-0.015128,0.024598,0.008646,-0.030958,0.00771,0.018066,0.030771,0.001586,0.021147,-0.038392,0.018181,0.010448,-0.021969,-0.008194,-0.004222,0.059963,0.015704,-0.004668,0.00911,-0.05233,0.027712
SMUCKER J M CO,0.015401,0.009065,0.03282,0.013262,0.028897,-0.01429,0.018185,0.026255,0.016441,-0.010888,-0.014119,0.002589,0.003309,-0.016007,0.010872,0.008895,0.004248,-0.001437,0.005355,0.00477,0.025241,0.001698,-0.00886,-0.004198,0.007182,0.016974,-0.013033,-0.017915,0.018242,-0.010348,0.020209,-0.01109,-0.000773,-0.003483,0.01934,-0.011429,0.013951,0.001064,-0.000759,0.010259,-0.010456,0.016648,-0.007776,-0.0263,0.023218,-0.004463,-0.004027,-0.024334,0.014386,-0.01634,-0.018571,0.001757,-0.002572,0.014425,0.001589,-0.014197,0.013115,-0.005321,-0.020838,-0.006605,-0.013626
MORNINGSTAR INC,0.003317,0.001724,-0.012009,-0.012901,-0.009865,-0.000873,0.011683,0.000216,0.011941,0.007428,-0.01376,0.002182,0.005176,-0.009908,0.010401,0.015051,0.005875,0.004346,-0.002112,-0.007042,-0.030184,-0.016571,0.002729,-0.001683,0.021475,-0.014781,-0.003314,-0.006101,0.00805,0.002808,-7.3e-05,0.006291,0.007083,0.010514,-0.001456,-0.001067,-0.009256,-0.009882,0.011033,0.011092,-0.008414,0.003366,-0.008136,-0.006728,-0.006447,0.014181,-0.00514,0.01756,0.003693,-0.031238,0.010919,0.005599,-0.016057,-0.002264,-0.002561,0.014637,0.080013,-0.010512,-0.001286,0.012771,-0.001238
CAMPBELL SOUP CO,0.010453,0.010099,-0.015606,0.071093,0.004625,-0.012201,0.02144,0.012777,0.021401,-0.020512,-0.011934,-0.002735,-0.001828,-0.024725,0.003991,0.005378,-0.000465,-0.003025,0.003267,0.005583,0.03493,0.003576,-0.023804,0.003221,0.007338,0.019804,-0.024107,-0.005947,-0.00092,0.002764,0.013321,-0.009293,-0.012812,0.000463,0.025017,-0.002938,0.00272,0.005877,-0.01618,0.020557,-0.001119,0.012772,-0.008407,-0.024543,0.014639,-0.016456,-0.012148,-0.025754,0.011431,-0.017424,-0.019411,0.008798,0.004118,0.017129,0.010436,-0.00939,0.005924,-0.00636,0.001897,-0.002603,0.011625
ADVANCED DRAINAGE SYSTEMS INC,0.036,0.002471,-0.012403,-0.004991,0.013754,0.007422,0.003882,0.002683,0.01338,0.071373,0.019137,-0.03215,0.022782,-0.021197,0.032007,0.007469,0.01285,0.00244,-0.008693,-0.013399,-0.019625,-0.031984,-0.035064,-0.001863,0.019137,-0.008396,-0.003233,-0.006255,-0.003808,0.016382,0.007061,0.011584,0.010623,0.007455,-0.032559,-0.017057,0.025056,-0.004934,0.016326,-0.003828,-0.017256,0.019322,0.015872,-0.020733,0.014972,0.028682,0.144047,0.025764,0.008763,-0.033953,0.029511,0.00855,-0.005794,-0.014294,-0.009584,0.027837,-0.000856,0.002876,0.003844,0.009725,-0.016553
HENRY JACK & ASSOC INC,0.013233,0.011755,-0.008298,0.025228,-0.001511,-0.002785,-0.001882,0.010585,0.012341,-0.007552,-0.015219,0.011682,-0.006194,-0.014705,0.002764,0.011086,0.002908,-0.014013,0.003921,-0.002868,0.007649,-0.00747,0.019825,0.0003,0.017874,-0.014791,0.002512,-0.002029,0.001913,-0.01438,0.003511,-0.001327,0.005135,0.014544,-0.004502,-0.00845,0.009962,0.007606,-0.000177,-0.000531,-0.021363,0.005065,-0.00618,-0.014489,0.004104,0.032152,0.028786,0.010801,-0.00125,-0.017643,0.015353,-0.006733,-0.009191,0.003595,-0.005604,0.008772,0.013303,-0.008696,0.004415,-0.010617,0.002539
BRUKER CORP,0.014903,0.004693,-0.008588,0.032827,0.01236,-0.012064,0.018685,-0.00491,0.051669,0.017665,-0.005153,0.002181,0.015234,-0.025188,0.016355,-0.00311,-0.001899,0.000679,0.002309,-0.004336,-0.016059,-0.042739,0.016905,-0.013498,0.044793,-0.012958,0.003631,-0.00668,-0.001961,-0.004492,-0.017203,0.025825,0.006154,0.013344,-0.013306,-0.005561,0.001817,0.004326,0.016257,0.003281,-0.025484,0.014963,-0.005787,-0.00485,0.028826,-0.043043,0.003536,-0.007047,0.002129,0.087677,0.042454,0.000625,0.021473,-0.0088,0.010111,0.022217,0.011106,-0.012637,0.001196,0.033214,0.001272
CARMAX INC,0.053957,0.013207,-0.043497,0.009493,0.014409,0.005084,-0.002975,-0.015816,0.077168,0.055595,-0.003467,0.008697,0.01658,-0.025574,0.051821,-0.025844,-0.004443,0.023891,-0.002051,-0.014132,-0.007037,-0.048163,-0.009651,0.016288,0.000137,-0.006574,0.000689,-0.009645,-0.031859,0.000431,-0.025568,0.010613,0.008606,0.014606,-0.013398,-0.025571,0.024166,0.01491,0.040508,-0.002742,-0.021581,0.023321,-0.000686,-0.024729,0.011833,0.006543,0.013831,0.020327,0.028881,-0.05731,0.003033,0.021578,-0.032961,-0.016973,-0.000566,0.032144,0.006037,0.008591,0.036506,0.000652,0.029853
US FOODS HOLDING CORP,0.000684,0.00798,0.00656,-0.011236,0.015682,-0.001119,0.009409,-0.013981,0.003601,-0.006504,-0.016479,0.009869,0.0125,-0.001571,0.008768,0.004012,0.005549,0.006843,-0.000658,-0.00373,0.012773,-0.007393,0.005914,0.017639,-0.009202,0.010367,-0.006841,-0.000215,-0.008611,-0.004126,0.006542,0.002166,-0.00562,-0.004348,-0.00655,-0.013187,0.008909,-0.001324,0.003316,0.029963,-0.015829,0.027168,-0.00127,-0.007203,-0.002347,-0.006631,0.012274,-0.007871,0.018439,-0.021895,0.010547,0.034505,0.020795,0.004236,0.003615,0.019612,0.002159,0.006071,0.005256,-0.005422,-0.011098
ASPEN TECHNOLOGY INC NEW,0.052481,0.020945,-0.035889,-0.004204,0.006436,0.01806,0.006885,-0.007886,0.01796,0.0213,0.00479,0.03607,-0.001116,-0.014891,0.021398,0.009897,0.015799,-0.002525,-0.002893,-0.00213,-0.014808,-0.04168,0.00255,-0.00072,0.003218,-0.027286,-0.007037,-0.017297,0.011297,-0.010573,-0.001462,0.002524,0.021953,0.016209,-0.007466,0.000342,-0.01338,-0.003019,0.008886,-0.007332,-0.04833,0.018647,-0.004193,-0.015918,0.008714,-0.004707,-0.013513,-0.015068,0.004761,-0.02731,-0.012807,0.002107,0.011065,-0.040438,0.010664,0.014501,0.022024,0.015564,0.005037,0.018234,0.015237
TRADEWEB MARKETS INC,-0.021775,-0.001582,0.002008,-0.022567,-0.013162,-0.012245,0.020255,-0.006184,-0.013208,-0.027212,0.003411,0.020399,0.004109,-0.008959,0.015625,0.002308,-0.007455,0.001105,-0.002869,0.005643,-0.017716,-0.003361,0.0689,-0.022082,0.024731,-0.020986,0.005895,0.012786,0.009048,-0.002398,-0.004703,0.029402,-0.000816,0.001327,-0.003059,0.000409,0.004703,-0.004579,0.012164,-0.006564,-0.030294,-0.001363,0.016481,0.005577,-0.00267,0.024096,0.015887,0.013461,-0.022659,0.01419,0.010444,-0.005461,-0.004706,0.009753,-0.00322,0.023784,0.004684,0.001142,-0.00095,0.007897,-0.000189
INTERNATIONAL PAPER CO,0.006768,0.004571,-0.024625,0.003019,0.007387,0.000543,0.0019,-0.0233,0.023856,0.020591,-0.006371,-0.015763,0.000543,-0.007325,-0.000273,0.00164,-0.001637,-0.003007,-0.006032,-0.002759,0.010788,-0.0052,0.003301,0.021936,0.010464,0.000265,-0.00292,0.006922,-0.003966,-0.009557,-0.010989,-0.005691,0.001363,-0.010615,0.004402,-0.009039,0.04063,-0.002125,-0.022624,-0.010893,-0.013491,-0.041027,-0.026193,-0.014644,0.005156,0.021726,0.030419,0.010605,0.006807,-0.02507,-0.002312,0.015639,0.020816,-0.001676,-0.015319,-0.00691,0.006958,-0.026778,0.011834,0.012281,0.021375
ALLIANT ENERGY CORP,0.018193,-0.001748,-0.002918,0.016585,-0.005374,-0.008491,0.00253,-0.00233,0.038724,-0.022293,-0.030082,0.004741,0.007472,-0.019321,0.006368,0.007317,-0.000196,-0.001767,0.009441,-0.00039,0.011306,-0.002313,0.003478,0.001733,0.005766,-0.002102,-0.005936,-0.035061,0.00579,-0.001985,-0.014718,-0.009891,-0.00367,-0.00839,0.006397,-0.012918,0.012671,0.002051,0.00696,0.003456,-0.004501,0.02425,-0.020867,-0.024385,0.003151,0.000419,-0.006279,0.009478,0.011058,-0.018366,0.001261,0.016166,-0.001033,-0.002068,0.017409,-0.009371,0.001439,-0.026078,0.008223,-0.005437,0.003995
MEDPACE HOLDINGS INC,0.017324,0.014923,-0.009695,0.005599,0.011101,0.006182,-0.004697,0.013198,0.040409,0.003231,0.005099,0.005808,0.017356,-0.011188,0.020618,0.007886,0.002726,-0.002239,-0.004295,-0.013231,-0.003067,-0.030989,-0.011043,0.007239,0.031257,-0.01315,-0.044105,-0.00575,0.005012,-0.000209,-0.006279,0.023344,0.014339,0.013832,-0.002635,-0.008194,0.003035,0.002387,0.010699,0.002157,-0.034503,0.012278,0.001592,-0.00115,0.024721,0.020391,0.031319,0.024998,-0.006679,0.123038,0.070585,0.011647,-0.006847,-0.01915,0.005753,0.018998,0.02027,0.003958,0.000818,-0.001115,-0.013941
ROBINHOOD MARKETS INC,0.059091,0.024678,0.102618,0.070276,0.018634,0.021777,-0.001705,-0.006832,0.030954,0.00834,-0.033085,0.02053,0.10394,-0.041762,0.021395,0.004655,-0.000772,0.02473,-0.006033,-0.033384,-0.029042,-0.046888,0.016115,-0.007512,0.044575,-0.017713,-0.004918,-0.03542,-0.058924,-0.008167,-0.025618,0.001878,0.003749,0.026144,-0.00364,-0.012785,-0.010176,0.008411,0.048193,-0.026525,-0.024523,0.015829,0.000917,-0.032967,0.020833,0.020408,0.02,0.029412,0.039827,-0.014155,0.130068,0.00299,0.043219,0.006429,-0.035486,0.027962,0.036507,0.076658,0.042335,-0.007385,0.011159
A E C O M,0.007652,0.011838,0.000331,0.002207,0.007376,-0.002951,0.003946,0.006879,0.005205,0.006365,-0.010827,0.006827,0.005812,-0.022579,0.014342,-0.006044,0.001629,0.003361,0.00389,-0.005166,-0.009196,-0.023914,-0.004261,-0.000788,0.003832,-0.007972,0.011092,0.002575,0.010608,-0.018562,-0.015986,0.011898,0.000565,0.003164,-0.005857,-0.00102,0.006578,0.006873,0.00291,0.000893,-0.016834,0.017462,0.005684,-0.016512,-0.001803,-0.014223,0.013283,0.011866,0.007036,-0.015083,0.011598,0.009573,-0.016648,-0.015024,0.00296,0.012711,0.003362,-0.00067,-0.000782,-0.002125,-0.00426
TEXAS PACIFIC LAND CORP,0.044457,-0.085393,-0.068472,-0.001425,0.020758,0.019518,0.005517,-0.005751,0.018568,0.018763,-0.00419,0.003218,0.015602,-0.008406,0.002683,-0.001372,0.014055,-0.000903,-0.023769,-0.016063,0.020452,-0.005628,-0.028253,0.003064,-0.011882,-0.003156,-0.012814,-0.002559,0.015115,-0.036624,-0.002535,0.008815,0.002216,0.000894,0.001256,0.009813,-0.007353,-0.003834,0.021603,-0.011139,-0.028313,-0.008013,-0.007919,-0.006369,0.010812,0.032137,-0.006057,-0.010602,0.000164,-0.028513,0.008522,0.035415,0.016302,-0.013778,0.02106,0.026958,-0.001318,-0.000724,0.017222,-0.028247,0.023764
AVANGRID INC,0.036929,-0.004686,-0.001256,0.018228,-0.003395,-0.006813,-0.004054,-0.007514,0.052366,0.018885,-0.033245,-0.015521,0.005873,-0.0126,0.009026,-0.002468,0.00773,-0.00583,0.01142,-0.010986,0.027769,0.009607,-0.004758,0.011652,0.007088,-0.004692,-0.010312,-0.02858,0.006129,-0.028328,-0.019749,-0.012472,0.003562,0.000968,-0.001934,-0.033915,0.027081,-0.009115,0.010184,-0.002602,-0.009456,0.034891,-0.014631,-0.020336,-0.001647,0.00396,-0.013149,0.011992,0.01975,-0.024209,0.006285,0.024326,0.015083,-0.006955,0.017829,-0.003128,0.006589,-0.035848,0.022309,-0.006009,0.004454
SAREPTA THERAPEUTICS INC,0.038878,0.019896,0.023456,-0.008623,0.011788,-0.015609,0.007813,-0.010261,0.061053,0.026164,-0.016187,0.010109,0.01714,-0.054951,0.005095,0.041763,0.018722,0.005503,0.009707,-0.013807,-0.002281,-0.026089,0.00619,0.032457,0.05414,0.167235,-0.004843,-0.026261,0.006376,-0.012072,0.014386,-0.002136,-0.009932,0.046783,0.000661,-0.007513,-0.001664,-0.010748,0.014908,-0.011701,-0.00084,0.032272,-0.012701,0.035293,0.00685,-0.002848,0.010551,-0.004004,0.003547,-0.024584,0.000886,0.004747,0.077829,0.011366,-0.02828,0.018822,0.012984,0.008203,0.028188,-0.028475,-0.069818
KARUNA THERAPEUTICS INC,0.027823,0.005292,0.052791,0.003846,-0.012213,-0.003733,-0.008614,0.049237,0.019276,0.005784,0.002966,-0.017154,0.014074,-0.034971,0.018024,0.477067,-0.002674,0.000505,-0.002712,0.000664,-0.005592,-0.001843,0.002833,0.003809,0.001391,0.001389,0.000505,-0.002395,0.000695,0.0,-0.001926,-0.000601,-0.001045,-0.001521,0.002602,-0.002564,-0.003808,0.000159,-0.000191,-0.000255,-0.001402,0.000255,0.004402,0.006383,-0.003408,-0.005541,0.006559,0.003227,0.004509,-0.001789,0.008962,-0.00455,-0.003569,0.001068,0.001099,0.00138,0.002724,-0.013302,-0.003481,0.002096,-0.005007
KINSALE CAPITAL GROUP INC,-0.033191,0.030726,-0.021039,-0.036189,-0.000699,0.005411,0.00768,0.018334,0.027108,-0.049745,0.01748,0.005904,-0.000501,-0.008027,0.004106,-0.014014,0.004748,0.000479,0.002152,-0.000984,0.034606,0.007763,0.026232,0.000614,0.006665,0.003491,0.026282,0.0092,0.020258,0.01484,0.011044,0.011968,0.003321,0.018382,-0.004556,0.01279,-0.035076,-0.01129,0.017589,0.006491,-0.00615,-0.0083,0.003678,-0.003336,0.017723,0.01445,0.005477,0.023619,-0.008781,-0.008016,0.034411,0.026533,0.15417,-0.016969,-0.002901,0.02208,0.004249,0.007223,0.001173,0.001699,0.006022
TOLL BROTHERS INC,0.022005,-0.006494,0.0,0.019379,0.025422,0.018649,0.000754,-0.005596,0.043826,0.0904,-0.02567,-0.010734,0.019728,-0.012188,0.011751,0.00242,-0.000966,0.005702,-0.005093,-0.007148,-0.019555,-0.017563,-0.002626,0.010532,0.02375,-0.005482,0.014961,0.007079,-0.022385,-0.013028,-0.0111,0.004247,0.017924,0.019191,-0.052897,-0.016397,0.023026,0.002852,0.01239,0.004614,-0.007988,0.01691,-0.008512,-0.011481,-0.00404,0.011458,0.005213,0.00738,0.043758,-0.051219,0.026592,0.01451,-0.019198,0.013408,0.039498,0.020531,0.0132,0.011321,-0.011016,0.007636,0.02202
PERFORMANCE FOOD GROUP CO,0.003843,0.000919,0.017442,-0.022707,0.018926,-0.011628,0.014515,-0.004066,0.004234,0.01551,-0.016904,0.017195,0.01987,-0.007996,0.008061,0.00567,-0.000289,0.003471,0.005765,-0.00917,0.009111,-0.014044,0.00218,0.015954,0.004711,0.003836,0.003963,-0.003948,-0.004529,-0.003413,0.010986,0.000988,-0.000423,-0.001975,-0.001272,-0.000283,0.006369,-0.004219,0.009746,0.031613,-0.014509,0.014309,0.010174,-0.016651,0.000683,-0.010644,0.000966,-0.011851,0.027472,-0.031623,0.014156,0.011885,0.018984,0.002413,0.000134,0.004011,0.006791,0.004365,0.009613,-0.004304,0.005633
JUNIPER NETWORKS INC,0.004218,0.011201,-0.004846,0.002087,0.001736,0.004504,0.013453,-0.001021,0.0,0.008177,-0.009463,-0.000341,0.004096,-0.012237,0.005162,0.008216,0.004754,-0.005069,0.002378,-0.001017,-0.004749,0.023177,-0.008328,0.004703,0.010364,0.218068,0.02119,0.004256,-0.006358,-0.004266,-0.003481,0.002687,0.002412,0.001604,-0.004804,-0.002682,0.001076,-0.000806,0.000806,-0.001343,-0.005917,-0.001894,0.001355,0.0,0.001354,0.001081,-0.00216,0.002165,-0.00081,0.001622,-0.00081,-0.00054,-0.002432,-0.000542,0.002439,0.004596,0.000538,-0.00269,0.002157,-0.00296,0.005398
C N A FINANCIAL CORP,0.002136,0.011132,0.012884,-0.022202,-0.014901,-0.002401,0.002888,0.00264,0.011249,-0.023432,-0.000969,0.015284,0.01147,-0.004961,-0.004986,0.002863,-0.000238,-0.003808,0.009795,0.000946,0.010163,-0.007487,0.012494,0.010012,-0.015906,-0.008667,-0.003781,0.004507,-0.00307,0.004974,0.002357,0.011521,0.007206,0.02354,0.000226,0.004283,-0.003367,0.000676,-0.007202,0.003401,-0.004293,-0.014069,-0.002992,0.07156,-0.007109,0.007811,-0.024973,0.01369,0.009148,-0.006475,0.002824,0.022097,-0.006147,-0.002925,-0.01083,0.010037,0.004968,-0.008764,0.005214,-0.001353,-0.007453
GLOBE LIFE INC,0.001706,0.009972,-0.005138,-0.006536,-0.007066,0.0009,0.0085,0.009562,-0.00586,-0.00977,-0.005708,0.009513,0.003249,-0.019109,0.004375,-0.000658,-0.000164,-0.00181,0.002967,8.2e-05,0.002793,-0.003113,0.006287,0.000491,-0.008832,-0.016997,0.011415,-0.005062,0.002586,-0.001664,-0.000167,0.006251,0.008946,0.007306,-0.003341,-0.002044,0.011963,0.002105,-0.006222,0.011139,-0.012383,-0.022553,0.006747,-0.004882,0.00765,0.010562,0.02025,0.007923,0.003097,-0.006808,-0.000956,0.00367,-0.002226,0.002549,0.00588,0.006083,-0.003612,0.001497,0.008734,0.00156,-0.011449
INTERPUBLIC GROUP COS INC,0.018543,0.006068,-0.021587,0.010383,-0.009955,0.01265,0.012172,-0.008544,0.005426,0.039365,0.00336,-0.004566,0.008563,-0.014251,0.01415,-0.003336,0.007608,-0.004832,-0.000304,-0.009107,0.014093,-0.029607,0.002179,0.007766,0.024353,-0.00963,-0.010027,-0.002456,-0.016308,-0.005005,-0.011003,0.009854,0.002518,0.008163,0.005294,-0.001549,0.021409,0.001823,0.012735,-0.003892,-0.008416,0.006366,-0.003614,-0.005139,0.002431,-0.022734,-0.013648,-0.032075,0.040936,-0.010612,0.000631,0.021438,0.001543,0.004622,-0.005215,0.000617,-0.004623,-0.000619,0.003718,-0.02037,-0.000315
WYNN RESORTS LTD,0.008647,-0.014797,-0.020026,0.002311,0.001578,0.020114,0.021499,0.002674,0.020758,0.020223,-0.011581,0.005858,0.02733,-0.034562,0.024506,-0.003307,0.006415,-0.004066,0.012468,-0.007084,0.038305,-0.006025,0.001914,0.015285,0.014637,-0.018444,-0.017111,0.002884,0.002236,0.004782,-0.035956,0.032251,0.001382,-0.022923,0.011296,0.012673,0.022484,0.003319,0.003412,-0.021327,-0.005895,0.030287,-0.003289,0.005362,0.026362,-0.002299,0.062907,-0.004806,0.001136,-0.014378,0.009693,0.004943,-0.00331,-0.018073,-0.008234,0.000391,0.016989,-0.008833,-0.005327,0.001655,0.022749
ALBERTSONS COMPANIES INC,0.009646,-0.008644,0.0,0.002754,0.008696,0.006806,0.00721,-0.008054,0.011728,0.008471,0.001768,0.007502,-0.009198,0.006189,0.001318,-0.011409,0.008877,0.00132,0.010105,0.000435,-0.007391,-0.005256,-0.007486,0.022183,-0.00217,0.004785,-0.002165,-0.006941,-0.007864,-0.018494,-0.012562,-0.00318,0.002735,-0.003636,-0.005474,0.001376,0.004581,0.001376,-0.00641,-0.001383,-0.020766,0.009425,-0.003268,-0.005621,0.000471,-0.001883,0.007075,-0.007026,0.003302,-0.00047,-0.002352,0.004243,0.013146,-0.013902,-0.00188,0.001883,0.007519,0.006063,-0.035698,-0.014423,-0.010732
NISOURCE INC,0.021841,0.00916,-0.011347,0.010329,0.000757,-0.004919,0.001521,-0.006074,0.032468,-0.012949,-0.007496,-0.003399,0.005684,-0.017332,-0.001534,0.008064,0.006857,-0.005675,0.010274,0.0,0.017326,-0.004443,-0.001116,0.006701,0.009246,-0.005497,0.007369,-0.030724,0.009057,-0.017203,-0.012938,-0.01118,-0.001949,-0.000391,0.003517,-0.01947,0.015091,0.010172,0.010457,0.00115,-0.005743,0.014632,-0.018406,-0.013672,-0.006733,0.000399,-0.001196,0.007582,0.01505,-0.013656,0.003956,0.023247,-0.002695,0.004633,0.008839,-0.008,0.003072,-0.015697,0.012058,-0.006533,0.008124
INTERACTIVE BROKERS GROUP INC,0.003854,0.014077,-0.004669,0.015468,0.00899,0.028957,0.009741,-0.002501,-0.030448,0.001601,-0.018935,0.016794,0.016887,-0.012606,0.007979,0.0,0.012301,-0.006015,0.006415,-0.003007,0.019904,0.024601,0.00658,0.008257,-0.003071,0.000799,-0.008094,0.009539,0.00592,-0.013355,0.023056,-0.004148,0.010921,0.01459,0.003403,0.004376,-0.014704,0.01415,-0.015152,-0.006973,-0.010811,0.023887,0.057885,-0.011131,-0.02146,0.015266,0.009848,0.028206,0.00102,0.028627,0.000792,0.035032,-0.000574,-0.011384,0.016644,0.016181,-0.000375,0.010026,-0.006494,0.014007,0.002118
WESTROCK CO,0.013602,-0.004313,-0.026474,0.007417,0.005399,0.004638,0.004373,-0.014998,0.025295,0.033533,-0.014137,0.006347,0.010979,-0.008318,-0.023532,-0.003818,0.009102,0.014716,-0.014737,-0.014245,0.006262,-0.004069,0.013218,-0.00593,0.016703,-0.010092,-0.007587,-0.007645,0.003611,-0.010794,-0.018186,0.0,-0.012349,-0.00075,0.011762,0.009152,0.039951,-0.000943,-0.013682,-0.010046,-0.027301,-0.025584,-0.010196,-0.004378,-0.007501,0.040396,0.080223,-0.007473,0.003765,-0.008673,0.007803,0.01619,0.009236,0.001601,-0.000685,0.004343,-0.000683,-0.004327,0.021729,0.008059,0.005774
REINSURANCE GROUP OF AMERICA INC,0.002576,0.002997,-0.007074,-0.007985,0.007678,0.005469,0.016316,0.019722,-0.017159,-0.040197,0.001313,0.026469,-0.007359,-0.016971,0.012777,-0.010154,0.000435,0.000186,0.007456,-0.002282,0.008592,0.005883,0.001279,0.016551,0.007063,-0.023538,0.011444,0.00987,0.004708,0.000949,-0.011496,0.008992,-0.002495,0.01096,-0.008013,0.003385,-0.000296,0.012671,0.004561,0.004074,0.008,-0.011559,-0.028159,0.00431,-0.00453,0.012036,-0.008638,0.001611,0.008759,-0.013833,0.018422,0.009162,-0.010368,0.004202,-0.002004,0.01571,0.010001,-0.008923,0.017775,0.016266,-0.006795
E L F BEAUTY INC,0.036836,0.033894,-0.005767,-0.00294,0.011236,0.002916,0.010529,0.019128,0.081788,0.010015,0.0081,0.02362,0.032142,-0.051662,0.003802,-0.009366,-0.000695,0.002157,0.007359,-0.005306,-0.032423,-0.053702,0.038665,0.005464,0.091508,0.026751,0.006142,0.022104,-0.009178,0.040099,-0.005063,-0.041202,0.009016,-0.024907,0.015079,-0.008388,0.010848,0.003769,0.010818,0.013662,-0.009192,0.018617,0.044677,-0.000118,0.021091,-0.049042,0.040772,0.017372,-0.014955,-0.023559,-0.006434,0.050845,-0.007303,-0.015002,0.005602,0.05826,0.019576,0.073518,0.011973,0.013614,0.018462
