asset_name,2022-11-01,2022-11-02,2022-11-03,2022-11-04,2022-11-07,2022-11-08,2022-11-09,2022-11-10,2022-11-11,2022-11-14,2022-11-15,2022-11-16,2022-11-17,2022-11-18,2022-11-21,2022-11-22,2022-11-23,2022-11-25,2022-11-28,2022-11-29,2022-11-30,2022-12-01,2022-12-02,2022-12-05,2022-12-06,2022-12-07,2022-12-08,2022-12-09,2022-12-12,2022-12-13,2022-12-14,2022-12-15,2022-12-16,2022-12-19,2022-12-20,2022-12-21,2022-12-22,2022-12-23,2022-12-27,2022-12-28,2022-12-29,2022-12-30,2023-01-03,2023-01-04,2023-01-05,2023-01-06,2023-01-09,2023-01-10,2023-01-11,2023-01-12,2023-01-13,2023-01-17,2023-01-18,2023-01-19,2023-01-20,2023-01-23,2023-01-24,2023-01-25,2023-01-26,2023-01-27,2023-01-30,2023-01-31
APPLE INC,-0.017543,-0.037305,-0.042405,-0.001944,0.003902,0.004175,-0.03319,0.088975,0.019269,-0.009486,0.011869,-0.008331,0.012971,0.003782,-0.02168,0.014661,0.005926,-0.019594,-0.026264,-0.021148,0.048594,0.001892,-0.003371,-0.007983,-0.02537,-0.013785,0.012133,-0.003435,0.01639,0.006782,-0.015536,-0.046854,-0.014579,-0.01591,-0.000529,0.02381,-0.023773,-0.002798,-0.013878,-0.030685,0.028324,0.002469,-0.037405,0.010314,-0.010605,0.036794,0.004089,0.004456,0.021112,-0.000599,0.010119,0.008756,-0.00537,0.000444,0.019221,0.0235,0.010063,-0.004701,0.014803,0.013684,-0.020078,0.009021
MICROSOFT CORP,-0.017059,-0.035368,-0.026579,0.033326,0.02927,0.004388,-0.01905,0.082268,0.016997,-0.0225,0.001739,0.001818,-0.000207,-0.001903,0.003441,0.012312,0.010407,-0.000364,-0.023153,-0.005915,0.061624,-0.001764,0.001296,-0.018901,-0.020304,-0.00306,0.012399,-0.008003,0.028889,0.017465,0.001168,-0.031918,-0.017349,-0.017328,0.005615,0.010877,-0.025529,0.002267,-0.007414,-0.010255,0.02763,-0.004938,-0.001001,-0.043743,-0.029638,0.011785,0.009736,0.007617,0.030238,0.011622,0.003019,0.004682,-0.018889,-0.016454,0.035744,0.009824,-0.002226,-0.005908,0.030714,0.000645,-0.021962,0.021013
AMAZON COM INC,-0.055154,-0.048249,-0.030612,0.018813,-0.004946,-0.006075,-0.042676,0.121778,0.043051,-0.02282,0.004569,-0.018395,-0.023373,-0.007485,-0.017846,0.008003,0.009979,-0.007649,0.005781,-0.016285,0.044579,-0.010773,-0.014346,-0.033146,-0.030326,0.00238,0.021366,-0.013946,0.016388,0.021425,-0.009839,-0.034178,-0.00667,-0.033462,0.00318,0.018547,-0.034344,0.017425,-0.025924,-0.014692,0.028844,-0.002138,0.021667,-0.007924,-0.023726,0.035611,0.01487,0.028732,0.058084,0.001893,0.029915,-0.021097,-0.006143,-0.018647,0.038108,0.002776,-0.012305,0.008929,0.020992,0.030437,-0.01653,0.025659
ALPHABET INC,-0.043947,-0.037901,-0.041116,0.038448,0.022491,0.002933,-0.016984,0.07746,0.027185,-0.007237,0.028012,0.002735,-0.00495,-0.007107,-0.020143,0.015653,0.015309,-0.012346,-0.013832,-0.008416,0.062971,-0.001676,-0.004443,-0.009521,-0.025633,-0.022197,-0.012612,-0.009367,0.005265,0.024476,-0.005634,-0.043123,-0.003728,-0.01882,0.005384,0.006917,-0.02205,0.017562,-0.020933,-0.016718,0.028799,-0.002473,0.010932,-0.011037,-0.021869,0.016019,0.00726,0.004955,0.033841,-0.003794,0.009683,-0.006897,-0.004123,0.023208,0.057182,0.01944,-0.019761,-0.024997,0.025122,0.015631,-0.027405,0.019602
ALPHABET INC,-0.042747,-0.038687,-0.040704,0.037756,0.022061,0.004633,-0.017773,0.075813,0.026293,-0.007364,0.028631,0.004165,-0.004957,-0.009455,-0.018783,0.015167,0.014529,-0.010156,-0.014467,-0.008954,0.060931,0.0,-0.005446,-0.009558,-0.025131,-0.021035,-0.012956,-0.009391,0.005171,0.024863,-0.005856,-0.044283,-0.006604,-0.020164,0.006558,0.006291,-0.020317,0.01675,-0.020621,-0.015677,0.028249,-0.002487,0.010087,-0.01167,-0.021344,0.013225,0.007786,0.004544,0.03506,-0.004261,0.010864,-0.00901,-0.001862,0.021181,0.053412,0.018058,-0.020944,-0.025384,0.024155,0.018971,-0.024454,0.0196
TESLA INC,0.001231,-0.05636,0.001535,-0.036413,-0.05008,-0.029328,-0.071668,0.073934,0.027527,-0.025616,0.018172,-0.038576,-0.020062,-0.016269,-0.068372,0.012152,0.078218,-0.001856,0.000328,-0.011426,0.076702,0.0,0.000822,-0.063687,-0.014415,-0.032143,-0.003447,0.032346,-0.06272,-0.040937,-0.025784,0.005548,-0.047187,-0.002396,-0.080536,-0.001669,-0.088828,-0.017551,-0.114089,0.033089,0.080827,0.011164,-0.122422,0.051249,-0.029039,0.024651,0.059349,-0.007681,0.036769,0.002759,-0.009388,0.074265,-0.02061,-0.012502,0.049147,0.077425,0.000974,0.003753,0.109673,0.110002,-0.063182,0.039362
NVIDIA CORP,0.003408,-0.023924,0.015281,0.054765,0.010243,0.021048,-0.056568,0.143293,0.036635,-0.00196,0.022768,-0.045362,-0.014645,-0.017095,-0.005971,0.047072,0.029991,-0.015074,-0.027228,-0.011879,0.082358,0.012527,-0.015115,-0.015762,-0.037508,0.008319,0.065075,-0.009785,0.03141,0.030624,-0.022023,-0.040851,-0.022475,-0.01913,-0.010397,0.025863,-0.07042,-0.008671,-0.071353,-0.006019,0.040396,0.000753,-0.02046,0.030318,-0.032816,0.04164,0.051753,0.017981,0.005783,0.031873,0.0235,0.047518,-0.01836,-0.035219,0.064062,0.075901,0.003751,0.003011,0.024789,0.028431,-0.059072,0.01957
EXXON MOBIL CORP,0.009927,-0.020552,0.013594,0.010891,0.011842,0.003168,-0.044737,0.014692,0.031222,0.002896,0.006704,-0.01069,0.001328,-0.008668,-0.009904,0.028927,-0.004992,-0.003521,-0.030033,0.006648,0.007237,-0.00485,-0.008484,-0.027399,-0.027796,-0.002214,0.007429,-0.008427,0.024628,0.010934,-0.007366,-0.009581,-0.007018,0.004489,0.014453,0.012841,-0.020174,0.026445,0.013894,-0.016426,0.007566,0.010073,-0.034361,0.002911,0.022374,0.012087,-0.018638,0.014935,0.011627,0.016611,-0.000618,-0.001944,-0.020544,0.006419,0.018236,-0.005205,0.009312,-0.005272,0.040191,-0.018258,-0.017732,0.021575
UNITEDHEALTH GROUP INC,-0.014122,-0.007089,0.000331,-0.010007,0.012728,0.014733,-0.022403,0.006492,-0.040594,-0.015955,-0.020905,0.016918,0.007409,0.028507,-0.02417,0.011408,0.012656,0.014933,-0.009951,-0.008022,0.037424,-0.019808,0.001676,-0.002089,0.007999,0.006656,0.009228,-0.015915,0.012352,-0.013996,0.00026,-0.019838,-0.007542,-0.000191,-0.006474,0.01409,-0.000853,0.008006,0.00128,-0.006654,0.002706,0.000566,-0.021766,-0.027264,-0.028821,8.2e-05,0.000122,-0.008285,0.015226,0.004601,-0.012307,-0.009171,-0.018224,0.01705,0.004872,-0.00187,0.011918,0.001831,-4.1e-05,-0.013056,-0.000535,0.027584
JOHNSON & JOHNSON,-0.005058,-0.015368,0.001702,0.004452,0.008747,0.004972,-0.007996,0.011714,-0.029919,0.015716,0.002792,0.006207,0.008071,0.007663,0.005108,0.00483,0.001074,0.001299,0.000508,-0.006993,0.010847,0.004157,0.000783,-0.000559,-0.01499,0.006076,0.000169,-0.008239,0.011949,0.007704,0.003069,-0.012628,-0.010254,-0.001082,0.001083,0.011442,-0.003658,0.002542,-0.000282,-0.00434,0.005095,-0.005125,0.008718,0.010887,-0.007384,0.00811,-0.025908,-0.002392,-0.001599,-0.005032,-0.003276,-0.00617,-0.015085,-0.001355,-0.00466,-0.002548,0.0,0.00713,-0.003658,-0.003908,-0.037033,0.008765
JPMORGAN CHASE & CO,0.018033,-0.009208,0.001811,0.027359,0.00528,0.000609,-0.013009,0.041159,0.001629,-0.010274,-0.007244,0.001354,-0.004357,0.009808,-0.005903,0.014957,0.010664,0.001905,-0.017478,0.01645,0.011863,-0.01404,-0.007927,-0.028041,0.001675,-0.000684,0.010494,-0.005418,0.015512,-0.000969,-0.004997,-0.024811,-0.006226,0.005956,0.004844,0.011248,-0.01135,0.004745,0.003504,0.005465,0.005738,0.006606,0.007606,0.009325,-0.00022,0.019136,-0.004132,0.008954,0.007431,-0.001003,0.025235,-0.015453,-0.030043,-0.013327,0.002449,0.016213,0.008596,0.004839,0.006182,0.002429,-0.008481,0.005966
BERKSHIRE HATHAWAY INC DEL,-0.003253,-0.015877,-0.019381,0.012753,0.009462,0.008339,-0.013533,0.050407,0.021504,-0.002615,0.003464,-0.003936,-0.004275,0.010799,0.001416,0.014653,0.00133,0.003953,-0.013105,0.005937,0.011011,-0.008663,0.000982,-0.01765,-0.008984,-0.006368,0.000556,0.001307,0.016515,0.002825,-0.009733,-0.023861,-0.006326,0.0001,0.006566,0.019272,-0.016666,0.012554,-0.003067,-0.006938,0.018555,-0.000518,0.00327,0.014972,-0.005246,0.018504,-0.009916,0.002599,0.012707,-0.004495,-0.004045,-0.008752,-0.020835,-0.009958,0.015202,0.001775,0.002835,0.001927,-0.003046,-0.005724,-0.005952,0.013634
WALMART INC,-0.004497,-0.006634,-0.000213,0.001777,0.010499,0.002387,-0.023251,0.020721,0.001545,-0.029387,0.065395,0.007189,-0.003367,0.015068,0.006124,0.003573,0.004812,0.004265,0.002874,-0.003518,-0.003596,0.006233,-0.000978,-0.010247,-0.011606,-0.005204,0.001542,-0.023323,0.01865,-0.003581,-0.00556,-0.008932,-0.017955,0.00035,0.008754,0.007844,-0.01171,0.002021,0.000278,-0.017523,0.006087,-0.002533,0.012765,0.001114,-0.003408,0.024499,-0.012468,-0.000621,0.008767,-0.009033,0.003315,-0.006057,-0.024721,-0.014272,0.012317,0.014942,0.002664,-0.004755,-0.000913,0.007665,-0.008025,0.0121
VISA INC,-0.00111,-0.028899,-0.030853,0.011451,0.015839,0.008396,-0.036674,0.060022,-0.002773,0.009073,0.015131,0.000714,0.004045,-0.000901,-0.021252,0.019436,0.006656,0.009729,-0.011834,-0.010414,0.03798,0.0,0.003041,-0.018285,-0.021528,-0.006074,0.006208,-0.001913,0.028222,-0.007223,0.001314,-0.025361,-0.004906,-0.010005,0.002636,0.007061,-0.008462,0.003755,0.002235,-0.006302,0.014976,-0.001442,-0.001781,0.02517,-0.007055,0.031453,0.003904,0.011391,0.004568,0.006844,-0.002504,-0.000269,-0.015874,0.004329,0.017694,-0.00058,-0.001294,0.004511,-0.000845,0.02995,-0.010111,0.004845
MASTERCARD INC,0.015266,-0.040127,-0.0333,0.029757,0.021233,0.001907,-0.031036,0.068527,0.005989,0.000236,0.012199,-0.002183,-0.004347,0.007091,-0.015828,0.019837,0.010668,0.007601,-0.019073,-0.004237,0.038673,0.012346,-0.002051,-0.011026,-0.024039,-0.000316,0.010794,-0.006664,0.026775,-0.002848,0.001008,-0.031496,-0.001184,-0.013243,0.004952,0.007989,-0.012063,0.00609,0.007451,-0.012162,0.018307,-0.001378,-0.002675,0.024077,-0.009517,0.04682,0.008975,0.000108,0.018463,0.005161,-0.011295,-0.001385,-0.016213,-0.002656,0.022667,0.006086,0.003804,0.006263,-0.013468,-0.008509,-0.00778,-0.001401
LILLY ELI & CO,-0.026264,0.00675,0.018932,-0.011806,0.021432,0.004355,-0.009246,0.015003,-0.044533,0.013455,-0.01716,0.008515,0.022214,0.002495,-0.001382,-0.000803,0.002328,0.009759,0.001424,-0.004976,0.019591,-0.002021,0.011962,-0.014596,-0.002031,0.009307,-0.000484,-0.029049,0.017341,-0.02339,0.013495,-0.009601,-0.000389,-0.005808,0.005199,0.023273,-0.007337,0.00709,-0.008209,0.000932,0.004929,-0.003215,-0.002323,-0.005178,-0.011512,0.0112,-0.036122,0.008347,0.021715,-0.003579,0.006961,-0.01073,-0.016017,-0.002642,-0.01427,-0.011154,0.012215,0.009642,-0.004918,-0.016982,-0.004677,0.01072
CHEVRON CORP NEW,0.007297,-0.020415,0.014734,0.012643,0.01194,-0.001455,-0.039981,0.01894,0.028461,0.000483,0.008041,-0.016272,0.002811,-0.005975,-0.009563,0.025657,-0.008876,-0.002931,-0.029069,0.01497,0.012595,-0.004473,-0.008,-0.024692,-0.02577,0.002965,0.005912,-0.031923,0.010417,0.022268,-0.006915,-0.007486,-0.013564,0.006875,0.016423,0.011757,-0.014997,0.030916,0.012571,-0.014753,0.007572,0.006561,-0.030642,-0.010633,0.018009,0.007532,-0.007816,0.004909,-0.004772,0.010731,0.002711,0.016502,-0.018062,0.009987,0.010615,-0.001327,0.000941,-0.009678,0.048637,-0.044411,-0.029256,-0.001033
PROCTER & GAMBLE CO,0.001559,-0.014383,-0.006845,0.018254,0.015323,0.002271,-0.002412,0.034437,-0.001487,7.1e-05,-0.003476,0.008897,-0.006138,0.012068,0.012696,0.008588,0.0057,0.001844,-0.000818,-0.00764,0.025296,0.000603,0.009112,-0.010092,0.001274,0.006431,0.007189,-0.002643,0.01027,-0.001508,0.003941,-0.011319,-0.004434,-0.000266,0.000399,0.009172,0.002305,0.002825,0.008714,-0.012926,0.004146,-0.00675,6.6e-05,0.004354,-0.012415,0.023813,-0.012214,-0.000987,-0.008098,-0.005642,0.007142,-0.002916,-0.026788,-0.021014,0.003862,-0.013429,0.005459,-0.000705,-0.004022,-0.004109,0.00313,0.009716
META PLATFORMS INC,0.021898,-0.04895,-0.018003,0.021145,0.065316,-0.002585,0.05183,0.102493,0.01028,0.010618,0.025039,-0.032884,-0.01572,0.005384,-0.019545,0.014382,0.007179,-0.007395,-0.023607,0.006251,0.078933,0.019814,0.025324,-0.008584,-0.067876,-0.001665,0.012288,0.004942,-0.010268,0.047424,0.011985,-0.044741,0.028239,-0.041447,0.022799,0.022803,-0.022044,0.007855,-0.009827,-0.01078,0.040132,0.000665,0.036563,0.021084,-0.003376,0.024263,-0.00423,0.027188,-0.000752,0.028746,0.001975,-0.011827,-0.017287,0.02353,0.02365,0.027983,-0.000907,-0.011457,0.040989,0.030143,-0.030842,0.012988
HOME DEPOT INC,-0.000236,-0.024758,-0.025041,0.008988,0.02197,0.002997,-0.015079,0.08701,0.010395,-0.025465,0.016323,0.009553,-0.011019,0.005587,0.011495,0.02557,-0.010373,0.015147,-0.022857,-0.009281,0.031428,0.009507,0.002813,-0.024117,-0.008217,0.008505,0.012307,-0.011139,0.023402,0.01497,0.001622,-0.017485,-0.013004,-0.018587,-0.007847,0.014357,-0.010145,0.008256,0.002573,-0.011954,0.014823,-0.014201,0.000158,0.012092,-0.013324,0.00653,0.000882,0.008873,0.026105,0.002644,0.004062,-0.011111,-0.011724,-0.039575,0.013253,0.001524,0.007005,-0.001354,-0.010874,0.009178,-0.007736,0.0316
BANK OF AMERICA CORP,0.00444,-0.003039,-0.005542,0.025077,0.00598,0.002702,-0.015899,0.044086,0.007343,-0.016923,-0.001589,-0.009019,-0.005086,0.000538,0.003227,0.004824,0.003201,0.002393,-0.022281,0.003798,0.022973,-0.028534,-0.012859,-0.044623,-0.042646,-0.007879,-0.009163,-0.001849,0.010809,0.000611,-0.014351,-0.015799,-0.002203,0.011357,0.004055,0.015222,-0.008874,0.00247,0.001848,0.007378,0.011291,-0.000604,0.011775,0.0188,-0.00205,0.009979,-0.015112,0.006787,0.00762,0.002618,0.022048,-0.020153,-0.023175,-0.014532,0.018658,0.013885,0.007284,0.008678,0.013479,0.003113,-0.004231,0.005099
BERKSHIRE HATHAWAY INC DEL,-0.004597,-0.009716,-0.022567,0.007463,0.01522,0.008037,-0.013922,0.049823,0.02487,-0.005217,0.003499,-0.005794,-0.00392,0.00991,0.001349,0.017185,8.4e-05,0.003471,-0.012459,0.006623,0.009325,-0.006652,0.000666,-0.01823,-0.008241,-0.006979,0.002571,0.000475,0.017451,0.001953,-0.008432,-0.022563,-0.006208,0.001452,0.004656,0.0223,-0.019033,0.010246,-0.003118,-0.004665,0.019411,-3e-05,0.001737,0.014344,-0.005459,0.017513,-0.007408,0.002164,0.009532,-0.002335,-0.003809,-0.010438,-0.020462,-0.009244,0.016658,-9.6e-05,0.002981,0.001396,-0.003599,8.5e-05,-0.010553,0.017117
MERCK & CO INC NEW,-0.014229,-0.003609,-0.006539,0.004557,0.00877,0.01429,0.000887,0.002953,-0.038571,0.024398,-0.007474,0.003313,0.023817,0.018767,0.01324,0.012215,-0.000748,0.006366,0.008837,0.003596,0.01176,-0.002906,0.002186,-0.000273,-0.009817,0.010649,0.006903,-0.018674,0.001747,0.017803,0.012352,-0.017212,-0.003922,0.002198,0.002467,0.012761,0.00117,0.005574,0.002324,-0.009276,-0.002341,0.001173,0.001713,0.008458,0.013919,0.01056,-0.038837,0.003896,0.002346,0.006302,0.004295,-0.016036,-0.015029,0.010203,0.000364,-0.000546,-0.012377,0.000645,-0.015839,-0.013942,0.006738,0.012442
COCA COLA CO,-0.003509,-0.013917,-0.00051,0.008166,0.003881,0.001849,-0.013926,0.035903,0.007227,-0.009622,-0.001647,-0.001814,0.003139,0.007083,0.015375,0.004349,0.004491,0.000958,0.00016,-0.003509,0.025128,0.00283,0.008779,-0.013675,-0.000473,0.001576,0.004249,-0.0105,0.013145,0.000313,0.0,-0.013752,-0.005704,0.001434,-0.000796,0.016085,-0.00721,0.007578,0.006111,-0.009967,0.005978,-0.005317,-0.010376,-0.000477,-0.011443,0.019293,-0.012461,-0.007667,-0.001931,-0.012901,0.003594,0.00407,-0.030318,-0.001505,0.006028,0.002497,0.005313,0.006276,-0.001969,-0.005262,0.00248,0.011214
ABBVIE INC,0.003484,-0.016269,-0.000692,0.005955,0.019411,0.002903,-0.006127,0.014226,0.002939,0.010522,0.008567,-0.007645,0.00191,0.018533,0.013744,0.017058,-0.002503,0.001443,-0.007455,-0.001452,0.018837,0.002792,0.01256,0.001711,-0.001342,0.010261,0.003567,-0.017652,0.01386,-0.003206,0.000425,-0.010676,-0.016064,0.006294,-0.005635,0.010151,0.006535,-0.001041,-0.000674,-0.004663,0.002034,-0.005844,0.004765,0.008067,-0.001222,0.018717,-0.029361,-0.012495,-0.015472,-0.022078,0.009066,-0.005013,-0.023752,-0.003284,0.005917,-0.006952,-0.005789,0.000677,-0.002639,-0.007598,-0.004307,0.014418
PFIZER INC,0.031364,-0.019579,-0.002125,0.013958,-0.002753,0.005521,-0.013305,0.014127,0.004643,0.034454,-0.013607,-0.010706,0.005827,-0.002069,-0.001037,0.01868,-0.004686,0.00737,0.007316,-0.001614,0.012932,0.018951,-0.003328,-0.003536,-0.020107,0.010662,0.030653,-0.001159,0.008507,0.017446,0.026569,-0.015969,-0.041224,-0.000778,-0.000779,0.006625,-0.000387,0.003679,-0.013506,-0.006454,0.010433,-0.001753,0.00039,-0.022044,-0.009376,0.025373,-0.049686,-0.015912,-0.00357,0.005479,0.002934,-0.036991,-0.023438,-0.000889,0.003336,-0.002882,-0.006003,0.008052,-0.009097,-0.010396,-0.005481,0.014007
BROADCOM INC,-0.004722,-0.025369,-0.026117,0.04769,0.02132,0.014499,-0.026218,0.079025,0.022741,-0.0094,0.021823,-0.024198,0.000743,0.005956,0.004426,0.02437,0.006773,-0.00699,-0.014531,-0.00157,0.056848,-0.000508,-0.018066,-0.018787,-0.009083,-0.013921,0.024262,0.025683,0.021865,0.025888,0.005954,-0.028619,-0.003746,-0.003022,-0.010207,0.031635,-0.014504,-0.001193,0.002009,-0.015627,0.023711,0.002366,-0.010105,0.012214,-0.009317,0.060196,-0.019612,-0.003398,0.005583,0.006573,-0.005052,0.000414,-0.008546,-0.019276,0.013423,0.019009,0.005846,0.001111,0.022026,-0.01268,-0.016142,0.006123
ORACLE CORP,-0.012297,-0.025807,-0.001198,0.012928,0.009737,-0.014334,0.000264,0.019958,0.007386,0.010162,0.008277,0.008967,-0.008637,0.006692,0.001129,0.028815,0.005358,0.001938,-0.016078,-0.006635,0.026964,0.013007,-0.009036,-0.047031,-0.006547,-0.001648,0.016375,-0.002623,0.017781,-0.008858,0.015641,-0.021388,-0.00612,0.011561,0.005466,0.006919,-0.012393,0.004473,0.001608,-0.008027,0.01332,0.004177,0.024223,0.009078,-0.002012,0.016012,0.012608,0.000926,0.024277,0.002032,0.004731,-0.006726,-0.021332,-0.00888,0.015243,0.019714,0.008205,-0.000669,0.00212,-0.009351,-0.018429,0.012708
PEPSICO INC,-0.004516,-0.013941,-0.002581,0.005625,0.007999,0.002775,-0.011953,0.017642,-0.020088,-0.007414,0.002603,0.006434,0.009533,0.007221,0.019247,0.000108,0.001298,-0.005241,-0.001195,-0.007069,0.015992,0.008301,-0.00113,-0.01384,-0.008137,0.003028,0.008783,-0.0037,0.004751,-0.000544,-0.002774,-0.016961,0.000499,0.005545,-0.000607,0.007008,-0.007726,0.006461,0.004444,-0.00721,0.001265,-0.007254,-0.006919,-0.002453,-0.010449,0.022586,-0.009774,-0.008253,0.001125,-0.012749,-0.003072,0.004679,-0.025219,-0.011595,0.001474,-0.004474,0.009283,0.007265,-0.009946,-0.003525,-0.000825,0.009087
COSTCO WHOLESALE CORP NEW,-0.003071,-0.032903,0.00575,0.000247,0.0044,0.008617,-0.005662,0.047268,0.00456,-0.011232,0.032942,-0.004483,-0.005323,0.004508,-0.000573,0.016394,0.004775,-0.001553,-0.005134,-0.003692,0.019453,-0.065628,-0.018517,-0.01187,-0.015348,0.001683,-0.001141,0.003323,0.009648,0.001066,-0.009586,-0.040557,-0.005303,-0.006111,-0.001766,0.009261,-0.00725,0.008589,-0.00897,-0.012018,0.007815,-6.6e-05,-0.007054,0.007236,-0.013952,0.072592,-0.008532,0.005535,0.006045,-0.003882,0.005845,0.003132,-0.014997,-0.020815,0.02262,0.026036,-0.001015,-0.002499,0.015116,0.010014,-2e-05,0.015618
THERMO FISHER SCIENTIFIC INC,0.007238,-0.051595,-0.008228,0.017682,-0.006962,0.000142,-0.015157,0.074003,0.034769,-0.007258,0.021168,-0.018459,-0.011418,0.010096,0.001943,0.015794,0.004663,0.007236,-0.020354,-0.000519,0.037925,0.007747,-0.002763,-0.010284,-0.011988,0.013823,0.017576,-0.013593,0.013155,0.00666,-0.006738,-0.023694,-0.03133,-0.011688,-0.00315,0.021552,-0.001389,0.002856,0.008804,-0.003722,0.025027,-0.011346,0.004522,0.0158,-0.008862,-0.039394,0.020729,0.040177,0.02558,-0.001751,0.003955,0.006885,-0.013286,0.006568,0.016785,0.018799,-0.039847,-0.009299,0.003563,-0.006478,-0.016282,0.010704
CISCO SYSTEMS INC,0.00066,-0.019578,-0.016154,0.015279,0.000674,0.001347,-0.015692,0.039854,-0.019054,-0.001116,0.003576,-0.011359,0.049561,0.025757,-0.003557,0.01596,0.003927,-0.0035,-0.006612,0.00416,0.029826,0.005028,-0.005403,-0.007445,-0.015001,-0.008438,0.016812,-0.010819,0.017334,0.006897,-0.006849,-0.023327,-0.007061,-0.008576,-0.000633,0.006122,-0.007134,0.003381,0.001053,-0.009678,0.009135,0.002947,0.006297,-0.000209,-0.01409,0.030717,0.005381,0.004734,0.008195,-0.004267,-0.002449,-0.016367,-0.024542,-0.009382,0.006888,0.015391,0.006526,0.003556,0.007503,0.003517,-0.005978,0.009332
DISNEY WALT CO,-0.005069,-0.039434,-0.025241,0.003325,0.008536,-0.005277,-0.131632,0.042767,0.050299,-0.007683,0.013046,-0.016333,-0.02661,0.003827,0.062963,-0.01404,0.027752,-0.000101,-0.032163,-0.01045,0.033583,0.007357,0.00852,-0.035201,-0.037944,-0.001517,0.004341,0.008968,0.013708,0.000422,-0.005808,-0.038874,-0.004531,-0.047735,0.014456,-0.001149,-0.002876,0.015461,-0.018634,-0.025472,0.035761,-0.003441,0.024056,0.033832,-0.000652,0.021758,0.00905,0.008336,0.008058,0.036126,-0.004108,0.005131,-0.008708,0.000404,0.044409,0.021357,0.002933,0.02,0.014613,-0.001458,-0.017802,0.008365
MCDONALDS CORP,0.001064,-0.009452,0.009543,0.006118,0.006518,0.007199,-0.002191,-0.006876,-0.016275,0.003242,-0.016271,0.017436,0.003119,3.7e-05,0.004207,0.000874,-0.005423,0.006331,-0.007709,-0.005387,0.010685,0.002236,0.0,-0.00662,0.000663,-0.005262,0.011282,-0.004938,0.016836,-0.008459,0.000911,-0.010199,-0.020646,-0.00109,0.005342,0.003405,-0.008913,0.006773,-0.002728,-0.006483,0.003093,-0.009025,0.003036,0.000227,-0.008435,0.027884,-0.008238,0.006211,-0.000372,-0.007887,0.008249,0.019413,-0.029441,-0.009247,0.01897,0.002644,0.001003,0.012762,0.0063,-0.008227,-0.005762,-0.012884
ABBOTT LABORATORIES,0.00374,-0.012788,-0.016218,0.016796,0.014581,0.001407,-0.001807,0.047959,-0.001343,-0.019983,0.011077,0.004557,-0.010134,0.012773,9.6e-05,0.00953,0.010966,0.008866,-0.014678,-0.003701,0.024571,0.003253,0.001482,-0.024794,-0.014705,0.009147,0.020132,0.005518,0.018417,0.018632,-0.002421,-0.024627,-0.014836,-0.002993,-0.000938,0.015494,-0.001017,0.001389,0.003605,-0.006816,0.022999,-0.004714,-0.001913,0.014875,-0.003687,0.013809,-0.001602,0.015158,-0.006148,-0.011312,0.019307,-0.001057,-0.01658,0.002601,0.009123,0.010548,-0.012981,-0.013596,0.000631,-0.010084,-0.001273,0.006739
DANAHER CORP,0.01649,-0.051912,-0.004618,0.022989,0.008382,0.015941,-0.023952,0.084714,0.011685,-0.015793,0.013535,-0.015426,-0.024572,0.003967,-0.002264,0.007614,0.004999,0.014012,-0.022019,-0.008194,0.055556,0.004133,-0.001129,-0.022828,-0.009777,0.010891,0.013346,-0.009124,0.015408,0.011664,-0.008855,-0.015133,-0.029806,-0.012632,-0.012059,0.021049,-0.008851,0.0046,0.003925,-0.005903,0.029922,-0.005359,-0.011868,0.015633,-0.041822,-0.010735,0.010139,0.046422,0.025928,-0.005478,0.004811,0.004751,-0.015641,0.000591,0.013369,0.009475,-0.019567,-0.031777,0.011067,0.000451,-0.012144,0.006204
T MOBILE U S INC,0.004751,-0.014841,-0.012332,0.004454,0.006383,0.000801,-0.008406,0.012177,-0.028315,-0.004993,-0.003162,-0.000828,0.019948,0.007173,0.007055,0.011476,-0.009763,0.006195,-0.007613,-0.008539,0.019109,0.002311,0.003952,-0.011745,-0.008166,-0.004016,-0.03347,-0.015576,0.005863,-0.012781,0.012662,-0.015173,0.015407,-0.005198,-0.009038,0.008052,-0.013713,0.003512,0.006928,-0.014256,0.003022,0.004304,-0.006857,0.006617,0.032295,0.028309,0.001346,0.00531,-0.005082,0.00746,-0.001534,-0.018039,-0.007348,-0.005209,-0.000138,-0.005168,0.009974,0.0155,0.004187,-0.013182,0.001704,0.015853
ACCENTURE PLC IRELAND,-0.008559,-0.032046,-0.057148,0.016662,0.030288,-0.000149,-0.009627,0.077241,0.010696,-0.004068,0.012945,-0.003895,-0.014991,-0.002229,0.001815,0.020452,0.005599,0.006349,-0.019568,-0.009016,0.044968,0.006314,-0.008916,-0.024623,-0.025039,0.004485,0.019045,-0.012802,0.013626,0.010296,-0.013205,-0.035444,-0.059192,-0.034332,0.02545,0.026804,-0.015469,0.005023,-0.002931,-0.008255,0.019991,-0.005738,0.012817,-0.003404,-0.023613,0.02369,0.016864,0.00431,0.026443,0.009819,-0.005989,0.009711,-0.024502,-0.018028,0.027777,-0.004029,-0.016002,-0.006221,0.004027,0.010975,-0.010639,0.017243
WELLS FARGO & CO NEW,0.020874,-0.001491,-0.022184,0.026351,0.00706,0.002337,-0.025646,0.043072,-0.008342,-0.014301,-0.003414,-0.010704,-0.004761,0.011089,0.007312,0.005764,0.00467,0.002324,-0.009696,0.012559,0.007988,-0.022524,-0.019842,-0.04963,-0.005955,-0.021889,0.003062,-0.001879,0.008471,-0.0056,-0.010324,-0.019203,-0.004351,0.015295,-0.020086,0.003416,-0.0107,0.007375,0.001464,0.001949,0.005107,-0.000968,0.01211,0.020579,-0.005393,0.008958,-0.009579,-0.000708,0.008971,0.002106,0.032454,-0.002261,-0.016772,-0.009912,0.022584,0.025273,-0.01288,0.020023,0.010366,0.006767,0.003686,0.01253
VERIZON COMMUNICATIONS INC,0.0,0.009098,-0.01485,0.002423,-0.001343,0.018285,-0.006602,0.023924,-0.005711,0.000261,-0.015923,0.004775,0.007392,0.01022,0.001816,0.015018,-0.007143,0.002569,-0.01999,0.002615,0.016693,-0.016675,-0.003913,-0.029073,-0.004856,0.00759,-0.001883,0.008086,0.014706,-0.002372,-0.010829,0.008545,-0.01721,-0.002425,-0.00108,0.021357,0.014029,0.00261,0.021869,-0.01121,0.011595,0.003566,0.018274,0.025175,0.013859,0.011751,-0.00397,0.01402,-0.018355,0.015299,0.001196,-0.024128,-0.021542,0.002252,-0.001498,-0.00925,0.019934,-0.002227,-0.001488,0.009188,0.010089,0.012668
ADOBE INC,-0.007787,-0.046832,-0.05076,-0.000629,0.048259,0.00878,-0.010921,0.103992,0.033945,-0.002286,0.016423,-0.021823,-0.001714,-0.020632,-0.02832,0.029208,0.014809,-0.004408,-0.015944,-0.006657,0.055542,-0.002377,-0.007498,-0.021784,-0.0088,-0.013498,0.018061,-0.005833,0.022774,0.012686,-0.007417,-0.032978,0.029905,-0.028889,0.028775,0.009343,-0.014236,0.005735,-0.009928,-0.020174,0.028173,-0.00311,0.001159,0.013327,-0.03799,0.013123,0.027739,-0.009591,0.012489,0.004695,-0.000464,0.0,-0.008915,0.003574,0.040434,0.024132,-0.010028,-0.008718,0.021359,0.013367,-0.019665,0.019041
SALESFORCE INC,-0.017037,-0.061382,-0.024532,-0.04483,0.034485,0.01736,-0.034263,0.100239,0.009149,0.005896,0.021493,-0.042883,-0.035005,-0.011023,-0.021548,0.030376,0.020034,0.007291,0.002217,-0.013078,0.056501,-0.082683,-0.016599,-0.073534,-0.004928,-0.020935,-0.002682,0.007531,0.015254,0.018857,-0.006415,-0.031985,-0.016636,0.005769,-0.004341,0.014403,-0.008519,0.001935,0.009425,-0.016761,0.031681,0.000377,0.016517,0.035688,-0.023283,0.030585,0.046901,0.002311,-0.017227,0.032436,-0.000602,-0.006956,-0.020341,0.0066,0.033058,0.030545,-0.00648,0.008459,0.057117,-0.003453,0.001398,0.019545
COMCAST CORP NEW,-0.005671,-0.020596,-0.017147,0.020408,0.019355,0.009494,-0.015988,0.043963,0.038145,0.003233,0.004395,-0.008751,0.00824,0.007005,-0.004348,0.021834,0.012251,0.003378,-0.001683,-0.003091,0.032695,-0.009825,-0.011577,-0.019799,-0.010811,-0.004314,0.01011,0.010009,0.033975,0.005203,-0.037047,-0.020934,-0.003467,-0.014787,0.012655,0.019471,-0.007412,0.00919,-0.003984,-0.010857,0.012421,-0.002282,0.024878,0.028676,0.010659,0.024608,-0.008973,0.008788,0.001848,0.019499,0.006203,0.000257,-0.016949,-0.003657,0.03225,0.022606,-0.012668,0.008805,0.007731,-0.020045,-0.009091,0.002803
MORGAN STANLEY DEAN WITTER & CO,0.018863,0.007764,-0.008889,0.014709,0.008486,-0.003389,-0.021459,0.06411,0.022297,-0.010685,0.007683,-0.007514,-0.009686,0.002811,-0.001345,0.006623,0.0029,0.010897,-0.01122,0.013238,0.021849,-0.000752,-0.009677,-0.024864,-0.02561,-0.002628,0.016155,0.008795,0.018442,0.01745,-0.023838,-0.029945,-0.010594,-0.015082,-0.004559,0.02008,-0.005756,-0.00301,-0.012194,-0.007054,0.009235,-0.002581,0.008233,0.010849,-0.008425,0.019088,0.000914,0.014605,0.005736,0.0123,0.012482,0.059132,-0.00515,-0.025161,0.022199,0.009248,-0.016679,0.001361,0.008992,0.003731,-0.001291,0.014277
LINDE PLC,0.002758,-0.012845,0.011076,0.038071,0.014761,0.003892,-0.000858,0.044301,0.005634,0.005633,0.001445,0.003518,-0.010158,0.013834,-0.001612,0.01612,0.009124,0.00455,-0.019511,-0.016968,0.013586,0.005795,0.000267,-0.00916,-0.008257,-0.000302,0.009747,-0.007232,0.011559,0.019045,-0.001285,-0.032777,-0.003537,-0.007827,0.005748,-0.00079,-0.003073,0.005097,-0.001154,-0.009242,0.011782,-0.010826,-0.024005,-0.004963,-0.035609,0.034928,0.018219,0.000342,0.023569,-0.002154,0.01581,-0.012301,-0.017152,0.000617,0.012572,-0.006482,0.006555,-0.006908,0.009652,-0.014597,0.001016,0.018183
PHILIP MORRIS INTERNATIONAL INC,-0.001415,-0.025513,-0.011636,0.018565,0.010225,0.017602,-0.016541,0.025063,0.013083,-0.005716,0.007878,0.000423,0.004751,0.01177,0.00644,0.002683,0.009778,0.001427,-0.00631,0.001639,0.019225,0.027992,0.017958,-0.007862,-0.017878,0.00246,0.001767,0.000294,0.004996,-0.002729,0.001368,-0.011614,-0.009776,0.003291,0.003081,0.008621,0.003382,0.008229,0.009735,-0.016946,0.002477,0.000198,0.000889,-0.000691,-0.00405,0.026483,-0.011499,-0.001075,-0.001272,-0.006075,0.002563,-0.004621,-0.019461,0.019444,0.006226,-0.00658,0.001483,0.020928,0.008702,-0.005368,0.000675,0.003949
TEXAS INSTRUMENTS INC,0.014132,-0.027072,-0.01243,0.039164,0.018691,0.014606,-0.018559,0.058791,0.027477,-0.011421,0.000733,-0.023146,0.010954,-0.001027,-0.015869,0.027958,0.009931,-0.010672,-0.022985,-0.000116,0.043242,-0.016403,0.000901,-0.00152,-0.017194,-0.003384,0.015022,-0.011908,0.018478,0.000113,-0.009465,-0.033045,-0.002706,-0.011442,-0.009069,0.015895,-0.023884,-0.001943,-0.00365,-0.015814,0.023761,0.001212,-0.012166,0.036517,-0.013241,0.049302,0.008678,0.009735,0.002635,-0.004137,0.00494,-0.020167,-0.00935,-0.016287,0.01211,0.029884,-0.006342,-0.011297,-0.00537,0.006548,-0.004965,0.023566
NIKE INC,0.011761,-0.037005,0.001107,0.059624,-0.024533,0.003318,-0.0176,0.080239,0.066338,-0.016024,0.022224,-0.013869,0.001235,0.000569,-0.015083,0.020611,0.006417,-0.00647,-0.009438,0.01229,0.032377,0.012946,0.01287,-0.022995,-0.015417,0.003706,0.02797,-0.017421,0.024219,0.00696,-0.012406,-0.02638,-0.023592,-0.027371,0.001553,0.121791,0.008032,-0.003941,0.011269,-0.021946,0.020612,-0.002897,0.014871,0.020716,-0.004868,0.032416,0.00257,0.00793,0.016688,-0.000391,0.007507,-0.00551,-0.013345,-0.015028,0.016783,0.013189,-0.01138,-7.9e-05,0.005598,0.0,-0.009096,0.007597
NETFLIX INC,-0.017576,-0.047951,-0.014432,-0.030737,-0.008398,0.018793,-0.033402,0.079753,0.055133,0.031503,0.036522,-0.013475,-0.035096,-0.024722,-0.010174,0.005753,0.016778,-0.020446,-0.015304,-0.000747,0.08745,0.037378,0.010917,-0.024406,-0.02249,0.00936,0.005966,0.031425,-0.015093,0.016372,-0.007835,-0.086273,0.001033,-0.00829,-0.000381,0.033901,-0.000705,-0.009354,-0.036598,-0.025654,0.05143,0.012916,0.000237,0.049025,0.000937,0.018889,-0.001204,0.039249,-0.000855,0.00877,0.008148,-0.019831,0.000337,-0.032329,0.084616,0.043562,0.017934,0.011352,-0.008398,-0.011237,-0.021232,0.002124
INVESCO QQQ TRUST,-0.010218,-0.034277,-0.019535,0.016085,0.010994,0.007287,-0.023076,0.073789,0.018426,-0.008751,0.013838,-0.013649,-0.002207,3.5e-05,-0.010287,0.014403,0.010037,-0.006578,-0.014673,-0.00757,0.045586,0.001227,-0.003983,-0.016783,-0.02072,-0.004083,0.011835,-0.006377,0.012551,0.01075,-0.007414,-0.033577,-0.009535,-0.014019,-0.000778,0.014506,-0.024465,0.002249,-0.014138,-0.013203,0.024375,-0.000601,-0.00676,0.004764,-0.015654,0.027602,0.006473,0.008464,0.0173,0.005404,0.006881,0.002029,-0.013,-0.009824,0.027367,0.022216,-0.002042,-0.002219,0.019497,0.009954,-0.020219,0.014986
BRISTOL MYERS SQUIBB CO,0.002969,-0.003218,0.013299,0.003823,0.005204,0.009976,-0.002501,-0.005014,-0.043084,0.005661,-0.00144,-0.001704,0.013263,0.003758,0.019497,-0.001266,0.003551,0.001264,-0.001262,-0.00139,0.015817,0.007474,0.003091,-0.0053,-0.009665,0.000125,-0.000626,-0.013145,0.000761,-0.019521,-0.002715,-0.027742,-0.020133,-0.00449,-0.006971,0.00936,0.006818,-0.012732,-0.003841,-0.008539,0.001528,-0.00208,0.004309,0.004982,-0.00179,0.015017,-0.02726,0.009013,0.004047,-0.004726,0.01271,-0.002758,-0.002351,0.022318,0.005424,-0.012003,-0.012558,0.011474,-0.00246,-0.007398,-0.005797,0.008608
CONOCOPHILLIPS,0.013403,-0.009939,0.057782,-0.011209,0.0198,-0.003705,-0.068283,0.03353,0.03476,-0.003135,0.007968,-0.03617,0.015088,-0.019819,-0.024108,0.03578,-0.024927,0.000552,-0.023421,0.003311,-0.005956,-0.003643,-0.007151,-0.022999,-0.031499,-0.006314,-0.019847,-0.022913,0.015997,0.014582,-0.004761,-0.002835,-0.018747,0.0,0.020011,0.032224,-0.029068,0.042958,0.012132,-0.026673,0.009366,0.013833,-0.041356,0.001945,0.030263,0.012503,-0.007359,0.006135,0.001355,0.016238,0.010902,-0.010126,-0.014055,0.009194,0.018054,-0.013711,-0.010988,0.01313,0.035557,-0.008343,-0.024917,0.011118
QUALCOMM INC,-0.002805,-0.041166,-0.076622,0.027051,0.031868,0.022255,-0.018749,0.092819,0.006215,-0.005188,0.043212,-0.041977,0.017643,0.008058,-0.029471,0.028702,0.012131,-0.013584,-0.031673,-0.009704,0.074844,0.00253,-0.009069,-0.018781,-0.028548,-0.013107,0.029947,-0.022177,0.018144,0.01881,-0.014414,-0.041656,-0.01809,-0.016764,-0.004529,0.022212,-0.034122,0.001446,-0.01245,-0.022748,0.02683,0.00091,-0.024923,0.040392,-0.019098,0.054296,-0.006329,0.020068,0.012659,0.027029,-0.011103,0.000333,0.014633,-0.036545,0.045246,0.066151,-0.002519,0.003596,0.02127,-0.00418,-0.013268,0.012003
NEXTERA ENERGY INC,0.00271,-0.005533,0.011646,0.00793,-0.019163,0.01268,-0.000894,0.063939,0.001322,-0.019806,0.015307,0.017006,-0.023363,0.010322,0.004808,0.006101,0.014683,0.004946,-0.018866,-0.01481,0.026791,0.001535,0.004362,-0.000587,0.000352,0.001291,0.005511,-0.014576,0.024139,0.006932,-0.001147,-0.014245,-0.019462,-0.007369,0.0,0.01353,-0.015476,0.009959,-0.00202,-0.01,0.011063,-0.005709,0.002751,0.007873,-0.022014,0.012344,0.005021,0.005591,0.005441,0.000824,-0.004584,0.012518,-0.022627,-0.014439,-0.009323,0.010389,0.014879,-0.087128,-0.002481,-0.010733,-0.007012,-0.005596
RAYTHEON TECHNOLOGIES CORP,0.007699,-0.014652,0.006904,0.00443,0.009977,0.00104,-0.011842,0.028487,-0.042825,-0.007475,0.030554,-0.015033,0.007737,0.00878,0.008809,0.006757,0.002891,0.003501,-0.005848,0.00547,0.01324,0.007901,0.015176,-0.003267,-0.019368,0.00314,0.004544,-0.012263,0.013127,0.003315,0.000601,-0.014607,-0.001523,-0.008135,0.006561,0.016093,-0.01253,0.00802,0.003625,-0.005218,0.012003,0.005881,-0.00109,0.000298,0.000397,0.015662,-0.027913,0.003213,-0.003303,0.010945,-0.019865,-0.002533,-0.027329,-0.015667,0.001273,0.02003,0.033455,0.005429,0.0024,-0.006484,-0.008936,0.011549
A T & T INC,0.006583,0.00436,-0.014107,0.008255,0.002183,0.011438,-0.010232,0.025027,0.011146,0.000525,-0.002099,-0.004732,0.001057,0.001055,-0.006853,0.008493,0.004737,0.001572,-0.01569,0.010096,0.014203,-0.004668,-0.008859,-0.014196,0.0224,0.006781,-0.009326,-0.001569,0.011001,-0.009326,-0.011506,-0.022751,0.001083,-0.034072,0.011758,0.004427,0.006612,0.002189,0.008192,-0.013001,0.012624,-0.002168,0.017925,0.021345,0.003657,0.016658,-0.010881,0.022584,-0.003082,0.0,0.007213,-0.011253,-0.016037,-0.004206,0.015312,-0.00676,0.003141,0.065762,-0.020568,-0.0025,0.010526,0.010417
ROYAL BANK CANADA MONTREAL QUE,0.0,-0.008111,-0.005015,0.034955,0.006247,0.008102,-0.01503,0.040373,0.011204,-0.004029,0.002933,-0.005445,0.00659,-0.001511,-0.003329,0.020344,0.000794,9.9e-05,-0.022398,-0.002332,0.013921,0.004811,-0.006184,-0.01385,-0.01435,-0.002272,0.000104,-0.007347,0.010946,-0.010415,-0.005106,-0.0177,-0.003625,-0.006849,0.009266,0.009608,-0.009622,0.007581,0.005086,-0.011703,0.013762,-0.010628,-0.003723,0.022846,-0.010542,0.022996,0.012168,0.008252,-0.000303,0.009501,0.003905,0.007978,-0.013951,0.002107,0.008111,0.000695,0.002382,-0.002698,0.020054,-0.005898,-0.002571,0.014772
SCHWAB CHARLES CORP NEW,0.002761,-0.012017,0.000253,0.001267,0.00759,-0.000251,-0.014316,0.003705,-0.002546,-0.024119,0.023931,-0.011367,0.00633,0.024519,0.002381,0.01575,0.001846,0.002457,-0.021811,0.007015,0.026745,-0.009813,0.008932,-0.014795,-0.008001,-0.004963,0.000748,-0.005358,0.005888,-0.031635,-0.005531,-0.003363,0.014664,0.000895,0.016611,0.021242,-0.005538,0.012005,0.005503,0.001581,0.003764,0.007259,-0.015854,0.017208,-0.002879,0.017206,0.010528,0.002224,-0.025695,0.000719,-0.005989,0.006146,-0.025273,-0.062177,0.009303,0.009087,0.019555,-0.000505,-0.014645,-0.043049,0.010845,0.02543
HONEYWELL INTERNATIONAL INC,-0.004509,-0.012949,0.019554,0.016929,0.009237,0.00758,-0.008043,0.029574,-0.009637,0.001269,0.011408,-0.006638,0.002383,9.3e-05,0.009463,0.010159,0.000686,0.005208,-0.01945,0.004403,0.013058,-0.009838,0.007774,-0.015885,-0.011178,0.00122,-0.000468,-0.008062,0.013561,0.002145,-0.001117,-0.026779,0.003685,-0.001573,0.009933,0.017069,-0.012971,0.007348,0.004769,-0.012565,0.012065,-0.002095,0.0,-0.019879,-0.026519,0.028366,0.001902,0.00318,0.004542,0.017334,0.002917,-0.020175,-0.037693,-0.017528,0.006827,0.012028,0.012081,-0.001256,0.012968,-0.005828,-0.011291,0.013121
UNITED PARCEL SERVICE INC,-0.002205,-0.016846,-0.003463,0.010243,0.020762,-0.00201,-0.028319,0.059936,0.034065,-0.002245,0.020699,-0.024302,-0.005648,0.016529,0.009164,0.011793,0.000547,-0.00175,-0.0143,0.027681,0.026178,0.002425,-0.004206,-0.043455,-0.033451,-0.002456,0.028396,-0.011078,0.027528,0.007232,0.002502,-0.016819,-0.016611,0.001291,-0.026901,0.017566,-0.006056,0.007972,-0.000452,-0.018764,0.012327,-0.010868,0.008283,0.01044,-0.018463,0.029395,0.015312,-0.016071,0.019354,0.003951,-0.004373,-0.017293,-0.012737,-0.003225,0.011241,0.013193,-0.002715,-0.014056,0.012623,0.0133,-0.028118,0.046675
AMGEN INC,0.006325,-0.011211,-0.011635,0.011885,0.029661,0.055484,-0.009371,0.004695,-0.020584,0.000982,-0.005959,0.00744,0.01244,-3.5e-05,0.003028,-0.003852,-0.012716,0.0012,-0.003947,-0.002229,0.015639,-0.001606,-0.001504,-0.002102,-0.005686,0.008719,-0.000665,-0.024232,-0.006711,-0.016331,-0.00415,-0.018404,0.004772,-0.006395,-0.003576,0.005704,-0.003756,-0.005052,-0.002008,-0.007479,0.006656,-0.001976,-0.00377,0.010472,0.009342,0.031252,-0.018459,0.01392,-0.003542,-0.007292,0.00299,-0.008501,-0.018688,-0.008908,0.004618,-0.008623,-0.004866,-0.012168,-0.006471,-0.004826,-0.008121,0.00322
CATERPILLAR INC,0.009424,-0.018124,0.022001,0.039177,0.003336,0.005249,-0.018581,0.030638,0.01738,4.2e-05,-0.008076,-0.00925,-0.008519,0.004296,0.003198,0.021924,-0.001433,-0.005149,-0.014425,0.012139,0.005487,-0.003046,0.001867,-0.015076,-0.018403,0.003022,0.008472,-0.01572,0.025386,0.010427,-0.004289,-0.016291,0.008931,-0.001848,0.012269,0.028026,-0.017333,0.009809,0.013632,-0.015464,0.003425,-0.002664,-0.002839,0.010382,-0.004475,0.035708,-0.009001,0.015773,0.000878,0.01731,0.01329,-0.008512,-0.013424,-0.023218,0.016114,0.011974,0.01943,0.003222,0.014239,0.009232,-0.011492,-0.03522
AMERICAN EXPRESS CO,-0.009229,-0.024341,-0.029199,0.038834,0.015616,0.021908,-0.028895,0.060949,0.000905,-0.004907,-0.001557,-0.008578,-0.01265,0.012347,0.002033,0.011583,-0.004205,0.001429,-0.021278,0.02353,0.020528,-0.000571,-0.004762,-0.004274,-0.008842,0.000453,-0.0042,-0.001427,0.022157,0.001335,-0.021648,-0.025242,-0.026095,-0.008818,0.004758,0.009609,-0.012169,0.011768,-0.004285,-0.016258,0.022985,0.002919,-0.004264,0.023246,-0.023848,0.025541,0.001532,0.010638,0.012632,0.006497,0.005422,-0.012904,-0.021659,-0.023734,0.032346,0.015831,0.008636,0.009271,-0.005677,0.105402,0.002031,0.013147
BOEING CO,0.006105,0.028107,0.063361,0.020797,0.030623,0.028561,-0.005188,0.052388,-0.000507,-0.022198,0.010372,-0.01517,0.000521,0.006424,-0.005463,-0.002544,0.013623,0.020074,-0.036611,0.020311,0.020306,-0.01733,0.040335,0.012195,-0.036035,-0.010817,0.014618,0.002569,0.037485,0.004617,0.005985,-0.024064,0.005334,0.005306,0.014056,0.040948,-0.039541,0.004303,0.001798,-0.005385,0.002813,0.008364,0.025723,0.042223,0.006629,0.039075,-0.020798,-0.009014,0.006483,0.030236,-0.000887,-0.012703,-0.00946,-0.011079,-0.001594,0.015525,0.009573,0.003302,0.000235,-0.007333,-0.007103,0.015882
DEERE & CO,-0.017963,-0.0071,0.019899,0.003709,0.009314,0.014545,-0.018489,0.026493,-0.003876,0.002241,7.4e-05,-0.001401,0.016216,0.003075,-0.00618,0.011805,0.050317,0.009028,-0.000589,-0.000544,6.8e-05,0.001837,0.008601,-0.019569,0.003113,0.005476,0.005174,-0.018333,0.005152,0.00032,0.002859,-0.019729,0.003025,0.003665,0.006217,0.014425,-0.013088,0.002455,-0.001785,-0.013688,-0.00079,0.00028,-0.010425,-0.001909,-0.020662,0.028308,0.004057,0.021555,-0.00903,0.006021,0.008118,-0.003253,-0.027864,-0.040823,0.004895,-0.003069,0.017907,-0.007272,0.018277,-0.00717,0.005787,0.005326
TORONTO DOMINION BANK ONT,0.005938,-0.01336,-0.005983,0.03374,0.003371,0.005803,-0.017461,0.034925,-0.004629,-0.010051,0.000909,0.00106,0.007108,0.003004,-0.000749,0.016032,0.004424,-0.000734,-0.021305,-0.009908,0.011979,0.024423,0.003218,-0.020848,-0.016826,-0.009844,0.012542,0.002266,0.008591,-0.022714,-0.012691,-0.014868,-0.00566,0.002688,0.014191,0.006841,-0.005559,0.009006,0.006002,-0.016063,0.016636,-0.009634,-0.009419,0.026656,-0.023415,0.009904,0.000311,-0.003268,0.005308,0.025004,0.005303,0.012509,-0.018309,-0.003033,0.013688,0.005851,0.002387,0.001786,0.011884,0.008074,-0.014126,0.022452
LOWES COMPANIES INC,-0.007181,-0.040506,-0.031716,0.012957,0.024211,0.009648,-0.009185,0.094787,0.023003,-0.020859,0.020424,0.030119,-0.031284,0.007342,0.00162,0.019974,-0.016086,-0.000237,-0.009148,-0.00751,0.024486,0.013785,-0.00297,-0.040309,-0.02071,0.024664,-0.016096,-0.008793,0.016405,0.02994,0.004214,-0.019282,-0.009038,-0.014408,-0.01137,0.007816,-0.016203,0.013708,-0.000842,-0.00818,0.010997,-0.014931,-0.001004,0.011807,-0.003079,0.000996,-0.007613,0.009827,0.0357,0.008006,0.009036,-0.012443,-0.004868,-0.030552,0.011874,0.002836,0.011457,-0.001453,-0.020863,0.00337,-0.002864,0.0314
UNION PACIFIC CORP,-0.001623,-0.021797,0.003428,0.018169,-0.002034,0.039277,-0.002941,0.047097,0.021175,-0.002529,-0.028993,0.007643,-0.011542,0.003622,0.008025,0.004381,-0.003189,0.003811,-0.022547,0.020382,0.021902,-0.006899,-0.005557,-0.017091,0.000379,0.005115,0.003817,-0.007886,0.021197,0.010147,-0.002018,-0.024221,-0.003768,-0.018172,-0.004748,0.014654,0.001152,0.005991,0.001953,-0.016404,0.01136,-0.010276,0.002463,0.007997,-0.02944,0.043973,-0.002594,0.003878,0.009327,0.002007,-0.006801,0.005065,-0.022538,-0.018999,0.015377,0.007045,-0.033075,-0.015061,0.006796,0.004517,-0.010821,0.01993
STARBUCKS CORP,0.00589,-0.028932,0.001182,0.08479,-0.01535,0.025428,-0.006361,0.050529,0.011635,0.000411,0.004209,-0.007769,-0.00103,0.010106,0.003777,0.001119,0.011074,0.000402,-0.00904,0.0,0.035881,0.011448,0.016252,-0.014279,-0.014196,-0.002057,0.018357,-0.018797,0.00894,-0.005745,0.000783,-0.021529,-0.011601,-0.005363,-0.003052,0.006837,-0.009223,0.005217,0.009464,-0.006048,0.011866,-0.005713,0.016432,0.036001,-0.000287,0.021641,-0.018277,0.01203,0.00283,-0.004233,0.013037,-0.004476,-0.016393,-0.007048,0.007481,0.011139,0.004049,0.003188,0.016639,0.002391,-0.005687,0.006827
GOLDMAN SACHS GROUP INC,0.011814,0.003471,-0.00263,0.025912,0.012992,0.004027,-0.005549,0.045055,0.018133,-0.007296,0.00136,-0.001437,-0.00667,-0.001527,0.002663,0.009626,0.0062,0.006757,-0.016716,0.003531,0.012874,-0.00606,-0.008416,-0.023753,-0.023228,-0.008239,-0.005112,0.00296,0.011249,0.015172,-0.022539,-0.029275,-0.009948,-0.005024,-0.000348,0.016459,-0.01308,-0.000202,-0.010246,-0.003217,0.00751,-0.000146,0.008271,0.004275,-0.011332,0.012567,0.014135,0.012351,0.019924,0.01498,0.010975,-0.064385,-0.002372,0.004755,-0.025403,0.021355,-0.00232,0.003732,0.015273,-0.003578,0.01063,0.023359
S & P GLOBAL INC,-0.015938,-0.01705,-0.004634,0.022955,0.009008,0.002161,-0.018253,0.102229,0.028855,-0.023947,0.020105,-0.002791,-0.01951,-0.002595,0.004482,0.013902,0.01709,0.001368,-0.019279,-0.011025,0.016305,0.027721,-0.007667,-0.026376,0.003939,-0.000483,0.00367,-0.017176,0.001269,0.030243,-0.010764,-0.02617,-0.014452,-0.011602,-0.010576,0.016079,-0.015825,0.002499,-0.004866,-0.005191,0.030977,-0.014332,0.000687,0.019244,-0.016217,0.034992,0.007187,0.01156,0.027258,0.010218,-0.003779,0.002811,-0.009009,-0.008157,0.019162,0.007363,-0.008199,-0.003644,0.002729,0.016359,-0.019417,0.024035
INTERNATIONAL BUSINESS MACHS COR,-0.000651,-0.009913,-0.017248,0.018517,0.010076,0.012289,-0.007141,0.02795,0.013737,0.007194,0.000971,0.001247,0.010864,0.01061,-0.006502,0.016499,-0.002347,-0.002555,-0.01476,0.002121,0.016452,0.001746,-0.003285,-0.008475,0.000611,-0.001559,0.003463,-0.00494,0.014689,0.009115,-0.004715,-0.050047,-0.015454,-0.009204,0.017354,0.006087,-0.008864,0.005466,0.005436,-0.016852,0.007427,-0.001205,0.004685,0.007418,-0.010449,0.018354,-0.001044,0.008708,0.003177,0.001996,0.002336,-0.004798,-0.032922,0.001496,0.004125,0.004674,-0.002608,-0.005159,-0.044828,-0.000446,0.006771,-0.004213
ADVANCED MICRO DEVICES INC,-0.00666,-0.017265,0.025243,0.034603,0.014311,0.012207,-0.061551,0.14269,0.056959,0.016029,0.038624,-0.048056,0.016506,-0.004466,-0.015088,0.038504,0.015282,-0.016492,-0.025952,0.002733,0.057774,-0.001932,-0.032266,-0.018138,-0.045504,-0.00185,0.004705,-0.026678,0.030325,0.013867,-0.037962,-0.034818,-0.016834,-0.012536,0.007122,0.04043,-0.056442,0.010335,-0.019374,-0.011064,0.03596,-0.000771,-0.011579,0.009997,-0.036035,0.026151,0.051282,0.012047,0.014842,0.025196,0.002825,0.00831,-0.014807,-0.039983,0.034855,0.092194,-0.023912,0.002811,0.003337,0.003193,-0.039125,0.037267
ELEVANCE HEALTH INC,-0.004097,-0.011772,-0.007916,-0.013487,0.003418,0.003501,-0.019442,0.003615,-0.058481,-0.00114,-0.024022,-0.005992,0.001827,0.038385,0.009267,0.010302,0.004158,0.013211,-0.002102,0.005031,0.034073,-0.014392,-0.000704,-0.002406,0.011602,0.002839,-0.001472,-0.007938,0.017641,-0.027818,0.001598,-0.021475,-0.013616,0.001673,0.0035,0.012266,-0.001527,0.008293,-0.000155,-0.002975,0.00039,0.000175,-0.020995,-0.033373,-0.025626,0.005243,-0.010032,-6.4e-05,0.020948,-0.0072,0.012409,-0.004224,-0.019232,0.018041,-0.00152,-0.003233,0.001214,0.035673,0.013318,-0.019236,-0.007005,0.022307
PROLOGIS INC,-0.019865,-0.016674,0.011898,-0.003611,0.012172,0.007528,-0.008747,0.087784,-0.018675,-0.031258,0.002222,0.007982,-0.011791,0.020034,0.003404,0.007221,-0.002159,0.007444,-0.042358,0.021084,0.034971,-0.005858,-0.001366,-0.022918,0.002976,0.012216,0.013793,-0.010884,0.014701,0.025926,0.004047,-0.024593,-0.046884,-0.001515,0.000982,0.015689,-0.00588,0.00309,-0.002904,-0.025068,0.03187,-0.01088,-0.000355,0.037892,-0.03514,0.033673,-0.005058,-8.6e-05,0.042223,0.009673,-0.001802,-0.003938,0.01013,-0.011089,0.012614,0.026462,0.002618,-0.005617,0.018856,0.0139,-0.015789,0.01166
INTUIT INC,-0.076561,-0.024673,-0.052048,-0.010411,0.024696,0.033666,-0.036647,0.094126,0.011904,-0.025439,0.023538,-0.032824,-0.029924,-0.00474,-0.01334,0.045947,0.009229,-0.008539,-0.017403,-0.015377,0.073425,0.020805,-0.019588,-0.03133,-0.013565,-0.002899,0.042995,-0.013642,0.027387,0.04287,-0.022106,-0.053447,-0.029128,-0.003792,0.009282,0.016147,-0.023848,0.001406,-0.003589,-0.017254,0.038167,-0.004221,0.005036,0.000997,-0.040734,0.029019,0.024837,-0.016846,0.017058,0.003516,-0.008798,-0.007655,-0.010584,-0.019349,0.051426,0.02997,-0.02061,0.000872,0.026499,0.024409,-0.014599,0.014936
LOCKHEED MARTIN CORP,-0.002157,-0.007351,0.005725,-0.006497,0.01445,0.011236,-0.018093,0.011522,-0.054832,-0.003924,0.011276,-0.002162,0.014006,0.008567,0.008641,-0.002994,0.003274,0.004968,-0.000517,0.001842,0.008449,-0.003092,0.025926,-0.011205,-0.013594,-0.005785,0.008687,-0.003708,0.005666,-0.012543,0.010349,-0.013191,0.006266,0.0,0.00905,0.003085,-0.017123,0.008325,0.004573,-0.004696,0.007926,-0.00115,-0.018418,-0.002157,0.001196,-0.008028,-0.030112,0.00719,0.001536,-0.002721,-0.025794,-0.005936,-0.013172,-0.004442,0.009037,-0.004512,0.018016,0.010974,0.012441,-0.000457,0.002154,0.005797
INTEL CORP,-0.004573,-0.031095,-0.001094,0.042899,0.007447,0.002464,-0.033708,0.081395,0.022513,-0.002629,0.011862,-0.038424,0.012191,-0.000669,-0.031135,0.030408,-0.00503,-0.011122,-0.020961,0.006092,0.040484,-0.007981,-0.01408,-0.00816,-0.019541,-0.009441,0.003883,-0.007032,0.015935,0.001394,-0.016359,-0.039278,-0.008471,-0.004829,-0.013065,0.01475,-0.032054,0.004621,-0.005749,-0.01542,0.026233,0.008394,0.011351,0.035541,-0.004335,0.042453,0.020188,0.004435,0.013927,0.01474,-0.005943,-0.016938,-0.026689,-0.013537,0.028149,0.035934,-0.011563,-0.007353,0.013131,-0.064141,-0.007457,0.011091
C V S HEALTH CORP,-0.000845,0.02304,0.010331,0.017996,0.016272,0.004645,-0.020561,0.003516,-0.023621,-0.003895,0.005763,-0.016679,-0.012175,0.025492,0.005547,0.016549,0.005527,0.011993,-0.008394,0.004681,0.009913,-0.002258,0.009149,-0.005557,-0.008038,0.010772,0.002444,-0.008583,0.021053,-0.025051,-0.00504,-0.030592,-0.022029,-0.004191,-0.000526,-0.009263,-0.00765,0.001713,-0.005772,-0.002795,0.007438,-0.002782,-0.003005,-0.01001,-0.016634,0.012714,-0.001201,-0.009181,-0.009928,-0.006351,0.008298,-0.006117,-0.013092,-0.001304,-0.005487,0.002299,-0.013532,-0.003139,0.022274,0.001369,-0.008316,0.013441
BLACKROCK INC,0.009429,-0.02023,-0.007827,0.035247,0.030709,0.014831,-0.024347,0.134688,0.019663,-0.043369,-0.001133,-0.017938,-0.007868,-0.00097,0.004288,0.013472,0.003913,0.001983,-0.022514,-0.009942,0.002801,0.008631,-0.012739,-0.000309,0.003381,-0.001591,-0.008066,0.00499,0.003225,0.021037,-0.017441,-0.018749,0.002922,-0.011068,-0.001314,0.030916,-0.013479,0.000867,-0.000966,-0.004166,0.022589,-0.010501,0.004812,0.013848,-0.028619,0.052421,0.020312,0.005697,-0.001796,-0.002593,4e-05,-0.00565,-0.003161,-0.023402,0.016222,0.008507,0.005414,-0.00109,0.010183,0.000369,-0.014911,0.015177
MEDTRONIC PLC,0.00458,-0.022339,-0.020518,0.007498,0.010514,-0.062544,-0.011223,0.03216,0.020895,-0.00778,0.006031,-0.019425,-0.022499,0.017013,0.012177,-0.052983,0.013987,0.001266,-0.037791,0.004597,0.033473,0.002657,0.004669,-0.010425,-0.021703,-0.002205,0.011442,0.010284,0.014251,0.005395,-0.016846,-0.01358,-0.012867,0.005214,0.003371,0.005997,-0.000259,0.004667,0.001806,-0.017259,0.01979,-0.001157,0.006948,0.034628,-0.011609,0.010371,-0.041059,0.01741,0.018127,-0.005852,0.009267,-0.002978,-0.020162,0.010034,0.01748,0.018045,-0.01906,0.00495,0.007882,0.009042,0.0,0.013442
GILEAD SCIENCES INC,0.011216,-0.018402,0.020288,0.011075,0.013941,0.009453,0.001094,0.003401,-0.009443,0.012589,0.001811,-0.001446,0.008929,0.0,0.00873,0.010433,0.002229,0.009834,-0.012173,0.006455,0.024137,0.000797,0.012856,-0.011794,-0.000227,-0.001933,0.019137,-0.016765,0.006479,0.002372,0.004282,-0.020588,0.002079,-0.003919,-0.019093,0.005898,0.000117,-0.006215,0.003068,-0.005176,0.008159,0.00692,-0.005358,0.001288,0.004094,0.025976,-0.033833,0.023972,0.000574,-0.01686,0.006416,-0.009969,-0.019553,-0.001433,-0.007295,0.00265,0.009492,0.000595,-0.005353,0.001315,-0.004538,0.007079
AMERICAN TOWER CORP NEW,0.00333,-0.01294,-0.018812,0.012864,-0.009317,0.00495,-0.009753,0.098786,0.010684,-0.035295,0.0195,-0.001958,-0.012822,-0.001895,0.018432,-0.008094,0.00055,0.008385,-0.028081,0.015521,0.018553,0.000226,-0.008721,-0.01714,-0.014331,-0.006635,0.0054,0.007491,0.009493,0.034836,-0.015847,-0.007414,-0.021859,-0.017943,-0.004437,0.009152,0.0,0.008784,4.7e-05,-0.003793,0.026844,-0.017985,0.013264,0.020171,-0.03137,0.030029,0.003661,0.012084,0.027799,0.017929,0.002584,-0.00756,-0.025363,-0.008171,-0.008686,-0.025925,-0.002318,0.01622,0.010839,-0.001086,-0.012365,0.024443
CITIGROUP INC,0.00785,-0.014496,-0.021295,0.023778,0.013295,0.008528,-0.016479,0.06746,0.036555,-0.023311,0.000204,-0.013461,-0.002481,0.008497,0.004521,0.009206,-0.022096,0.001036,-0.021951,0.007199,0.017658,-0.013014,-0.011302,-0.03387,-0.014461,-0.006892,0.000448,0.003804,0.020285,0.017916,-0.013093,-0.029578,-0.006051,-0.00947,-0.002732,0.022826,-0.0183,0.006138,0.002937,0.005181,0.012102,0.00155,0.01216,0.025776,-0.004472,0.011979,0.004862,0.013673,0.010791,0.007801,0.016908,0.007813,-0.017492,-0.001214,0.034839,0.01742,-0.010773,0.009335,0.005588,-0.006323,-0.002121,0.009082
TAIWAN SEMICONDUCTOR MFG CO LTD,0.000487,-0.017213,-0.003966,0.036496,0.004481,0.03601,-0.000308,0.089846,0.042208,-0.013951,0.10522,-0.012553,0.025551,0.009696,-0.028443,0.032654,-0.006906,-0.006954,-0.026781,0.001389,0.04601,-0.003615,-0.014272,0.001472,-0.025239,-0.004022,0.019687,-0.001361,-0.003222,0.000995,-0.006086,-0.024478,-0.016879,-0.002621,-0.006307,0.020101,-0.024112,-0.005181,-0.007611,-0.016954,0.040241,-0.019868,-0.006175,0.030933,-0.007731,0.030899,0.028692,0.011954,0.006275,0.06383,-0.002299,0.02523,0.005394,-0.011959,0.029751,0.050862,-0.011499,-0.022737,0.011254,-0.001605,-0.001822,-0.004295
ALIBABA GROUP HOLDING LTD,0.03586,-0.017613,0.007883,0.070541,-0.001432,-0.022665,-0.04829,0.076033,0.014333,0.007913,0.111734,-0.014376,0.078045,-0.044861,-0.04411,-0.012219,0.033031,-0.038217,0.005033,0.052451,0.096419,-0.018502,0.04794,0.005108,0.010274,-0.034117,0.066116,-0.030052,-0.02113,0.022369,-0.00547,-0.0517,0.006728,0.004263,-0.014227,0.021997,0.001822,-0.026373,0.049154,-0.029602,0.022133,-0.011668,0.04416,0.129811,0.006351,0.026965,0.031937,0.036542,0.001219,-0.016258,0.034114,-0.015554,-0.017102,0.029677,0.028135,-0.002753,-0.000753,0.006782,0.002661,-0.018164,-0.060652,-0.008993
CIGNA CORP NEW,0.006377,-0.013103,0.010534,-0.006507,0.006954,0.010389,-0.008391,-0.005077,-0.06037,0.009973,-0.005475,0.004981,0.01764,0.022781,-0.01228,0.012877,0.001534,0.012694,-0.013554,0.003724,0.025538,-0.016541,0.011594,0.004004,0.006873,0.007736,0.003944,-0.004138,0.021619,-0.026673,0.013414,-0.009651,-0.012551,0.010663,-0.003749,0.010985,0.00036,0.00309,-0.000628,-0.006735,-0.003405,0.001875,-0.029758,-0.034777,-0.019691,-0.004964,0.001189,0.002475,0.017907,0.003201,0.012862,0.002514,-0.021079,0.007459,-0.007404,-0.000616,0.002661,0.014887,-0.001244,-0.015645,0.006682,0.020331
STRYKER CORP,-0.039915,-0.036894,-0.030476,0.026617,0.012039,-0.017235,-0.012772,0.056961,0.024342,-0.02363,0.013608,-0.003199,-0.010305,0.021144,0.004651,0.008324,0.016643,0.010639,-0.023503,-0.000308,0.029445,0.029416,0.009719,-0.021431,-0.00992,0.027766,0.023794,-0.012952,0.018559,0.019184,-0.000512,-0.034749,-0.021061,-0.003377,-0.001799,0.012322,0.000952,0.004426,0.0049,-0.009712,0.018994,-0.004114,0.006299,0.026257,-0.010575,0.025739,0.018537,0.010766,-0.018953,-0.009505,0.013536,-0.013163,-0.017083,0.005119,0.011488,0.004957,-0.006758,-0.010948,-0.002135,0.006973,-0.018216,0.017112
T J X COMPANIES INC NEW,-0.004716,-0.020485,0.012946,-0.00014,0.013064,-0.008736,-0.015597,0.055936,-0.001351,-0.011367,0.028196,0.051917,-0.013035,0.00218,0.010747,0.014051,0.005368,0.006084,-0.012341,0.001624,-0.001372,-0.003873,0.005643,-0.009103,-0.001258,0.000504,-0.009068,-0.00788,0.008968,0.005079,0.001642,-0.007945,-0.01284,0.005666,-0.006403,0.01611,-0.005327,0.013772,-0.005912,-0.004302,0.00826,0.003277,-0.007412,0.010758,0.009892,0.025667,-0.014628,0.01141,-0.002062,-0.004254,-0.004761,0.000245,-0.021337,-0.005012,0.001637,-0.004652,0.026904,0.016605,-0.002299,-0.006912,-0.00464,0.004294
CHUBB LTD,-0.006562,-0.013772,-0.004275,-0.00229,0.014008,0.001509,-0.010781,0.008519,-0.026662,-0.005624,0.00746,0.003146,0.008491,0.005262,0.001142,0.012549,0.005305,0.009713,-0.003839,0.005942,0.01343,-0.005783,0.003848,-0.01702,0.010212,-0.000138,0.007261,-0.008441,0.00092,-0.002253,-0.001014,-0.014851,-0.005123,0.001323,0.012927,0.01891,-0.006263,0.010396,0.005691,-0.004889,0.010281,-0.006664,0.000771,0.016442,-0.003743,0.023707,-0.023377,0.005637,-0.000712,0.004408,0.007048,-0.011268,-0.018074,-0.005985,0.005382,0.014336,0.021289,0.006219,0.005832,-0.016356,-0.005543,0.006281
APPLIED MATERIALS INC,0.01699,-0.022608,-0.016636,0.062572,0.036423,0.025463,-0.031603,0.110299,0.054776,-0.026418,0.026485,-0.056491,0.002207,0.002393,0.004203,0.018071,0.008315,-0.017182,-0.022208,-0.002126,0.061501,-0.023631,-0.002804,-0.002624,-0.016161,0.01337,0.023561,-0.011693,0.018912,0.022858,-0.019934,-0.046334,0.001626,-0.007066,-0.004712,0.023188,-0.078376,-0.003893,-0.019338,-0.011695,0.030937,0.002471,-0.006675,0.026672,-0.013997,0.064849,0.021291,0.014555,0.018697,0.001272,-0.002087,-0.005092,0.002651,-0.03227,0.032875,0.041085,-0.010205,0.008496,0.014305,-0.026648,-0.038222,0.030407
AUTOMATIC DATA PROCESSING INC,0.008026,-0.025447,-0.005644,0.003219,0.014988,0.019259,-0.019017,0.060321,-0.022167,0.003411,0.012956,0.001184,-0.000276,0.009742,0.006171,0.016964,0.002328,0.005218,-0.021292,-0.004916,0.027542,0.014424,0.007277,-0.020415,-0.022164,0.002669,0.008024,-0.010959,0.02811,-0.008433,-0.008086,-0.04341,-0.006994,-0.008055,-0.004693,0.012833,-0.031898,0.007443,0.000374,-0.013193,0.011646,-0.007314,-0.005024,0.004713,-0.021568,0.02795,-0.002707,0.005303,0.017734,-0.003224,0.004503,-0.034969,-0.010685,-0.00397,0.016501,0.01598,-0.007512,-0.046582,-0.011315,-0.020539,0.00702,0.015561
PAYPAL HOLDINGS INC,-0.005623,-0.044038,-0.036501,-0.017897,0.032988,0.044682,-0.030198,0.103203,0.048733,-0.016698,0.00391,-0.031382,-0.016085,-0.008407,-0.050518,-0.00893,0.010512,-0.008297,-0.001873,-0.02865,0.009918,0.00153,-0.049281,-0.01393,-0.018881,0.03032,-0.002687,-0.008758,0.003126,-0.001355,-0.014518,-0.039378,-0.00731,-0.004476,-0.002756,0.006544,-0.009247,0.006708,-0.010141,-0.011415,0.04456,0.009354,0.047178,0.0417,-0.018278,0.002753,0.007845,0.010898,0.007957,0.015788,-0.00376,0.008807,-0.035795,-0.007244,0.030489,0.005184,0.001006,-0.006032,0.021618,0.012622,-0.026763,0.02323
SERVICENOW INC,-0.005181,-0.061831,-0.018132,-0.061754,0.004008,0.021861,-0.026594,0.118443,0.014478,-0.0232,0.047652,-0.017355,-0.02819,-0.002996,-0.030047,0.033301,0.022709,-0.005276,-0.012966,-0.012639,0.049011,0.02234,-0.029911,-0.049919,-0.007928,-0.001619,0.019845,-0.006688,0.020479,0.036177,0.005334,-0.042425,-0.01565,-0.030606,0.010908,0.014076,-0.030543,0.005053,-0.003195,-0.012059,0.036697,-0.004053,-0.007134,0.02166,-0.0699,0.000573,0.032821,0.006023,0.033978,0.049469,0.003944,0.008074,-0.004878,0.029385,0.031277,0.001381,0.002192,0.012088,0.031865,-0.009092,-0.035501,0.02838
BOOKING HOLDINGS INC,0.01072,-0.058925,0.026741,0.026658,-0.02165,0.013835,0.003566,0.043246,0.035582,-0.018117,0.011444,0.005934,-0.03626,-0.000247,-0.010715,0.014316,0.011546,0.007708,0.000136,0.016253,0.03088,-0.009214,0.012207,-0.013868,-0.006968,-0.04242,0.028227,0.004585,0.029713,-0.015466,-0.020036,-0.020485,-0.013807,-0.003668,0.014016,0.006326,-0.019235,0.019933,0.013568,-0.019732,0.022804,0.005875,0.008401,0.038495,0.016347,0.015996,0.013381,0.005678,0.001738,0.014365,0.01975,0.0142,-0.016097,0.008252,0.012477,0.024438,0.000316,-0.004825,0.016898,0.013722,-0.011171,-0.001182
MONDELEZ INTERNATIONAL INC,0.006344,0.011476,-0.009268,0.019677,0.018507,-0.007299,-0.008292,0.025083,-0.00277,-0.010803,0.00858,0.005414,-0.008462,0.008379,0.013233,0.006986,0.005429,0.0003,-0.008097,-0.001512,0.023618,0.007099,0.003231,-0.012882,-0.002076,0.010997,-0.006468,-0.007841,0.004772,0.003265,-0.00503,-0.012935,-0.003464,-0.006953,0.002283,0.015794,-0.002392,0.005545,0.005812,-0.009779,0.007856,-0.004778,-0.006002,0.007245,-0.008092,0.027648,-0.011467,0.001041,0.003863,-0.011988,0.004494,-0.000596,-0.036556,-0.011306,0.003133,0.004997,0.007458,0.002468,-0.007385,0.0031,0.001854,0.009254
VANGUARD BOND INDEX FUNDS,0.001036,-0.001566,-0.003849,0.000286,-0.003863,0.004452,0.00143,0.020702,0.0,-0.003217,0.007017,0.005713,-0.004157,-0.00167,0.0,0.005157,0.006101,0.0,-0.00124,-0.003726,0.007756,0.00831,0.004098,-0.007891,0.003291,0.008748,-0.002846,-0.005843,0.0,0.006834,0.002444,0.000542,-0.002572,-0.005971,-0.006553,0.002336,-0.000137,-0.003122,-0.007721,-0.001389,0.003757,-0.004159,0.00529,0.005677,-0.001101,0.011027,0.002727,-0.003943,0.005324,0.007739,-0.003368,-0.001352,0.009205,-0.002012,-0.004436,-0.00243,0.004466,0.001213,-0.001884,-0.001079,-0.002834,0.004602
GENERAL ELECTRIC CO,0.005141,-0.010357,0.012661,0.03432,0.029481,0.00647,-0.010119,0.026819,0.010893,-0.005561,0.015263,-0.025706,0.005771,0.001054,0.004796,0.016416,0.006529,0.003073,-0.030293,0.002223,0.003619,-0.008259,0.019001,-0.025552,0.007323,-0.003283,-0.016118,-0.026067,0.021608,-0.003966,-0.016047,-0.03265,-0.014719,0.00528,0.02908,0.032989,-0.014582,0.000245,0.012838,-0.010502,0.021715,0.000478,0.014202,0.063348,0.015527,0.009118,0.010147,0.035778,0.032151,0.01506,0.016992,0.003616,-0.015157,-0.030402,0.010669,0.026905,0.011659,0.001115,0.004332,0.025758,-0.028836,-0.00433
MARSH & MCLENNAN COS INC,0.004644,-0.019601,-0.000189,0.008426,0.016462,-0.007852,-0.014963,0.056996,-0.01063,-0.007863,-0.010103,0.011551,0.000846,0.011168,0.014149,0.005593,-0.001932,0.007801,-0.020021,0.001782,0.026678,-0.000866,0.005086,-0.01288,0.001631,-0.004129,0.005606,-0.00662,0.011516,0.002485,-0.006284,-0.024772,-0.017311,-0.008838,0.006841,0.016621,-0.011278,-0.000664,0.005133,-0.011055,0.013244,-0.007795,0.003022,0.01946,-0.018143,0.029012,-0.003334,0.0,0.020659,0.001438,-0.004479,-0.007902,-0.018604,0.00468,0.020755,0.002253,-0.000115,0.00219,0.013735,-0.020096,-0.001162,0.017333
ANALOG DEVICES INC,0.014584,-0.023912,-0.022798,0.045428,0.032158,0.014168,-0.018604,0.0819,0.023009,-0.017067,0.024247,-0.023612,0.00124,0.002353,-0.016126,0.057712,0.004572,-0.012471,-0.018433,-0.000732,0.048935,-0.002501,-0.012188,-0.004685,-0.007924,-0.003003,0.021926,-0.005718,0.021224,0.018751,-0.021711,-0.032561,0.004395,-0.010071,-0.004905,0.018743,-0.021863,0.00055,-0.01001,-0.011837,0.023085,0.000305,-0.009632,0.021299,-0.03749,0.036508,0.009546,0.012687,0.003368,-0.006596,0.001838,-0.01225,-0.005452,-0.017289,0.012505,0.027184,-0.004715,-0.002428,0.013595,0.000527,-0.011122,0.015036
INTUITIVE SURGICAL INC,0.001582,-0.043466,-0.008216,0.022802,0.01169,-0.006726,-0.018986,0.092026,0.028,-0.021277,0.01827,-0.004315,-0.00863,0.005139,-0.006715,0.009794,0.005896,0.002571,-0.009392,-0.014621,0.044784,0.015163,-0.008161,-0.009293,-0.012643,0.006196,0.015152,-0.00522,0.011973,0.028849,-0.003869,-0.047568,-0.009802,-0.013866,0.003027,0.016654,-0.009581,-0.003604,0.004987,-0.008789,0.023467,-0.009112,0.001055,0.016451,-0.005111,0.006589,-0.020193,0.024271,-0.042011,-0.011617,0.007628,0.010931,-0.020556,-0.015019,0.016911,-0.003077,0.007813,-0.054966,0.027687,-0.013131,-0.020343,0.014284
VERTEX PHARMACEUTICALS INC,0.007051,-0.013336,0.004161,-0.007967,-0.018101,0.010784,0.009266,0.005463,-0.024982,0.009134,-0.002451,0.000524,0.014602,0.015263,0.00499,0.016698,-0.016549,-0.010058,0.007413,0.003267,0.000221,0.01378,0.001902,-0.011731,-0.018231,0.018505,0.011777,-0.028321,0.00631,-0.022598,0.016282,-0.011824,-0.011673,-0.04334,0.005624,-0.00914,0.011599,-0.014392,-0.008181,-0.005429,0.011618,-0.001038,-0.009557,0.002832,0.003696,0.008059,-0.024052,0.019489,0.012121,0.013687,0.015831,0.036685,-0.006795,-0.006196,0.00617,0.006358,0.005644,0.005453,0.018206,0.00134,-0.004573,0.009751
ENBRIDGE INC,-0.00077,-0.005653,0.00801,0.030505,-0.006716,0.005259,-0.021674,0.041762,0.022244,-0.024184,0.005229,0.001486,-0.002721,0.000744,-0.003717,0.020149,0.010729,0.006996,-0.012937,-0.008252,0.010524,-0.007992,-0.008545,-0.016991,-0.013277,-0.0033,-0.000764,-0.002549,0.005622,0.01169,-0.002512,-0.019642,-0.014385,-0.012249,0.015567,0.020785,-0.011708,0.016997,0.004305,-0.021432,0.011853,-0.004329,-0.00179,0.01896,-0.004023,0.022974,0.011846,-0.000488,0.008053,0.014766,-0.003817,-0.001916,-0.011756,0.004613,0.0116,0.000478,-0.008357,-0.025524,0.004448,0.004674,-0.007591,0.010856
REGENERON PHARMACEUTICALS INC,0.014905,-0.025569,-0.002431,0.002071,0.014482,0.001358,-0.011969,-0.002517,-0.008946,0.010293,-0.017897,0.009523,0.004635,-0.00318,0.003054,0.013871,-0.018512,0.001183,0.007131,-0.007283,0.021221,0.012691,0.006765,-0.014275,-0.010563,0.022476,0.001505,-0.020067,-0.010106,0.006842,0.003264,-0.024973,-0.011077,-0.002862,0.017238,0.003626,-0.003491,-0.009378,-0.021177,0.002362,0.011584,0.000277,-0.001414,0.008356,-0.003758,0.018501,-0.076864,0.027128,0.015724,0.006522,0.01058,0.008281,-0.004889,-0.012394,0.008986,0.010956,-0.003343,0.018846,0.001511,0.000714,-0.008575,0.029886
SCHLUMBERGER LTD,-0.009225,-0.007953,0.012906,0.025097,0.032203,-0.002189,-0.029622,0.000565,0.032392,-0.013681,0.011097,-0.03073,-0.003019,0.011546,-0.021894,0.02621,-0.041387,-0.011474,-0.01869,0.023456,0.009794,0.004074,0.0199,-0.02671,-0.006325,-0.021227,0.00241,-0.059095,0.045348,0.039715,-0.012145,-0.006345,-0.014568,0.009113,0.038732,0.029946,-0.036016,0.031135,0.009624,-0.016823,0.005894,0.010395,-0.036663,0.003884,0.018762,0.034745,0.020917,0.005751,0.006433,0.02983,0.004828,0.003089,-0.022751,0.004376,-0.000523,-0.025981,-0.006982,0.014062,0.021689,-0.0087,-0.011059,0.01136
ALTRIA GROUP INC,-0.00281,-0.028175,0.001561,0.013137,0.008352,0.000436,-0.015033,-0.021898,0.003618,-0.009464,-0.006824,-0.001832,0.002065,0.012137,0.013575,0.008036,-0.0031,-0.006219,0.009164,0.014839,0.016587,0.009231,0.013189,-0.009238,-0.020767,0.003462,0.010567,-0.003201,0.005352,-0.003194,0.006836,-0.003819,-0.008307,-0.003866,0.001294,0.001938,0.004168,0.010048,0.00519,-0.013554,0.000436,-0.003488,-0.004157,-0.002417,-0.000881,0.023804,-0.010118,0.000218,-0.003697,-0.009166,0.004846,-0.010083,-0.025465,0.012043,0.008981,-0.002893,-0.00067,0.00335,-0.014244,-0.003387,0.008156,0.012135
CANADIAN NATIONAL RAILWAY CO,-0.004222,-0.01594,-0.002757,0.03024,0.007632,0.011319,-0.019093,0.034902,-0.009404,-0.007202,0.000659,0.011368,0.006842,0.006553,-0.001929,0.009502,0.008057,0.010287,-0.012924,-0.006348,0.025635,0.000234,-0.004904,-0.00884,-0.009471,-0.001373,0.009536,-0.011272,0.01991,0.001338,-0.010848,-0.02114,-0.012747,-0.014391,-0.002169,0.014633,-0.014093,0.006771,0.009133,-0.018512,0.009557,-0.012871,0.002439,0.015188,-0.023392,0.035294,0.006213,-0.012594,0.007652,0.005471,0.004548,0.006225,-0.012856,-0.010093,0.013896,0.002676,0.003073,-0.047089,0.002877,-0.001941,-0.007524,0.014395
PROGRESSIVE CORP OH,0.004829,-0.009998,-0.00321,-0.005498,0.00537,0.01414,-0.010844,0.015975,-0.027054,-0.025747,0.00065,0.02316,0.016758,0.002656,0.011296,0.002157,0.007687,0.003662,-0.011781,0.00846,0.007855,-0.006735,0.009523,-0.009433,-0.002209,-0.003741,0.005365,-0.013722,0.004328,-0.012775,-0.013252,0.008532,-0.009478,0.004903,0.000944,0.015174,-0.004027,0.006532,0.00564,-0.003457,0.006475,-0.00651,0.003315,0.008452,0.002972,0.023417,-0.019315,0.007651,-0.005789,0.005217,0.005341,-0.022147,-0.018823,-0.018015,0.01358,-0.003996,0.016284,0.048611,-0.004134,0.001186,0.002443,0.007016
TARGET CORP,0.00207,-0.026672,-0.002497,-0.001064,0.001503,0.010946,-0.053397,0.074449,0.054386,-0.000346,0.039247,-0.131355,0.042066,0.00537,-0.029838,-0.001013,0.035158,-0.000184,0.01218,0.006047,0.004208,-0.012211,-0.005272,-0.056226,0.000775,-0.00832,0.002927,-0.012516,-0.014775,0.005599,0.01087,-0.032195,-0.007791,-0.012291,-0.009678,-0.006632,-0.006676,0.012734,0.016766,0.001718,0.017627,0.004516,0.018049,0.006525,0.010084,0.038182,-0.023728,-0.00243,0.019235,0.004907,0.03036,-0.015188,-0.007835,-0.010757,0.019548,0.014919,-0.00656,0.004035,0.017173,0.008861,0.001009,0.020512
DUKE ENERGY CORP NEW,0.00601,-0.009174,0.003661,0.004184,-0.014742,0.010517,0.002682,0.039058,-0.019876,0.002942,0.017601,0.008339,-0.014448,0.013296,0.002583,0.006595,0.008804,0.01096,-0.010139,-0.006794,0.020319,0.003803,-0.007876,-0.003919,0.013921,-0.009253,0.008737,-0.000996,0.019631,0.007623,0.00194,-0.007648,-0.021169,-0.001096,-0.0002,0.017064,0.000294,0.010201,0.006603,-0.007427,0.009135,-0.008186,0.006894,0.010704,-0.014789,0.018594,9.5e-05,0.002282,0.002182,-0.005489,-0.000952,-0.007239,-0.018902,-0.002738,-0.001471,-0.008152,0.003763,0.000493,-0.000789,0.002368,0.000591,0.007969
EOG RESOURCES INC,-0.001538,-0.005282,0.020577,0.027822,0.026085,0.015897,-0.058276,0.019267,0.033729,-0.006322,0.007662,-0.026137,0.00725,-0.024016,-0.008226,0.031889,-0.011572,-7e-05,-0.041994,0.033955,0.00453,-0.009794,-0.011171,-0.034756,-0.047339,-0.012755,-0.012603,-0.02328,0.019643,0.027406,-0.000235,0.005559,-0.006791,-0.001908,0.007648,0.027828,-0.028536,0.034125,0.011255,-0.035433,0.009655,0.006919,-0.039145,-0.000723,0.000161,0.024843,0.002197,-0.001096,-0.005956,0.02838,-0.001265,0.004635,-0.009765,0.019411,0.011121,0.010772,-0.010583,-0.001958,0.025887,-0.009343,-0.019011,0.001135
ZOETIS INC,0.012866,-0.035097,-0.110071,0.019292,0.031346,-0.011969,-0.022319,0.070887,0.041652,-0.014137,0.023011,-0.010279,-0.031562,0.014206,0.011604,0.008824,0.01238,-0.002459,-0.013125,-0.00189,0.042543,0.016219,0.00498,-0.013277,-0.014678,-0.018295,0.022829,-0.001887,-0.003455,0.013804,-0.020585,-0.020227,-0.028579,-0.008791,-0.005028,0.017197,0.000759,0.005033,-0.003156,-0.010117,0.030035,-0.0108,0.002047,0.014368,-0.023563,0.015057,-0.003928,0.04964,0.022933,0.01273,0.006316,-0.008389,0.002507,0.014722,0.011485,0.017948,-0.005157,-0.002291,0.016495,-0.018188,-0.002906,0.004797
U S BANCORP DEL,0.01013,-0.026353,-0.005988,0.032048,0.016344,0.014703,-0.021055,0.037697,0.001114,-0.02382,-0.001824,-0.019191,-0.003727,0.014262,0.00023,0.011984,0.004555,0.003401,-0.011749,0.019433,0.017941,-0.000881,0.006395,-0.037905,-0.022091,0.014439,0.0,-0.010331,0.008119,0.018178,-0.021695,-0.010395,-0.016106,-0.004745,-0.000477,0.018602,0.003278,0.008168,0.010417,-0.006873,0.016148,0.000918,0.023618,0.031138,-0.007821,0.014014,0.006478,0.001073,0.009644,0.010189,-0.005463,0.002324,-0.034359,-0.003929,0.01819,0.026044,-0.020978,0.053139,-0.009156,0.003285,-0.001228,0.020492
SOUTHERN CO,0.000764,-0.01114,0.000772,0.000925,-0.023879,0.009312,-0.007975,0.035782,-0.009435,-0.00845,0.020917,-0.000911,-0.013824,0.020487,0.00244,0.003347,0.006217,0.008288,-0.015992,-0.001671,0.029058,0.001183,-0.005611,0.002079,0.014819,0.000292,0.002628,-0.004659,0.039058,0.002534,-0.001404,-0.010406,-0.013358,-0.00749,0.008127,0.018137,0.000424,0.01385,0.007388,-0.008579,0.007537,-0.010805,0.006862,0.008484,-0.029375,0.017761,-0.001815,-0.005455,0.006328,-0.017049,-0.000284,-0.00384,-0.033262,-0.018754,0.010083,-0.003874,-0.002393,0.008396,0.003866,0.007109,-0.008382,0.003708
CANADIAN PACIFIC RAILWAY LTD,-0.001208,-0.013038,0.004903,0.028459,0.014626,0.004156,-0.026255,0.03626,-0.01615,-0.008598,-0.008936,0.028507,0.002965,0.009126,0.008279,0.01617,0.003481,0.009167,-0.012644,-0.002611,0.021067,0.007325,-0.001939,-0.02623,-0.015837,0.000507,0.016084,-0.01583,0.005572,0.005542,-0.018036,-0.025765,-0.013485,-0.012873,0.005781,0.013768,-0.011603,0.006937,0.005034,-0.018323,0.014506,-0.010874,0.003888,0.024172,-0.028687,0.040811,0.002322,-0.016214,0.011511,0.007759,0.015142,0.013652,-0.023444,-0.006385,0.017993,0.006439,0.00276,-0.037778,0.0,0.00715,-0.002065,0.020567
ILLINOIS TOOL WORKS INC,-0.001124,-0.017441,0.006823,0.019668,0.002649,-0.004821,-0.014254,0.059683,0.009721,-0.00318,0.009525,-0.000922,-0.005271,0.001899,-0.003835,0.012123,-0.000306,0.001268,-0.021007,0.000937,0.013817,-0.000176,0.003781,-0.01796,-0.011597,-0.006724,0.005543,-0.007049,0.020431,0.006332,-0.006425,-0.027741,-0.00555,0.002306,0.003682,0.01935,-0.009536,0.008084,0.007974,-0.014794,0.012929,-0.007524,9.1e-05,0.002269,-0.008785,0.03687,4.4e-05,0.002291,0.014111,0.007066,0.00396,-0.003987,-0.019414,-0.029895,0.023938,0.012065,0.001485,-0.004229,0.00127,0.008746,-0.003121,0.026484
H C A HEALTHCARE INC,0.01683,-0.033058,-0.005004,-0.003948,0.010995,-0.011996,-0.012567,0.064542,0.007101,-0.006516,0.028883,0.008513,-0.016017,0.012231,-0.004737,0.02511,0.010821,0.008808,-0.020972,0.00623,0.018702,-0.007285,0.002348,-0.015396,0.005396,0.006297,0.014363,-0.016313,0.021634,0.003831,0.006582,-0.020433,-0.002712,-0.00159,-0.001299,0.019047,-0.007205,-0.0017,-0.002949,-0.015123,0.016836,-0.001747,0.013544,0.023313,0.005706,0.01686,-0.018584,0.002442,0.007668,0.011216,0.01458,-0.002125,-0.006039,0.000857,0.0172,0.00922,-0.04219,0.003799,0.004771,-0.000314,-0.00577,0.006988
U B S GROUP A G,0.005675,-0.01442,-0.001908,0.047164,0.005478,0.000605,-0.006655,0.06821,0.060433,-0.017742,0.008758,-0.005969,-0.002729,0.002189,0.001092,0.001091,0.005994,0.004875,-0.026415,0.011074,0.009858,0.002711,-0.001623,0.001083,-0.010281,-0.003281,-0.002194,0.002749,0.001097,0.027382,-0.018124,-0.027144,-0.009487,0.006761,0.008954,0.027177,-0.00702,0.012507,0.001074,-0.005365,0.014024,-0.006915,0.015533,0.038502,-0.006602,0.016871,0.005028,0.012506,0.008893,0.011263,0.006295,0.020693,0.004243,-0.013146,0.007136,0.003779,-0.000941,0.006123,0.014981,-0.01107,-0.007463,0.008459
BECTON DICKINSON & CO,-0.008857,-0.025141,-0.030702,-0.000724,0.000453,-0.006563,-0.005467,0.050346,-0.007022,-0.015417,-0.007985,-0.001304,-0.009771,0.025829,0.040339,0.00392,0.007343,0.003034,-0.003024,0.015505,0.03452,0.005976,0.00618,-0.024447,-0.007392,0.008552,0.009737,-0.001492,0.02609,-3.9e-05,-3.9e-05,-0.013895,-0.003992,-0.004208,0.003139,0.01653,0.000908,0.00347,0.003262,-0.008539,0.014934,-0.010121,0.007393,0.007456,-0.010771,0.015785,-0.026567,0.011567,0.003054,-0.006051,0.00491,0.000586,-0.009492,0.001538,-0.000591,-0.016666,-0.015346,0.004191,0.009563,0.010757,-0.006711,0.008356
AIR PRODUCTS & CHEMICALS INC,0.006869,-0.027566,0.076885,0.045603,0.005687,0.019342,-0.010141,0.03377,-0.003902,0.022291,-0.001187,0.001969,-0.006167,0.010842,-0.000236,0.043015,-0.003267,0.005712,-0.017586,-0.007489,0.026408,0.006061,0.02051,-0.010897,-0.009112,0.01115,0.013562,-0.017039,0.016221,0.017965,-0.0004,-0.027313,0.000569,-0.008533,-0.003761,0.006239,-0.00601,-0.001791,0.000513,-0.0082,0.005716,-0.004913,-0.005482,6.5e-05,-0.015558,0.027699,0.004804,0.003209,0.00032,-0.008185,0.003836,-0.016121,-0.011391,-0.009905,0.015039,0.014192,0.014965,-0.004117,0.014613,-0.00777,-0.000796,0.021058
NORTHROP GRUMMAN CORP,-0.023916,-0.010413,-0.009033,-0.005214,0.022955,0.011519,-0.014401,-0.002907,-0.073158,-0.022245,0.039399,0.008807,0.027161,0.003026,0.014315,-0.0061,-0.004403,0.013822,-0.005589,0.006611,0.00935,-0.005607,0.028852,-0.007643,-0.017768,0.015795,0.000629,-0.021478,0.011797,-0.017919,0.011777,-0.006187,0.002611,0.005001,-0.00554,0.01741,-0.013772,0.006399,0.012005,-0.001441,0.002942,0.00666,-0.009677,-0.025688,0.003932,-0.013434,-0.049883,0.000767,-0.005769,-0.010042,-0.054408,-0.0127,-0.020875,-0.008407,0.019104,0.000244,0.018719,0.008665,-0.042781,-0.013124,0.003724,0.019942
EQUINIX INC,-0.021061,-0.009486,0.065726,0.043974,-0.007478,-0.016933,0.002851,0.083703,0.019444,-0.032788,0.033477,-0.014211,-0.012271,0.011673,0.011554,0.001802,0.02393,0.004302,-0.017861,0.012602,0.029346,0.010859,-0.009568,-0.010413,0.0038,-0.002548,-0.002598,-0.011034,0.006762,0.039155,-0.005064,-0.017159,-0.03402,-0.01445,-0.009177,0.021161,-0.016323,0.003969,-0.004714,-0.003117,0.019662,-0.01554,0.011419,0.026626,-0.028714,0.020163,0.010713,0.020539,0.028728,0.014291,-0.004756,-0.005389,-0.021337,0.000114,0.024617,-0.005194,0.004607,0.000208,0.013088,0.001412,-0.00734,0.018307
CANADIAN NATURAL RESOURCES LTD,0.007007,-0.007621,0.001836,0.01933,0.000164,-0.006702,-0.031924,0.035866,0.016081,-0.016796,0.023982,-0.025666,-0.010537,-0.006323,-0.004856,0.022716,-0.013327,0.003168,-0.018451,0.006774,0.004542,0.000837,0.003179,-0.047198,-0.029932,-0.00812,-0.001819,-0.005285,0.00971,0.023952,-0.007975,-0.016904,-0.036207,0.013921,0.013165,0.021348,-0.030534,0.046682,0.013971,-0.038862,0.024995,-0.004303,-0.060688,0.002301,-0.005356,0.048654,0.01192,0.003806,0.004875,0.022997,0.006849,0.019362,-0.00308,0.020597,0.014968,0.012096,-0.008677,-0.01569,0.020973,0.021035,-0.027362,0.016714
BANK MONTREAL QUE,-0.001412,-0.009135,-0.006366,0.040208,0.005522,0.010561,-0.021737,0.053627,0.015513,-0.008786,0.003324,-0.00763,-0.004148,0.003555,-0.013868,0.013242,0.006788,-0.000503,-0.030303,-0.002284,0.018002,0.012164,0.008281,-0.020032,-0.033626,-0.004125,-0.016992,-0.001404,-0.0066,-0.012633,-0.005184,-0.020401,-0.003509,-0.001136,0.016489,0.012641,-0.011379,0.009051,0.004762,-0.012124,0.017405,-0.00647,0.004857,0.028449,-0.008971,0.025218,0.002838,-0.00325,0.009885,0.012809,0.007094,0.006534,-0.013389,0.002981,0.013223,0.007688,0.0001,0.000703,0.018056,-0.00168,-0.012369,0.016463
MODERNA INC,0.028537,-0.038805,-0.007536,0.073966,0.035541,0.003475,-0.008505,0.03278,0.015662,0.045736,0.035972,-0.001186,-0.007287,-0.012561,-0.026653,0.016068,-0.01548,-0.002319,-0.005782,-0.012715,0.01594,0.031664,0.004794,-0.035207,-0.013585,0.031463,0.031844,-0.039794,-0.068903,0.19627,0.057761,-0.008136,-0.067358,-0.01759,0.05935,0.044144,-0.008094,-0.044447,-0.094987,-0.02037,0.013371,0.004249,-0.003507,-0.009107,-0.021707,0.039421,0.019961,0.030987,-0.015871,0.007608,0.020951,-0.006823,0.033195,-0.033702,0.01891,0.015259,-0.000914,-0.018754,0.000881,-0.02013,-0.044785,-0.026594
LAM RESH CORP,0.019591,-0.041652,-0.005309,0.066392,0.036778,0.022737,-0.027245,0.121713,0.031746,-0.040174,0.020886,-0.072054,0.012693,-0.009671,-0.014342,0.012152,0.012686,-0.017664,-0.022107,-0.002662,0.068612,-0.019561,-0.011811,-0.011078,-0.021012,0.002686,0.024129,-0.010549,0.031319,0.028785,-0.016179,-0.047369,-0.004798,-0.011781,-0.003032,0.024031,-0.086543,0.007357,-0.01616,-0.00656,0.044216,-0.000737,-0.014276,0.019696,-0.012782,0.06764,0.01608,0.01366,0.012407,0.012363,0.007723,-0.005658,-0.008705,-0.027844,0.041001,0.038688,-0.006683,0.001846,0.019144,-0.029874,-0.008801,0.044857
BLACKSTONE INC,0.01975,-0.006348,-0.046779,0.022833,0.023767,0.008353,-0.031845,0.15035,0.050715,-0.067666,-0.037472,-0.036574,-0.037537,0.012927,-0.019961,-0.022816,0.0082,0.016719,-0.021111,0.001249,0.037638,-0.070906,0.001411,-0.037459,-0.039527,-0.013845,0.018161,-0.007211,0.050841,0.011762,-0.034037,-0.039702,-0.025969,-0.025335,-0.005308,0.037625,-0.019779,0.007668,-0.01642,-0.02063,0.035892,-0.007492,0.026149,0.024695,-0.018203,0.034339,0.017167,-0.000621,0.031541,0.023956,-0.000235,0.009878,-0.022007,-0.041315,0.055763,0.033173,0.00444,0.007255,0.055706,0.021853,-0.010015,0.01117
FISERV INC,0.012459,-0.033263,-0.059566,-0.002644,0.021947,0.021683,-0.023355,0.050114,-0.005248,-0.004578,0.0034,-0.003687,-0.013903,0.012882,-0.004807,0.0162,0.010793,0.004016,-0.007123,-0.002359,0.027975,0.00642,0.004094,-0.031007,-0.018006,0.001395,0.009653,-0.008082,0.018184,-0.008881,0.003446,-0.033755,0.001117,0.000913,0.00902,0.01587,-0.01582,0.009243,0.003584,-0.009026,0.015914,-0.004236,0.001385,0.008398,-0.026063,0.027968,-0.001077,-0.010091,0.00485,0.008766,0.001367,0.014138,-0.007499,-0.010172,0.018301,0.014416,-0.017433,0.006653,0.017816,0.002164,-0.006949,0.008794
P N C FINANCIAL SERVICES GRP INC,-0.000124,-0.019035,-0.034146,0.020808,0.001278,0.012508,-0.019602,0.053359,0.011657,-0.014901,0.005206,-0.01517,-0.017631,0.014862,0.009308,0.014263,0.009213,0.006907,-0.030063,0.010823,0.023666,-0.020563,-0.003459,-0.06771,-0.008164,0.021336,-0.0049,-0.001685,0.017004,-0.017039,-0.028631,0.003743,0.001398,-0.001529,0.010123,0.014636,0.002534,0.004731,0.006064,-0.000641,0.01264,0.000697,0.010004,0.026392,-0.026629,0.03037,0.000426,0.004018,0.005456,0.017969,-0.019666,-0.01311,-0.060426,-0.026633,0.046278,0.028863,-0.005774,0.01111,0.010925,0.007658,-0.0019,0.01578
BOSTON SCIENTIFIC CORP,-0.008119,-0.019411,-0.00954,0.001445,0.008896,-0.000953,0.00334,0.040418,-0.028336,-0.006585,0.004261,0.013201,-0.018148,0.018009,-0.000466,0.013973,0.008039,0.005924,-0.008154,0.016214,0.017303,0.018776,0.010408,-0.025322,-0.005724,0.010408,0.015122,-0.001943,0.019468,0.001485,-0.000424,-0.018228,-0.01101,-0.000218,0.000873,0.005236,0.001519,-0.00195,0.003908,-0.009948,0.012451,-0.001726,-0.005619,0.01065,-0.015914,0.012456,-0.015972,0.010309,-0.005428,0.019646,-0.003854,-0.010531,-0.020634,0.008206,0.00352,0.005042,-0.000218,0.006108,0.004987,-0.009493,-0.002178,0.009605
AON PLC NEW,0.010658,-0.018841,-0.009816,0.012012,0.02642,-0.001115,-0.019806,0.054358,-0.011404,-0.005734,0.001957,0.005379,0.007906,0.01873,0.001261,0.006927,0.001481,0.009335,-0.005894,-0.00832,0.018333,-0.0169,0.012241,0.006389,-0.002526,-0.012404,0.00799,-0.002903,0.006281,0.00777,-0.01242,-0.008101,-0.016136,-0.00569,0.002525,0.017528,-0.009504,0.001466,0.001264,-0.004851,0.012921,-0.01068,-0.002399,0.011021,-0.007829,0.02324,-0.003254,0.003264,0.015814,0.011788,0.004116,-0.000725,-0.008992,0.015505,0.020191,0.001813,-0.005061,-0.004378,0.005946,-0.017055,-0.005512,0.005354
MICRON TECHNOLOGY INC,0.014048,-0.025702,0.000561,0.050112,0.007123,0.016443,-0.026439,0.076827,0.037332,-0.011836,0.021366,-0.067036,-0.002208,-0.002724,-0.02424,0.025542,0.005288,-0.008824,-0.04554,-0.011301,0.0459,-0.037468,-0.014597,-0.011705,-0.006662,0.002608,0.025641,-0.005978,0.008748,-0.001987,-0.011767,-0.046712,0.000576,-0.006722,-0.020108,0.010063,-0.034382,0.015578,-0.003586,-0.017993,0.031148,-0.010958,0.007803,0.076037,0.00941,0.037653,-0.007222,0.015082,0.014858,-0.013607,-0.005937,-0.001405,-0.005981,-0.002654,0.03726,0.057475,-0.009059,0.004571,0.020475,0.017038,-0.033819,-0.022849
TRUIST FINANCIAL CORP,0.00067,-0.02008,-0.028689,0.023441,0.007329,0.011596,-0.028771,0.078473,0.026499,-0.025603,0.00608,-0.017268,-0.009005,0.011968,0.010294,0.006287,0.000215,0.010554,-0.034101,0.013019,0.019604,-0.012604,-0.025097,-0.054816,-0.016436,-0.001194,0.005258,0.000476,0.032795,-0.006213,-0.022459,-0.01729,-0.004579,-0.004358,0.0,0.015321,0.017485,0.002589,0.00587,-0.006769,0.015276,-0.003935,0.013944,0.027962,-0.009142,0.031953,-0.001308,0.004367,0.008043,0.017468,0.008266,-0.008829,-0.029905,0.04307,0.004402,0.019199,-0.010238,0.009102,0.00164,-0.000409,-0.007985,0.019401
HUMANA INC,-0.006433,0.00918,0.006112,-0.019449,0.005217,0.005064,-0.007656,0.008727,-0.053323,0.002781,-0.032264,0.009163,0.005139,0.018529,-0.008907,0.010701,0.01413,0.004923,-0.012312,-0.002152,0.031436,-0.002782,-0.002899,0.00117,-0.001955,0.00518,-0.003314,-0.025468,-0.00643,-0.013076,-0.002963,-0.025062,-0.009657,0.002602,-0.00618,0.012736,0.008502,0.002986,0.000817,0.001808,-0.002566,-0.001968,-0.022843,-0.016724,-0.008331,0.009262,-0.021988,-0.000249,0.023692,0.002617,-0.005928,-0.001832,-0.011642,0.014379,0.011348,-0.00553,0.011728,0.003737,-0.005695,-0.035385,0.006685,0.055247
EATON CORP PLC,0.010462,-0.006792,0.026426,0.026522,-0.001828,-0.001326,-0.006827,0.0373,-0.003269,0.000309,0.004578,-0.004003,0.005503,0.014634,-0.002788,0.011729,-0.006728,0.004536,-0.021432,-0.002461,0.008017,-0.000551,-0.000306,-0.018064,-0.015902,-0.003422,0.009411,-0.002961,0.016111,0.017472,-0.013933,-0.03706,-0.005664,0.0,0.009126,0.014175,-0.012712,0.00442,0.003444,-0.010106,0.010273,-0.002542,0.005097,0.006783,-0.0102,0.024809,-0.001366,-0.002921,0.022941,0.003778,-0.001579,-0.012405,-0.030047,-0.035993,0.024035,0.021928,0.01743,-0.015771,0.011059,0.008328,-0.008444,0.00833
BANK OF NOVA SCOTIA,0.001863,-0.012394,-0.013386,0.035616,0.004299,0.008561,-0.014349,0.062333,-0.000193,-0.00695,0.017691,-0.013945,-0.000194,-0.001163,0.011639,0.01093,0.007587,0.004518,-0.009183,-0.029696,0.017544,0.000575,-0.019529,-0.024214,0.001801,-0.005194,0.007631,0.002391,-0.004573,-0.003196,-0.014426,-0.025005,-0.006672,-0.008816,0.016307,0.008752,-0.003305,0.012021,0.002048,-0.016963,0.023077,-0.004674,-0.011244,0.032935,-0.005686,0.020833,0.005602,0.001393,0.002186,0.016852,0.007019,0.00697,-0.01442,-0.00117,0.00918,0.007161,-0.00269,0.009056,0.019477,-0.001498,-0.00469,0.020166
CROWN CASTLE INC,-0.007504,-0.025858,0.003726,0.005645,-0.001615,-0.000154,-0.016716,0.086252,0.013054,-0.038158,0.006587,-0.002868,-0.014675,0.016614,0.024073,0.0,0.00726,0.007636,-0.025993,0.011562,0.016677,0.00198,-0.010867,-0.011058,-0.009739,0.010563,0.003532,0.004382,0.006508,0.030129,-0.040871,0.003782,-0.023406,-0.011575,0.004504,0.005157,0.008178,0.010177,-0.000365,-0.015117,0.026324,-0.020013,0.019684,0.03644,-0.018138,0.03524,-0.002265,0.011831,0.030523,-0.002243,-0.002579,-0.003646,-0.033664,-6.9e-05,0.019829,-0.022549,0.003661,0.001101,0.018286,-0.013907,-0.009037,0.023212
LAUDER ESTEE COS INC,0.031273,-0.081254,0.02011,0.086438,-0.02147,0.009126,-0.014816,0.068747,0.042624,-0.033082,0.028595,-0.017931,0.023552,0.023229,-0.062281,0.015394,0.001889,-0.012123,-0.012318,-0.007823,0.097004,-0.016243,0.030393,-0.031547,0.024107,-0.019068,0.043392,-0.009109,0.016763,0.015219,0.004271,-0.034588,0.001413,-0.019507,0.005926,0.026216,-0.006766,-0.004954,0.030163,-0.008458,0.015192,-0.007282,0.023377,0.031507,-0.002825,0.010108,-0.008264,0.003134,0.00442,-0.005159,0.018951,-0.000674,-0.014193,-0.014207,0.03102,0.025901,0.009727,-0.011618,-0.002628,-0.008894,0.001551,0.021644
GENERAL DYNAMICS CORP,0.00044,-0.014165,0.010432,0.001687,0.008903,0.003816,-0.011959,0.01587,-0.040832,-0.001275,0.013673,-0.00516,0.006738,0.006896,0.009508,0.003751,0.003061,0.005866,-0.012925,0.002914,0.004657,-0.000475,0.013755,-0.018886,-0.010482,-0.008337,0.00597,-0.002584,0.010444,-0.003565,0.001166,-0.015581,0.004079,-0.007475,0.009496,0.013584,-0.013522,0.005312,0.003389,-0.007116,0.009151,-0.004494,0.001975,-0.013596,-0.002447,0.014839,-0.012246,0.009502,0.004646,-0.003981,-0.029915,0.003537,-0.017168,-0.017679,0.005355,-0.001461,0.012906,-0.036398,0.005421,-0.002718,0.00255,0.021879
FREEPORT MCMORAN INC,0.038182,-0.057447,0.017736,0.115019,-0.021029,0.029318,-0.040327,0.07993,0.035102,-0.003943,0.005278,-0.01864,-0.027287,-0.00055,-0.005779,0.047883,0.004754,-0.023396,-0.025841,0.036474,0.06105,-0.005779,0.016427,-0.033814,-0.010293,0.00234,0.033982,-0.031862,0.007515,0.009774,0.00433,-0.032463,0.005505,-0.026069,0.011777,0.017196,-0.020286,0.011415,0.020473,-0.02572,0.011352,-0.008092,-0.002105,0.028481,0.021539,0.061245,0.013009,0.043894,0.013644,-0.001545,-0.001109,-0.019978,-0.00521,0.005009,0.028772,-0.01013,-0.008009,0.045974,-0.025515,-0.013861,-0.018742,0.014552
C S X CORP,0.000344,-0.018576,0.016474,0.021724,0.011137,0.000668,-0.018346,0.060822,0.023062,-0.004383,-0.015409,-0.002236,-0.009283,-0.002262,0.013277,0.020134,0.004699,-0.001559,-0.009994,0.017981,0.016164,-0.000306,-0.019278,-0.021841,-0.006061,-0.008023,0.019735,-0.003173,0.025462,0.016139,-0.002138,-0.027548,-0.003777,-0.01485,-0.014432,0.015945,-0.008008,0.009041,-0.00032,-0.012804,0.01297,-0.008323,-0.003228,0.012953,-0.011829,0.041734,-0.001863,0.00809,0.001543,0.001233,-0.002155,0.005552,-0.01135,-0.021098,0.01458,0.00125,-0.005928,-0.025424,-0.028986,-0.002322,-0.006649,0.034806
3M CO,-0.003895,-0.019473,-8.1e-05,0.016199,-0.001282,0.005374,-0.012126,0.042962,0.029656,-0.014664,0.00145,-0.0189,-0.000777,-0.003067,0.006863,0.0076,-0.004666,0.008125,-0.034098,0.011954,-0.001269,0.000159,0.007937,-0.018584,-0.000401,0.014208,-0.00277,-0.001905,0.008667,0.003469,-0.009427,-0.029423,-0.005638,0.003616,-0.010808,0.021935,-0.015147,-0.011925,0.000666,-0.016054,0.019275,-0.005391,0.021264,0.021883,-0.017499,0.030579,0.000552,0.010569,0.007726,0.001781,0.001237,-0.022469,-0.030411,-0.035194,0.018745,0.016328,-0.062143,-0.018,0.00549,0.014971,-0.023167,0.022206
WASTE MANAGEMENT INC DEL,-0.011681,-0.008306,0.012305,-0.008655,0.010143,0.014554,-0.00902,0.01909,-0.01898,-0.003604,-0.003173,0.006302,0.006389,0.013137,0.010051,0.002703,0.004717,0.002744,0.00079,0.002977,0.015992,0.004472,0.011858,-0.011896,-0.01329,-0.002114,0.004842,0.00494,-0.00024,-0.00024,-0.001259,-0.019035,-0.009671,-0.02596,0.001269,0.00938,-0.009669,0.009383,0.001821,-0.013354,0.009532,-0.012526,0.000956,-0.000764,-0.01931,0.036457,-0.007837,-0.021044,0.013427,-0.027454,0.00989,0.001167,-0.022479,-0.002717,0.010433,0.004012,-0.00262,0.005516,-0.003984,0.000721,0.003211,0.010647
C M E GROUP INC,0.001327,-0.003746,-0.011337,-0.001463,-0.005449,0.020384,-0.012702,0.019532,-0.000516,-0.002009,-0.000633,0.00633,-0.007776,-0.005936,0.023188,-0.012748,0.010043,-0.005682,-0.010686,0.009704,0.009668,0.007932,-0.007139,0.021231,-0.002717,-0.021624,0.0125,0.009199,0.011519,-0.015258,-0.018021,-0.014006,-0.007827,-0.002571,-0.00873,0.021751,0.001735,0.000924,-0.006635,0.001551,0.007265,-0.005912,0.004698,0.006688,-0.00194,0.031458,0.004055,0.00967,-0.010479,0.006064,-0.00614,0.002107,-0.001193,-0.00859,0.004533,-0.003999,-0.007054,0.001444,0.019552,-0.006166,0.001594,0.003978
COLGATE PALMOLIVE CO,-0.001354,-0.013154,-0.005222,0.011051,0.004236,0.004218,-0.004742,0.020555,-0.005335,0.0,0.010058,0.009161,-0.009472,0.01554,0.006016,-0.00715,0.007333,-0.00208,-0.00508,-0.005368,0.019876,0.003485,0.005402,-0.013432,0.001167,0.004404,0.007608,-0.004607,0.010671,0.001781,0.007492,-0.018402,-0.001541,0.002829,-0.003719,0.016733,0.003671,0.002144,0.006167,-0.014011,0.006978,-0.007308,0.004315,0.006445,-0.013812,0.018335,-0.015629,-0.005335,-0.015068,-0.00376,0.013144,0.004881,-0.024415,-0.014675,0.009442,0.000795,0.005828,-0.002239,-0.003167,-0.052165,0.018019,0.02264
UBER TECHNOLOGIES INC,0.119684,-0.031597,-0.002777,-0.011834,-0.024657,-0.009029,-0.032434,0.086629,0.010399,-0.002744,0.085999,-0.048464,-0.038615,0.00277,-0.024517,-0.006018,0.025285,-0.010073,-0.025965,0.0,0.049712,-0.027454,0.014467,-0.036522,-0.028159,-0.019317,0.001894,0.003781,0.018079,-0.00185,0.018162,-0.044776,-0.01029,-0.039276,0.000401,0.016026,-0.028391,0.0,-0.00974,0.007787,0.013013,-0.007226,0.025475,0.021688,-0.013894,0.033268,0.037879,0.023358,0.011056,0.023986,0.014123,-0.008152,-0.008219,0.002417,0.045815,0.005599,-0.019653,0.012028,-0.008914,0.011326,-0.024045,0.043875
SHERWIN WILLIAMS CO,-0.001111,-0.040262,0.006768,-0.00442,0.023771,0.018295,-0.015172,0.076577,-0.007364,-0.01332,0.027811,0.000914,-0.012873,0.012357,-0.003249,0.017512,0.026905,-0.00192,-0.015871,-0.016249,0.031502,0.009752,0.024403,-0.01614,-0.000513,-0.009232,0.013261,-0.00617,0.003954,0.019616,-0.039326,-0.018055,-0.015234,-0.009814,0.001974,0.015215,-0.003757,0.005678,-0.013393,-0.008103,0.01617,-0.016534,0.008596,0.020094,-0.067286,0.035346,0.000891,-0.008093,0.041264,-8.2e-05,0.00878,0.007809,-0.014245,-0.040652,0.046812,0.002976,0.013494,-0.009103,-0.089158,0.015463,0.010239,0.024731
MARATHON PETROLEUM CORP,0.049111,-0.0375,0.030245,-0.004653,0.015725,-0.003347,-0.027204,0.028655,0.017201,-0.005774,0.001825,-0.001167,0.004505,0.006478,-0.007179,0.052282,-0.007899,-0.003185,-0.026198,0.012713,-0.013445,-0.012971,-0.016635,-0.048888,-0.028101,-0.002654,-0.001376,-0.018558,0.041,-0.000809,-0.00162,-0.000631,-0.010102,0.012027,0.017467,0.013627,-0.025317,0.031079,0.014767,-0.019688,0.014495,0.001808,-0.046997,-0.003065,0.046573,0.009418,-0.009074,0.006393,0.009442,0.028997,0.007603,-0.001312,-0.003778,0.015827,0.020206,0.009227,0.026245,-0.003072,0.042678,-0.018471,-0.027926,-0.004801
INTERCONTINENTALEXCHANGE GRP INC,-0.016219,-0.014784,0.03066,0.012046,0.009108,0.019795,-0.021824,0.054288,0.017359,-0.002109,0.009126,-0.009805,0.000769,0.001057,0.010939,0.006455,0.008583,0.001683,-0.019044,0.002474,0.028194,0.011264,-0.002556,-0.019771,-0.012606,-0.0209,0.00879,-0.010628,0.018678,0.01064,-0.019459,-0.016453,-0.014283,-0.004764,0.001097,0.021516,-0.000878,0.003416,-0.006809,0.001567,0.017894,-0.014505,0.006238,0.006781,-0.01299,0.022617,0.003241,0.013398,0.019128,0.003128,-0.012841,-0.002044,0.002421,-0.006966,0.01459,0.001751,-0.022269,0.002259,0.015964,-0.002311,-0.011858,0.008344
ACTIVISION BLIZZARD INC,0.007005,-0.008866,-0.01046,0.000834,-0.011951,0.012658,-0.004722,0.027351,0.007063,-0.002428,-0.001082,0.006362,-0.007263,0.003929,0.009447,0.014438,0.009357,-0.040736,0.017014,-0.005086,-0.005246,0.016768,0.007581,0.007524,-0.002882,-0.002365,-0.015409,0.00535,0.029271,-0.008144,0.00404,-0.008697,-0.003797,-0.001183,-0.001448,0.000132,-0.002504,0.003303,-0.002107,0.003431,0.009336,-0.002736,0.004311,-0.00052,0.001562,0.008186,-0.004769,0.006087,-0.008881,-0.001299,-0.003121,-0.027394,-0.001073,-0.009667,0.001085,0.018689,-0.001462,-0.006258,0.012862,0.01336,-0.008485,0.008031
MERCADOLIBRE INC,0.019654,-0.074031,0.023024,0.077726,0.002355,-0.003933,-0.04211,0.042234,0.042072,-0.015704,0.063674,-0.04689,-0.046967,0.037697,0.000987,-0.006095,0.005506,-0.011284,-0.031769,-0.034819,0.046921,0.010768,0.004315,-0.066842,-0.021329,0.000834,0.023651,0.013842,-0.018104,-0.010906,-0.003848,-0.037138,0.010646,0.047738,-0.009454,0.027617,-0.029819,0.005794,-0.027348,-0.017242,0.031814,-0.023133,-0.023788,0.013715,0.02227,0.020302,0.027294,0.020584,0.022953,0.093414,0.057219,-0.011931,-0.001009,0.003574,0.023631,-0.002814,0.013617,0.018677,0.051245,0.027504,-0.048695,0.01712
MOODYS CORP,-0.001963,-0.031171,-0.005818,0.017045,0.020969,0.010401,-0.017444,0.121076,0.054748,-0.054032,0.017507,-0.006695,-0.023388,0.00873,-0.001334,0.010687,0.01223,0.010203,-0.030266,-0.008085,0.030187,0.026184,-0.014212,-0.034567,0.004463,-0.006562,-0.002821,-0.00652,0.010661,0.036387,-0.013295,-0.036154,-0.017779,-0.012209,-0.01236,0.02743,-0.011437,-0.001325,-0.008823,-0.012086,0.036298,-0.015233,-0.007717,0.027634,-0.026117,0.04702,0.003763,0.022215,0.034247,0.016166,0.006818,-0.00302,0.009248,-0.011122,0.023997,-0.000874,-0.015085,0.001173,0.007855,0.004305,-0.016835,0.027212
OCCIDENTAL PETROLEUM CORP,0.016529,-0.036585,0.014909,0.015382,0.03685,-0.015006,-0.092209,0.037539,0.054625,-0.014126,0.015693,-0.033589,-0.006534,-0.002939,-0.023298,0.045696,-0.022674,-0.011811,-0.029169,0.012898,0.005498,-0.009929,-0.008576,-0.027122,-0.033454,-0.002962,-0.003753,-0.015382,0.022844,0.003904,-0.009334,-0.008166,-0.009975,-0.001919,-0.000641,0.021805,-0.030284,0.03479,0.005942,-0.034976,0.003222,0.0114,-0.030799,0.000983,0.018164,0.02459,0.005177,0.001092,-0.000935,0.025745,-0.006541,-0.009034,-0.004635,0.019404,0.018882,-0.006128,-0.031128,0.001397,0.039833,-0.008198,-0.036219,0.010292
CHARTER COMMUNICATIONS INC NEW,-0.028889,-0.027325,-0.008625,0.013275,0.012786,0.003906,-0.013478,0.066537,0.056919,-0.016709,0.011036,-0.00811,-0.011879,-0.025788,-0.01437,0.044851,0.012139,-0.000308,-0.014457,0.002107,0.015599,-0.005444,0.009071,-0.012478,-0.042858,0.010022,-0.001547,0.016724,0.010064,0.02154,-0.163848,-0.04541,-0.027024,0.003935,0.010223,0.03896,0.007904,0.030999,-0.003384,-0.001352,0.019859,0.000472,0.007313,0.036361,0.020989,0.017431,-0.001496,0.020317,0.010116,0.018603,0.007783,-0.000309,-0.016712,0.006128,0.030999,-0.000252,-0.01005,0.029921,0.016421,-0.038939,-0.008798,-0.016959
SHOPIFY INC,0.01636,-0.036792,0.006864,-0.047125,0.002799,0.01737,-0.057927,0.181553,0.080252,-0.026369,0.042188,-0.037731,-0.020514,-0.029958,-0.037715,0.001988,0.042234,0.000544,0.033705,-0.02314,0.100404,0.061644,-0.007834,-0.052717,-0.044619,-0.012317,0.003897,-0.006729,0.0,0.010422,-0.013925,-0.048379,-0.008244,-0.016348,0.013803,0.005557,-0.041724,-0.02797,-0.009493,-0.022462,0.075368,-0.011111,0.027946,0.05213,-0.042355,0.025035,0.009227,-0.018553,-0.001644,0.008782,0.057943,0.028028,-0.02026,-0.028338,0.063584,0.087945,-0.030654,0.108691,0.021128,0.036209,-0.057708,0.044077
PINDUODUO INC,-0.017144,-0.005196,0.062675,0.086361,-0.002747,0.019443,-0.059758,0.082657,0.017642,0.003222,0.085334,-0.048049,0.044257,-0.00567,-0.036066,-0.012718,-0.000749,-0.014391,0.126236,0.059149,0.046028,0.020722,0.031049,0.01691,-0.010137,-0.012542,0.061641,-0.015366,-0.040575,0.031021,0.014312,-0.031774,-0.001377,-0.000919,-0.014951,0.003269,-0.00512,-0.017078,0.013924,-0.044366,0.012159,-0.010436,0.036542,0.077251,0.04799,0.005554,-0.004585,-0.014971,-0.011372,0.00473,0.037877,-0.022165,-0.055878,0.007482,0.02904,0.026497,0.010598,0.001869,0.084672,0.000191,-0.071934,0.008544
SOUTHERN COPPER CORP,0.064722,-0.040392,0.008543,0.109504,-0.012291,0.029223,-0.013866,0.053993,0.074173,0.00149,0.002646,-0.021768,-0.012475,-0.00956,-0.013271,0.038777,-0.002018,-0.009436,-0.019731,0.029499,0.028485,0.007211,0.008298,-0.021462,0.003628,-0.013638,0.023821,-0.012854,-0.003132,0.009755,0.003602,-0.022842,-0.002171,-0.004016,0.014953,0.02003,-0.012334,0.003286,0.018343,-0.018012,0.011955,-0.022657,0.020533,0.025799,0.025625,0.039482,0.02641,0.038161,0.023531,0.029792,0.017966,-0.021412,-0.000928,0.010884,-0.014575,-0.010926,0.015762,-0.000928,-0.007036,-0.002941,0.000134,0.008312
A S M L HOLDING N V,0.006266,-0.061109,-0.011359,0.065557,0.03121,0.041788,-0.028059,0.145732,0.027907,0.002394,0.034007,-0.034763,0.02138,0.007011,-0.021697,0.027435,0.012814,-0.019889,-0.014362,-0.007749,0.05062,0.005163,-0.00908,-0.008123,-0.012883,0.013995,0.009213,-0.015143,0.020562,0.029968,-0.019753,-0.047933,-0.0205,-0.009942,-0.009585,0.031607,-0.04305,-0.008238,-0.025736,-0.010313,0.0373,-0.009194,0.005802,0.038685,-0.009653,0.054005,0.042763,0.01941,0.017825,0.012223,0.010926,-0.002274,-0.008964,-0.033789,0.029512,0.04189,-0.008905,0.017194,0.003477,-0.024141,-0.025592,0.016192
METLIFE INC,0.009971,-0.005004,-0.006253,0.013678,0.004318,-0.007034,-0.008718,0.026797,-0.003078,-0.009397,0.00664,0.001077,0.007127,0.008145,0.005166,0.013572,-0.0026,0.002998,-0.015854,0.00449,0.008282,-0.000652,0.003392,-0.019633,-0.001592,-0.009166,-0.013138,-0.019291,0.013714,0.000683,-0.005326,-0.015651,-0.003208,-0.004337,0.008853,0.014626,-0.014278,0.006546,0.000692,-0.007052,0.011837,-0.003991,-0.00304,0.014414,-0.008061,0.013499,-0.030443,0.003224,0.0,-0.002515,0.007424,-0.004867,-0.019701,-0.010405,0.010946,0.007124,0.003961,0.008313,0.009223,-0.002492,0.001666,0.011918
THOMSON REUTERS CORP,-0.032367,-0.005251,0.010362,0.01577,0.004191,0.014512,-0.006358,0.038013,-0.004079,-0.00719,0.014851,0.019828,-0.005247,0.015108,0.000793,0.013728,0.002604,0.003723,0.001294,-0.022226,0.037181,-0.003993,0.005032,-0.009674,-0.02168,0.007357,0.000783,-0.00139,0.006177,0.007609,-0.001631,-0.020543,-0.00272,-0.016543,-0.000716,0.006268,-0.003203,0.011694,0.002824,-0.011263,0.017175,-0.002012,0.010871,0.023242,-0.027291,0.016642,-0.004285,-0.003959,0.009246,-0.001798,0.010465,0.00382,-0.009471,-0.00111,0.008291,-0.004832,0.006133,-0.002286,0.004667,-0.003125,-0.002033,0.010018
NORFOLK SOUTHERN CORP,0.008418,-0.019957,0.013532,0.029004,0.007827,0.002928,-0.024458,0.05396,0.032637,0.003069,-0.014066,0.006367,-0.016659,0.004887,0.010131,0.007382,4e-05,0.004819,-0.014941,0.019352,0.012393,-0.000546,-0.008933,-0.026607,-0.019247,-0.004123,0.017057,-0.006594,0.036878,0.019285,0.0019,-0.023721,-0.006699,-0.014366,-0.016518,0.015561,-0.005067,0.008352,0.008162,-0.014949,0.009846,-0.007212,0.005194,0.012919,-0.013631,0.033579,-0.006099,0.001652,0.005851,-0.007691,0.003777,0.005997,-0.007753,-0.018809,0.015127,0.01096,-0.002184,-0.050453,-0.007367,-0.009827,-0.002512,0.031905
GENERAL MOTORS CO,0.002548,-0.021093,-0.00026,0.012724,0.01,-0.008632,-0.025352,0.044141,0.034726,-0.02894,0.007764,-0.043986,0.004419,0.029244,-0.006286,0.011387,0.003503,0.008726,-0.026693,0.009396,0.020377,-0.000986,-0.013109,-0.02782,-0.019851,-0.001578,0.006322,0.002094,0.005486,0.007275,-0.010575,-0.019291,-0.039075,-0.020194,-0.006211,0.019886,-0.066017,0.008947,-0.015075,-0.02371,0.035045,-0.000891,0.005351,0.025724,0.008936,0.026,0.000278,0.033129,0.019132,0.013485,-0.047483,0.002739,-0.004644,-0.019484,-0.010635,0.030835,-0.006586,0.003315,0.004405,0.040296,-0.043742,0.083494
ENTERPRISE PRODUCTS PARTNERS LP,-0.005941,-0.011952,-0.002016,0.008081,0.002004,0.0008,-0.020783,0.019184,0.001201,-0.004,-0.000402,0.004821,-0.015994,0.015035,-0.010809,0.00607,-0.00362,-0.000807,-0.012121,0.011452,0.003235,0.0,0.001612,-0.015292,-0.010217,-0.014864,0.0,0.000838,0.011725,0.010348,-0.002868,-0.007395,-0.014901,-0.013445,-0.003833,0.006841,0.002972,0.013971,0.005845,-0.013699,0.01936,-0.004129,0.00456,0.00454,0.011915,0.015022,0.0128,0.001975,0.006701,0.004698,0.003507,-0.007767,-0.016047,0.013922,0.009808,0.013986,0.008812,-0.005697,0.005348,0.007979,-0.016962,0.000391
VANGUARD STAR FUNDS,0.010987,-0.012539,-0.003598,0.038233,0.002864,0.010812,-0.016145,0.049231,0.019941,-0.009584,0.010064,-0.007281,0.000772,-0.001157,-0.008303,0.011877,0.010198,0.002286,-0.011213,0.00788,0.020214,0.005234,0.00093,-0.013747,-0.004521,-0.002271,0.007207,-0.001506,0.000754,0.011871,-0.001304,-0.023867,-0.00554,-0.001174,0.003115,0.009509,-0.007689,0.002325,0.005412,-0.011919,0.016342,-0.009954,0.006767,0.017092,-0.008686,0.023429,0.005397,0.004073,0.006084,0.012095,0.005613,0.00072,-0.005398,0.00199,0.00993,0.004827,0.000178,0.004091,0.003543,-0.002295,-0.010439,0.005006
PIONEER NATURAL RESOURCES CO,-0.013572,-4e-05,0.010754,-0.002269,0.011174,0.005196,-0.067541,0.015347,0.041475,-0.000743,0.027208,-0.031556,0.009641,-0.025803,-0.021725,0.02687,0.013103,-0.000904,-0.035138,0.00522,-0.019894,0.013051,0.001422,-0.03776,-0.018362,0.014327,-0.035313,-0.0329,0.023178,0.026763,0.001334,-0.002265,-0.025333,-0.003883,0.007245,0.026907,-0.023985,0.0407,0.010563,-0.030838,0.010205,0.007544,-0.035641,0.012713,0.018292,0.02787,-0.014135,0.004345,0.001903,0.032729,-0.000794,-0.004561,-0.01652,0.018849,0.004279,0.008563,-0.015366,-0.006394,0.003302,-0.011013,-0.019455,0.002263
MONSTER BEVERAGE CORP NEW,0.006722,-0.027981,-0.00676,0.0752,0.009802,-0.010516,-0.016656,0.031903,-0.011883,-0.01223,0.012588,0.010699,-0.002319,0.007478,0.014042,0.020376,0.007464,-0.005388,-0.014414,-0.020514,0.030765,0.003792,0.007651,-0.017974,-0.007145,-0.00207,0.003062,-0.014773,0.007797,-0.003769,0.014536,-0.022081,0.01134,-0.003572,0.007369,0.007809,-0.011182,0.004464,0.007407,-0.006764,0.006909,-0.004803,-0.002068,0.008192,-0.017328,0.020422,-0.012496,-0.00613,0.011539,-0.016226,0.020392,0.000882,-0.013996,-0.008735,0.001402,0.0011,0.029068,0.004853,0.003767,-0.010779,-0.004086,0.016704
K L A CORP,0.014947,-0.027274,0.006466,0.04322,0.027863,0.014711,-0.013475,0.091047,0.032478,-0.00263,0.020216,-0.039243,0.015037,0.000931,-0.01124,0.027062,0.009027,-0.014548,-0.013394,-0.0016,0.050277,-0.006155,-0.002994,-0.002541,-0.013717,0.012655,0.020176,-0.00634,0.019064,0.020254,-0.006894,-0.05283,0.002053,-0.004876,0.005865,0.028167,-0.05779,0.009469,-0.016667,-0.009,0.032902,-0.00745,-0.001273,0.009773,-0.017779,0.064584,0.027013,0.019445,0.006919,-0.000191,0.002315,-0.009737,-0.00214,-0.031224,0.029222,0.028344,-0.005733,-0.001229,0.014529,-0.068547,-0.029271,0.012381
VALERO ENERGY CORP NEW,0.035444,-0.032077,0.030835,-0.007632,0.023773,0.003567,-0.032136,0.034766,0.011401,0.0212,0.028582,-0.029849,0.017561,-0.002103,-0.012062,0.044278,-0.01951,-0.005819,-0.025723,0.00267,-0.011686,-0.011899,-0.037567,-0.048084,-0.017361,0.01119,-0.027373,-0.019247,0.05242,-0.001077,-0.006637,0.001587,-0.004586,0.002848,0.018127,0.006564,-0.024943,0.039709,0.016403,-0.008385,0.007738,0.004275,-0.05376,-0.003499,0.058268,0.007663,0.007996,0.026676,0.012045,0.012874,0.005986,0.010872,-0.015188,0.021768,0.030765,0.002452,0.013629,-0.011584,0.046111,-0.045012,-0.021088,-0.001141
SYNOPSYS INC,-0.004717,-0.03455,-0.006474,-0.009739,0.014318,0.03939,-0.005144,0.098869,0.039654,-0.002173,0.010645,-0.008229,-0.021663,0.004996,-0.003283,0.006588,0.022419,-0.004936,-0.010582,-0.01659,0.049064,0.053896,-0.027023,-0.04854,-0.009811,-0.012865,0.021032,-0.0147,0.02637,0.011336,-0.01804,-0.024727,0.016367,-0.01741,0.003216,0.017847,-0.02574,-0.004694,-0.007058,-0.008303,0.021154,-0.008355,0.001221,0.00391,-0.018353,0.017458,0.016878,0.005154,0.020511,-0.003739,-0.00039,0.013004,-0.004862,-0.013049,0.033627,0.0231,-0.002997,-2.9e-05,0.021187,0.001682,-0.020685,0.011061
MCKESSON H B O C INC,-0.018825,0.020286,0.019985,-0.002339,-0.002143,-0.012708,-0.011644,-0.041168,-0.038102,0.013672,-0.020494,0.026917,0.009224,0.008676,-0.002542,0.024241,0.007995,0.006802,-0.007826,0.003786,0.001152,-0.005135,0.018777,-0.0114,-0.011505,0.01976,-0.010039,-0.026805,0.01707,-0.017631,0.003288,-0.010824,0.011839,0.007782,2.7e-05,0.013074,0.003496,0.004924,-0.00907,-0.007049,-0.006331,0.0,-0.002106,-0.000855,0.000107,0.032081,-0.010595,0.001859,-0.004887,0.000105,0.002547,0.004348,-0.013221,0.000846,-0.001796,-0.007962,0.00392,-0.001195,0.02146,-0.012809,-0.001345,-2.6e-05
MARRIOTT INTERNATIONAL INC NEW,-0.00025,-0.044231,-0.042552,0.016931,-0.004095,0.014493,-0.006179,0.056228,0.036714,-0.025949,0.014041,-0.001051,-0.010087,0.010877,-0.007297,0.017505,-0.00896,0.006502,-0.022396,0.014916,0.025363,-0.000968,0.002664,-0.021675,-0.009689,-0.019879,0.02149,0.003112,0.012472,-0.000306,-0.023234,-0.024603,-0.010424,-0.015736,-0.006342,-0.011037,-0.010286,0.009238,-0.001548,-0.018537,0.016277,0.006217,-0.007657,0.014281,-0.006539,0.030226,-0.005542,0.00413,0.03467,0.009592,0.011188,-0.004883,-0.007454,0.00776,0.036515,0.012642,0.003609,0.015917,0.013056,-0.001432,-0.017955,0.017407
PUBLIC STORAGE,-0.006812,-0.080029,-0.022437,0.003831,-0.012242,0.045128,-0.006976,0.063574,-0.025197,-0.015042,-0.005641,0.006918,-0.005909,0.014272,0.01373,0.006083,-0.00745,0.005015,-0.033689,0.007105,0.025327,-0.008323,0.001083,-0.021467,-0.001589,0.027094,0.019743,-0.016783,0.012836,0.008294,-0.005763,-0.004564,-0.041297,-0.007121,-0.007629,0.004995,-0.012973,0.0115,-0.0006,-0.017842,0.016511,-0.008458,-0.02145,0.014334,-0.024595,0.020238,0.016079,-0.000107,0.04442,0.008206,-0.017597,0.00251,-0.019959,0.006194,0.00539,0.006053,0.010177,-0.005173,0.017448,0.00649,-0.001437,0.018234
FORD MOTOR CO DEL,0.002244,-0.025373,0.015314,0.018854,0.014064,0.00146,-0.029883,0.065364,0.022567,-0.02,0.01707,-0.027972,0.000719,0.005751,-0.002859,0.008602,-0.002843,0.003564,-0.024858,0.001457,0.010909,0.01295,-0.015625,-0.034632,-0.007474,-0.013554,0.001527,0.004573,0.021244,0.008172,-0.006632,-0.033383,-0.069839,-0.035479,-0.018819,0.027027,-0.039898,0.004421,-0.014085,-0.022321,0.053881,0.007799,0.004299,0.028253,0.019983,0.026939,0.008744,0.01182,0.029595,0.015885,-0.052867,-0.003931,-0.020521,-0.018533,0.018062,0.032258,-0.004688,0.003925,0.010164,0.02709,-0.028636,0.048099
EMERSON ELECTRIC CO,-0.008661,-0.010483,0.02425,0.023905,0.024133,0.000219,-0.006794,0.043054,0.015319,-0.006811,0.014664,-0.009877,-0.006511,-0.009618,0.010352,0.01426,-0.001354,0.002399,-0.019767,0.000955,0.015481,-0.001357,0.012861,-0.017756,-0.008408,0.003816,0.002323,-0.007795,0.020809,0.019969,-0.003569,-0.025276,-0.003045,-0.004002,0.004864,0.018308,-0.017566,0.004838,0.011723,-0.014484,0.011547,-0.003113,0.000521,-0.007179,-0.004297,0.030944,-0.007044,0.005758,0.003885,-0.001527,-0.001326,-0.068219,-0.022249,-0.026006,0.005294,0.01889,0.005393,-0.00447,0.017288,-0.013132,0.002907,0.005909
DOMINION ENERGY INC,-0.003573,-0.009753,0.002752,-0.030334,-0.062416,-0.005084,-0.035133,0.032274,-0.011384,-0.060007,0.015873,0.012398,-0.020802,0.013534,0.006423,0.011925,0.012946,0.008193,-0.01479,-0.014022,0.022419,-0.001186,0.001656,-0.019845,-0.017209,-0.004292,0.005,-0.000172,0.02917,0.0,-0.011837,-0.007255,-0.003739,0.010747,0.00557,0.007889,0.007327,0.004959,0.016286,-0.00518,0.002929,-0.005191,0.026908,0.003811,-0.027686,0.006671,-0.004526,0.003897,0.008895,0.008496,0.000159,-0.006357,-0.011356,0.003236,0.006612,0.008811,-0.007782,-0.002561,0.004172,-0.002077,0.003843,0.015154
DOLLAR GENERAL CORP NEW,-0.003568,-0.017549,-0.001762,-0.004574,0.012979,-0.001273,-0.034422,0.04778,-0.018902,-0.008871,0.041834,-0.004159,-0.001015,0.006916,3.9e-05,-0.00097,-0.004389,0.003511,-0.016056,-0.000988,0.011192,-0.075641,0.032242,0.008075,-0.001952,0.014341,-0.001084,-0.021874,0.006372,-0.005514,0.016512,-0.002424,0.005549,-0.023404,-0.006228,0.014984,0.004048,0.008227,-0.001535,-0.008739,0.012244,-0.004879,0.001909,-0.013051,0.007885,0.012794,-0.030214,0.002945,-0.020475,-0.017947,0.004128,-0.006209,-0.025165,-0.00778,0.027353,0.001995,0.013199,0.018367,-0.005369,-0.004343,-0.013638,0.003049
VMWARE INC,0.0008,-0.005949,-0.024833,0.01429,0.005238,0.00557,-0.012508,0.036913,0.011866,-0.003449,0.00623,-0.008341,0.000954,0.009789,0.001802,0.013874,0.008109,-0.000754,-0.01459,0.00434,0.029315,0.001564,-0.006903,-0.009848,-0.008608,-0.003878,0.009733,0.013662,0.013809,0.00889,0.006872,-0.012525,-0.010001,-0.00772,-0.001821,0.010945,-0.003527,-0.000576,-0.000741,-0.009396,0.015143,0.006147,-0.003584,0.004905,-0.009681,0.036228,-0.014825,-8e-05,0.004829,0.005606,-0.005018,0.0004,-0.004161,-0.012213,0.008785,0.008547,0.005277,-0.005567,0.010637,-0.015589,-0.0209,0.005501
SEMPRA ENERGY,0.003379,-0.006009,0.013751,0.014547,-0.033069,0.013493,-0.01094,0.038382,-0.007572,0.006208,-0.001157,0.012739,-0.021155,0.024403,0.005892,0.009826,0.016653,0.002822,-0.002325,-0.010792,0.030188,0.006198,-0.007714,-0.0135,0.010141,-0.01772,-0.00197,-0.005861,0.02718,-0.005256,-0.005527,-0.011237,-0.028349,-0.000254,-0.004769,0.008657,0.001914,0.004521,0.00691,-0.015865,-0.002815,-0.008596,-0.005371,0.008653,-0.016512,0.01351,0.01676,0.002418,0.028887,-0.006973,-0.000621,0.005845,-0.031403,-0.005808,0.014187,0.004747,0.002394,-0.00088,0.009561,0.008287,-0.003646,-0.005644
SNOWFLAKE INC,-0.004991,-0.073668,0.01841,-0.120689,-0.024261,0.000465,-0.022453,0.151434,0.096506,-0.009849,0.035796,-0.057129,-0.041907,-0.010089,-0.03461,0.015729,0.021554,-0.011813,-0.025221,-0.03197,0.046427,0.077957,-0.027915,-0.09423,0.00811,0.004973,0.039735,0.011619,0.043936,-0.001988,-0.009165,-0.043901,-0.001402,-0.030537,0.02252,0.039232,-0.043475,-0.013393,-0.005271,0.004791,0.028609,0.008147,-0.056012,-0.037343,-0.068077,0.020566,0.083589,0.02611,0.012832,0.017393,-0.008935,0.034429,-0.038499,-0.034758,0.070837,0.03784,-0.030007,-0.00926,0.055456,0.045326,-0.040412,0.023019
CADENCE DESIGN SYSTEMS INC,-0.003039,-0.038693,-0.01537,-0.00315,0.025209,0.021199,-0.008954,0.096508,0.03012,0.006171,0.004824,0.000711,-0.022267,-0.000485,-0.019149,0.020635,0.013983,-0.001194,-0.014106,-0.008669,0.052104,0.027552,-0.024607,-0.034623,-0.016821,-0.018758,0.021608,-0.002377,0.014786,0.012885,-0.016406,-0.019581,0.005979,-0.013787,0.008761,0.018785,-0.022066,-0.001916,-0.008671,-0.010684,0.022673,-0.007966,-0.006225,-0.002568,-0.015261,0.01824,0.039208,-0.009643,0.025256,-0.002434,0.00714,0.021919,-0.002948,-0.002957,0.036697,0.02889,-0.005616,0.000548,0.017262,-0.003232,-0.023185,0.011564
KEURIG DR PEPPER INC,-0.025747,-0.022727,-0.018659,0.019014,0.01298,0.012814,-0.009752,0.009848,-0.015814,-0.021425,0.001368,0.002733,0.004088,0.015744,0.0155,0.008684,-0.000261,-0.001827,-0.001307,-0.002618,0.014961,0.001034,0.000775,-0.020134,-0.00764,0.007168,0.009752,-0.009919,0.004218,-0.011814,-0.00797,-0.019014,-0.015288,0.006931,-0.001652,0.007446,-0.00657,0.002204,-0.007424,-0.009141,0.001677,-0.004745,-0.003085,0.008158,-0.009766,0.027487,-0.006343,-0.009437,0.002242,-0.005591,0.003374,0.001121,-0.02239,-0.016318,0.010186,-0.000576,0.00836,-0.000572,-0.000858,-0.006585,0.000576,0.016129
KRAFT HEINZ CO,-0.006499,-0.002616,-0.00341,0.00079,0.003945,-0.001834,-0.009711,0.003711,-0.023237,-0.004596,0.005975,0.017549,0.001592,0.009271,0.008924,0.013528,0.008727,0.0,-0.000771,0.004374,0.007941,0.003558,0.00861,-0.005272,-0.005048,0.011923,0.006267,-0.004983,0.008513,-0.007696,0.004754,-0.008217,0.00226,0.00476,-0.007978,0.009801,0.00448,0.003964,0.010859,-0.012695,0.005935,0.000737,0.001719,0.01128,0.002182,0.030486,-0.009157,0.003081,0.005433,-0.003055,-0.000236,-0.002122,-0.063076,0.009581,-0.003996,0.009529,-0.010929,0.003265,-0.007259,0.000756,0.017133,0.003963
STELLANTIS NV,0.015533,-0.02622,-0.034405,0.048799,0.019202,0.0,-0.015217,0.064018,0.028354,-0.004707,0.00473,-0.00269,-0.005394,0.012203,-0.00134,0.018779,-0.009875,0.011303,-0.011177,0.011303,0.026956,0.006402,-0.022265,-0.007807,-0.005246,0.002637,-0.024326,-0.026954,0.009695,0.004115,0.004781,-0.018355,-0.020776,0.00495,-0.009852,0.018479,-0.031403,0.012248,-0.003559,-0.010714,0.035379,-0.009763,0.027465,0.032214,0.007304,0.018458,0.011003,0.016005,-0.004411,0.014557,-0.038054,0.001946,-0.011003,-0.009817,0.004627,0.005263,-0.003272,0.001313,0.00918,0.009747,-0.028314,0.04106
O REILLY AUTOMOTIVE INC NEW,-0.003787,-0.02265,0.005226,-0.00443,0.017726,0.003987,-0.005771,0.018282,-0.033478,0.011427,0.000242,0.010738,-0.004796,0.009988,0.009687,0.006782,-0.001537,0.006053,-0.003984,-0.003319,0.017429,-0.008513,0.001435,-0.017835,-0.015941,-0.001049,0.009134,-0.010235,0.007913,-0.018685,-0.005203,-0.008963,0.005662,0.005741,0.008819,0.012129,-0.011804,0.01186,0.012345,0.000924,-0.001137,0.000439,-0.003922,-0.016629,0.009132,0.009865,-0.016391,-0.002208,-0.001669,-0.017747,0.005698,-0.007027,-0.005755,-0.014098,-0.000441,0.001286,0.005904,0.001727,0.0002,-0.036796,0.023938,0.003445
FEDEX CORP,-0.01304,-0.022947,0.002329,0.011232,0.016469,0.001884,-0.009402,0.050367,0.057892,-0.00484,0.008583,-0.031147,0.004509,0.018538,-0.006181,0.011691,0.003928,0.001928,-0.019751,0.026615,0.024744,-0.009714,0.00532,-0.026515,-0.020102,-0.00445,-0.002148,0.009133,0.029246,-0.002763,0.006728,-0.027517,-0.008373,-0.017121,-0.026247,0.034317,0.033531,0.001366,0.006366,-0.022593,0.014447,-0.013387,0.023499,0.02358,-0.000937,0.024768,0.021371,-0.00527,0.018332,-0.001613,-0.016989,-0.002651,-0.002445,-0.01833,0.014384,0.022849,-0.00994,-0.007609,0.012406,0.002209,-0.034005,0.053129
AMERICAN ELECTRIC POWER CO INC,0.006938,-0.003615,0.005328,0.010036,-0.017528,0.014205,-0.006723,0.04532,-0.019826,-0.01467,0.006316,0.005828,-0.007466,0.024812,0.020486,0.006012,0.015153,0.003574,-0.002619,-0.005986,0.022715,-0.003306,-0.014096,-0.006308,0.019573,0.003113,0.010862,-0.011666,0.020398,0.00071,-0.001318,-0.029648,-0.010464,-0.006027,-0.003511,0.017829,-0.009125,0.012914,0.00627,-0.009658,0.006816,-0.011041,-0.000842,0.006851,-0.018216,0.029324,0.01471,-0.00684,0.003598,-0.012496,-0.016285,0.000211,-0.025406,-0.00887,0.005893,0.005316,0.000432,-0.003776,0.00693,0.00086,-0.002149,0.011737
K K R & CO INC,0.017273,0.007479,-0.027287,0.058787,0.023573,0.002284,-0.041018,0.119505,0.012416,-0.060617,0.010257,-0.019014,-0.022582,-0.001925,-0.009838,0.010131,0.004436,-0.004416,-0.025072,0.0,0.027102,0.012134,-0.005709,-0.051292,-0.01049,-0.034659,0.01943,-0.005594,0.006875,0.033313,-0.011814,-0.038095,-0.018749,-0.012452,0.005,0.030716,-0.021826,0.005578,-0.020909,-0.015036,0.034071,-0.006846,0.005601,0.03042,-0.014553,0.016456,0.030303,0.009871,0.041891,0.02757,0.006149,-0.008704,-0.009714,-0.04735,0.053069,0.013351,-0.009649,0.003747,0.032668,0.003254,-0.019279,0.025354
PALO ALTO NETWORKS INC,-0.004779,-0.052644,-0.074669,-0.050033,0.015751,0.06729,-0.016864,0.078446,0.011379,-0.021716,0.004019,-0.020261,-0.015903,0.06975,0.018749,0.006154,0.00833,-0.001906,-0.007988,-0.005135,-0.003578,0.050029,-0.032007,-0.015635,-0.019413,-0.011998,-0.023742,-0.011693,0.018125,-0.006367,-0.003235,-0.047682,-0.01042,-0.003179,-0.008238,-0.01246,-0.028965,-0.013133,-0.014582,-0.013505,0.020899,-0.004708,-0.007811,0.00065,-0.024758,-0.001924,0.001706,-0.006589,0.018779,-0.000805,0.016545,0.022613,-0.002289,-0.006811,0.038306,0.022177,0.012053,0.004234,0.048294,0.004211,-0.013456,0.006407
N X P SEMICONDUCTORS N V,0.039499,-0.021337,-0.025301,0.042872,0.04528,0.032996,-0.051438,0.06948,0.027014,-0.005473,0.034318,-0.045364,0.019235,0.010877,-0.017971,0.027006,0.010322,-0.014327,-0.049742,0.003595,0.067703,-0.013649,-0.013722,-0.015726,-0.031419,0.005335,0.045868,-0.010206,0.019738,0.007165,-0.010871,-0.037361,-0.008719,-0.021073,-0.004742,0.024575,-0.036223,0.001016,-0.024672,-0.013526,0.04232,-0.000569,-0.018857,0.018768,-0.028172,0.039867,0.008394,0.031683,0.016017,0.008771,0.009459,-0.008672,0.002055,-0.033279,0.021212,0.026884,0.000809,0.00537,0.034003,0.008443,-0.011347,0.026911
JOHNSON CONTROLS INTL PLC,0.002766,-0.015345,0.057433,0.056632,0.005015,0.011695,-0.015875,0.04401,-0.00405,-0.012201,0.012504,-0.008735,-0.00076,0.018398,-0.004927,0.013954,-0.009322,-0.001494,-0.015109,-0.006683,0.015902,0.006924,0.018236,-0.013359,-0.016515,0.004387,0.005724,-0.014977,-0.001977,0.014321,-0.000451,-0.025996,-0.017279,0.001736,-0.003309,0.02166,-0.007583,-0.000468,0.00312,-0.016796,0.019614,-0.007136,0.011563,0.016373,-0.011702,0.0326,-0.00551,0.007936,0.00416,0.011688,0.006581,-0.0154,-0.023757,-0.020103,0.018819,0.010295,0.019931,0.000588,0.010573,0.000436,-0.008569,0.019191
AMPHENOL CORP NEW,0.012396,-0.035691,0.002972,0.027205,-0.005638,0.00145,-0.019355,0.061493,0.003289,-0.008195,0.013093,-0.007528,-0.002149,0.009882,-0.001756,0.006409,-0.000125,0.003372,-0.031367,-0.005397,0.039147,0.005471,-0.003091,-0.01414,-0.015224,-0.002683,0.019088,-0.013074,0.021399,0.022197,-0.00305,-0.043686,-0.00627,-0.019315,0.003687,0.007215,-0.009377,-0.003287,0.007123,-0.019123,0.023101,-0.006265,0.003415,0.014791,-0.010706,0.024381,0.007,0.002275,0.017402,0.002727,-0.006551,0.003982,-0.02206,-0.019389,0.008917,0.01076,0.006717,-0.001007,-0.012223,0.003317,-0.004577,0.018904
EDWARDS LIFESCIENCES CORP,0.002209,-0.031409,-0.023467,-0.001748,0.003356,0.013378,0.004305,0.036577,0.028946,-0.015271,0.033329,-0.012243,-0.01746,0.017906,-0.012527,0.002834,0.021532,0.005928,-0.007596,-0.012272,0.032064,0.004013,-0.013022,-0.035271,-0.021395,0.00429,-0.001378,0.021109,0.0177,0.008497,-0.001843,-0.029939,-0.007342,0.005753,-0.000136,0.018251,-0.004147,-0.003492,-0.008087,-0.006523,0.028724,-0.007978,-0.004557,0.029622,-0.016869,0.024342,-0.00857,0.008775,0.008959,0.000515,0.007203,0.007023,-0.006974,0.002043,0.01045,0.009711,-0.036847,0.007522,0.006693,-0.000895,-0.026619,0.008414
PHILLIPS 66,0.029629,-0.038555,-0.001162,0.003491,0.018844,-0.003035,-0.009704,0.020655,0.047628,-0.009344,0.007709,-0.02214,0.019038,-0.006744,0.000367,0.0299,-0.014071,0.000632,-0.02672,0.010666,-0.004864,-0.003689,-0.012773,-0.023533,-0.010274,-0.000679,-0.020484,-0.028741,0.041531,0.000588,-0.008323,0.001876,-0.00818,-0.000298,0.020177,0.006917,-0.027286,0.03392,0.006157,-0.023236,0.019188,-0.000288,-0.029304,-0.003464,0.023242,0.026014,-0.03491,-0.004313,-0.001477,0.014198,0.001653,-0.005047,0.001951,0.016259,0.024717,-0.000187,0.000655,0.017195,0.024254,-0.024756,-0.021245,-0.05779
VANGUARD CHARLOTTE FUNDS,0.000503,-0.001252,-0.003135,-0.000629,-0.003356,0.003578,0.005872,0.013344,-0.005555,-0.003104,0.005812,0.004953,-0.000411,-0.003698,0.001237,0.002265,0.006986,-0.00102,-0.003676,0.00287,0.002657,0.005704,0.000812,-0.003245,0.003255,0.002839,-0.00364,-0.004059,-0.000204,0.000204,-0.000204,-0.006115,-0.00123,-0.003901,-0.007421,0.0,-0.002285,-0.002179,-0.003772,-0.000421,0.001894,-0.003781,0.008855,0.00418,-0.001249,0.00646,-0.002484,-0.001453,0.007691,0.0033,-0.002467,0.003916,0.005748,-0.001021,-0.0047,-0.002464,0.004322,0.00082,-0.002662,-0.002053,-0.004114,0.002892
AMERICAN INTERNATIONAL GROUP INC,0.001228,0.00368,0.005761,0.005381,0.021582,-0.000676,-0.011331,0.036435,-0.003301,-0.002484,0.00498,-0.011067,-0.007182,0.006393,0.004848,0.01281,0.001314,0.001969,-0.005566,0.011525,0.027181,-0.000158,-0.005547,-0.019442,0.0026,0.005511,0.003708,0.004015,0.015997,0.000787,-0.009125,-0.007182,0.005787,-0.01758,0.021637,0.00844,-0.014685,0.01218,0.002692,-0.006948,0.011767,-0.006129,-0.004902,0.014778,-0.005481,0.016375,-0.010535,-0.006576,0.000158,0.003467,0.011464,-0.009781,-0.024616,-0.007877,0.012152,0.010085,0.000951,0.005383,0.007559,-0.010159,-0.002527,0.000792
SUNCOR ENERGY INC NEW,0.018901,-0.027112,0.034908,0.024376,0.001107,-0.006081,-0.041435,0.038294,0.027382,-0.015502,0.022652,-0.020259,0.000276,-0.018467,-0.012075,0.026151,-0.009972,-0.009233,-0.034171,-0.022222,-0.017045,-0.011426,-0.005294,-0.027865,-0.034783,-0.00634,0.00403,-0.010033,0.025,0.025379,0.0,-0.018001,-0.020622,-0.006685,0.01817,0.027099,-0.021557,0.035844,0.013016,-0.020056,0.003518,0.011154,-0.047904,-0.01291,0.015761,0.035655,0.0051,-0.015541,0.010631,0.029646,0.004334,0.013872,-0.01581,0.02317,-0.002717,0.019679,-0.004751,-0.01074,0.043426,0.000578,-0.016753,0.019977
HESS CORP,0.015736,-0.020237,0.012108,0.031175,0.015082,-0.003026,-0.071347,0.015467,0.041047,-0.000481,0.027009,-0.018335,-0.000204,-0.018272,-0.021321,0.051022,-0.021673,-0.000966,-0.036198,0.017632,0.013594,-0.003752,0.004534,-0.023816,-0.035422,-0.006194,-0.009869,-0.030875,0.037427,0.022436,-0.007363,-0.010943,-0.009542,0.004661,0.01781,0.031468,-0.035569,0.047154,0.012211,-0.033261,0.016013,0.006815,-0.051474,0.015239,0.030827,0.020742,0.003619,-0.00416,0.011349,0.037728,0.009819,-0.003679,-0.005869,0.020364,0.006306,0.002326,-0.00825,0.026059,0.016151,-0.026116,-0.028672,-0.010608
AUTOZONE INC,0.000837,-0.022217,-8.9e-05,-0.00539,0.01619,-0.003756,-0.012306,0.001124,-0.023776,0.015729,-0.008697,0.01027,-0.012116,0.016532,0.01632,0.01112,-0.004836,0.018096,-0.0063,0.003955,0.008979,-0.010093,0.007294,-0.017371,-0.027702,-0.000676,0.013701,-0.013625,-0.001238,-0.023855,-0.013783,-0.000835,0.009307,-0.000538,0.002093,0.019433,-0.010953,0.011145,0.009738,0.002978,0.001117,0.00073,-0.014241,0.005923,-0.011814,0.028996,-0.018052,-0.002551,-0.00094,-0.028863,0.002488,-0.005488,-0.004648,-0.007416,-0.0004,-0.003288,0.009746,0.00694,0.02437,-0.019017,0.025003,0.004229
AUTODESK INC,-0.001167,-0.068535,-0.02588,-0.002729,0.006144,0.021193,-0.022109,0.145676,0.026193,-0.023995,0.040258,-0.048041,-0.029212,-0.020076,-0.018396,0.011622,-0.05663,0.018217,-0.026463,-0.00087,0.034686,0.02466,-0.028125,-0.013525,-0.019053,-0.006526,0.017017,-0.011799,0.028666,0.015709,-0.01458,-0.029741,-0.008809,-0.020062,-0.003288,0.022935,-0.021485,0.000319,-0.009938,-0.023565,0.034195,-0.006645,-0.009204,0.015177,-0.031336,0.028121,0.028207,0.004988,0.033604,0.00015,0.003151,0.000548,-0.013353,-0.009949,0.050242,0.026178,-0.023002,-0.019038,0.029432,0.011609,-0.008346,0.028883
GENERAL MILLS INC,-0.015813,-0.005978,-0.011277,0.001901,0.001644,0.004672,0.009804,-0.00946,-0.029279,-0.003625,0.006106,0.020919,0.008981,0.015795,0.011724,0.002318,0.007424,0.002295,-0.000482,-0.001085,0.029696,0.001407,0.012878,-0.002543,-0.010661,0.021551,0.003784,-0.019532,0.01165,0.001497,0.004139,-0.004351,-0.00023,0.002186,-0.045799,0.026826,-0.002226,0.002818,0.006205,-0.013731,-0.004483,-0.006281,-0.007513,0.008051,0.006199,0.018363,-0.008609,-0.00744,-0.00119,-0.016915,-0.000242,-0.007878,-0.042145,-0.012243,0.000129,-0.000775,-0.005039,0.011167,-0.013741,0.014193,0.004108,0.001918
FERRARI N V NEW,0.000966,-0.027265,0.004854,0.034698,0.003464,0.022062,-0.013754,0.056132,0.019079,-0.018906,0.012596,-0.006963,-0.001823,0.013018,-0.010216,0.010461,0.005685,0.002528,-0.010039,-0.00338,0.036381,0.022551,-0.006577,-0.012799,-0.011534,-0.004613,0.001136,0.00177,0.0082,0.013302,-0.001375,-0.012346,-0.01929,-0.009078,-0.009439,-0.000887,-0.006265,-0.007292,0.004692,-0.008255,0.030155,-0.010942,0.005368,0.019966,-0.016343,0.037023,0.02093,0.0139,0.007588,0.009114,0.000339,0.008223,0.007778,-0.007175,0.018446,0.005198,0.001642,0.00631,0.008918,0.024014,-0.009735,0.000239
CORTEVA INC,0.027089,-0.00298,0.001046,-0.024037,0.010249,0.017414,-0.002084,0.004623,-0.036304,0.030261,-0.00015,-0.020534,0.001224,-0.003515,-0.000767,0.014428,-0.004388,0.008055,-0.021107,0.009857,0.024249,-0.01355,0.016,-0.043827,-0.010876,0.001571,-0.000314,-0.011767,-0.011113,0.005619,-0.015006,-0.023825,-0.007471,-0.024757,0.01012,0.00849,-0.008251,0.008149,0.006399,-0.018909,0.00597,-0.003391,0.002552,0.012897,-0.01089,0.033367,0.001639,0.010473,0.005344,0.008054,0.002237,-0.000319,-0.018979,0.011543,0.00225,-0.007377,0.009855,0.009918,0.0,0.011088,-0.020367,0.030705
AFLAC INC,0.02611,-0.001796,-0.010796,0.018342,0.009527,0.002359,-0.006767,0.036286,0.004716,-0.022617,0.027944,0.008259,-0.003107,0.004958,0.006061,0.008687,0.000139,0.006944,-0.020828,-0.00155,0.014814,-0.000278,0.00598,-0.017971,0.000704,0.001547,-0.01236,-0.005119,0.012293,-0.002118,-0.003962,-0.015059,-0.004471,-0.001449,0.025247,0.011322,-0.007697,0.011846,0.006829,-0.010659,0.008535,-0.001942,-0.005004,0.00475,-0.00584,0.032727,-0.032367,0.007698,-0.00125,-0.00153,0.014624,-0.005628,-0.007731,-0.016694,0.005235,0.006897,0.017613,0.003983,-0.001779,-0.000685,0.001783,0.006298
CHIPOTLE MEXICAN GRILL INC,-0.013755,-0.047194,-0.011442,0.004095,-0.000859,-0.00482,-0.009945,0.069123,0.024087,0.004494,0.00684,0.002022,-0.021434,0.005791,-0.005384,0.007702,0.001946,0.004222,0.008157,0.016471,0.047813,-0.000695,-0.012886,-0.021354,-0.039609,0.000703,0.01427,-0.003096,0.022893,-0.00825,-0.006478,-0.032998,-0.017089,-0.032234,0.00947,-0.002233,-0.012202,0.003239,-0.010167,-0.014106,0.01935,-0.012428,-0.011791,0.003588,-0.008641,0.027783,0.031867,0.003242,0.01914,0.022485,0.008,0.01769,-0.025459,-0.005225,0.03394,0.027109,-0.001415,-0.019504,0.027053,0.004663,-0.002429,0.022685
ARCHER DANIELS MIDLAND CO,0.005671,-0.017738,0.00501,-0.011321,0.004307,0.008264,-0.034547,0.01311,-0.012834,0.013001,0.006894,0.006982,-0.006198,0.005814,0.010089,0.016231,-0.009112,0.006406,-0.011807,0.002078,0.010887,-0.063385,0.004271,-0.01025,0.000881,0.025537,-0.008264,-0.005628,0.015782,-0.001071,-0.004612,-0.004095,-0.00119,0.003683,0.00313,0.01431,-0.008274,0.012087,0.013634,-0.023877,-0.005341,-0.0029,-0.034464,-0.036364,-0.025003,0.02042,-0.006748,0.010074,0.005219,0.008191,0.011557,-0.003507,-0.035078,0.003647,-0.006564,-0.00472,0.016835,-0.002332,-0.00783,-0.014959,-0.016501,0.007295
CAPITAL ONE FINANCIAL CORP,0.007451,-0.033705,-0.042535,0.037543,0.021555,0.007638,-0.038564,0.123682,0.024952,-0.040258,-0.071794,-0.017381,-0.022799,-0.004827,0.023747,0.002369,0.000788,0.000886,-0.021038,0.025105,0.011364,-0.03797,-0.016412,-0.027331,-0.010419,-0.008508,0.003754,0.008869,0.032941,0.013741,-0.022861,-0.028468,-0.039957,-0.02475,0.005918,0.015047,-0.002564,0.013409,0.000662,-0.01157,0.03311,0.003129,0.000108,0.03044,-0.018998,0.032879,0.003915,0.010775,0.033401,-0.007565,0.018115,0.007584,-0.016694,-0.039156,0.064038,0.02822,-0.005695,0.089945,-0.000172,0.013009,-0.021943,0.034783
AIRBNB INC,0.020017,-0.13425,-0.025315,0.04423,-0.006556,0.036036,-0.031446,0.069005,0.07002,-0.040248,0.017592,-0.02411,-0.049124,-0.015408,-0.02107,-0.004493,0.014169,0.010763,-0.024265,0.000839,0.070874,-0.008518,-0.002666,-0.024653,-0.054715,-0.017397,0.036394,-0.001371,0.009293,-0.023436,0.006321,-0.035346,-0.011478,-0.040639,0.019667,-0.006277,-0.025267,0.004477,-0.020645,-0.011978,0.033216,0.003168,-0.007018,0.044994,-0.011384,0.009235,0.008134,-0.007844,0.066637,0.042884,0.019088,0.008967,-0.00158,-0.019879,0.021998,0.038902,-0.010359,0.002977,0.047683,0.059587,-0.055719,0.014889
ROPER TECHNOLOGIES INC,-0.002002,-0.025598,-0.013396,-0.004249,0.041891,0.009234,-0.000552,0.053412,-0.00016,-0.013163,0.007767,-0.010437,-0.004126,0.007891,0.003441,-0.004051,0.002034,0.006365,-0.028301,0.002877,0.032075,0.013306,-0.001934,-0.015883,-0.006318,0.000369,-0.001359,-0.005304,0.019823,0.009025,-0.0114,-0.020944,-0.012197,-0.00238,0.00274,0.014911,-0.005408,0.003734,0.007068,-0.016091,0.025083,-0.010942,0.005485,0.019058,-0.015404,0.019344,-0.000586,0.000113,0.019506,-0.001946,-0.000554,-0.013127,-0.01629,-0.01286,0.021773,0.003261,0.00711,-0.00437,0.000495,-0.023265,-0.024487,0.007722
CINTAS CORP,0.001684,-0.029094,-0.011712,-0.00073,0.022453,0.02658,-0.025498,0.058282,-0.001462,0.002636,0.002095,0.002023,-0.005452,0.013739,0.000645,0.012587,0.000176,0.00191,-0.00423,-0.008034,0.024607,0.001451,0.000173,-0.006746,-0.01478,0.001458,0.004103,-0.003691,0.008733,0.010931,-0.00679,-0.032159,0.001732,-0.003975,0.00097,0.046065,-0.025604,0.010475,0.003915,-0.017406,0.013103,-0.011664,-0.005823,-0.011493,-0.023207,0.019399,-0.001426,0.008294,0.020204,-0.017028,0.006028,-0.008999,-0.014993,-0.024235,0.020955,0.002795,0.005642,-0.007655,0.00966,-0.00866,-0.002813,0.017659
LAS VEGAS SANDS CORP,0.016575,-0.011905,-0.008643,0.063144,0.011431,-0.000983,-0.017462,0.027534,0.055298,-0.007387,0.021628,-0.000455,0.008426,-0.014905,-0.028657,0.007553,0.008667,0.002555,0.011119,0.023139,0.048813,0.001067,0.022819,-0.005421,-0.018868,0.007051,0.025037,-0.0207,0.022194,0.00641,0.001644,-0.002051,-0.023844,-0.023795,0.000431,0.010996,-0.007891,0.0,0.041703,-0.047049,0.019489,0.021028,0.026212,0.051895,-0.006938,0.000776,0.023463,0.019326,-0.010409,0.004884,0.027477,-0.00946,-0.001286,-0.000184,0.003679,0.015027,0.001444,-0.008113,0.060887,0.009423,-0.017651,0.01935
AGILENT TECHNOLOGIES INC,0.018359,-0.039889,-0.005988,0.012048,0.01433,0.005216,-0.012613,0.067883,0.013739,-0.013013,0.011067,-0.005946,-0.018216,0.012116,-0.007182,0.08075,-0.009626,0.010364,-0.029689,-0.00893,0.026766,0.007356,-0.002882,-0.019079,-0.008841,0.015725,0.016588,-0.021308,0.015561,0.015,-0.018077,-0.025515,-0.010341,-0.01574,0.006669,0.014602,-0.007196,0.001476,0.002144,-0.009763,0.020258,-0.008042,0.002606,0.010864,0.002901,-0.029189,-0.001354,0.052621,0.01894,-0.010621,0.002748,-0.009686,-0.008558,-0.007789,0.019952,0.020139,-0.021187,0.00045,0.003017,-0.003456,-0.025371,0.002241
TRAVELERS COMPANIES INC,-0.009108,-0.002571,-0.002688,0.00682,0.005845,0.004182,-0.014873,0.006314,-0.008565,0.005338,-0.017515,0.009136,0.009882,0.008911,0.005364,0.008515,0.004703,0.004787,-0.01371,0.004777,0.013888,-0.00353,0.002115,-0.012293,0.006891,-0.002387,0.003191,-0.011027,0.007864,-0.000321,-0.002192,-0.016449,-0.004195,0.003884,0.012424,0.019538,-0.01172,0.01218,0.005278,-0.012337,0.006963,-0.010294,-0.001973,0.000588,0.001709,0.033698,-0.024501,0.011104,0.002144,0.001879,0.010053,-0.045998,-0.007405,0.002233,0.007009,0.005558,0.036971,-0.012988,0.007183,-0.017438,-0.004503,0.017083
FIDELITY NATIONAL INFO SVCS INC,0.000603,-0.042991,-0.280483,0.052291,0.027921,0.013258,-0.015159,0.036941,0.021875,-0.013456,-0.010074,-0.030531,-0.013889,0.005732,0.002443,0.058967,0.011351,0.000758,-0.00682,0.03052,0.074782,0.008267,0.012025,-0.016068,-0.04309,-0.007171,0.014878,0.006878,0.013519,0.024993,-0.008082,-0.036183,-0.008167,-0.027015,0.005048,-0.012853,-0.003592,0.005107,0.00523,-0.010703,0.020286,-0.000736,0.01017,0.010651,-0.015591,0.016278,0.010101,-0.014286,0.006812,-0.002735,0.006784,0.023799,-0.024787,0.01996,0.040687,0.007576,-0.00094,-0.002553,0.009027,0.005875,-0.012479,0.008738
ECOLAB INC,-0.089705,-0.040215,-0.042848,0.025885,0.026494,0.022918,-0.005937,0.078066,0.02671,-0.017921,-0.000785,-0.019441,-0.012684,0.00142,0.001418,0.004045,0.007655,-0.007397,-0.023296,-0.003918,0.033952,0.014083,-0.003817,-0.006012,-0.013426,-0.003099,0.00811,0.00791,0.001064,0.014684,-0.014929,-0.033901,-0.008876,-0.016036,0.011543,0.010221,-0.008663,0.010416,0.006296,-0.011344,0.027191,-0.014556,0.011336,0.017322,-0.032919,0.031969,0.005085,0.013181,0.013469,-0.00564,0.006846,-0.007965,-0.018603,-0.01164,0.028802,0.009223,-0.004018,-0.008264,-0.003609,0.003161,-0.012276,0.029044
BLOCK INC,-0.017813,-0.073898,-0.01336,0.115007,0.042589,-0.002553,-0.084786,0.178116,0.063205,-0.019397,0.044258,-0.052194,-0.02243,-0.031916,-0.060316,0.014066,0.019133,-0.008448,-0.031714,0.012058,0.091129,0.020658,-0.014313,-0.073922,-0.029142,-0.003752,0.037662,0.01941,0.024768,0.072961,0.003097,-0.075228,-0.051298,-0.033115,0.016049,0.019052,-0.031799,0.004951,-0.016916,-0.01303,0.064997,-0.001271,0.028644,0.025681,-0.023982,0.066141,0.001015,0.014046,0.023419,0.001814,-0.002089,0.048151,-0.039814,-0.016225,0.073583,0.072216,-0.010654,-0.000248,0.0052,0.032516,-0.048193,0.024189
KIMBERLY CLARK CORP,-0.000884,-0.016727,-0.002045,0.004098,0.014692,0.002091,-0.00602,0.031899,-0.002583,0.000863,0.004547,0.006789,-0.001085,0.019632,0.015906,0.011162,-0.00726,0.007687,-0.012738,-0.001125,0.018549,0.007152,0.009736,-0.00551,-0.008457,0.005073,0.008925,-0.004095,0.012922,0.005436,0.002812,-0.019267,-0.008063,0.002513,-0.002064,0.011671,0.003505,-0.00211,0.008968,-0.013441,0.005274,-0.010857,0.010018,-0.002188,-0.009283,0.02147,-0.010329,-0.008466,0.003312,-0.000513,0.004331,0.000219,-0.029373,-0.005119,0.022473,-0.00666,0.00298,-0.019089,-0.013554,-0.010363,0.000543,0.007908
NUCOR CORP,0.023748,-0.042974,0.000388,0.037198,0.00569,0.001266,-0.025429,0.060731,-0.001942,0.024791,0.01301,-0.017008,0.003531,-0.000493,0.049356,0.020867,-0.015905,-0.003606,-0.011127,-0.00366,0.020137,-0.004668,0.033166,-0.020687,0.013046,-0.020787,0.007009,-0.025058,0.006731,0.009388,-0.010171,-0.09349,-0.003729,-0.013773,0.016773,0.025976,-0.003929,-0.006062,0.00338,-0.017211,-0.000894,-0.013103,-0.00569,0.045323,0.000365,0.050201,-0.019871,0.071525,0.022096,0.007832,0.011881,-0.015423,-0.01792,-0.010174,0.017706,0.002476,0.00117,0.01714,0.083934,-0.017371,-0.002996,0.015928
CENTENE CORP DEL,0.009397,-0.010125,0.000235,-0.039375,0.014927,0.012658,-0.001429,0.006557,-0.027952,-0.000366,-0.028888,-0.002008,0.017859,0.021624,-0.006773,0.010229,0.008076,0.014708,0.000825,-0.006005,0.031154,-0.014245,-0.000233,0.006528,-0.004864,0.016525,-0.009845,-0.002775,0.00742,-0.042237,-0.002644,-0.03241,0.013573,0.000246,-0.012773,0.0158,0.007226,-0.007417,-0.000612,0.0,0.001716,0.003549,-0.02768,-0.003511,-0.027687,0.018121,-0.013603,-0.018946,0.030478,-0.003315,-0.014582,-0.003894,-0.021501,0.010254,0.003823,-0.004728,-0.000396,0.003828,0.007364,-0.017752,-0.007309,0.020616
T C ENERGY CORP,-0.003643,0.00617,-0.007722,0.019913,-0.001347,0.006067,0.017869,0.03928,0.018792,-0.017409,0.008437,0.011713,-0.007029,-0.003956,-0.008779,0.022564,0.006599,0.009219,-0.017458,-0.067769,-0.014184,-0.015962,-0.012566,-0.017353,0.002119,-0.00094,0.003293,-0.008439,0.004255,0.016949,-0.020139,-0.022443,-0.0261,-0.012903,-0.00176,0.017628,-0.018312,0.026216,0.007369,-0.024628,-0.007089,0.005296,-0.021325,0.009228,-0.021336,0.046976,0.013634,-0.002446,0.018877,0.017084,0.012302,0.006777,-0.00766,0.005614,0.010002,0.002073,-0.012871,-0.003027,0.008641,0.003705,-0.021453,0.016973
B C E INC,0.001996,-0.003319,0.001554,0.016626,-0.004143,0.001752,-0.009836,0.034658,0.006401,-0.00318,-0.007869,0.002572,-0.005559,0.017846,-0.004436,0.005304,0.00591,0.007763,-0.011868,-0.007375,0.01125,-0.002099,-0.005679,-0.004443,-0.007862,-0.001499,0.000858,-0.005572,-0.000862,0.003883,-0.006726,-0.024588,-0.006752,-0.009517,0.00183,0.005709,-0.003633,0.006381,0.002264,-0.019657,0.016824,-0.003853,0.002503,0.019746,-0.003561,0.0239,0.0,-0.001527,-0.004588,0.018876,0.00517,0.007287,-0.014468,-0.003886,0.012137,-0.010278,0.001082,0.004322,0.009253,-0.001706,0.002563,0.007669
NUTRIEN LTD,0.015148,-0.032642,-0.140636,0.027766,-0.001774,0.062876,-0.042181,0.063104,-0.031574,0.014476,0.022239,-0.02251,0.015567,-0.014441,-0.012982,0.053913,-0.010874,0.028857,-0.026226,0.017955,-0.015189,-0.022886,0.011202,-0.010574,-0.015013,-0.015112,0.001705,0.006023,0.00963,-0.006832,-0.012849,-0.016566,-0.014706,-0.010991,0.006037,0.01091,-0.015648,0.014801,0.004727,-0.01707,0.009846,-0.004634,-0.019307,0.005027,0.035288,0.037708,-0.005949,-0.033173,-0.003095,0.029289,-0.014293,0.014634,0.01416,-0.01448,0.033976,0.003552,-0.00493,0.006607,0.031554,-0.011257,-0.014107,0.039162
STMICROELECTRONICS NV,0.006427,-0.036398,-0.008946,0.061184,0.019219,0.039567,-0.022896,0.123554,0.021398,0.003447,0.025106,-0.025264,0.013753,-0.000522,-0.015662,0.023071,0.003629,-0.009039,-0.032056,-0.006193,0.053373,-0.003344,-0.002065,-0.004913,-0.018711,-0.001854,0.026798,-0.011886,0.019351,0.023638,-0.021084,-0.041538,-0.007223,-0.011318,-0.000545,0.02318,-0.039179,-0.005548,-0.020084,-0.009963,0.027315,-0.004478,-0.006185,0.032532,-0.010959,0.055679,0.03831,0.01491,0.008964,0.005923,0.009323,0.014341,0.01342,-0.036888,0.026025,0.028715,-0.012794,0.020971,0.077544,0.02356,-0.017995,0.006179
MOTOROLA SOLUTIONS INC,-0.027312,-0.01231,-0.00717,0.070073,0.00259,0.00497,-0.012383,0.023618,-0.038827,0.005691,-0.002152,0.021365,-0.000977,0.029079,-0.00213,0.010214,0.003546,0.009135,-0.009127,-0.005715,0.029267,-0.001543,0.003385,-0.016392,-0.00768,0.002329,0.011245,-0.015642,0.019844,-0.013624,-0.001647,-0.03269,-0.018278,0.008517,0.004831,0.006567,-0.008078,0.004737,0.0,-0.011028,0.01974,-0.00425,-0.001203,0.002409,-0.011239,0.03418,-0.012242,0.006677,0.007585,0.0014,0.004911,-0.010225,-0.024422,-0.016857,0.011009,0.005914,-0.002297,0.009132,-0.005105,-0.011079,-0.008491,0.018911
CONSTELLATION BRANDS INC,-0.014732,-0.017171,0.01233,0.014167,0.00678,-0.012617,-0.014751,0.017682,0.012171,-0.010283,-0.004132,-0.000945,0.006743,0.011394,0.019261,0.010221,0.006627,0.003117,3.9e-05,-0.01499,0.014627,0.005323,0.009006,-0.023712,-0.028408,-0.003877,-0.001135,-0.017615,0.014254,-0.01886,-0.005439,-0.017324,-0.017162,-0.004625,-0.000521,0.01399,-0.010198,0.00606,-8.6e-05,-0.002195,0.012593,-0.01299,-0.017907,0.015642,-0.097249,0.026596,0.005975,0.020834,0.012,0.00247,0.00811,-0.005422,-0.018679,-0.013707,0.019807,0.014125,0.015625,0.006286,-0.001878,0.001269,-0.010621,0.022796
IQVIA HOLDINGS INC,-0.001335,-0.02407,-0.002398,0.001177,0.019059,-0.000337,-0.017362,0.089423,0.017746,-0.018408,0.00877,-0.001293,-0.056245,0.011163,0.005239,0.004653,0.00843,0.01038,-0.025139,-0.009093,0.025977,0.011604,-0.012786,-0.026639,-0.00972,-0.010387,0.013096,-0.008935,0.022107,0.017172,-0.011947,-0.027076,-0.022216,-0.019335,0.007706,0.015741,-0.006893,0.003446,-0.004415,-0.005273,0.029425,-0.014051,-0.005027,0.019229,-0.003513,-0.008162,0.015242,0.033671,0.027934,-0.009164,0.012027,-0.002701,-0.004469,0.007889,0.005938,0.022986,-0.012984,0.003189,0.008918,0.004157,-0.013902,0.013832
REALTY INCOME CORP,-0.000964,-0.018325,0.00917,0.022392,0.001905,0.003326,-0.001421,0.033518,-0.005966,-0.01385,0.0103,-0.013902,0.008929,0.004502,0.009274,0.0,-0.011945,0.005115,-0.047957,0.00907,0.01634,-0.004122,0.001433,-0.010493,0.007551,0.013714,0.007708,0.006088,0.003414,0.004484,-0.004618,-0.000309,-0.017946,0.000945,-0.006767,0.017905,-0.012298,0.01513,-0.004658,-0.013726,0.012652,-0.00549,0.005833,0.012696,-0.018883,0.010885,0.009675,-0.008655,0.028999,0.008333,-0.005409,0.010576,-0.012707,-0.011054,0.016383,0.008286,0.00254,0.00313,0.009805,0.004855,-0.00776,0.004552
MICROCHIP TECHNOLOGY INC,0.010042,-0.027582,-0.019459,0.073999,0.026151,0.03403,-0.018595,0.111579,0.025839,-0.012396,0.027374,-0.042891,0.002037,0.00515,-0.021464,0.040554,0.019154,-0.012399,-0.017576,-0.001614,0.066963,-0.010986,-0.012896,-0.009442,-0.018804,0.001198,0.021135,-0.012236,0.019109,0.001035,-0.016794,-0.044672,-0.00055,-0.016375,-0.003637,0.024431,-0.041804,0.000286,-0.01287,-0.016804,0.038014,-0.002839,-0.01637,0.024457,-0.023874,0.053111,0.014154,0.022358,-0.000663,-0.002122,-0.004253,-0.005739,-0.00792,-0.029093,0.025784,0.036821,-0.007732,0.005415,0.027979,-0.007411,-0.025747,0.025634
M S C I INC,0.002602,-0.03476,-0.005708,0.021634,0.002777,0.012354,-0.003249,0.095823,0.005238,-0.039288,0.0219,0.00833,-0.031782,-0.001588,0.006241,0.01885,0.012095,0.006899,-0.03182,-0.019437,0.04423,0.026702,-0.00491,-0.027639,-0.009098,0.001,-0.000839,-0.014861,0.009583,0.029662,-0.026444,-0.043733,-0.010678,-0.020463,-0.008529,0.031354,-0.021255,0.003245,-0.007309,-0.01301,0.038465,-0.014303,-0.008621,0.028103,-0.031638,0.021541,0.024584,0.015691,0.032864,-0.000139,0.002361,0.009975,-0.007721,-0.020836,0.032211,0.006292,0.009437,-0.021545,0.012917,0.009142,-0.025696,0.049353
NEWMONT CORP,-0.014414,-0.052266,-0.044017,0.084679,0.008051,0.058809,-0.0096,0.071082,0.002586,-0.005158,-0.012962,-0.004377,-0.018026,0.010298,-0.002881,0.025111,0.002601,-0.008649,-0.03337,0.032491,0.037369,0.023173,0.002059,-0.024656,-0.007373,0.013158,-0.001483,-0.01528,0.0,0.016164,-0.000848,-0.03269,0.012508,-0.011704,0.044298,-0.0063,0.003804,0.007368,0.018809,-0.028308,-0.000211,-0.003378,0.050424,0.038927,-0.005824,0.028901,-0.00892,0.017809,-0.012982,0.017919,0.01779,-0.034591,-0.017915,0.018242,0.016581,0.005437,-0.004475,0.031841,-0.017426,-0.014964,-0.010878,0.003603
SIMON PROPERTY GROUP INC NEW,0.044595,-0.019589,0.008691,0.026559,0.011249,-0.012407,-0.02166,0.063054,0.001333,-0.022213,0.022377,-0.038033,0.00173,0.018223,-0.006107,0.018775,0.001927,0.009113,-0.040928,0.014686,0.016857,-0.0036,0.002773,-0.013826,0.004843,0.00668,-0.001092,-0.003159,0.016017,0.013657,-0.004408,-0.01253,-0.015989,-0.006018,0.000346,0.007695,-0.00163,0.013321,0.001611,-0.025741,0.019642,0.001364,0.000511,0.030798,-0.030868,0.012349,-0.004627,-0.012424,0.038597,0.038151,-0.003334,-0.00438,-0.022156,-0.010798,0.022492,0.010675,0.003841,-0.002073,0.009106,0.018048,-0.020683,0.019929
EXELON CORP,0.004405,-0.018576,-0.028391,0.005952,-0.013448,0.028081,-0.00053,0.034757,0.002821,-0.018218,0.004729,-0.004707,-0.015239,0.029349,0.00311,0.01938,0.010646,0.005016,0.003993,-0.005717,0.03425,0.003868,-0.001926,0.007238,0.026826,-0.013063,-0.012763,-0.008379,0.026074,0.000941,0.006582,-0.010276,-0.010618,-0.003816,0.006943,0.013552,-0.00258,0.01223,0.002556,-0.004867,0.004425,0.002319,-0.001619,0.013207,-0.021724,0.020804,0.010992,-0.010419,0.0103,-0.017218,0.0,-0.005071,-0.021548,-0.004499,0.007136,-0.012282,-0.007413,-0.002168,0.004346,0.002163,0.001439,0.010539
VANGUARD SCOTTSDALE FUNDS,0.00038,-0.001625,-0.000678,0.002578,-0.000812,0.00149,0.001758,0.011611,0.000267,-0.002001,0.003342,0.001865,-0.001862,-0.000533,-0.0004,0.001334,0.001998,0.000133,-0.000532,-0.001463,0.00546,0.002644,0.001324,-0.003966,0.000531,0.003581,-0.00185,-0.000794,-0.00053,0.003845,0.000264,0.00066,0.000264,-0.002639,-0.001852,0.002518,-0.000264,-0.000141,-0.003446,-0.000532,0.001863,-0.001328,0.001064,0.001727,-0.001989,0.006246,0.001189,-0.000528,0.00198,0.003556,-0.001575,0.000657,0.004072,-0.000523,-0.000916,-0.00131,0.001181,0.000393,-0.000393,-0.000786,-0.001311,0.004334
BIOGEN INC,-0.011996,-0.005963,0.006754,0.005602,0.009935,0.005411,-0.013454,0.029719,-0.0043,0.033201,0.002408,0.000767,0.0068,0.002781,-0.00416,0.016875,-0.010661,0.005602,-0.043421,-0.001679,0.047219,-0.010879,-0.009773,-0.020575,-0.004372,0.002333,-0.01044,-0.012902,0.018292,0.002237,-0.00752,-0.019408,0.005433,-0.002105,0.011006,-0.002261,-0.021788,-0.005167,-0.015726,-0.002657,0.007152,0.003333,-0.015492,-0.006676,0.00288,0.028204,-0.016222,0.024534,0.012684,0.010701,-0.000139,0.005381,-0.021133,-0.011783,0.020134,0.021556,-0.000171,0.001576,-0.001437,-0.006303,-0.014272,0.017346
PARKER HANNIFIN CORP,-0.005781,-0.018654,0.00924,0.044414,0.005889,-0.004624,-0.033484,0.053314,0.017309,-0.005218,0.013357,-0.005433,-0.016905,0.004899,0.005824,0.006441,-0.009826,-0.001045,-0.035814,-0.002643,0.015801,-0.00475,-0.000471,-0.015166,-0.009492,0.006791,0.000171,-0.00914,0.022112,0.008282,-0.004358,-0.024782,-0.013396,-0.010674,0.013866,0.019608,-0.005886,0.001515,0.005533,-0.019483,0.017883,-0.003425,0.002612,0.017583,0.004076,0.035055,0.003144,0.003166,0.002641,0.012399,0.007329,-0.008756,-0.021925,-0.032488,0.025218,0.020929,0.003144,-0.007963,0.013572,0.017143,-0.007817,0.027419
DOW INC,0.004065,0.0,-0.009376,0.054635,0.009586,0.00303,-0.039678,0.047819,0.063651,-0.022394,-0.006737,-0.021124,-0.007523,-0.001197,0.001997,0.027905,-0.000388,0.000194,-0.026377,0.022908,0.006318,0.001962,0.009399,-0.00582,-0.003902,-0.006856,-0.002761,-0.00712,0.018128,0.008805,-0.003879,-0.035631,0.005451,-0.009438,0.00669,0.020338,-0.009868,0.013753,0.006488,-0.023442,0.013203,-0.005133,0.012899,0.025274,0.011084,0.039879,0.004726,0.021527,0.019657,0.016325,0.002734,-0.021813,-0.009756,-0.004222,0.014841,0.010446,0.002757,-0.005326,0.003973,0.014625,-0.017297,0.024159
PAYCHEX INC,-0.002113,-0.030154,-0.012751,0.006369,0.014241,0.021321,-0.015464,0.05328,-0.003048,0.001487,0.003961,-0.009698,-0.002241,0.005074,0.005959,0.010119,0.003095,0.000406,-0.022238,-0.002656,0.032293,0.015077,0.000635,-0.022146,-0.020781,-0.001575,-0.002325,-0.005409,0.028952,0.002846,-0.005271,-0.045569,-0.009566,-0.003794,-0.010907,0.004463,-0.022567,0.034142,-0.007586,-0.00608,0.01774,-0.007728,0.002163,0.01088,-0.023149,0.02702,-0.000341,-0.000852,0.020203,0.00142,0.003838,-0.015709,-0.010049,-0.014587,0.020862,0.017468,-0.011418,-0.025291,-0.004498,-0.017984,0.014686,0.010201
DEXCOM INC,-0.014406,-0.025958,-0.028892,0.020249,0.003917,0.000173,-0.019072,0.059125,-0.032377,-0.025612,0.029383,-0.012209,-0.019584,0.009588,-0.009321,-0.014646,0.017206,-0.008147,0.005089,-0.019366,0.053356,0.01505,0.000678,-0.013123,0.002316,0.009244,0.04037,-0.050624,0.002748,0.023805,0.016143,-0.043213,-0.013851,-0.020937,0.008197,0.014229,-0.009411,-0.019704,-0.013999,-0.001001,0.020953,0.01044,0.013158,-0.003486,-0.023091,0.036977,-0.049732,0.00745,-0.042569,0.009231,0.012414,0.009588,-0.026299,-0.004033,0.015631,-0.013536,-0.003477,-0.019146,0.025481,0.000656,-0.011526,0.015167
CANADIAN IMPERIAL BANK COMMERCE,-0.000881,-0.012123,-0.009817,0.043713,-0.001079,0.004322,-0.019152,0.053313,0.01708,-0.012083,-0.014511,-0.001472,-0.00316,0.00317,0.002107,0.010511,0.008529,0.004744,-0.021761,-0.008395,0.019471,-0.075566,-0.008983,-0.019261,-0.003697,0.001855,-0.008102,0.000934,-0.013756,-0.015603,-0.006004,-0.015946,-0.005647,-0.017037,0.019091,0.011831,-0.01218,0.010604,0.000316,-0.021308,0.027342,-0.003204,0.001731,0.024679,-0.009634,0.023103,0.008557,-0.000943,0.005898,0.015478,0.008545,0.006641,-0.016151,-0.005087,0.011852,0.007809,-0.00547,-0.000458,0.011233,0.011789,-0.001568,0.023788
DEVON ENERGY CORP NEW,-0.000646,-0.127555,0.048784,0.010604,0.007834,-0.000694,-0.072649,0.033254,0.040881,-0.004178,0.02965,-0.03097,-0.004906,-0.019298,-0.034904,0.020539,-0.011229,0.008112,-0.026628,0.01458,0.015111,-0.003503,0.002636,-0.027899,-0.036364,0.001871,-0.011673,-0.039843,0.024489,0.014735,-0.000968,-0.005491,-0.024359,-0.013649,0.001688,0.040431,-0.026716,0.039927,0.011678,-0.03716,0.002463,0.0077,-0.055113,0.013421,0.021562,0.017617,0.015842,0.014952,-0.004435,0.018775,-0.006872,-0.001573,-0.013703,0.023315,0.010456,0.015599,-0.02722,0.003126,0.024155,-0.006847,-0.04489,0.014437
GALLAGHER ARTHUR J & CO,0.001817,-0.011045,0.01079,0.005551,0.019109,0.002083,-0.019804,0.023438,-0.036269,-0.001237,0.01082,0.009213,0.00401,0.021338,0.007307,0.007561,0.000456,0.009984,-0.014351,-0.003818,0.017529,0.005625,0.007711,-0.022011,-0.004318,-0.010307,0.005517,-0.016408,0.009957,0.000568,-0.003817,-0.025944,-0.009304,-0.006762,0.009725,0.013858,-0.007653,0.002021,0.004618,-0.007027,0.011812,-0.008571,-0.006789,0.013244,-0.017392,0.029929,-0.001354,0.004798,0.015985,-0.003933,0.008,-0.004579,-0.018707,-0.00573,0.015768,0.010212,0.005769,0.000711,0.000507,-0.01744,0.007688,0.002151
TRANE TECHNOLOGIES PLC,0.001002,0.006383,0.024688,0.011895,0.005038,0.013964,-0.024541,0.066486,-0.003903,-0.012097,0.016844,-0.004806,-0.008805,0.010087,-0.000114,0.014414,0.003301,-0.00223,-0.025482,0.003441,0.019601,0.00241,0.004658,-0.016759,-0.01642,0.013112,0.010092,-0.010725,-0.000285,0.00605,0.001532,-0.032174,-0.002926,-0.009098,-0.000355,0.013096,-0.00971,0.003839,0.001,-0.016106,0.018222,-0.01373,0.020465,0.016207,-0.013539,0.038093,-0.002353,0.004773,0.008495,-0.000443,0.0163,-0.019475,-0.033103,-0.038782,0.016941,0.006299,0.022287,-0.003033,0.007461,0.008546,-0.01062,0.022666
VANGUARD SCOTTSDALE FUNDS,0.002644,-0.003194,-0.002403,0.00281,-0.001868,0.003342,-0.000666,0.0264,0.002598,-0.005442,0.010162,0.006319,-0.005639,-0.001289,-0.000645,0.004907,0.006425,0.001405,-0.006758,-0.002439,0.011196,0.009885,0.002401,-0.007437,0.002413,0.007602,-0.003646,-0.004543,-0.001014,0.009137,0.001383,0.001507,-0.003135,-0.006792,-0.008105,0.004341,0.000127,-0.00114,-0.009572,-0.001804,0.004389,-0.003728,0.004774,0.006549,-0.002169,0.012657,0.003787,-0.002012,0.005671,0.008772,-0.003478,-0.001496,0.010487,-0.001606,-0.004207,-0.00174,0.00473,0.000248,-0.001239,-0.001736,-0.003603,0.007357
KINDER MORGAN INC,0.006622,-0.01864,0.007821,0.007206,0.004403,0.003288,-0.039869,0.035267,0.026923,-0.008561,0.007016,-0.013398,-0.005975,0.006557,-0.0076,0.02407,-0.003739,-0.001072,-0.009125,0.022752,0.012712,0.001569,-0.007833,-0.023158,-0.024784,-0.003315,-0.014967,-0.018008,0.021203,0.021886,-0.005491,-0.008283,-0.015033,-0.010175,0.005711,0.015332,-0.00783,0.022548,0.006615,-0.018072,0.01227,-0.003857,-0.003872,0.012215,-0.001097,0.020319,0.006997,0.001603,0.002135,0.005857,-0.002117,-0.001592,-0.024442,0.021242,-0.005867,0.006438,-0.010128,-0.006462,0.008672,0.002687,-0.018355,0.014412
ENERGY TRANSFER L P,-0.001566,-0.030588,0.007686,0.009024,0.007317,-0.009685,-0.02445,0.02924,-0.00974,-0.013934,0.000831,0.005814,-0.013212,0.01841,-0.000822,0.027138,-0.004804,-0.005632,-0.01699,0.021399,0.010475,-0.007975,0.007235,-0.027933,-0.019705,-0.002513,-0.017632,-0.023932,0.024518,0.017949,-0.010076,-0.011026,0.0,-0.008576,0.010381,0.023116,-0.011715,0.012701,-0.005017,-0.019328,0.016281,0.000843,-0.021062,0.003442,0.023156,0.018441,0.013169,0.006499,0.011299,0.008779,0.002373,-0.003946,-0.008716,0.007194,0.012698,0.019593,0.004612,0.006121,0.026616,-0.01037,-0.019461,0.01374
FORTINET INC,-0.012946,-0.05654,-0.137141,0.025474,0.016136,0.05725,-0.014229,0.090417,0.031991,-0.010868,0.012248,-0.026868,-0.010057,-0.036757,0.00326,-0.000765,0.020467,-0.008247,-0.015687,-0.009409,0.030432,0.041761,-0.031961,-0.036187,-0.01587,0.014749,0.025388,-0.014742,0.028966,0.019948,-0.008042,-0.038696,-0.004792,-0.037365,0.009804,-0.009114,-0.017197,-0.008545,-0.003694,-0.014212,0.028207,-0.006503,-0.007568,-0.004534,-0.017598,0.026133,0.014788,-0.020037,0.007848,-0.008197,0.009711,0.025169,-0.034331,0.000827,0.017555,0.025167,0.011483,0.013114,0.028014,-0.009585,-0.031309,0.025269
L3HARRIS TECHNOLOGIES INC,-0.021585,-0.009703,-0.016038,-0.024045,0.005451,0.023896,0.006692,0.007027,-0.060959,-0.030923,0.015794,0.001175,0.005056,0.011287,0.006027,-0.000133,0.004926,0.009937,-0.012332,-0.001107,0.006516,-0.007442,0.020453,-0.023,-0.026479,-0.003886,-0.000459,-0.010468,0.009558,-0.006618,0.008744,-0.007155,-0.014828,-0.036198,0.000243,0.006712,-0.010484,0.006982,0.001018,-0.009155,0.010266,0.0075,-0.006148,0.0,-0.003866,0.000243,-0.024784,0.004377,-0.010102,-0.0008,-0.012966,-0.012731,-0.008631,-0.007877,0.005537,0.009039,0.00242,0.015201,-0.005767,0.07917,-0.000896,0.013732
BANK OF NEW YORK MELLON CORP,0.00285,-0.004499,-0.012131,0.023116,-0.001648,0.006601,-0.014052,0.046793,0.010211,-0.021114,0.005737,-0.000456,0.001598,0.015497,0.00202,0.013214,0.005526,0.003957,-0.01905,0.000893,0.02364,-0.00305,-0.011801,-0.026095,-0.027248,0.041317,-0.000448,0.002691,0.003131,0.019398,-0.01706,-0.015576,-0.003391,0.001814,0.002717,0.011063,-0.006699,0.003822,0.003807,-0.004239,0.023079,-0.003066,0.017135,0.024622,-0.004848,0.015675,0.003962,-0.0027,0.003541,-0.000415,0.018065,0.013257,-0.009058,-0.006297,0.014105,0.002031,0.002432,0.010716,0.012403,-0.010867,-0.005793,0.016074
ROSS STORES INC,-0.010555,-0.021969,-0.00324,0.017118,-0.007882,-0.011273,-0.008361,0.063622,-0.009884,-0.016013,0.033499,-0.013293,0.014819,0.098642,0.043777,0.026447,0.006593,-0.000776,0.003709,0.003609,0.007535,0.002635,0.008646,-0.011177,-0.007072,-0.01004,0.01543,-0.019208,0.013056,0.009795,-0.000936,-0.031766,0.002287,0.008513,-0.00496,0.006821,-0.010162,0.013338,-0.00381,-0.006519,0.013737,0.001813,-0.002068,0.018475,0.003645,0.026774,-0.023361,0.008928,-0.002087,-0.006609,0.010611,-0.002083,-0.019873,-0.013887,-0.000173,0.000432,0.016756,0.021067,0.004243,-0.01019,-0.004059,-0.006765
APOLLO GLOBAL MANAGEMENT INC NEW,0.032695,0.039531,0.018509,0.033868,0.009108,0.008868,-0.04238,0.052778,0.015413,-0.040632,0.031485,-0.02758,-0.012348,0.005683,0.011301,0.033844,0.008647,0.017453,-0.021818,0.012921,0.053759,-0.00245,-0.014013,-0.054945,-0.019535,-0.029254,0.023457,0.000796,0.018925,0.021383,0.00978,-0.030569,-0.024196,-0.002879,0.005936,0.029346,-0.011931,0.007527,-0.013074,-0.014036,0.016795,0.003461,-0.015363,0.024678,-0.021908,0.021922,0.015389,0.018371,0.017438,0.011229,0.018556,-0.008894,-0.015342,-0.033074,0.019611,0.02639,-0.01656,-0.001477,0.041864,0.005537,-0.022028,0.021946
T E CONNECTIVITY LTD,0.009899,-0.079391,-0.006072,0.033024,0.000943,0.003082,-0.025181,0.069615,0.016046,0.003303,0.020157,-0.009998,-0.006441,0.016079,-0.01345,0.015077,0.005452,0.005736,-0.02633,-0.005457,0.017589,0.005392,-0.008044,-0.014549,-0.025171,0.006042,0.004689,-0.003275,0.017662,0.013158,-0.010039,-0.041288,-0.022498,-0.007729,-0.005972,0.00566,-0.010996,-0.002451,-0.00079,-0.014316,0.030384,-0.007264,-0.00122,0.025815,-0.011563,0.03561,0.008389,0.010625,0.008557,0.003071,0.000886,-0.000241,-0.007407,-0.015816,0.007252,0.020864,-0.000962,-0.008664,0.005665,0.008691,0.001197,0.013147
I D E X X LABORATORIES INC,0.098004,-0.05644,-0.009258,0.007042,0.036069,-0.005971,-0.007887,0.095241,0.060592,-0.030004,0.014835,-0.019108,-0.036707,0.008406,-0.002416,-0.001841,0.010676,-0.012412,-0.027373,0.022144,0.041349,0.03123,-0.008812,-0.029865,-0.016363,0.011339,0.020091,-0.018458,0.005896,0.028929,-0.01222,-0.034067,-0.018465,-0.013588,0.008802,0.030441,-0.012199,-0.005763,-0.014078,-0.012031,0.02613,-0.005897,-0.00478,0.040442,-0.007646,0.068154,0.000692,0.046934,-0.012982,0.014449,0.019949,0.002317,0.002353,-0.012861,0.028939,0.01485,-0.019027,-0.003123,0.003751,0.0,-0.008316,-0.005073
REPUBLIC SERVICES INC,-0.010858,-0.006556,0.011126,-0.014116,0.012162,0.007833,-0.003396,0.021049,-0.028105,-0.008241,-0.008924,0.015526,0.008332,0.01501,0.005676,0.005496,0.003988,0.006989,-0.00263,0.000952,0.019319,0.003303,0.00551,-0.010034,-0.015887,-0.009715,0.005753,-0.00396,0.007437,-0.00307,-0.003446,-0.018613,-0.013868,-0.014443,0.003008,0.011074,-0.015516,0.010275,0.001147,-0.011534,0.010355,-0.009675,-0.002403,-0.003342,-0.021287,0.022626,-0.004908,-0.020042,0.013981,-0.028758,0.013142,0.006326,-0.028246,-0.004176,0.01258,0.00138,-0.000892,0.008684,-0.003299,-0.000161,0.00218,0.00564
ASTRAZENECA PLC,0.017684,-0.002506,0.003853,0.017687,0.001804,0.003764,-0.004566,0.066175,-0.035643,0.018162,0.000626,-0.002346,0.004075,0.015767,0.005533,0.008712,0.001818,0.000756,0.000605,-0.001963,0.028602,0.005444,0.001902,-0.00073,0.002046,0.00423,0.004648,0.005494,-0.003882,0.00433,0.01236,-0.009938,-0.02581,-0.006918,0.003705,0.002658,0.002651,-0.001469,-0.000736,-0.005447,0.007993,-0.004405,0.022566,0.002452,0.00446,0.014181,0.001412,0.009873,-0.016062,-0.005252,0.014269,-0.004783,0.00212,-0.005643,-0.01901,-0.02227,-0.019672,0.005281,-0.009605,-0.006971,0.004731,-0.007138
WILLIAMS COS,0.021693,-0.011962,0.003329,0.011765,0.008945,0.003546,-0.037986,0.029079,0.013682,-0.009096,0.00385,-0.003835,-0.01984,0.009064,-0.007485,0.031976,-0.011108,0.002069,-0.012389,0.02509,0.011072,0.00634,0.001146,-0.022597,-0.020486,0.009561,-0.013466,-0.009723,0.018411,0.018078,-0.002072,-0.006524,-0.034328,-0.008655,0.008731,0.019166,-0.012132,0.023027,0.002701,-0.020653,0.007641,-0.002123,-0.022796,0.006221,-0.010201,0.016865,0.00215,-0.015017,0.009023,0.016343,-0.004551,-0.000914,-0.033557,0.007891,-0.01472,0.006993,-0.007576,-0.001272,0.000955,0.002545,-0.015233,0.038995
SYSCO CORP,-0.028304,-0.031625,-0.002455,0.012308,0.011793,0.002403,-0.005514,0.015429,0.00273,0.002013,-0.01406,0.010306,-0.002491,0.011415,0.001999,0.011498,-0.00174,0.004532,-0.006015,-0.009775,0.016688,-0.005433,-0.008252,-0.002344,-0.01022,-0.000831,-0.003326,-0.020022,0.010945,-0.007458,-0.004484,-0.046871,0.004981,-0.009786,0.004749,-0.014563,0.001037,0.011266,-0.001537,-0.012569,-0.001948,-0.005075,-0.006017,0.00908,0.001043,0.031992,0.006225,0.009596,0.008004,-0.004342,0.000997,-0.005726,-0.032177,-0.004269,0.011173,0.018245,-0.014385,0.013315,-0.010234,-0.005744,0.002696,-0.008195
HILTON WORLDWIDE HOLDINGS INC,-0.011238,-0.029984,-0.009481,0.011751,-0.008769,0.015209,-0.006038,0.051813,0.029352,-0.013297,-0.001585,-0.001155,-0.003035,0.011235,-0.011469,0.015082,-0.010358,-0.002093,-0.009042,0.012774,0.027892,-0.002244,-0.006184,-0.016122,-0.011284,-0.023624,0.021144,0.001968,0.009605,-0.004613,-0.014916,-0.020581,-0.016961,-0.008321,-0.003156,-0.017299,-0.010295,0.003891,-0.005458,-0.013679,0.016288,0.002539,-0.010526,0.022475,-0.007822,0.026884,-0.008983,0.002944,0.038467,0.004165,0.013926,-0.005041,-0.012189,0.00394,0.027099,0.009227,0.001714,0.014475,0.012582,0.004512,-0.01237,0.015183
TRANSDIGM GROUP INC,-0.000417,-0.030946,0.009664,0.02932,0.009092,0.01573,-0.018987,0.098181,-0.021515,-0.016144,0.003035,-0.008802,-0.017125,0.030777,-0.0068,0.021042,0.015381,-0.003912,-0.047837,0.006253,0.030531,0.009769,-0.0202,-0.007993,-0.015239,0.003688,0.00784,-0.007763,0.013646,0.013867,0.002266,-0.025254,-0.010488,-0.006075,0.013471,0.028648,-0.013686,0.002052,0.009882,-0.007582,0.010777,0.001989,-0.006162,0.012449,0.004577,0.01975,0.002758,0.012261,0.022814,0.009453,0.00541,-0.005162,-0.012111,-0.017661,0.018796,0.01836,0.013504,0.009003,0.013762,0.000774,-0.00484,0.014846
PRUDENTIAL FINANCIAL INC,0.0077,-0.006698,-0.032862,0.03172,-0.017609,0.000872,-0.008519,0.051748,0.023116,-0.017966,-0.002957,-0.001575,-0.008818,0.005057,0.00792,0.014769,-0.013817,0.006632,-0.020599,0.009853,0.01351,-0.002777,-0.000464,-0.027303,-0.013844,-0.00639,-0.010036,-0.002264,0.011739,0.006435,-0.011141,-0.02273,-0.018847,-0.007663,0.011635,0.021476,-0.016939,0.009122,-0.002109,-0.009864,0.01535,-0.004205,0.000201,0.017089,-0.017197,0.015788,-0.027225,0.011093,0.006543,-0.004,0.014056,0.000792,-0.024832,-0.016536,0.017433,0.013789,0.008901,0.006443,0.012804,0.006516,-0.002415,0.016368
ARISTA NETWORKS INC,0.056677,-0.020907,-0.022313,0.072147,-0.003739,-0.011258,-0.047944,0.03303,0.012364,0.020615,0.011052,-0.014776,0.010483,0.025897,-0.006422,0.010623,0.008453,-0.010424,-0.015174,7.5e-05,0.041807,0.003446,-0.033911,-0.016366,-0.028533,-0.017669,0.010808,-0.001795,0.023925,0.01573,-0.015261,-0.041301,-0.015289,-0.008976,-0.006365,0.012811,-0.024001,-0.004985,-0.007598,0.002608,0.022741,-0.004349,-0.003626,-0.058473,-0.038212,0.027034,0.021521,0.003134,0.009546,0.007307,-0.018604,0.011304,-0.011178,-0.030348,0.032463,0.035004,0.021903,-0.001889,0.020158,0.016695,-0.017611,0.017603
CENOVUS ENERGY INC,0.015347,-0.010726,0.033514,0.008584,0.001418,0.007082,-0.062354,0.0435,0.035458,-0.019436,0.01463,-0.02093,-0.015403,-0.018895,-0.025185,0.039514,-0.012671,-0.007404,-0.02735,0.041411,-0.023564,-0.012066,0.014758,-0.039117,-0.0381,-0.007596,-0.014762,-0.016648,0.006208,0.031969,0.008547,-0.01461,-0.028007,0.00678,0.030864,0.037561,-0.032004,0.04607,0.020207,-0.045709,0.027142,0.0057,-0.059763,-0.006575,0.014341,0.026645,0.006886,-0.014203,-0.015475,0.046612,0.001036,-0.008795,-0.032881,0.017269,0.01008,0.008403,-0.00625,0.002621,0.053842,0.011905,-0.031373,0.011134
CARRIER GLOBAL CORP,-0.001258,-0.014858,0.006391,0.023114,0.018868,0.009016,-0.025839,0.077838,0.022079,-0.018677,0.016969,-0.011048,-0.018696,0.020446,-0.000683,0.003418,0.002725,0.001132,-0.020357,0.004849,0.018382,0.013764,-0.005564,-0.020591,-0.01691,0.001395,0.009053,-0.010352,0.005579,0.024503,-0.011733,-0.030594,-0.016722,-0.005988,-0.003133,0.021876,-0.009741,0.002639,0.001914,-0.021734,0.021729,-0.014337,0.008727,0.010094,-0.011896,0.038526,0.008579,0.011494,0.027045,0.001328,0.013702,-0.009592,-0.042043,-0.036995,0.015748,0.016678,0.009704,-0.004348,0.003218,-0.000687,-0.000917,0.044745
PACCAR INC,0.001239,-0.012893,0.013375,0.022066,0.000202,0.014222,-0.007857,0.021552,0.006967,0.000877,0.004299,0.006032,0.001064,0.003478,0.004717,0.015906,-0.001226,-0.008122,-0.01352,0.006274,0.015826,0.000378,-0.00151,-0.02297,0.002999,0.00791,-0.008422,-0.022681,0.016788,-0.007187,0.005283,-0.019755,0.003063,0.008959,0.003027,0.016397,-0.012074,0.007313,-0.002287,-0.010666,-0.00665,0.003854,-0.005456,-0.002235,-0.004378,0.025977,-0.005283,0.007015,0.005672,0.003265,0.012625,-0.010324,-0.018404,-0.017345,0.01204,0.03085,0.086357,-0.002431,0.012815,-0.014257,-0.016722,0.004872
CHENIERE ENERGY INC,0.019557,-0.006894,-0.00879,-0.029766,-0.005385,0.017071,-0.060564,0.027323,-0.03323,0.016939,0.005289,0.013545,-0.012708,0.013718,-0.019195,0.048259,0.001913,0.00162,-0.015311,0.013026,0.015697,0.000969,-0.004615,-0.013622,-0.049959,0.028401,-0.031358,-0.02802,0.02498,0.016678,-0.012107,-0.015931,-0.018618,-0.033881,0.009391,0.023552,-0.030956,0.022762,-0.00263,-0.038904,0.002676,0.000667,-0.062884,0.029602,0.000691,-0.013191,0.004269,0.021047,0.020135,0.02683,0.019808,-0.042425,0.010009,-0.005153,0.00757,0.020958,-0.025111,-0.014435,0.019618,-0.009884,-0.010315,0.027436
X C E L ENERGY INC,0.012133,-0.008953,-0.00245,0.00614,-0.004577,0.012874,-0.007263,0.053346,-0.023441,-0.009779,0.008379,0.0138,-0.017272,0.018469,0.004387,0.002475,0.005083,0.006214,-0.003447,-0.007782,0.019898,-0.000427,-0.014959,-0.006653,0.009319,-0.006492,0.013649,0.00043,0.025057,0.00014,-0.004888,-0.008842,-0.009912,-0.007437,0.001297,0.013239,-0.005397,0.012852,0.009023,-0.007161,0.007085,-0.013508,-0.000571,0.008563,-0.020235,0.029607,0.009679,0.001806,0.009291,-0.011404,-0.010841,-0.001124,-0.032775,-0.011053,0.008088,-0.007877,0.004852,0.003219,0.003501,-0.005378,-0.004822,0.009838
LULULEMON ATHLETICA INC,0.004012,-0.043286,0.006455,0.023483,-0.004054,0.013107,-0.022192,0.101616,0.016532,-0.01935,0.019334,-0.010568,-0.004188,-0.018122,0.004398,0.017918,0.01375,0.001747,0.00587,0.00011,0.046763,0.00397,0.010921,-0.012591,-0.029203,0.006297,0.005855,-0.128488,0.005637,-0.005971,0.021639,-0.02436,-0.012208,-0.013448,-0.030923,0.031323,-0.012029,-0.004442,0.011235,-0.019299,0.02544,0.011237,0.009364,-0.007422,0.015422,0.010217,-0.092936,0.036229,0.008013,0.009713,0.001524,0.026469,-0.017757,-0.031848,0.015782,0.010486,-0.015408,-0.00543,0.000226,0.00407,-0.026572,0.014178
HALLIBURTON CO,0.002197,-0.019452,0.029897,0.04395,0.027547,-0.004299,-0.065024,0.027167,0.024597,-0.017811,0.022602,-0.027242,-0.01004,-0.020283,-0.0158,0.036535,-0.023765,-0.00547,-0.013201,0.035674,0.019645,0.0,0.025864,-0.05274,-0.016839,-0.028453,-0.005136,-0.053341,0.039079,0.078717,-0.012162,0.00383,-0.022895,0.005858,0.037715,0.032336,-0.028216,0.041289,0.004605,-0.030303,0.020746,0.012349,-0.042948,0.020446,0.013531,0.032349,0.00572,0.012364,0.001221,0.028787,0.01162,-0.003047,-0.04538,-0.010099,0.012441,-0.002949,-0.017994,0.004769,0.024232,-0.011707,-0.004442,0.021815
MANULIFE FINANCIAL CORP,0.005438,-0.014423,-0.020732,0.044209,-0.008348,0.007216,-0.01791,0.050456,0.026042,-0.009588,0.005695,-0.010193,0.004577,0.002847,-0.004178,0.022556,0.007353,0.007861,-0.026184,0.007437,0.02385,0.004992,0.000552,-0.01765,-0.006738,0.000565,0.00113,0.000564,0.006768,0.008964,-0.009439,-0.018498,-0.001142,0.001144,0.004569,0.021035,-0.013363,0.009594,0.003354,-0.019499,0.020455,-0.006681,-0.001121,0.025253,-0.015873,0.020022,0.002181,0.00272,0.01682,0.010672,0.000528,0.003694,-0.01735,-0.001605,0.021436,0.003148,0.006276,0.010915,0.024679,-0.014049,-0.007125,0.014864
AMERIPRISE FINANCIAL INC,0.016175,-0.017032,-0.002753,0.023383,0.013031,0.007202,-0.016362,0.052538,-0.001206,-0.032039,0.008953,-0.008348,0.00265,0.022173,-0.009188,0.014554,0.006598,-0.000571,-0.020036,-0.003899,0.023022,-0.003073,-0.002266,-0.027288,0.001962,0.000622,0.003385,-0.006345,0.015356,-0.00362,-0.008806,-0.023048,-0.007408,-0.01797,0.004795,0.016199,-0.016324,0.001137,0.000422,-0.012484,0.02548,-0.00301,-0.00228,0.007146,-0.0132,0.040583,-0.000187,-0.004514,0.031961,0.003576,0.006069,0.009304,-0.024028,-0.015326,0.031191,0.015844,0.007296,0.005894,0.012682,-0.008377,-0.002874,0.019391
WORKDAY INC,-0.027083,-0.053364,-0.022925,-0.054129,0.02933,0.026809,-0.037309,0.134717,0.024946,-0.022746,0.047985,-0.033284,-0.042345,-0.01391,-0.024124,0.021578,0.020849,-0.002411,-0.025037,-0.013425,0.171668,0.00941,0.00891,-0.037312,-0.019744,0.020823,0.027987,0.001595,0.018455,0.026631,0.011053,-0.021585,-0.00114,-0.029563,0.012056,-0.01168,-0.026282,-0.005857,-0.007532,-0.002509,0.02945,-0.002741,0.012072,0.011042,-0.06442,0.00593,0.011108,-0.016694,0.023157,-0.002013,0.021762,-0.002752,-0.014398,0.019782,0.034977,0.017474,-0.022105,0.011071,0.025453,-0.00682,-0.006642,0.028049
MARVELL TECHNOLOGY INC,0.001512,-0.017363,-0.046863,0.047018,0.013857,0.007087,-0.077406,0.161809,0.016413,-0.004383,0.035681,-0.05481,0.039763,0.001593,-0.055682,0.032972,0.017707,-0.016026,-0.007213,0.005625,0.08413,-0.024076,-0.014978,-0.039132,-0.043752,-0.016549,0.031923,-0.004796,0.026024,0.021841,-0.019766,-0.061665,-0.025737,-0.015132,-0.015365,0.028035,-0.046308,0.003237,-0.030653,-0.018585,0.039005,0.007617,-0.028348,0.017227,-0.051079,0.040946,0.022715,0.002438,0.038098,0.023165,0.034597,0.008852,-0.013161,-0.047419,0.023594,0.082827,-0.005614,0.005411,0.038606,-0.003154,-0.051073,0.027626
ALCON INC,-0.003461,-0.026459,-0.040088,0.022474,-0.003288,0.006772,-0.005864,0.074775,0.066828,-0.03586,-0.005493,0.04671,-0.023217,0.014045,0.003653,0.014559,0.016293,0.004854,-0.006733,-0.008547,0.02393,0.017129,0.000714,-0.025956,-0.017277,0.011174,0.012671,0.002619,0.020752,0.019619,-0.00739,-0.032448,-0.020761,-0.005634,0.000895,0.017131,-0.005858,-0.001915,0.003985,-0.009115,0.025074,-0.007816,0.006273,0.018701,-0.002277,0.022679,-0.002929,0.008952,-0.002911,0.008621,0.020678,0.003241,-0.000539,0.001751,0.012371,0.005711,-0.025489,0.00515,0.010247,-0.001735,-0.007487,0.013066
YUM BRANDS INC,-0.000846,-0.006602,0.018148,0.01908,0.005994,-0.001061,-0.002696,0.017042,-0.006445,-0.005919,0.005791,0.005271,-0.0096,0.014987,-0.004735,0.007418,0.012486,0.004765,-0.000632,-0.003242,0.020787,0.004119,0.003793,0.009485,-0.002215,-0.017991,0.012318,-0.016481,0.015112,0.003934,0.008221,-0.005868,-0.008279,-0.007652,0.001636,0.001478,0.000311,0.000621,0.007758,-0.004542,0.005259,-0.014694,-0.008745,0.013548,-0.007616,0.020282,-0.004068,-0.002774,0.002241,-0.006169,0.010319,0.000845,-0.012353,-0.020743,0.004601,0.000316,0.014526,0.005369,-0.001238,-0.007052,0.007102,0.011392
DUPONT DE NEMOURS INC,0.026224,0.031346,-0.015362,0.03892,-0.003068,0.073534,0.011316,0.039087,0.016655,-0.003389,0.001417,-0.021791,0.003038,0.000577,0.005621,0.019636,0.009418,-0.007798,-0.026667,0.006345,0.015117,-0.001276,0.016189,-0.015931,-0.00639,-0.003859,0.002152,-0.013744,0.014226,0.014169,-0.017217,-0.026278,0.001475,-0.005154,-0.00074,0.011998,-0.01127,0.017469,0.000727,-0.014248,0.011504,0.000729,0.003351,0.024252,0.004821,0.022577,0.013937,0.005988,0.013258,-0.002003,0.00602,-0.011569,-0.015472,-0.005193,0.016071,0.01798,-0.004781,-0.018815,0.00272,-0.002441,-0.012237,0.017894
OLD DOMINION FREIGHT LINE INC,-0.0063,-0.045736,0.010139,0.03376,0.037034,0.028655,-0.02827,0.084333,0.027746,0.000509,0.012155,-0.03433,-0.027347,-0.001439,0.000872,-0.009042,0.003819,-0.010235,-0.019286,0.013006,0.036087,-0.005684,0.006514,-0.043223,-0.008076,-0.001637,0.002163,0.017266,0.032748,0.009443,0.015592,-0.033161,-0.014241,-0.015905,-0.020607,0.010907,-0.018586,0.014647,0.002342,-0.015762,0.015341,-0.00977,-0.00444,0.022193,-0.025313,0.068282,0.018856,0.000751,0.021135,0.000543,0.006704,-0.002442,0.003433,-0.015586,0.02021,0.018422,-0.006071,-0.00106,-0.004087,0.045544,-0.035681,0.035293
WARNER BROS DISCOVERY INC,0.026923,-0.050187,-0.055994,-0.128655,-0.01534,-0.020448,-0.021869,0.097561,0.096296,-0.029561,-0.013925,-0.03707,0.004583,-0.017336,-0.019499,0.022727,0.05,0.011464,-0.047951,0.020147,0.023339,0.020176,-0.006879,-0.034632,-0.048431,0.012253,0.001862,0.030669,0.016231,-0.033718,0.008264,-0.089253,-0.009,-0.066599,-0.023784,0.001107,0.021018,-0.0065,0.006543,-0.039003,0.063134,0.005302,0.006329,0.08805,0.046243,0.042357,0.025618,0.081826,0.003185,0.043651,-0.00076,0.006849,-0.048375,-0.009531,0.044106,0.037634,-0.009623,0.085949,0.032347,-0.006,-0.035547,0.030598
WELLTOWER INC,-0.0154,-0.020632,-0.007815,0.043664,0.008367,0.082167,-0.00015,0.053534,0.021696,-0.018022,-0.005406,-0.02446,-0.012757,0.015887,0.005901,0.009827,0.007262,0.002596,-0.041565,0.038415,0.026445,-0.000563,0.001268,-0.012521,-0.028352,-0.046921,0.010769,0.014764,-0.014099,0.008063,0.01645,-0.003415,-0.041716,-0.009639,-0.002355,0.006609,0.008754,0.008368,0.01337,-0.016682,0.015268,-0.004253,0.021358,0.02823,-0.021063,0.035465,-0.007309,-0.004042,0.041165,0.003759,-0.013176,0.007871,-0.000837,0.0,0.016469,0.019909,0.008078,-0.013622,0.004333,0.013616,-0.008911,0.006978
ELECTRONIC ARTS INC,0.002461,0.018928,-0.015856,0.024799,0.020499,-0.025072,-0.021766,0.031752,0.007137,-0.012726,-0.00602,0.004348,-0.005335,0.011116,-0.017066,0.012983,0.011118,-0.011149,-0.00888,-0.004441,0.025002,0.006423,0.005014,-0.014061,-0.023079,-0.010988,0.000794,-0.011101,0.007137,0.000637,-0.008116,-0.023504,8.2e-05,-0.007803,-0.003063,0.017273,-0.008816,0.000741,-0.005679,-0.010594,0.022168,-8.2e-05,0.005075,0.017997,-0.00264,-0.006336,0.00226,-0.001208,0.016852,0.002458,-0.007594,-0.014028,8.1e-05,8.1e-05,0.018348,0.011271,0.000628,0.000549,0.012386,-0.002091,0.000931,-0.002403
VICI PROPERTIES INC,0.021237,-0.021101,-0.000625,-0.017506,0.011772,-0.000629,-0.007867,0.03457,-0.015021,-0.014939,0.006319,-0.006279,0.005371,0.015085,0.011455,0.017141,-0.000301,0.004214,-0.003597,0.012936,0.015741,-0.009942,0.005021,-0.021452,0.007207,0.005665,-0.001482,0.007423,0.004421,0.009096,-0.005816,-0.00702,-0.017968,-0.007798,0.001209,0.00151,-0.017389,0.014281,0.001531,-0.016198,0.006834,-0.000308,-0.020062,0.006299,-0.015024,0.010486,0.00566,0.012508,0.035825,0.014311,-0.025573,0.01448,-0.027951,0.014989,0.012056,0.001787,0.009512,-0.006773,0.007412,0.004709,-0.007616,0.008855
CUMMINS INC,0.008957,-0.022092,-0.035192,0.024102,-0.007635,0.011076,-0.006188,0.01868,0.024945,0.003627,0.006584,-0.002952,-8e-05,0.00777,-0.013823,0.013855,0.002357,-0.001754,-0.019088,0.003175,0.019236,-0.007565,0.001966,-0.017618,0.001753,-0.007486,-0.001476,-0.022334,0.016713,0.002602,-0.003749,-0.024479,-0.001356,0.006749,0.001138,0.020046,-0.006358,0.00241,0.01173,-0.01143,0.001782,0.002317,-0.005159,-0.002406,-0.015554,0.030331,0.001599,0.014041,0.00989,-0.00024,0.010156,-0.013893,-0.031187,-0.024402,0.000297,0.031076,0.020546,-0.006455,0.006172,0.003673,-0.007519,0.01102
M P L X L P,0.028324,-0.012467,-0.001762,0.002059,0.009392,-0.009014,-0.02054,0.018274,-0.001765,0.01341,-0.022315,0.001522,-0.018232,0.026617,-0.01025,0.03381,-0.016794,0.007791,-0.0113,0.014737,0.00741,-0.004413,-0.000591,-0.014193,-0.020696,-0.022358,-0.005326,-0.011969,0.030284,0.014852,-0.014024,-0.006803,0.001868,-0.006837,0.0,0.012203,-0.005564,0.017097,-0.006724,-0.017539,0.013154,0.015147,-0.007917,0.007366,0.004266,0.019114,0.000595,-0.00476,0.006876,0.013361,-0.000879,0.004399,-0.008467,0.012368,0.002618,0.011604,-0.003728,0.0,0.006045,-0.002861,-0.005165,0.007211
AMERISOURCEBERGEN CORP,-0.005724,-0.00966,0.019572,0.024075,0.002289,-0.014505,-0.009207,-0.0171,-0.012839,0.011241,-0.012603,0.019767,0.020026,0.019381,-0.010494,0.027511,0.004978,0.013109,-0.00316,0.004367,0.016617,0.005507,0.013751,-0.015576,-0.011443,0.005729,0.000998,-0.030095,0.011311,-0.012979,0.001454,0.001997,0.007186,0.002578,0.000957,0.01159,-0.000295,0.004372,-0.005941,-0.009704,-0.007827,-0.002048,-0.008569,-0.008643,0.001289,0.016127,-0.004466,0.013881,-0.01118,-0.002963,-0.00376,-0.00073,-0.007371,-6.1e-05,-0.00448,-0.003021,-0.001793,0.012575,0.008871,-0.004548,0.007005,0.02208
BARRICK GOLD CORP,0.007319,-0.05284,-0.086471,0.083969,0.026056,0.07138,-0.016656,0.070358,0.000609,-0.015207,-0.011736,-0.013125,-0.013933,0.003211,-0.017286,0.042997,0.013741,-0.012939,-0.03246,0.033548,0.028355,0.047181,-0.006437,-0.027091,-0.004237,0.024924,-0.003559,-0.013095,0.009047,0.042439,-0.002867,-0.042553,0.015015,-0.02071,0.044109,0.012731,-0.011429,0.005202,0.021852,-0.031514,0.002324,-0.004058,0.037835,0.05889,-0.005297,0.013845,-0.003677,0.02214,-0.008767,0.010926,0.010808,-0.045316,-0.019733,0.018498,0.013355,0.013706,0.00988,0.019053,-0.005053,-0.001016,-0.009659,0.003593
OTIS WORLDWIDE CORP,0.012316,-0.018179,0.0,0.042871,0.007102,-0.007865,-0.007518,0.041179,0.023413,0.00517,0.012087,-0.003938,-0.009694,0.005301,0.00553,0.000767,-0.001917,0.007298,-0.029617,0.007074,0.015739,0.009476,0.011671,-0.015925,0.009047,-0.002399,0.009367,-0.016052,0.02651,0.005091,-0.008647,-0.017819,-0.002791,-0.009287,0.000642,0.014245,-0.011262,0.002815,0.001914,-0.014138,0.021576,-0.009612,0.010344,0.020854,-0.007924,0.021465,-0.004643,0.002455,0.002816,0.01221,0.004222,-0.003243,-0.014341,-0.026165,0.014564,0.006682,0.009342,-0.014006,0.001482,0.00148,-0.002956,0.015687
WASTE CONNECTIONS INC NEW,-0.007657,-0.007181,0.065713,-0.014802,0.021546,-0.000287,-0.012056,0.014092,-0.024067,-0.008147,0.009065,0.016751,0.002746,0.010305,0.002996,0.008463,0.001199,0.001338,-0.000141,-0.009356,0.026133,-0.003806,0.01042,-0.016501,-0.01489,-0.003974,0.001211,-0.004198,0.004145,0.001494,-0.001776,-0.022423,-0.020607,-0.008848,-0.004876,0.0098,-0.013512,0.009232,0.003824,-0.010607,0.007927,-0.007116,-0.006412,0.005466,-0.028845,0.032657,-0.004668,-0.007489,0.008003,-0.032212,0.020314,0.008117,-0.02613,-0.006708,0.009972,0.004354,0.003948,0.015576,-0.007365,0.00413,-0.002133,0.014504
METTLER TOLEDO INTERNATIONAL INC,0.012578,-0.032814,-0.010446,0.047835,0.011055,0.040232,-0.010903,0.084506,0.01051,-0.014737,-0.024099,-0.008721,-0.004958,0.008986,-0.006694,0.034355,0.00109,0.005807,-0.00676,-0.019224,0.04061,0.014133,-0.002838,-0.021351,-0.000392,0.005345,0.014478,-0.018324,0.02015,0.018944,-0.025287,-0.03844,0.007136,-0.021188,0.005093,0.027736,-0.003864,0.000424,0.005691,-0.011788,0.025822,-0.014764,0.01136,0.020316,-0.001381,-0.026814,0.004719,0.044253,0.021613,-0.011276,0.014041,-0.016999,0.005453,-0.013763,0.028364,0.009702,-0.026594,-0.002072,-0.005132,0.003964,-0.014604,0.016923
ALLSTATE CORP,-0.00396,-0.019165,0.005027,0.041626,-0.002323,0.011178,-0.017811,0.017586,0.014594,-0.02309,0.023171,0.002121,0.017383,-0.013892,0.011451,-0.002905,0.003586,0.007964,-0.019938,0.011377,0.003899,-0.014115,-0.008787,-0.018418,0.014559,-0.001535,-0.000615,-0.011382,0.002178,0.011566,-0.003223,0.018399,-0.008315,-0.001524,0.020536,0.007181,0.005867,0.006941,-0.002566,-0.004338,0.00731,-0.006011,0.007817,0.01683,0.002735,0.014569,-0.00962,0.008928,-0.02145,-0.008392,0.013862,-0.024826,-0.022801,-0.058824,0.008103,-0.003263,0.016129,0.010687,-0.000155,-0.005988,0.00133,0.003672
COGNIZANT TECHNOLOGY SOLS CORP,0.004498,-0.036303,-0.137736,0.012895,0.021281,-0.00986,0.015032,0.060533,0.019724,-0.00582,0.032369,-0.009173,0.005555,0.008408,-0.029515,0.017698,0.013507,0.014826,-0.01346,-0.007987,0.043442,0.006591,-0.003673,-0.031095,-0.0134,-0.004024,-0.001684,-0.016189,0.011999,0.002371,-0.016053,-0.032286,-0.01402,-0.010439,0.001091,0.01072,-0.003056,0.010097,0.008211,-0.015935,0.027888,0.00105,0.006994,0.008161,-0.00844,0.037867,0.018577,0.005751,0.004738,0.058537,-0.015975,-0.017171,-0.03129,0.00623,0.022324,0.023908,-0.004981,0.003442,0.008107,0.016239,-0.006696,0.022675
D R HORTON INC,0.006374,-0.028435,-0.020487,0.021051,-0.000665,-0.02489,0.029757,0.112407,0.011916,-0.040391,0.032888,-0.012475,-0.018407,-0.002451,-0.009338,0.025177,0.02226,-0.007219,-0.006914,0.010923,0.021135,0.011047,-0.004268,-0.018649,-0.009561,0.028125,-0.003941,-0.006866,0.010077,0.012645,0.00126,0.034897,-0.01183,-0.014433,-0.004995,0.023959,0.006685,-0.01295,0.001009,-0.016803,0.018571,-0.002908,0.017276,0.010587,0.007311,0.013758,-0.008656,0.008731,0.0218,-0.000314,-0.006591,0.004212,-0.006816,-0.028403,0.026733,0.012701,0.013796,-0.01567,0.01393,-0.002996,-0.017509,0.040704
ILLUMINA INC,-0.042348,-0.037193,0.004503,0.058652,-0.031958,0.003914,-0.010044,0.1123,0.011038,-0.033657,0.016711,-0.028094,-0.030674,-0.018337,0.017501,-0.010026,-0.000405,-0.013914,-0.009498,-0.038449,0.045596,0.012748,-0.009508,-0.022399,-0.036847,0.012331,0.009112,-0.022812,0.014104,0.010742,-0.003701,-0.012001,-0.038176,-0.039842,-0.000678,0.031338,-0.008508,-0.023189,-0.012916,0.010807,0.056758,0.002777,-0.006578,0.008662,-0.007206,0.003579,0.026948,-0.062033,0.04937,-0.050478,0.037987,0.026503,-0.002906,-0.045958,0.040788,0.058662,-0.005684,-0.019103,0.008245,0.005875,-0.018362,0.019515
CONSOLIDATED EDISON INC,0.000682,0.002159,0.005895,0.014764,-0.026544,0.007302,-0.007022,0.037413,-0.020121,0.002356,0.012986,0.018283,-0.005802,0.029953,0.006629,0.011365,0.015228,0.008586,-0.009846,-0.002486,0.018069,-0.001938,-0.00511,0.000205,0.001951,-0.009943,0.010353,-0.010862,0.018854,0.001627,-0.000711,-0.014831,-0.018664,-0.003362,-0.002741,0.011946,-0.00585,0.007251,0.007303,-0.006007,0.005418,-0.012229,0.004721,0.008667,-0.013459,0.026656,-0.001124,0.003786,0.005301,-0.010952,-0.010663,-0.010364,-0.022516,-0.009214,0.014165,-0.002559,0.005345,0.004253,0.004553,0.000316,0.001475,0.002735
RESMED INC,-0.012607,-0.012994,-0.04156,0.009333,0.008298,0.004091,-0.005199,0.06237,-0.009548,-0.00964,0.01245,0.004248,-0.024936,0.024751,0.00361,0.019759,-0.001393,0.002529,-0.01905,-0.010375,0.031362,-0.003736,0.015523,-0.058179,-0.007386,0.020438,0.00144,-0.012674,0.005554,0.012675,-0.012696,-0.026352,-0.024368,-0.003098,-0.001147,0.005888,-0.004759,-0.003921,-0.006864,-0.005413,0.017495,-0.005922,0.004709,0.00856,-0.027643,0.018628,0.00383,0.014259,0.008699,-0.002471,0.019159,0.033379,0.002618,0.014737,0.023681,0.007668,-0.012303,-0.01053,0.004369,-0.032649,-0.008371,0.025414
B P PLC,-0.002404,-0.013253,0.008547,0.026634,0.012087,-0.017478,-0.030822,0.019177,0.027011,-0.00857,0.01073,0.001769,0.011186,-0.009025,-0.026733,0.053124,0.00258,0.00829,-0.015311,0.0167,0.016709,-0.005014,-0.010078,-0.010181,-0.018,-0.013384,0.00059,-0.006484,0.011569,0.026686,-0.005998,-0.014943,-0.017503,0.008017,0.003829,0.027876,-0.017699,0.017437,0.000857,-0.013128,0.00347,0.006628,-0.017464,-0.015734,0.003552,0.016519,0.008996,0.002301,0.005452,0.007705,0.00708,0.003656,-0.009807,0.005659,-0.001126,0.002254,-0.008151,-0.001417,0.028661,0.001931,-0.00413,0.001659
AMETEK INC NEW,0.018279,-0.014694,0.01253,0.026799,0.008503,0.006012,-0.01115,0.036775,-0.013008,-0.007706,0.005806,-7.2e-05,-0.003897,0.009346,0.008326,0.008257,0.003106,0.003449,-0.022515,-0.002512,0.024531,0.006109,0.007677,-0.015998,-0.014358,0.00472,0.001993,-0.011722,0.021278,0.009643,-0.011782,-0.024691,-0.010705,0.001535,0.005621,0.018947,-0.014534,0.007663,0.005381,-0.012631,0.014527,-0.004631,0.005726,0.002348,-0.020376,0.04247,-0.009316,0.002175,0.018696,0.000481,0.003985,-0.010265,-0.022195,-0.0169,0.024959,0.00386,0.0072,-0.008884,0.005252,0.002438,-0.011049,0.01834
DOLLAR TREE INC,-0.002398,-0.031116,0.018277,0.002564,0.02321,0.006624,-0.03855,0.053202,0.015265,-0.006703,0.026383,-0.015044,-0.015634,-0.002077,0.011508,-0.077887,-0.014635,0.007926,-0.023327,-0.008796,0.02587,-0.003793,0.009885,-0.022222,-0.018601,-0.000689,-0.00338,-0.015156,0.013421,0.002357,0.01342,-0.009488,-0.016953,-0.022643,-0.001506,0.006968,-0.000927,0.013281,0.001832,-0.004431,0.010245,-0.01084,-0.008343,0.001854,0.014518,0.022938,-0.012755,0.013267,0.014121,-0.008923,0.004365,0.003192,-0.02288,-0.010669,0.034872,0.021652,-0.029605,0.020748,0.005951,-0.000532,-0.010108,0.008935
HERSHEY CO,-0.00423,-0.011146,-0.012845,-0.013185,0.001179,0.007719,-0.001515,-0.019157,-0.032788,-0.003472,-0.003714,0.026874,-0.002214,0.016199,0.030727,0.000258,-8.6e-05,0.006848,-0.004834,-0.009199,0.020305,-0.01399,0.012291,-0.006305,-0.002958,0.017759,0.019519,-0.018814,0.010643,-0.01237,-0.001354,-0.007923,0.003673,-0.000468,-0.005279,0.005692,-0.000213,0.004044,-0.000636,-0.012133,0.001632,-0.007203,-0.020037,-0.016128,-0.000851,0.011521,-0.001152,-0.002706,0.008052,-0.010592,0.010794,-0.001986,-0.041519,-0.002999,-0.007403,0.011747,0.014974,0.003178,-0.004435,-0.005682,0.020251,0.006318
ALBEMARLE CORP,-0.003109,-0.044731,0.030167,0.037988,0.005263,0.068135,-0.019215,0.06877,0.014372,-0.027752,-0.06477,-0.030724,-0.0325,-0.001694,0.021301,0.000742,0.002861,-0.039028,-0.024595,0.014693,0.029516,-0.009713,0.032656,-0.067011,-0.027297,-0.001473,-0.006133,-0.010858,0.024126,0.009832,-0.053644,-0.028101,0.009813,-0.0392,0.000686,-0.003726,-0.028586,0.004337,-0.056398,-0.00056,0.016025,-0.002805,-0.010883,0.042284,-0.022186,0.01386,0.010648,-0.000446,0.056543,0.028111,-0.004029,0.003468,0.003003,-0.019237,0.039229,0.048895,0.015155,0.024151,0.031257,0.008123,-0.034573,0.034819
DIGITAL REALTY TRUST INC,-0.033716,-0.027253,0.007641,0.019168,0.00465,0.012652,-0.013814,0.118447,0.027535,-0.037283,0.041426,-0.018057,-0.005098,0.010705,0.001177,-0.009856,0.013607,0.002523,-0.034061,0.011816,0.034115,-0.006758,-0.00761,-0.015246,-0.010169,0.006941,-0.013603,-0.003354,0.012809,0.025478,-0.047079,-0.00344,-0.026275,-0.021174,-0.00654,0.017318,-0.005874,0.010114,-0.005155,-0.009467,0.019115,-0.010168,0.025531,0.007974,-0.053739,0.033646,-0.002367,0.011667,0.026486,0.021423,-0.011931,0.008019,-0.013196,-0.004552,0.016959,0.004497,-0.002052,0.001776,0.019778,0.018297,-0.002515,0.032334
GLOBALFOUNDRIES INC,0.005467,-0.011226,-0.065283,0.028089,0.038767,0.086192,-0.001963,0.027869,0.033014,0.004014,0.023835,-0.035146,0.03736,0.012155,-0.02046,0.018919,0.003862,0.000444,-0.054874,-0.016119,0.023541,-0.010723,-0.017593,-0.006396,-0.021403,0.00148,0.024959,0.016021,0.053611,-0.021251,0.001529,-0.055573,-0.029583,-0.03265,-0.008266,-0.001563,-0.040348,-0.007974,-0.020278,-0.024986,0.029069,0.001487,-0.040638,0.023404,-0.035721,0.033908,0.049858,0.000542,0.029959,0.021377,0.014582,-0.001691,-0.015922,-0.04389,0.016202,0.03915,0.005967,-0.005253,0.024532,-0.014965,-0.029203,0.030777
ROCKWELL AUTOMATION INC,0.001371,-0.079288,0.031651,0.018943,0.013984,0.013711,-0.00346,0.052358,0.03009,-0.022447,0.008041,-0.019404,-0.021339,0.023466,-0.004344,0.012823,-0.001349,-0.006564,-0.015669,-0.004142,0.017679,0.009575,-0.004724,-0.010622,-0.022462,-0.007789,0.00942,0.010266,0.017859,0.027529,-0.009421,-0.044656,-0.015866,-0.009523,0.014921,0.019497,-0.013071,0.003008,0.003155,-0.009163,0.017399,-0.007934,0.014947,-0.003405,-0.007485,0.034574,0.006803,0.008614,0.031068,0.004677,0.01361,-0.010693,-0.027535,-0.033161,0.017639,0.020815,0.008563,0.00036,0.013629,0.016284,-0.027787,0.012675
S B A COMMUNICATIONS CORP NEW,0.021712,-0.026871,0.007267,0.007436,0.017737,0.005845,-0.014457,0.080588,0.003739,-0.02876,0.019937,0.005251,-0.027566,0.009796,0.016995,-0.005277,0.012072,-0.003595,-0.011061,0.004399,0.016126,0.006382,-0.019787,-0.005859,-0.01649,-0.003395,0.005457,-0.003733,0.00812,0.03769,-0.023517,-0.019498,-0.028962,-0.010097,0.003244,0.008335,-0.002102,0.00864,-3.5e-05,-0.013451,0.02221,-0.016076,0.005101,0.038653,-0.038479,0.035825,-0.000206,0.008374,0.041725,0.001143,0.000359,-0.012168,-0.034146,0.006736,0.008015,-0.035511,0.003982,0.014752,-0.001954,-0.007043,0.004048,0.025258
KEYSIGHT TECHNOLOGIES INC,-0.000976,-0.039545,-0.000778,-0.018686,-0.002014,0.000611,-0.01589,0.066389,0.002737,-0.006621,0.008419,-0.034265,-0.003242,0.035355,0.001338,0.012491,0.010099,0.003295,-0.017156,-0.002765,0.044943,0.003262,-0.005235,-0.010912,-0.009689,0.00492,0.018852,-0.001823,0.01317,0.011469,-0.011987,-0.037163,-0.013225,-0.014208,0.005602,0.010038,-0.024645,0.000295,-0.001178,-0.011614,0.027079,-0.006562,-0.00076,-0.002632,-0.009502,0.038787,0.006784,0.007927,0.008033,-0.008471,0.015119,0.024085,-0.018761,-0.026283,0.012449,0.00911,-0.001883,0.003551,-0.004368,-0.014495,-0.003043,0.013792
IMPERIAL OIL LTD,0.011564,-0.010887,0.035957,0.013104,-0.003845,-0.005791,-0.028945,0.034715,0.016512,-0.0216,0.010244,-0.01014,0.001236,-0.004057,-0.009564,0.030222,-0.004687,-0.000349,-0.019539,0.020641,-0.005404,-0.008672,-0.005335,-0.045414,-0.029781,0.011969,-0.009348,-0.036973,-0.025995,0.010881,-0.011982,-0.025899,-0.013505,0.002353,0.002774,0.020856,-0.024182,0.03119,0.016366,-0.026906,0.016339,0.004534,-0.051087,-0.003243,0.010412,0.03714,-0.007866,-0.00313,-0.008162,0.018991,0.018016,0.009764,-0.01249,0.036108,0.004725,0.008622,0.010686,0.001538,0.037428,0.009436,-0.033908,0.038892
KROGER CO,-0.002538,-0.012932,0.014175,-0.017366,0.009698,0.005763,0.019949,0.00104,-0.020994,-0.005945,0.006658,0.020482,0.007318,0.00166,-0.002901,-0.000831,-0.004992,0.025084,-0.004282,0.010649,-0.003242,-0.015857,-0.017352,-0.031533,0.005644,0.013166,0.011078,-0.02086,0.005165,-0.026975,-0.015182,-0.028374,0.019085,0.001805,0.004054,-0.002692,0.017769,0.014144,0.001308,-0.029815,0.000897,-0.000896,-0.002467,0.011244,0.004225,0.012843,0.009838,-0.004546,-0.008047,0.001315,-0.009853,0.02123,-0.019922,-0.027839,0.010227,0.005624,-0.009843,0.01446,-0.0098,0.01327,-0.018646,0.0095
BAKER HUGHES CO,0.030369,-0.03193,0.025372,0.035702,0.051872,0.010451,-0.046219,0.036259,0.014389,-0.024823,0.021157,-0.021366,-0.013232,-0.023466,-0.014075,0.026811,-0.022381,-0.011446,-0.010877,0.016318,0.012915,0.00827,0.008544,-0.026771,-0.011838,-0.017618,0.007174,-0.034544,0.038362,0.039432,-0.009569,0.00207,-0.023072,-0.003877,0.023355,0.014869,-0.033731,0.026093,0.009278,-0.02792,0.022067,0.011995,-0.026414,-0.029913,0.032628,0.040278,0.019359,0.010806,-0.001296,0.021732,0.004127,-0.004742,-0.025095,-0.006517,0.019023,-0.015449,-0.014384,0.028192,0.025806,-0.015723,-0.008946,0.023211
DISCOVER FINANCIAL SERVICES,-0.005457,-0.027529,-0.030189,0.019086,0.011618,0.014553,-0.02381,0.082767,0.004247,-0.0262,-0.021713,0.024028,0.008669,0.002055,0.008204,0.006196,0.004159,0.000644,-0.017291,0.01591,-0.00175,-0.016888,-0.010607,-0.017932,0.003478,-0.001252,-0.007808,0.00068,0.022136,0.012158,-0.029185,-0.044176,-0.020125,-0.017752,0.016182,0.011271,-0.009611,0.00764,-0.008709,-0.015194,0.022775,0.003899,-0.008586,0.044128,-0.016984,0.035058,0.008152,0.016654,0.01354,-0.009155,0.010749,-0.016698,-0.029124,-0.004299,0.041609,0.039099,0.01088,0.030586,-0.001828,0.025111,-0.026622,0.020011
STATE STREET CORP,0.005405,-0.006989,-0.010964,0.032572,0.006362,0.002897,-0.012213,0.061686,0.01415,-0.024571,0.005823,-0.006922,-0.05576,0.014495,0.013494,-0.000261,0.006006,0.00013,-0.045938,0.005577,0.077641,-0.011924,-0.012703,-0.019043,-0.024659,0.081899,-0.028962,0.011649,0.015564,0.013332,-0.017706,-0.020403,-0.007156,-0.001802,0.005544,0.009232,-0.010926,-0.004624,-0.004388,-0.004018,0.019521,-0.001787,0.0107,0.013776,-0.009688,0.025029,0.002851,0.006798,0.010803,0.000364,0.007284,0.000362,-0.01759,-0.012509,0.046697,0.023019,0.009395,0.013444,0.023016,0.005541,-0.006393,0.013089
WALGREENS BOOTS ALLIANCE INC,-0.006575,-0.01241,-0.001955,0.037213,0.041004,-0.007774,-0.036563,0.043372,0.071967,-0.005817,0.002713,-0.006396,-0.006437,-0.009469,0.021132,0.029564,-0.000718,-0.002395,-0.020403,0.006616,0.010224,-0.004578,0.004115,-0.006509,-0.015045,0.001478,0.00615,-0.011492,0.015583,-0.000731,-0.009749,-0.027074,-0.012143,0.006914,0.005341,-0.023526,-0.004145,0.004943,-0.008284,-0.019055,-0.002927,-0.002936,-0.00455,0.008067,-0.06135,0.040352,-0.007102,0.009629,0.011444,-0.012392,0.003273,-0.012235,-0.019818,-0.005616,0.013273,0.022018,-0.020998,0.010585,0.006064,0.018356,-0.017218,0.009034
COPART INC,0.000696,-0.026412,0.011869,0.012082,-0.005054,-0.003503,-0.021445,0.086043,0.018194,-0.005198,0.01339,-0.000322,0.033849,0.004365,-0.005278,0.0103,0.017455,-0.011842,-0.000461,-0.00953,0.032899,0.016677,-0.007684,-0.021594,-0.022222,-0.017902,0.012839,-0.001721,0.009249,-0.02625,-0.003509,-0.030415,-0.002972,-0.001325,-0.000995,0.013278,-0.017527,0.008836,-0.006941,-0.002163,0.021181,-0.005553,0.009361,0.008461,-0.023072,0.030388,0.000801,-0.013133,0.012009,0.003207,0.004156,0.004457,-0.009033,-0.016312,0.032027,0.021739,0.0037,0.01275,0.012437,0.004944,-0.011777,0.004827
ON SEMICONDUCTOR CORP,0.005046,-0.026401,-0.015305,0.067579,0.036082,0.024744,-0.048591,0.140373,0.031048,-0.02958,0.020184,-0.05397,0.011666,0.018985,-0.018079,0.036402,0.003526,-0.008108,-0.046867,0.010863,0.063348,-0.01609,-0.01284,-0.020126,-0.025569,0.005736,0.0288,-0.022589,0.006522,0.008029,-0.055478,-0.049268,0.017429,-0.018813,-0.001871,0.015774,-0.044896,0.004346,-0.016509,-0.017601,0.040312,-0.005422,-0.012185,0.009576,-0.03955,0.045698,0.034897,-0.005878,0.005601,0.004642,0.003388,0.011051,0.006983,-0.042816,0.043629,0.068518,-0.01017,0.024686,0.026041,-0.000136,-0.035971,0.034216
COSTAR GROUP INC,-0.018496,-0.024757,0.008967,0.001001,0.004752,-0.00224,-0.004865,0.054901,-0.010456,-0.012848,0.006082,-0.002902,-0.020856,0.000619,-0.00297,-0.014027,0.007428,-0.0005,-0.015504,-0.006223,0.035655,0.023569,0.006148,-0.020129,-0.010027,-0.009881,0.027819,-0.020512,0.015366,0.000732,-0.009024,-0.041595,0.001284,-0.010516,-0.005962,0.016167,-0.008853,-0.00466,-0.001821,-0.00912,0.021302,-0.005021,0.004788,0.004507,-0.039744,0.02964,-0.000519,0.00973,0.037518,-0.005325,0.009089,-0.017643,-0.019342,-0.018699,0.024798,0.002929,-0.001524,-0.016024,0.017319,-0.011816,0.001543,0.0
P G & E CORP,0.025452,-0.02482,0.018084,0.007237,-0.015676,-0.00929,-0.023443,0.015775,-0.003376,-0.020325,-0.001383,0.020083,-0.010183,0.030178,-0.001997,0.008672,0.007937,0.00853,-0.006506,-0.006549,0.034937,-0.005096,0.002561,-0.021711,0.00718,0.009073,-0.009634,0.007782,0.030245,0.0,0.02436,-0.012805,-0.006794,-0.014925,0.002525,0.004408,0.0,0.006897,0.024284,-0.017629,0.011139,-0.004896,-0.03567,0.012755,-0.013854,0.014687,0.004405,-0.001253,-0.011292,0.013325,-0.005009,-0.001259,-0.016383,-0.010891,0.013601,0.005112,0.006357,0.010739,-0.009375,0.013249,-0.013076,0.003155
TAKEDA PHARMACEUTICAL CO LTD,0.004539,-0.011295,-0.001523,0.006102,0.009856,0.007508,-0.014903,0.046899,0.000723,-0.010108,0.002918,0.001455,0.01162,0.012204,-0.002128,0.011372,0.009136,0.01532,-0.002058,-0.003436,0.015862,0.009504,-0.003362,-0.017544,0.0,0.008929,0.010211,0.009434,-0.004005,0.021448,0.011155,-0.017521,-0.005945,-0.00598,0.024733,0.004566,0.001299,0.007782,-0.007722,-0.001297,0.014286,-0.00128,0.010256,-0.010152,-0.011539,0.010376,-0.000642,-0.010918,0.012338,0.009622,0.022872,0.003106,-0.000619,0.003718,0.004321,-0.004917,-0.003706,0.00682,-0.008621,-0.004348,-0.008734,-0.005664
ISHARES TRUST,0.00965,-0.012744,-0.004366,0.038132,0.003122,0.010436,-0.015764,0.04989,0.021042,-0.00996,0.010061,-0.006354,-0.000346,-0.000692,-0.007958,0.01151,0.009483,0.002904,-0.01158,0.006892,0.021047,0.00553,0.0005,-0.013993,-0.005237,-0.001189,0.006972,-0.001857,0.00203,0.011143,0.0,-0.024074,-0.005693,-0.001908,0.002955,0.010572,-0.009089,0.003461,0.005692,-0.013205,0.016336,-0.01026,0.007256,0.017839,-0.0091,0.02432,0.004317,0.004133,0.006421,0.011942,0.005658,0.000964,-0.004978,0.00113,0.01064,0.005264,-0.000159,0.003968,0.004268,-0.003148,-0.010106,0.004307
LYONDELLBASELL INDUSTRIES N V,0.026423,-0.003441,-0.004987,0.075183,-0.000478,0.011361,-0.052856,0.04819,0.060743,-0.021446,-0.021457,-0.030371,-0.010884,0.006236,0.011665,0.050685,0.006973,-0.001249,-0.035027,0.013015,0.002004,-0.004352,0.003072,-0.016843,-0.014017,-0.007655,-0.001102,-0.001471,0.018414,0.013983,-0.005231,-0.035851,-0.001239,-0.003475,0.005604,0.019195,-0.009964,0.02025,0.007458,-0.019702,0.009744,0.001568,0.011562,0.022741,0.011991,0.036466,0.013763,0.003722,0.011998,0.009593,0.000641,-0.022832,-0.008407,-0.005836,0.022262,0.006934,-0.002152,0.00248,0.020329,0.007274,-0.011408,0.023608
ISHARES TRUST,0.009319,-0.00434,-0.005397,-0.016801,-0.009977,0.010935,0.003287,0.038474,-0.003664,-0.002452,0.01618,0.021868,-0.010552,-0.006877,0.004215,0.014192,0.017442,-0.00339,0.002818,-0.011726,0.007354,0.031872,0.012576,-0.014007,0.01288,0.023563,-0.002741,-0.026014,0.003198,0.009656,0.004271,0.003893,-0.011171,-0.016805,-0.017757,0.002513,-0.000193,-0.014661,-0.019773,-0.005892,0.011351,-0.011124,0.019084,0.0137,0.004181,0.018397,0.005324,-0.01655,0.016252,0.019682,-0.009373,-0.006464,0.024232,-0.00626,-0.016211,-0.004708,0.01438,0.002425,-0.004652,-0.002524,-0.003655,0.007995
PUBLIC SERVICE ENTERPRISE GP INC,0.004637,0.004971,0.007949,0.014546,-0.010019,0.009422,-0.010026,0.039288,-0.020665,-0.015955,-0.004358,0.011907,-0.033224,0.032576,0.002773,0.008643,0.011311,0.003559,-0.014691,-0.001028,0.038772,-0.002477,0.008609,-0.01067,0.005475,-0.010726,0.009842,-0.003833,0.014221,0.008248,0.000982,-0.01373,-0.01823,0.002026,-0.002527,0.021787,-0.006116,0.015799,0.011952,-0.008413,0.008811,-0.009057,0.012731,0.007413,-0.022236,0.024869,0.01357,0.002835,0.004712,-0.018446,-0.00207,0.00383,-0.032909,-0.013316,0.006831,0.007612,0.000985,-0.001641,0.002958,-0.006554,0.007752,0.013584
APTIV PLC,0.00571,-0.039196,0.041136,0.065597,0.015774,0.019764,-0.036191,0.121576,0.021862,-0.01862,0.013865,-0.020333,-0.019928,0.012275,-0.020272,0.011621,-0.001494,-0.009821,-0.036274,-0.001372,0.047016,-0.013875,-0.01388,-0.020245,-0.018892,-0.019256,-0.044279,-0.001926,0.030339,0.015295,-0.010043,-0.006522,-0.025946,-0.003958,0.006337,0.004696,-0.033355,0.002857,0.00263,-0.013333,0.039101,-0.007249,-0.001933,0.031522,-0.000209,0.025558,-0.003357,0.016942,-0.003613,0.024073,-0.00118,0.009847,0.000878,-0.015004,0.029476,0.031418,-0.012389,-0.002358,0.009738,0.035487,-0.006872,0.029682
P P G INDUSTRIES INC,-0.001576,-0.034386,-0.003361,0.052411,0.007622,0.001031,-0.014254,0.093099,0.042304,-0.016373,0.012035,-0.003938,-0.018063,0.01429,0.004515,0.022782,0.008107,0.002255,-0.022945,0.011742,0.025715,-0.001923,0.017338,-0.019738,-0.018947,-0.019691,0.007108,0.000384,0.014646,0.013226,-0.009696,-0.030127,-0.020191,-0.00428,-0.006925,0.019157,-0.010146,0.006833,-0.002367,-0.017007,0.01714,-0.005222,0.008748,0.024677,-0.052781,0.043782,0.002879,0.007061,0.017799,-0.003558,0.005926,-0.013444,-0.021742,-0.032713,0.059871,-0.005343,0.005142,-0.021532,-0.003511,-0.002741,0.002356,0.021073
ONEOK INC NEW,0.012475,-0.01665,0.004064,0.024283,0.018439,0.012932,-0.028726,0.041735,0.019716,-0.004176,0.013514,-0.008276,-0.017154,0.013679,-0.019699,0.035127,0.003057,-0.003048,-0.025986,0.018676,0.030966,0.004184,0.0,-0.028125,-0.026183,0.003931,0.004229,-0.00889,0.037766,0.015315,-0.005526,-0.028683,-0.002938,-0.017367,0.002051,0.02378,-0.013844,0.022617,0.008084,-0.023907,0.022322,-0.003791,-0.026788,0.00782,0.006052,0.026839,0.016824,0.023933,0.011254,0.011985,-0.00141,-0.010024,-0.020964,0.013838,0.00158,0.000287,-0.003155,-0.006762,0.007242,-0.004961,-0.014068,0.017836
TELUS CORP,-0.004787,-0.008177,-0.011154,0.04463,-0.005634,0.002361,-0.006594,0.029398,0.008291,-0.000457,-0.005027,0.001378,-0.001835,0.002298,-0.010546,0.000927,-0.001852,0.009276,-0.015165,-0.018665,0.013314,-0.000938,-0.003288,0.006126,-0.01733,-0.004766,0.004105,-0.005794,-0.001457,0.003405,-0.009695,-0.019579,-0.014978,-0.00963,0.006141,0.003052,-0.007099,0.004597,0.004067,-0.027848,0.015104,-0.009236,-0.002071,0.025947,-0.009105,0.026544,0.000994,-0.00149,0.00796,0.027147,0.010091,0.014748,-0.014534,-0.002379,0.013829,0.000941,0.00188,-0.001876,0.006579,-0.003735,-0.000469,0.010314
UNITED RENTALS INC,0.017389,-0.036582,0.022233,0.023836,-0.002717,0.014985,-0.030961,0.085715,0.012757,0.025193,-0.008992,-0.021669,0.000634,-0.004951,0.009806,0.020482,0.006176,0.001646,-0.031864,-0.013982,0.030053,0.009603,0.000421,-0.030569,0.004687,0.01218,0.028789,-0.024914,0.022176,0.018227,0.003052,-0.029092,-0.010967,-0.006393,-0.001822,0.026297,-0.024873,0.012369,0.00974,-0.018958,0.012305,-0.002218,0.003629,0.026072,-0.005246,0.036392,-0.003551,0.014548,0.006554,0.020314,0.0012,-0.008592,-0.007355,-0.032849,0.027697,0.02179,0.004515,-0.003352,0.099368,0.006049,-0.011634,0.02776
GLOBAL PAYMENTS INC,-0.005164,-0.053576,-0.123071,0.032966,0.017342,0.008069,-0.031119,0.062584,0.014482,-0.011017,-0.009203,-0.02894,-0.016714,0.003584,-0.019386,0.031943,0.009982,0.015274,-0.018977,0.000601,0.039567,-0.002409,-0.004347,-0.016007,-0.037267,0.012186,0.000911,-0.01122,0.018606,-0.001907,-0.017295,-0.026092,-0.00158,-0.017409,0.009342,0.019043,-0.012945,0.022951,0.009926,-0.013411,0.029366,0.00121,0.00886,0.032735,-0.014496,0.031281,0.012266,-0.010802,0.002754,0.026042,-0.006368,0.035296,-0.020187,-0.005219,0.030376,0.013311,-0.01005,-0.005432,0.007521,0.001689,-0.021471,0.022033
ENPHASE ENERGY INC,-0.024495,-0.033325,0.022832,-0.046165,-0.048187,0.041811,0.01671,0.08604,-0.055748,0.020308,0.009364,0.014797,0.025493,-0.003259,-0.01231,0.040052,-0.014543,0.011527,-0.022572,-0.02825,0.056693,-0.020556,0.070064,-0.000536,-0.07769,0.023633,0.008895,-0.001,0.0041,0.015988,0.02089,-0.05631,-0.033974,0.00534,-0.009639,0.049757,-0.05749,-0.016462,-0.066032,-0.02608,-0.007069,-0.001996,-0.043969,-0.006593,-0.044786,-0.027957,-0.024438,0.008292,0.039116,0.012143,0.017003,0.021275,-0.002987,-0.109225,-0.001929,0.026512,-0.039266,-0.041691,-0.010936,0.009951,0.010139,0.043163
GRAINGER W W INC,0.014289,-0.014712,0.017843,-0.001279,0.00288,0.008919,-0.016066,0.032301,-0.035932,-0.002592,-0.005453,0.012169,0.008592,0.005186,0.006013,0.008075,-0.001899,-0.000116,-0.016036,-0.006004,0.020423,0.000199,-0.001824,-0.02596,-0.010419,0.010459,0.011664,-0.008748,0.009183,-0.014373,-0.015233,-0.025155,-0.005129,0.00469,0.002619,0.008316,-0.010662,0.006644,0.000407,-0.014629,0.009263,-0.010619,-0.000575,-0.003418,-0.029782,0.028277,0.008865,0.01128,0.032558,-0.016727,0.002306,-0.003816,-0.001749,-0.040198,0.02284,0.002642,0.016218,-0.019235,0.009074,0.012143,0.006174,0.024612
W E C ENERGY GROUP INC,0.006789,-0.018488,0.001551,0.011063,-0.013897,0.014758,-0.012028,0.050111,-0.010621,-0.006656,0.007889,0.012331,-0.014723,0.028811,0.010763,0.004135,0.009678,0.006016,-0.011352,-0.005741,0.022273,-0.018661,-0.012643,-0.018842,0.012414,-0.008698,0.011312,0.000732,0.022355,0.011342,-0.01273,-0.012075,-0.014605,-0.009356,0.000955,0.006043,-0.003161,0.009302,0.005551,-0.009791,0.003576,-0.017294,0.004266,0.006584,-0.025005,0.025538,0.018888,0.001657,0.015302,-0.013646,-0.01146,-0.007415,-0.02641,-0.007889,0.013943,-0.002686,0.000539,-0.001507,0.001294,-0.000969,-0.001617,0.014792
NASDAQ INC,0.001767,-0.026143,0.013999,0.00536,0.008239,0.03461,-0.014868,0.040874,0.00287,-0.005422,-0.018928,0.008798,-0.00765,0.010176,0.006716,0.00849,0.00917,0.000298,-0.013105,-0.002565,0.035704,0.00336,0.007154,-0.016237,-0.012526,-0.032383,-0.010025,-0.015423,0.023418,0.004793,-0.021542,-0.029093,-0.018141,-0.002639,-0.005624,0.02312,-0.007316,0.003603,-0.004896,-0.004592,0.019275,-0.008405,0.006683,-0.001781,-0.022871,0.023406,0.015572,-0.001118,0.007675,-0.000476,0.005715,0.000316,-0.008995,-0.028662,0.017377,0.004189,-0.006419,-0.058463,0.031046,0.006488,-0.01405,0.009053
FERGUSON PLC,0.007688,-0.015622,-0.009135,0.024025,0.006547,0.012738,-0.007404,0.109014,-0.019692,-0.000496,-0.003887,-0.032381,-0.01004,0.013002,0.008813,0.022137,-0.002158,0.001746,-0.029055,-0.020007,0.022771,0.009213,-0.014115,-0.008488,0.055599,0.011714,0.020808,0.008249,0.012429,0.015929,0.006272,-0.03177,-0.018241,0.008526,-0.00335,0.008962,-0.009834,8e-05,0.013215,-0.014228,0.022452,-0.004235,0.012916,0.026359,0.01803,0.044352,-0.008836,0.002516,-0.019218,0.012795,0.004043,-0.004961,-0.003107,-0.019933,0.020635,0.004638,-0.000793,-0.003321,0.011371,0.00487,-0.005487,0.019993
SUN LIFE FINANCIAL INC,-0.003769,-0.014424,0.027351,0.038767,-0.004721,0.009035,-0.024401,0.05117,0.012006,-0.011217,0.003054,0.003045,0.007589,-0.00581,-0.004545,0.01535,0.004549,0.009705,-0.019009,0.004137,0.027754,0.000633,-0.005271,-0.010174,-0.008137,-0.004318,0.000867,0.004333,0.003667,0.009886,-0.009364,-0.01783,-0.001531,-0.006791,0.011689,0.017005,-0.010504,0.006499,0.00043,-0.00753,0.014958,-0.008543,-0.000431,0.024353,-0.019356,0.017378,-0.006537,-0.00467,0.016208,0.01532,-0.001033,0.004345,-0.013185,0.00167,0.021467,-0.000408,0.001225,-0.000612,0.01734,-0.000602,-0.008427,0.01639
CORNING INC,0.012123,-0.024877,0.004094,0.031681,0.005777,-0.003023,-0.027896,0.057392,0.016519,-0.013639,0.010886,-0.025611,0.00239,0.018023,-0.006787,0.009507,-0.001766,0.005896,-0.029601,0.009061,0.021551,0.003223,-0.007009,-0.014706,-0.006567,-0.004808,0.006039,-0.009004,0.014234,0.01493,-0.007649,-0.027868,-0.014944,-0.017028,-0.006299,0.015214,-0.014362,0.005702,0.004724,-0.015047,0.017823,-0.001251,0.018785,0.048248,0.008209,0.028788,0.001131,0.011858,0.015904,0.00357,-0.012863,-0.003327,-0.000278,-0.005287,0.002517,0.007533,-0.008308,-0.006981,0.024466,0.010156,-0.011141,-0.048915
FASTENAL CO,0.010346,-0.016793,0.004374,0.026338,0.001616,0.004236,-0.01808,0.06117,-0.00135,-0.002317,-0.000967,0.002518,-0.003284,0.001357,0.007549,0.006532,0.000382,-0.001526,-0.021785,-0.017972,0.024667,0.000971,-0.002521,-0.0105,-0.014738,0.002194,0.018308,-0.004104,0.013933,-0.029611,-0.011169,-0.032473,-0.002085,-0.002507,-0.002094,0.006086,-0.005215,0.001468,-0.005653,-0.013687,0.015372,-0.005046,0.001691,0.012025,-0.034814,0.028294,0.007141,0.01147,0.012371,-0.001629,-0.00408,-0.01229,-0.014102,-0.015566,0.047009,-0.000204,0.012043,-0.002219,0.00283,0.012901,-0.016318,0.022658
EVERSOURCE ENERGY,0.009177,-0.009613,-0.000525,0.012861,-0.027857,0.012262,-0.013693,0.056201,-0.013018,-0.005378,0.012618,0.010807,-0.01761,0.019846,0.009416,0.007587,0.014443,0.003164,-0.008734,-0.013094,0.027402,0.012672,-0.002384,-0.000717,0.008488,-0.007112,0.009909,-0.006384,0.019631,0.002917,-0.001163,-0.012609,-0.016047,0.000604,-0.002052,0.015969,-0.010002,0.013111,0.008785,-0.008121,0.009492,-0.014575,0.004533,0.01318,-0.018516,0.024478,-0.001049,-0.000233,0.0014,-0.007924,-0.013039,-0.003451,-0.030097,-0.017609,-0.000501,0.001881,0.004506,-0.006729,0.007653,0.007719,0.005313,0.011798
INTERNATIONAL FLAVORS & FRAG INC,-0.022129,-0.012467,-0.010397,0.016617,0.014236,-0.049595,0.00186,0.048919,0.046638,-0.011737,-0.014593,0.005209,-0.005487,0.003984,0.004477,0.011245,0.01092,0.004559,-0.013712,0.024205,0.033398,0.008694,0.011523,-0.010929,-0.01723,0.030014,-0.0037,-0.004085,-0.010628,0.01046,-0.014921,-0.020259,-0.003672,-0.014063,0.005115,0.018203,-0.007017,0.005711,0.006834,-0.007225,0.020087,-0.002664,0.007631,0.023855,-0.008044,0.025352,0.012363,0.041483,-0.006035,0.002689,0.005536,0.002925,-0.016126,-0.021186,0.000802,0.003026,-0.016504,0.008661,-0.010555,0.011119,-0.005543,0.011058
H P INC,0.008327,-0.031239,-0.011861,0.06114,0.01626,0.003478,-0.036395,0.053957,0.042662,-0.003928,0.004272,-0.041558,0.00478,0.001699,-0.010855,0.007545,0.01804,0.008024,-0.031178,-0.011298,0.040166,-0.005992,-0.007368,-0.014507,-0.030811,-0.016955,0.023356,-0.00948,0.028713,0.003877,-0.017665,-0.053597,-0.004471,-0.005988,0.001883,0.003006,-0.001124,0.003751,0.011584,-0.019579,0.01884,-0.006287,-0.004466,0.01757,-0.000367,0.042264,0.009873,0.015712,-0.008938,-0.009712,-0.022417,-0.011465,-0.002175,-0.020705,0.035237,0.024722,-0.006993,0.010211,0.011154,0.007584,-0.014027,0.011103
AMERICAN WATER WORKS CO INC,-0.024082,-0.025945,-0.002316,0.008706,-0.002481,0.012678,-0.002361,0.057723,-0.010643,-0.008154,0.008774,0.007054,-0.028562,0.027021,0.006884,0.003385,0.02051,0.010842,-0.020602,-0.017429,0.031399,0.014826,-0.001753,-0.003643,0.009792,-0.005754,0.010534,0.004697,0.005444,0.014014,-0.005277,-0.012188,-0.0257,-0.006037,-0.008054,0.015107,-0.003934,0.007174,0.008234,-0.007519,0.010841,-0.015248,0.011022,0.019922,-0.015906,0.023211,0.001137,0.014706,0.004043,-0.01239,-0.00345,-0.01026,-0.028937,-0.016373,0.008989,-0.003761,0.023647,0.006277,0.004437,0.00525,-0.012865,0.009613
VERISK ANALYTICS INC,-0.007439,-0.066898,-0.023386,0.006954,0.01183,0.012523,-0.004279,0.066168,-0.015681,-0.024065,0.017358,-0.014068,-0.024526,0.019444,0.036937,-0.007224,0.007837,0.015662,-0.029146,-0.003436,0.03832,0.013227,-0.003761,-0.012349,-0.006061,0.005054,-0.004263,0.001811,-0.003342,0.015393,-0.007688,-0.034814,-0.008947,-0.010285,-0.005946,0.022824,-0.009312,0.006476,-0.000285,-0.007576,0.021982,-0.00921,0.005215,0.016409,-0.01448,0.029498,-0.004539,0.008185,0.015964,-0.018823,0.005411,-0.012938,-0.004847,-0.013172,0.018507,0.020649,-0.010844,-0.017671,0.004886,-0.004641,-0.004108,0.013266
FRANCO NEVADA CORP,0.015132,-0.048067,-0.01457,0.078773,-0.009374,0.065522,-0.013433,0.056052,0.014612,-0.005648,-0.001491,-0.009101,-0.021025,0.017298,-0.011528,0.044974,0.007952,-0.000346,-0.035652,0.018808,0.029594,0.007802,-0.01168,-0.017246,-0.007551,0.008313,0.005672,-0.019566,0.007386,0.016003,-0.002151,-0.04193,-0.038322,-0.004906,0.009101,0.012852,-0.001187,0.009287,0.021641,-0.014554,-0.000439,-0.001682,0.012236,0.027651,-0.014933,-0.000358,0.016452,0.014075,0.001041,0.021629,-0.004614,-0.031154,0.011329,0.017533,0.006017,-0.008972,0.016666,0.018079,-0.020011,-0.006964,-0.012732,0.011724
ALNYLAM PHARMACEUTICALS INC,0.028274,0.005771,0.006391,-0.034211,-0.016368,-0.00083,-0.033307,0.073305,0.018451,-0.013357,0.003794,-0.010733,-0.013538,0.039403,-0.049273,0.013356,-0.004393,0.020289,-0.016548,-0.02108,0.077152,-0.001541,0.064245,-0.034983,-0.029001,0.053224,0.028877,-0.028066,0.019582,0.004749,-0.012955,-0.019409,0.032916,-0.012029,0.014867,0.015828,-0.007542,-0.006639,-0.023497,-0.00297,0.027761,-0.00168,-0.017084,-0.003125,-0.030834,-0.003013,-0.023467,-0.001001,0.026059,0.020513,0.024756,-0.007642,-0.008215,-0.01402,0.004769,0.004093,-0.010755,0.003989,0.011222,-0.00095,-0.025803,0.004437
CONSTELLATION ENERGY CORP,0.010366,-0.02544,0.01418,-0.000953,-0.008694,-0.063743,-0.00217,0.089182,-0.029746,0.018969,-0.004472,-0.019465,-0.017779,0.036091,0.000965,0.030838,0.003636,0.005589,-0.024187,-0.004008,0.017897,-0.017166,-0.025723,-0.021512,0.007995,0.013109,-0.006089,-0.018488,0.012929,-0.00044,0.00011,-0.012658,-0.016722,-0.005329,-0.001938,0.023869,-0.025878,0.00813,-0.004543,-0.011753,0.001847,-0.006454,-0.049878,0.018313,-0.011989,0.013227,0.005988,-0.010952,0.012398,0.002734,0.009723,-0.021019,-0.018232,-0.01234,0.02672,0.013735,-0.002733,-0.006078,0.029736,0.008151,-0.048279,0.035922
ALEXANDRIA REAL EST EQUITIES INC,-0.003717,-0.016441,0.004987,0.019638,0.006648,-0.008647,-0.019643,0.075942,-0.016929,-0.023844,0.016556,-0.016286,-0.000814,0.019761,-0.002397,0.019158,-0.005633,0.015149,-0.033156,0.023556,0.02026,-0.004756,-0.010008,-0.017871,-0.027162,-0.006622,0.021578,0.004036,0.005427,0.017525,0.001768,-0.016866,-0.036505,-0.005452,0.005274,0.013944,-0.005582,0.00801,-0.005365,-0.020485,0.020634,0.003237,-0.010709,0.019291,-0.026142,0.031807,-0.006843,0.007299,0.040905,0.014184,-0.001989,0.003792,-0.006212,-0.005477,0.017494,0.012736,-0.002641,-0.011726,0.002807,0.022137,-0.020538,0.02135
DEUTSCHE BANK A G,0.003132,-0.005203,-0.01569,0.032944,0.00823,0.009184,-0.025278,0.056017,0.043222,-0.014124,0.007641,-0.001896,-0.00095,-0.001901,-0.005714,0.003831,0.016221,0.015024,-0.024977,0.003795,0.004726,-0.019755,0.012476,0.004739,-0.013208,-0.001912,0.012452,0.008515,-0.00469,0.028275,-0.021998,-0.037488,0.021422,0.00286,0.061787,0.015219,-0.006173,0.00976,0.001757,-0.014035,0.016904,0.007874,0.016493,0.065756,-0.027244,0.024712,0.0,0.015273,0.003167,0.011839,-0.00702,0.01414,-0.004648,-0.003891,0.01875,-0.003834,0.003079,0.00307,0.018363,0.009016,-0.010424,0.006772
ISHARES TRUST,-0.000979,-0.000495,-0.001858,0.001117,-0.000868,0.000992,0.001611,0.005444,-0.000246,-0.000862,0.000986,0.000123,-0.001231,-0.001109,-0.000247,0.00074,0.000863,0.000123,0.000246,-0.000369,0.002956,0.002155,-0.000246,-0.002825,0.001109,0.002092,-0.000982,-0.000492,-0.000615,0.002953,0.000123,0.000131,0.000983,-0.001228,0.0,0.000984,-0.000614,-0.000492,-0.001353,0.0,0.000739,-0.00123,0.000862,0.000985,-0.001353,0.003817,0.000981,-0.000858,0.000859,0.002206,-0.001712,0.000612,0.002203,-0.000244,-0.000855,-0.000978,0.000367,0.000612,-0.000611,0.0,-0.000979,0.001837
J D COM INC,0.030839,0.03642,0.01506,0.097428,0.002929,0.022018,-0.066608,0.084079,0.063002,0.03924,0.071387,-0.018172,0.075341,-0.025209,-0.06367,-0.017905,0.013576,-0.053196,0.00869,0.066921,0.073803,-0.02326,0.049955,0.009209,0.01977,-0.031483,0.032849,-0.033957,-0.015432,0.006792,0.013147,-0.032781,-0.001059,0.010603,-0.013464,0.030131,-0.007743,-0.021328,0.041814,-0.045068,0.016741,-0.016816,0.026902,0.146773,-0.003026,-0.024279,-0.018196,0.008237,-0.009584,0.002062,0.006807,-0.057233,-0.024016,0.015379,0.016998,0.010425,0.009171,-0.003895,0.028185,0.009983,-0.061343,-0.005014
EQUIFAX INC,-0.003244,-0.042192,-0.013036,0.020908,0.01631,0.01267,-0.016265,0.137415,0.032906,0.020207,0.046435,-0.019025,-0.020427,0.005879,-0.017934,-0.011445,0.020521,0.012631,-0.048097,-0.009801,0.044728,0.024725,-0.004302,-0.038236,0.001962,-0.001134,0.021874,-0.003181,0.006128,0.04178,-0.019376,-0.025326,-0.029877,-0.003804,-0.005074,0.035857,-0.014212,0.007775,-0.007102,-0.021303,0.034648,-0.012348,0.020323,0.031769,-0.031817,0.032913,9.8e-05,0.001759,0.041561,0.012552,0.0037,-0.00424,0.007127,-0.000781,0.024098,-0.00247,-0.00072,-0.030093,0.008732,0.004881,-0.004078,0.022314
ARCELORMITTAL S A LUXEMBOURG,0.009354,-0.038835,-0.02112,0.100375,0.024723,0.023295,-0.022358,0.04948,0.085578,-0.014599,-0.005556,-0.033147,0.006163,-0.008806,-0.003862,0.028306,-0.005656,0.008343,-0.021813,0.026913,0.012729,-0.015896,0.016529,-0.020695,0.006415,-0.006374,0.022264,-0.003322,0.005926,0.017673,-0.036903,-0.02592,-0.018126,-0.00432,0.015385,0.026807,-0.00681,0.015619,-0.002626,-0.019932,0.015733,-0.009445,0.015637,0.031919,0.009825,0.035676,0.002088,0.029514,0.003035,0.035642,0.012013,0.000321,-0.015395,-0.011401,0.018451,0.002912,0.005484,0.008983,0.025437,-0.010233,-0.018797,-0.012133
WILLIS TOWERS WATSON PUB LTD CO,0.013702,-0.004837,-0.009858,0.014911,0.015732,0.004451,-0.009792,0.038661,0.007625,-0.006371,0.002582,0.001888,-0.008311,0.005313,0.018047,0.009243,0.009159,0.01123,-0.018236,-0.004466,0.032117,0.001828,0.003852,-0.003635,0.000568,-0.010575,0.006388,-0.004964,0.002167,0.00808,-0.005708,-0.004926,-0.015793,-0.005196,0.002257,0.015635,-0.005337,0.008626,0.000777,-0.011612,0.01787,-0.002691,0.002453,0.005343,-0.000203,0.028364,0.006432,-0.006587,0.014997,-0.009526,-0.000314,-0.009621,-0.003608,0.001711,0.005284,0.002174,-0.003391,0.003284,-0.000276,-0.0114,-0.003192,0.017533
C B R E GROUP INC,0.025937,-0.040258,-0.01446,0.027891,0.005794,0.002529,-0.017519,0.101569,0.02085,-0.045795,0.00452,0.001324,-0.015596,0.01101,-0.000531,0.009567,0.010529,0.006512,-0.028339,0.018245,0.041067,-0.000754,-0.003646,-0.01918,-0.01145,-0.006507,-0.002882,-0.003678,0.008703,0.043922,-0.005635,-0.024808,-0.021178,-0.010422,-0.001866,0.023374,-0.012268,0.013081,-0.002348,-0.014119,0.028378,-0.007608,0.019231,0.016318,-0.016182,0.031748,0.010381,0.011864,0.025384,0.009431,0.005606,-0.016374,-0.012869,-0.002631,0.010793,0.009254,-0.021982,-0.001803,0.012643,0.004281,-0.009354,0.021991
COUPANG INC,-0.001737,-0.027262,0.028026,-0.010441,0.039273,-0.011844,-0.070206,0.225905,-0.041562,-0.054859,0.063018,-0.0078,0.00891,0.022857,-0.011173,-0.009759,0.016598,0.006633,-0.041561,0.002644,0.027426,0.021047,-0.013072,-0.087621,0.005025,0.006667,0.001656,-0.001102,-0.017099,-0.015152,-0.014815,-0.057837,-0.007367,0.014224,-0.037195,-0.0019,-0.013325,-0.02701,0.001983,-0.036939,0.00411,0.003411,0.014276,0.047587,0.011516,0.056926,0.06942,0.014549,-0.048538,-0.01971,0.0,0.005322,0.0,-0.047059,0.030247,0.0,-0.016177,-0.020707,0.002488,0.0366,-0.013764,0.024879
M & T BANK CORP,-0.001604,-0.026115,0.002932,0.017236,0.011675,0.008936,-0.026631,0.025612,-0.023444,-0.002106,0.02454,-0.007239,-0.004742,0.016201,-0.006389,0.012683,0.001165,0.001571,-0.01522,0.008259,0.001755,-0.009999,0.004634,-0.046068,-0.005951,-0.077206,0.01453,0.008393,0.001057,-0.035568,-0.016148,-0.019334,-0.006808,0.004284,-0.002417,0.019243,0.012237,-0.001382,0.008993,-0.0157,0.013234,-0.002818,-0.00062,0.011175,-0.002388,0.02701,-0.01092,-0.003702,0.009122,0.001942,-0.000601,0.00662,-0.031487,0.054938,-0.00078,0.006962,0.001163,0.006131,-0.005645,-0.000194,-0.009614,0.016353
ZIMMER BIOMET HOLDINGS INC,-0.013322,-0.037107,-0.021079,-0.005407,0.02556,-0.01209,-0.00433,0.067411,0.023561,-0.01947,0.015974,-0.005733,-0.020444,0.01757,0.003857,0.006985,0.023238,0.010169,-0.012918,0.011303,0.009244,0.027061,-0.003081,-0.005611,-0.007278,0.023066,0.013286,-0.011443,0.013907,0.018235,-0.001479,-0.009513,-0.011337,-0.004937,0.003761,0.013155,-0.002282,0.001104,0.004657,-0.010135,0.014604,-0.002582,-0.001726,0.009271,-0.018527,-0.003014,0.002784,-0.004363,-0.009402,-0.009009,0.001461,-0.002999,-0.00756,-0.001065,0.017548,0.014909,-0.003653,-0.004622,0.004804,0.003028,-0.000397,0.012
GARTNER INC,0.076444,-0.019969,0.00248,0.000626,0.000563,0.023586,-0.010666,0.053038,-0.016544,-0.002625,0.012142,-0.007357,-0.009912,0.015243,0.001718,0.013274,0.001488,-0.002039,0.007181,-0.014347,0.030258,0.016839,-0.012013,-0.004347,-0.00759,-0.015095,0.011239,-0.008949,0.013574,0.011409,-0.013298,-0.018488,-0.007804,0.002632,-0.009821,0.018199,-0.019892,0.002716,-0.000863,-0.008312,0.022081,-0.011992,0.004016,-0.009897,-0.028071,0.011855,0.001613,0.008628,0.017199,-0.005241,0.000149,-0.006161,-0.009913,-0.018542,0.026166,-3e-05,-6e-05,-0.013006,0.000974,0.008209,0.004825,0.014765
EBAY INC,-0.000753,-0.043959,0.019968,0.0322,0.012728,0.025136,-0.02476,0.100813,0.041424,-0.0129,0.024178,-0.032539,-0.00044,0.004618,-0.020797,0.008943,0.002216,-0.004201,-0.015764,-0.012633,0.04318,-0.006162,0.000886,-0.027876,-0.013427,-0.004383,0.016682,-0.00547,0.001833,0.0,0.000686,-0.033371,-0.030504,0.008293,-0.00895,0.007566,-0.028101,0.001246,-0.00224,-0.003992,0.047595,-0.008369,0.016397,0.022301,0.000232,0.046636,-0.035247,0.036075,0.03371,-0.003862,-0.003661,0.011025,-0.016891,-0.009569,0.024594,0.021432,-0.020353,0.047976,0.004701,-0.003255,-0.002245,0.012477
C D W CORP NEW,-0.001331,-0.001043,0.002494,-0.00243,-0.00058,0.01979,-0.020658,0.077924,-0.006199,-0.01009,0.012823,-0.01055,0.00175,0.013101,-0.002586,0.018259,0.007056,-0.005496,-0.015409,-0.006584,0.024772,0.013624,-0.006224,-0.016262,-0.011716,0.000595,0.011361,-0.007863,0.022321,0.01772,-0.004923,-0.040775,-0.015852,-0.016273,0.003421,0.012015,-0.018057,0.0018,0.004772,-0.019666,0.025019,-0.007117,0.005208,0.009136,-0.017058,0.028979,0.004039,0.013155,0.022535,0.014745,0.00755,0.014216,0.002378,-0.004039,0.007451,0.006088,-0.014152,-0.025464,0.011347,-0.005198,0.003828,0.010308
CHENIERE ENERGY PARTNERS L P,0.007816,-0.00264,-0.029645,-0.003472,-0.006619,-0.011924,-0.046495,0.029034,-0.006873,-0.002368,-0.001095,0.024854,-0.011591,0.005773,0.005381,0.062623,0.010578,0.016946,-0.008985,0.014507,0.008775,-0.046392,0.005236,-0.003697,-0.038624,0.003158,0.006471,-0.002954,0.017079,0.037183,-0.033702,-0.004103,0.007725,-0.039353,0.013478,0.027822,-0.0143,0.015371,-0.025685,-0.021823,0.021417,-0.00629,-0.040267,0.006229,-0.007465,0.022381,0.011484,-0.026255,0.020587,0.024991,-0.005573,-0.012609,-0.03299,0.015591,0.001806,0.010817,-0.02051,-0.010743,0.011228,0.002184,-0.022521,0.013935
EDISON INTERNATIONAL,0.007828,-0.028921,-0.005276,0.009923,-0.021684,0.004502,-0.012067,0.051998,-0.006966,0.000835,0.012517,0.005934,-0.019499,0.031417,0.003888,0.007586,0.020823,0.007846,-0.013078,0.001893,0.049599,-0.017102,-0.002289,-0.003824,0.013821,-0.009845,0.000459,0.005963,0.024776,0.006675,-0.003242,-0.013599,-0.024427,-0.002304,-0.001078,0.005241,-0.01104,0.010543,0.009819,-0.012154,0.001807,-0.012112,0.010374,0.032825,-0.022594,0.030513,0.013758,0.006048,0.017889,-0.013973,-0.003652,0.007331,-0.027802,-0.016769,0.016141,0.004496,0.011786,-0.004276,0.012439,0.005412,-0.008729,0.011154
DIAMONDBACK ENERGY INC,0.009675,-0.023955,0.023897,0.017915,0.013138,0.000367,-0.036686,0.017328,0.025393,-0.004746,0.021153,-0.034664,0.017612,-0.034368,-0.03988,0.009667,-0.009575,-0.004467,-0.037437,0.020942,0.008723,-0.022429,0.005252,-0.023787,-0.02669,-0.011938,-0.026948,-0.024684,0.035571,0.015722,0.003814,0.003946,-0.022274,-0.005509,0.010181,0.015266,-0.030073,0.031231,0.004014,-0.022605,0.01346,0.003669,-0.039479,-0.005785,0.026183,0.030588,0.024251,0.003251,0.002043,0.021724,-0.000619,0.003374,-0.011185,0.016169,0.007649,0.012199,-0.014128,-0.001087,0.019105,0.007139,-0.037229,0.005367
SHELL PLC,0.003775,-0.016655,0.014934,0.023865,-0.003505,-0.011432,-0.046255,0.014498,0.035078,-0.019903,0.029638,-0.008173,0.015586,-0.01323,-0.022345,0.038947,0.000176,-0.000176,-0.005808,0.020004,0.014752,-0.007183,-0.005685,-0.005544,-0.012544,-0.005822,0.004259,-0.017318,0.013487,0.018098,-0.010805,-0.010747,-0.021193,0.010189,0.010987,0.026189,-0.014931,0.018329,0.001558,-0.022637,0.001945,0.004941,-0.017033,-0.009825,0.000902,0.031903,0.014323,0.005166,0.009594,0.011709,-0.000168,-0.003523,-0.017003,0.012673,-0.00389,-0.004584,-0.010916,-0.002587,0.011757,-0.000171,-0.001709,0.006848
T ROWE PRICE GROUP INC,0.004992,-0.019027,-0.032868,0.015906,0.018866,0.041233,-0.018058,0.163648,0.069715,-0.058797,0.006773,-0.019628,-0.00888,-0.005702,-0.008765,0.028347,-0.000241,0.005225,-0.031348,-0.005201,0.036598,0.017453,-0.008498,-0.018887,-0.018604,-0.000659,0.00833,-0.019876,0.00968,0.020498,-0.039605,-0.045708,-0.012862,-0.008958,-0.002009,0.034215,-0.024503,0.007617,-0.00351,-0.023932,0.03007,-0.02039,0.000825,0.020247,-0.028287,0.037705,0.022798,0.020462,0.026195,-0.00582,-0.008865,0.001097,-0.012138,-0.027304,0.033421,0.0073,-0.010028,-0.00715,-0.017661,0.014924,-0.024336,0.026529
SEAGEN INC,-0.003696,0.019023,-0.01007,-0.004538,0.020201,0.013483,0.048807,-0.050015,0.014116,-0.014747,0.021306,-0.0163,-0.000228,0.001749,-0.062842,0.008503,-0.004577,-0.004195,-0.017985,-0.03176,0.034251,-0.003048,0.011486,-0.009721,-0.027306,0.012298,0.049263,-0.009901,0.063226,0.016839,-0.014993,-0.027565,0.009345,-0.015277,0.042232,-0.005262,-0.014813,-0.025621,-0.015824,0.00104,0.025811,0.001091,0.001479,0.048174,0.007413,0.001987,-0.06301,0.038483,-0.003925,0.000455,0.000606,-0.017106,0.004851,0.011572,-0.003864,0.01521,0.02517,0.008476,0.012173,0.007016,-0.004905,-0.003572
LENNAR CORP,0.0114,-0.019848,-0.0125,0.007722,-0.004522,-0.018675,0.009772,0.125684,-0.004186,-0.026014,0.023443,-0.014815,-0.015732,-0.004466,-0.014992,0.020134,0.015742,-0.000925,-0.011924,0.012302,0.016551,0.003757,0.001588,-0.010759,-0.0166,0.036089,0.004831,-0.010399,0.00565,0.017865,0.002539,0.038208,-0.022166,-0.022777,-0.012209,0.01764,0.005189,-0.004613,0.000883,-0.024256,0.02452,-0.001875,0.016354,0.017721,0.001816,0.020047,-0.003868,0.013433,0.020814,0.005782,-0.003328,-0.000405,-0.012351,-0.019065,0.010345,0.008688,0.015995,-0.000505,0.013681,0.005899,-0.013816,0.03205
ULTA BEAUTY INC,0.006271,-0.03609,0.021806,0.006448,0.002462,0.00899,-0.022807,0.024452,0.015794,-0.01778,0.032299,-0.001582,-0.00202,0.013343,0.003428,0.018167,-0.005933,0.002191,0.019828,-0.016097,0.033253,0.016543,-0.00254,0.002525,-0.014687,0.03108,0.003333,-0.020804,0.0007,-0.015997,-0.003359,-0.016917,-0.008571,-0.023519,-0.002974,0.029804,0.010524,-0.001422,0.016652,-0.001035,0.002826,0.009122,0.005458,0.02521,0.01121,-0.005624,-0.002941,0.007963,0.01009,-0.003485,-0.001708,0.007332,0.0111,-0.023916,0.006412,0.018769,0.002118,0.002193,0.008336,-0.002269,0.004548,0.011792
YUM CHINA HOLDINGS INC,0.041354,0.075708,0.020725,0.056261,-0.012415,0.01987,-0.008549,0.022659,0.060392,-0.024039,0.004547,0.011128,0.024063,-0.038069,-0.009279,-0.001911,0.000574,-0.032153,0.0263,0.031866,0.03163,-0.006168,0.012961,-0.00036,0.027943,-0.024904,0.043885,-0.026017,0.009729,0.000526,-0.001051,-0.022261,0.003944,-0.002857,-0.007701,0.010468,0.004286,-0.011382,0.021227,-0.017439,0.002151,-0.022361,0.032388,0.039525,-0.010401,-0.000345,0.016029,0.003732,0.013351,0.002001,0.002164,-0.051819,-0.00578,0.02537,0.015464,0.030288,0.015273,-0.010514,0.017492,-0.000321,-0.011411,0.001626
AGNICO EAGLE MINES LTD,0.040946,-0.075612,-0.028842,0.056719,-0.007602,0.05896,-0.031565,0.078316,0.02225,-0.001643,-0.010695,-0.007069,-0.011307,0.010801,-0.007752,0.037373,0.013841,0.001205,-0.029076,0.030359,0.017639,0.035736,-0.007667,-0.027429,0.008739,0.021658,-0.002313,-0.016419,0.007266,0.03061,-0.00454,-0.040859,0.01169,-0.014885,0.034394,0.005189,-0.010134,0.016419,0.017484,-0.028203,0.002306,-0.003068,0.030198,0.035848,-0.017123,0.013754,-0.010311,0.009687,-0.012672,0.011918,0.013771,-0.024486,-0.003848,0.020967,0.013151,0.002667,0.016492,0.010293,-0.013987,-0.004028,-0.01565,0.008932
COCA COLA EUROPACIFIC PARTNERS,0.006801,-0.015411,0.019511,0.01367,0.024689,0.005264,-0.012689,0.038352,0.014735,-0.002904,-0.001165,-0.000972,0.007784,0.00217,0.007876,0.017191,0.012099,0.000949,-0.006635,-0.01584,0.029475,0.011302,0.004284,-0.012611,-0.014087,-0.003239,0.015482,0.014493,0.006308,0.004793,0.008257,-0.021292,0.005578,-0.001849,0.002779,0.018659,-0.003808,0.000728,0.002729,0.004717,0.000542,-0.001624,-0.017354,0.023915,0.004671,0.016273,-0.007918,-0.00674,0.000536,0.001071,0.003566,0.014745,-0.017157,-0.006056,-0.001254,-0.00646,-0.002167,0.014299,-0.005175,-0.011839,0.004175,0.016269
WOODSIDE ENERGY GROUP LTD,0.026327,-0.014298,-0.004266,0.086118,0.008678,-0.016817,-0.027844,0.040098,0.031078,-0.008012,0.017308,-0.013611,-0.02683,-0.012603,-0.004787,0.037275,-0.001159,-0.006963,-0.031165,-0.012867,0.027291,-0.023791,-0.026808,-0.003339,0.002094,-0.005015,-0.027719,-0.002592,0.037679,0.012104,-0.00165,-0.02024,0.011804,-0.007917,0.00504,0.035938,-0.033078,0.024197,0.002037,-0.010569,-0.016845,0.011701,-0.040066,-0.004733,-0.008647,0.037069,0.019765,0.004536,0.022167,0.028916,0.007806,0.016654,-0.030095,0.011783,0.00854,0.015781,-0.004547,0.01142,0.011667,-0.030506,-0.01957,0.01683
ISHARES TRUST,0.002284,-0.001328,-0.004766,0.002784,-0.004997,0.005022,0.00111,0.02518,-0.000974,-0.002816,0.006191,0.005721,-0.003757,-0.000754,0.0,0.004421,0.005796,0.0,-0.001494,-0.006413,0.01108,0.006461,0.004345,-0.01034,0.002772,0.010525,-0.003893,-0.005598,0.000212,0.010194,0.003259,0.001163,-0.002623,-0.005575,-0.007722,0.002559,-0.001489,-0.00213,-0.006724,-0.002794,0.006357,-0.006959,0.004744,0.006653,-0.002025,0.012925,0.002953,-0.004101,0.006968,0.007025,-0.004581,-0.002301,0.010483,-0.002801,-0.003121,-0.00334,0.005026,0.003021,-0.003428,0.000313,-0.004272,0.003349
NOVO NORDISK A S,-0.022143,0.063892,0.005652,-0.012822,0.023485,-0.001738,-0.005921,0.012,-0.035226,0.026554,-0.006904,-0.002376,-0.004058,0.004694,-0.000264,0.017371,0.021234,0.008147,0.020541,0.00099,0.026782,0.012279,0.006105,0.001418,-0.010151,-0.004372,0.020361,0.008764,0.006982,0.023342,0.014152,-0.00772,-0.00374,-0.019297,0.012097,0.002269,0.008529,0.002844,-0.005597,0.002251,0.012355,0.001036,0.01197,-0.001387,-0.003802,0.017541,-0.01017,-0.026015,-0.00808,0.007844,0.020207,0.019513,0.005612,0.00644,0.003128,-0.000142,-0.008364,-0.007219,-0.00972,0.003999,0.007024,-0.002014
WEYERHAEUSER CO,-0.017459,-0.024021,-0.009103,0.030283,0.022457,0.001938,-0.030948,0.093147,0.006999,-0.022666,0.012369,-0.020464,-0.001559,0.007808,-0.007747,0.009057,-0.004952,0.004977,-0.034045,0.017623,0.029912,-0.007643,0.004337,-0.027761,-0.015863,0.021599,-0.000631,-0.005999,0.026684,0.017636,-0.006689,-0.027854,-0.014484,-0.015016,0.002595,0.00647,-0.001929,0.014171,-0.000635,-0.026692,0.022527,-0.010217,-0.004516,0.01199,-0.029779,0.043234,-0.006011,-0.017823,0.034997,0.005949,-0.009648,-0.003457,-0.011984,-0.007341,0.029904,0.010303,-0.004944,0.017081,0.027481,0.019911,-0.015152,0.018639
TRACTOR SUPPLY CO NEW,0.003458,-0.041355,-0.000473,-0.022479,0.011764,-0.008804,-0.018103,0.035349,-0.007313,0.017843,0.016073,0.013414,-0.019261,0.027457,0.002638,0.014063,0.009931,-0.007707,-0.009553,-0.012935,0.033332,-0.007423,0.00138,-0.017738,-0.017289,0.000967,0.01003,-0.005466,-0.017635,-0.001259,0.005229,-0.006038,-0.0164,0.004513,-0.005959,0.019267,-0.005601,0.018822,0.02778,-0.014299,0.032197,-0.008855,-0.007957,-0.007572,-0.008398,0.009152,-0.018769,0.019588,-0.000631,-0.003881,0.001586,-0.009498,-0.019453,-0.036651,0.025186,0.01608,-0.002877,-0.00484,0.060331,-0.004631,-0.012762,0.02334
DELTA AIR LINES INC,-0.008842,-0.046685,-0.002807,0.024711,0.018315,0.006894,-0.00387,0.06067,-0.001409,-0.021163,0.006054,-0.02235,-0.001758,0.012038,-0.006963,0.0,0.007596,0.017686,-0.035043,0.021848,0.021959,0.000283,0.009327,0.00224,0.003353,-0.043999,-0.023303,0.008053,0.028698,-0.039977,0.027861,-0.030895,-0.004211,-0.005739,-0.000607,0.023404,-0.022275,0.00729,-0.007841,-0.02766,0.023132,0.003972,-0.007608,0.054584,0.024426,0.022708,0.020539,0.035899,0.002363,0.037192,-0.035354,0.001571,0.003137,-0.000782,0.017731,0.001281,-0.007165,0.014949,-0.004063,-0.012494,-0.00852,0.018229
HORIZON THERAPEUTICS PLC,0.0138,0.113169,0.036969,0.057727,0.006482,-0.007213,-0.027504,0.021478,-0.03043,0.010911,0.013324,-0.004997,-0.007268,0.015176,0.005901,0.0073,0.003365,0.009674,-0.003577,0.009744,0.273362,0.005883,0.039354,-0.060753,-0.016552,-0.005679,0.006334,0.003921,0.154898,0.004806,0.002037,-0.001149,-0.001062,0.000797,0.000531,0.0,0.000708,-0.000973,0.002301,0.002384,-0.000176,0.002555,-0.002636,-0.000176,-0.002115,-0.002119,0.000973,-0.000442,0.000531,0.000796,0.000265,-0.001148,-0.001415,0.000974,-0.000354,-0.001858,0.000266,0.001418,-0.015487,-0.005573,-0.005243,-0.002999
FIRST REPUBLIC BANK S F NEW,0.002082,-0.038222,-0.023067,0.013442,-0.023298,0.017154,-0.014405,0.127261,0.020713,-0.04105,0.054519,-0.037454,-0.026657,-0.003025,0.001148,-0.004587,0.021312,0.000725,-0.029386,0.008378,0.049683,-0.001959,-0.009344,-0.04914,-0.010503,-0.013984,-0.00188,0.001284,0.024534,0.034209,-0.007826,-0.022931,0.007407,-0.01297,-0.006445,0.022913,-0.018529,0.001846,0.002345,-0.007604,0.035531,-0.008944,-0.002871,0.018512,-0.0269,0.05039,-0.016439,0.018321,0.009942,-0.00375,0.00996,0.020345,0.002207,-0.005315,0.039621,0.011896,-0.011538,0.013068,0.007624,0.016142,-0.006028,0.005137
AVALONBAY COMMUNITIES INC,0.000971,-0.023447,-0.006309,-0.01652,-0.031502,-0.005987,-0.012853,0.080765,-0.027412,-0.004249,0.015445,-0.017104,-0.00572,0.024587,-0.002955,0.001245,-0.00225,0.009138,-0.011702,0.016184,0.024065,-0.004117,-0.009243,-0.013154,-0.020024,0.006471,0.009704,-0.000118,0.011617,0.010784,-0.007612,-0.019119,-0.022454,-0.016849,-0.006226,0.007196,-0.003202,0.007291,-0.001411,-0.010565,0.019618,-0.006947,-0.000124,0.017461,-0.038583,0.035764,-0.007089,0.003201,0.042273,0.002296,-0.014213,0.012869,-0.008,0.000296,0.009781,5.9e-05,0.016025,0.00156,0.000519,0.023465,-0.023941,0.024067
ISHARES TRUST,-0.000182,-0.001699,-0.00436,-0.002136,-0.003532,0.00666,0.003415,0.02244,-0.00208,-0.002397,0.007418,0.007364,-0.006795,-0.003524,-0.000624,0.005725,0.005382,-0.000309,0.000412,-0.00422,0.008993,0.010901,0.002031,-0.010134,0.006142,0.008751,-0.005649,-0.007405,-0.001431,0.009006,0.002739,0.00194,-0.002529,-0.008113,-0.007259,0.001236,-0.000309,-0.004527,-0.008372,-0.002397,0.004911,-0.004159,0.00783,0.007666,-0.001439,0.012869,0.002541,-0.006286,0.006428,0.008921,-0.005326,-0.003132,0.013579,-0.0019,-0.006611,-0.003227,0.005766,0.001106,-0.003617,-0.001513,-0.003131,0.005065
HORMEL FOODS CORP,0.0,-0.003014,-0.010581,0.005238,0.020625,0.009572,-0.006743,0.009334,-0.003783,-0.008439,0.002979,0.018031,0.001667,0.012274,0.013358,-0.000406,-0.00284,0.00529,-0.006072,-0.018734,-0.024694,0.012553,0.001051,-0.009446,-0.007417,0.016652,0.00063,-0.013221,0.003403,-0.011022,-0.003215,-0.017631,-0.000657,-0.003723,-0.005496,0.003758,0.0,0.004845,0.004602,-0.010253,0.003086,0.000879,0.004391,0.00306,0.003487,0.018675,-0.01748,-0.003905,0.019821,-0.006194,-0.003331,0.005423,-0.040777,0.0,0.002699,0.00157,-0.00112,0.003587,0.0,0.002904,-0.00245,0.011836
HARTFORD FINANCIAL SVCS GRP INC,0.018368,-0.018579,0.006218,0.013321,0.002439,-0.006354,-0.021633,0.033236,-0.009018,-0.017928,0.007883,0.000137,0.002607,0.008347,-0.000814,0.015211,0.010435,0.005826,-0.011979,0.010259,0.012726,-0.00969,0.002777,-0.015295,0.004821,-0.006397,0.00389,-0.002806,0.005091,0.010131,-0.007522,-0.016753,0.003516,-0.007411,0.016155,0.015631,-0.008419,0.00995,0.006305,-0.012139,0.009249,-0.007201,-0.00633,0.019509,0.003385,0.023612,-0.025982,-0.008458,-0.002887,0.003554,0.005639,-0.00939,-0.01119,-0.010651,0.009958,0.014257,0.003547,0.009163,0.007653,-0.013517,-0.001044,0.013847
FIFTH THIRD BANCORP,0.003082,-0.030447,-0.022184,0.035062,-0.002562,0.001998,-0.017944,0.052494,0.015431,-0.02171,0.011096,-0.018107,-0.012853,0.008491,0.005052,0.014521,0.0,0.004129,-0.024397,0.01152,0.01,-0.016227,-0.014537,-0.065248,-0.021548,0.022643,-0.00455,0.002133,0.011554,-0.009919,-0.019733,-0.011149,-0.010335,0.001582,0.001264,0.009467,0.004376,0.008715,0.012033,-0.002439,0.012836,0.0,-0.005181,0.025123,-0.009862,0.040447,-0.007253,0.007013,-0.004063,0.0169,-0.00745,-0.0153,-0.040751,0.028117,0.028835,0.026004,-0.010138,0.017354,0.007271,0.002221,-0.00831,0.013687
VULCAN MATERIALS CO,0.006659,-0.011408,0.037628,0.006567,0.011813,0.001975,-0.020638,0.065881,-0.006164,-0.018999,0.004225,0.00506,-0.005939,0.017924,-0.001845,0.020833,0.0,0.005815,-0.019963,-0.006845,0.027347,0.002727,0.00359,-0.029758,-0.005866,0.006463,0.020715,-0.001969,0.009263,0.009721,-0.007153,-0.028819,-0.011769,-0.009878,0.006613,-0.003511,-0.010968,0.006723,0.00274,-0.009051,0.011144,-0.005226,0.005654,0.019705,-0.022888,0.033626,-0.018416,-0.007134,0.032023,-0.008771,0.013163,-0.003439,-0.012051,-0.020459,0.012566,0.00313,-0.006408,0.002075,0.004757,-0.005682,-0.000672,0.02775
RAYMOND JAMES FINANCIAL INC,-0.002793,-0.00365,0.005452,0.020505,0.008801,0.012757,-0.012434,0.020244,-0.004678,-0.012642,0.008372,-0.018965,-0.008048,0.016979,0.012008,0.00382,-0.025502,-0.006729,-0.03103,-0.004143,0.013262,0.004363,0.014905,-0.025092,-0.000861,-0.018609,-0.002195,-0.00176,0.009871,-0.026706,-0.011119,-0.021944,-0.010291,-0.014988,0.00428,0.010795,-0.00609,0.011877,-0.007545,-0.002628,0.016281,-0.006667,-0.006926,-0.005372,0.016202,0.027319,0.004447,0.002711,0.00748,0.018157,0.01511,0.012635,-0.022135,-0.017305,0.011028,0.022255,0.006798,0.009487,-0.040047,-0.0142,-0.000179,0.009127
NOVARTIS A G,-0.000863,-0.005798,-0.002606,0.016671,0.001101,0.000245,0.013931,0.026034,-0.013039,-0.006784,0.004554,-0.00334,-0.001077,0.026839,0.012719,0.010485,-0.004675,0.004812,-0.000342,-0.00365,0.025183,0.002903,0.001893,0.010779,-0.002419,0.01091,-0.001635,-0.006879,-0.00077,0.003631,0.014472,-0.017724,-0.004511,-0.003205,0.001996,0.005865,0.0,-0.00033,0.002861,-0.003182,0.008366,-0.009607,0.016424,-0.004013,-0.011324,0.01641,-0.025355,0.005448,0.000332,0.000995,0.005521,0.014496,-0.002381,0.00076,-0.001735,0.001521,-0.002061,0.008585,-0.032001,-0.003896,0.001676,0.010933
ISHARES TRUST,-0.000449,-0.00143,-0.001023,0.003482,-0.001429,0.00184,0.000612,0.011623,0.000605,-0.001612,0.003228,0.001408,-0.002209,-0.000201,-0.000403,0.001007,0.002817,0.000401,-0.000802,-0.001807,0.005429,0.003526,0.0004,-0.003794,0.000802,0.003805,-0.002195,0.0002,-0.0012,0.003803,0.000798,0.000162,0.0002,-0.001797,-0.0022,0.002606,-0.0002,-0.0008,-0.003002,-0.000602,0.001808,-0.001203,0.001405,0.001403,-0.001401,0.005813,0.000797,-0.000597,0.002192,0.00338,-0.001585,0.000595,0.004363,-0.001185,0.0,-0.001582,0.001386,0.000396,-0.000593,-0.000396,-0.001385,0.003765
ATLASSIAN CORP PLC,-0.05421,-0.100866,0.010267,-0.289602,-0.03637,0.029271,-0.003504,0.15177,0.010792,-0.052047,0.046088,-0.08436,-0.058637,-0.024078,-0.010105,-0.010378,0.070139,-0.002972,0.01869,-0.035113,0.07819,0.06469,0.006711,-0.052411,-0.064741,0.004001,0.081699,0.011937,0.04704,0.000835,0.041276,-0.024158,0.007044,-0.054937,-0.008263,0.011593,-0.088526,-0.000314,-0.018786,-0.012257,0.051744,-0.007711,-0.016941,-0.000791,-0.05087,0.010919,0.048565,0.039239,0.072791,0.03315,0.010377,0.033176,-0.027336,0.001076,0.059507,-0.020095,-0.018631,0.001516,0.042454,0.037063,-0.044505,0.02982
FORTIVE CORP,0.000626,-0.026431,0.002892,0.034599,-0.000774,0.00093,-0.004025,0.055331,0.008395,-0.022784,-0.002541,0.004645,-0.009694,0.003163,0.009008,0.008183,0.001919,0.002651,-0.035552,0.000305,0.029726,0.005033,0.005155,-0.014947,-0.010265,-0.001804,0.002259,-0.01262,0.019933,0.010891,-0.013282,-0.037242,-0.008234,-0.003603,0.003301,0.019586,-0.017366,0.003284,0.00265,-0.013526,0.020489,-0.007722,0.000311,0.014782,-0.019779,0.025184,0.00412,0.004711,0.01346,0.001045,0.005218,-0.001483,-0.014704,-0.01839,0.005067,0.021696,0.005533,-0.007139,0.002397,0.001345,-0.01164,0.027178
EQUITY RESIDENTIAL,0.00365,-0.022134,-0.007599,-0.001955,-0.017467,-0.00216,-0.006327,0.071883,-0.018603,-0.019274,0.011856,-0.012039,0.003737,0.018615,-0.001907,0.002388,-0.007147,0.016317,-0.021092,0.022351,0.020132,-0.003238,-0.008353,-0.017782,-0.020168,0.004214,0.012105,0.000319,0.012913,0.009758,-0.003585,-0.018301,-0.030752,-0.019398,-0.011735,0.002714,-0.001523,0.007116,0.000505,-0.011603,0.018033,-0.003593,-0.002712,0.017165,-0.039766,0.032887,-0.012803,0.00256,0.044936,0.002118,-0.014629,0.012372,-0.010429,-0.000329,0.010213,0.004402,0.016234,-0.007348,0.001448,0.018159,-0.020518,0.02562
VEEVA SYSTEMS INC,-0.024949,-0.032366,0.054907,-0.002034,0.028176,0.012652,-0.017734,0.100762,0.0172,-0.014239,0.017844,-0.012522,-0.029008,0.001687,-0.013038,0.021246,0.013582,-0.012762,0.00544,-0.02266,0.043412,0.005568,-0.086302,-0.043796,0.007713,-0.019106,0.0467,-0.00497,-0.003311,0.031235,-0.003899,-0.036195,-0.009594,-0.005824,-0.017097,0.018854,-0.02155,-0.018852,-0.01225,0.012968,0.014107,-0.011031,-0.010906,0.042664,-0.031905,-0.009372,0.00921,0.000745,0.025496,-0.016575,0.010273,-0.003714,-0.020534,-0.012479,0.026347,0.038537,-0.003616,0.012374,-0.001058,0.008589,-0.005308,5.9e-05
D T E ENERGY CO,0.003746,-0.013419,0.007566,0.004738,-0.015304,0.005241,-0.004315,0.043062,-0.011078,-0.01059,0.012649,0.006115,-0.016843,0.01201,-0.013962,0.005929,0.007214,0.002533,0.00453,-0.010148,0.016473,0.000948,-0.009129,-0.008691,0.015869,-0.0126,0.028407,-0.003995,0.025258,0.00258,0.001162,-0.012355,-0.019625,-0.005526,0.002518,0.016974,-0.005791,0.015332,0.005821,-0.008471,0.00812,-0.013845,0.002808,0.014424,-0.024925,0.024533,0.00854,-0.003653,0.005832,-0.011017,-0.012229,-0.005257,-0.029068,-0.011765,0.012527,-0.001755,-0.002988,-0.000176,-0.000529,0.002117,0.006515,0.017843
ARCH CAPITAL GROUP LTD NEW,-0.035826,0.014069,0.005514,0.005838,0.020225,-0.004999,-0.002772,0.014594,-0.027911,-0.007222,-0.002661,0.005515,0.000531,0.019806,-0.008843,0.010847,0.004673,0.011714,-0.012089,0.016546,0.015768,-0.002504,0.014056,-0.023597,0.023154,-0.006442,0.006816,-0.008587,-0.000666,-0.001667,0.007012,0.007129,0.004609,-0.008029,0.028081,0.017995,-0.008049,0.008433,0.003787,-0.016033,0.008147,-0.005229,-0.005097,0.004963,0.002708,0.015253,-0.019249,0.006383,-0.003488,0.0035,0.01094,0.003764,-0.0075,-0.002047,-0.014671,0.010727,0.014415,0.011868,-0.000772,-0.010656,-0.001093,0.005626
C N H INDUSTRIAL N V,-0.004637,-0.01941,0.007918,0.044776,0.011278,0.055019,0.009161,0.030726,0.045393,-0.025924,0.008649,-0.007256,0.004651,0.017196,-0.004551,0.022861,0.030651,-0.004337,-0.016179,-0.005693,0.020356,0.01995,0.01956,-0.019185,-0.011614,0.002474,0.0,-0.013572,-0.000625,0.01627,-0.001232,-0.018496,-0.006281,0.001264,0.010732,0.012492,-0.016039,0.012539,0.00805,-0.019042,0.015028,-0.009254,0.003113,0.003724,0.000618,0.033375,-0.001794,0.008388,0.005348,0.018322,0.01451,-0.024028,0.001172,-0.019321,0.016119,0.005875,0.004673,0.009884,0.00403,0.008027,0.002844,0.005105
GENUINE PARTS CO,0.007815,-0.023319,0.01131,0.006495,0.010213,0.003055,-0.012128,0.021415,-0.023271,0.010171,0.009234,-0.008433,-0.002779,0.007135,0.008911,0.009326,-0.00038,0.011853,-0.015422,-0.014626,0.015397,0.013446,0.012872,-0.012602,-0.012222,0.001095,0.015148,-0.018154,-0.001317,-0.021811,0.005785,-0.001787,-0.010909,-0.005316,-0.001365,0.013267,-0.016689,0.009029,0.004078,-0.011845,0.000285,-0.009872,-0.021324,0.012544,-0.0196,0.013466,-0.002517,-0.003873,-0.003476,-0.001241,0.003611,-0.006016,-0.013884,-0.029061,0.002293,0.005935,0.016841,0.006226,0.009131,-0.012203,0.004038,0.007263
ISHARES TRUST,0.004063,-0.017871,-0.001631,0.017882,0.001098,0.006243,-0.016266,0.037927,0.005994,-0.007428,0.00477,-0.005893,-0.004364,0.010833,0.002863,0.01452,0.001689,0.003692,-0.015195,0.00333,0.015702,8e-05,-0.00247,-0.016854,-0.008044,-0.000819,0.004181,-0.005388,0.015841,0.00299,-0.00528,-0.016905,-0.010301,-0.003273,0.002779,0.012765,-0.006882,0.009936,0.006531,-0.013224,0.010321,-0.006426,-0.000497,0.010868,-0.006319,0.023786,-0.004114,0.00567,0.007169,0.00048,0.00056,-0.00719,-0.019635,-0.004432,0.01245,0.0057,0.001053,0.002265,0.008635,-0.00264,-0.004813,0.012979
CROWDSTRIKE HOLDINGS INC,-0.004156,-0.078116,-0.043652,-0.098707,-0.022578,0.018608,-0.036535,0.109513,0.054213,-0.007756,0.044293,-0.031355,-0.030769,-0.001724,-0.024678,0.00177,0.037482,-0.005962,-0.004284,-0.010398,-0.147464,0.054569,-0.000564,-0.045726,-0.038029,-0.005535,0.009187,0.007353,0.030066,0.020668,-0.003471,-0.04628,-0.03035,-0.030583,0.016098,-0.02258,-0.031486,-0.019044,-0.01304,-0.006954,0.046119,0.006885,-0.01909,0.010505,-0.090787,-0.001792,0.019531,-0.00932,0.013902,0.010103,0.01582,0.049231,-0.032845,-0.011386,0.035654,0.027947,-0.015993,-0.036138,0.036203,-0.001149,-0.028558,0.044688
FIRSTENERGY CORP,0.018828,-0.011452,0.006056,0.002094,-0.013984,0.00776,-0.012746,0.048682,-0.026417,-0.020021,0.025538,-0.002621,-0.010512,0.022045,0.003378,0.009583,0.013597,0.008859,-0.00577,0.00429,0.036181,0.003395,0.003383,-0.004576,0.005807,0.003127,0.0,-0.005276,0.018322,0.0,0.002367,-0.00803,-0.025476,0.001955,0.005852,0.011394,-0.00767,0.014493,0.00619,-0.004496,0.004279,-0.007337,0.002146,0.007376,-0.015588,0.016555,0.000708,0.004481,0.00634,0.005366,-0.008355,0.006085,-0.020237,-0.005223,0.00716,-0.025119,0.000972,-0.004371,0.009512,-0.003866,0.001698,-0.008475
KELLOGG CO,-0.010805,-0.002237,-0.083223,0.005035,0.02047,0.001824,-0.005881,0.000282,-0.028724,0.005509,-0.000144,0.014852,-0.004973,0.008282,0.016995,0.003064,0.006664,0.003999,-0.001099,-0.0044,0.015746,0.003427,0.008607,-0.006501,-0.003817,0.011222,-0.005819,-0.015246,0.0235,-0.005132,0.000815,-0.016413,-0.016825,0.003086,-0.007412,0.011693,-0.00195,0.007116,0.006789,-0.013073,-0.003486,-0.003218,0.000421,-0.007577,-0.00099,0.025333,-0.014769,-0.008826,0.000989,-0.00819,-0.003417,-0.004,-0.03428,-0.000297,0.002823,-0.003111,0.005647,0.005172,-0.007351,0.001185,0.007248,0.007196
ANSYS INC,-0.008681,-0.044654,0.012461,0.008724,0.034968,0.032567,-0.013123,0.104566,0.026165,-0.015095,0.009371,-0.005075,-0.035584,-0.000656,-0.010174,0.011398,0.012007,-0.002106,-0.019031,-0.004633,0.056809,0.020881,-0.011055,-0.029018,-0.021621,-0.004018,0.008069,-0.010903,0.010941,0.039533,0.006129,-0.031511,-0.021127,-0.030438,0.005438,0.022013,-0.019348,0.001433,-0.002905,-0.010428,0.039123,-0.008088,-0.012211,0.018019,-0.046472,0.033499,0.035838,0.001653,0.015137,-0.000754,0.008453,-0.005588,-0.004037,-0.012954,0.032287,0.017042,-0.012232,0.009433,0.025189,0.000338,-0.019162,0.018351
BAXTER INTERNATIONAL INC,-0.011224,-0.033681,-0.028693,0.002776,0.034796,0.005923,-0.018993,0.040271,0.021403,-0.021866,0.012295,0.011042,-0.011285,0.012518,0.015091,-0.009135,0.017715,-0.005329,-0.014464,0.002718,0.021503,-0.068282,0.016037,-0.036077,0.004094,0.016308,0.005158,-0.004561,0.004773,0.01026,-0.016363,-0.029446,-0.020686,0.004828,-0.0004,0.008011,-0.003775,0.000598,0.013355,-0.009441,0.015091,-0.002934,0.001373,0.025274,0.004586,-0.078372,-0.077399,0.023266,-0.006559,-0.007702,-0.005544,-0.00223,-0.01654,-0.008182,0.0055,0.028715,-0.005095,0.027388,0.000433,-0.003466,-0.018696,0.012184
VERISIGN INC,-0.01741,-0.052597,-0.034403,-0.019424,0.006735,0.016022,-0.013335,0.071781,0.006645,-0.010084,0.026674,0.010331,-0.010124,-0.006648,0.006486,0.010997,0.008348,-0.002208,-0.005632,-0.014109,0.024877,0.023823,-0.012074,-0.0238,0.000811,-0.007394,0.007194,0.001368,0.010219,0.013321,-0.007364,-0.005925,0.004908,-0.000797,0.011223,0.01021,-0.006738,0.001426,0.001718,-0.014407,0.021131,0.000292,-0.017134,0.018027,-0.026854,0.026345,0.01432,-0.0012,0.017644,0.006,0.004555,0.002665,-0.010071,-0.003203,0.015451,0.002792,0.0,-0.002598,0.013678,0.002891,-0.010663,0.008604
INGERSOLL RAND INC,-0.00396,-0.024851,0.047299,0.030173,0.006047,-0.018783,-0.009763,0.041562,0.026541,-0.00217,0.006161,-0.009368,-0.021822,-0.001673,-0.001862,0.003545,-0.002789,-0.004101,-0.004867,-0.006396,0.021772,0.005929,0.004789,-0.022548,-0.011065,0.001517,0.008521,-0.000188,0.018592,0.023783,-0.014407,-0.038918,-0.015209,-0.014093,0.016252,0.0158,-0.013657,0.005385,0.00593,-0.016163,0.020294,-0.010229,0.014354,0.012264,-0.004846,0.032403,0.011974,0.011653,0.006202,0.010743,0.002439,-0.012689,-0.015845,-0.036136,0.027283,0.009756,0.008767,-0.007627,-0.007507,0.002341,-0.006288,0.012475
TRADE DESK INC,-0.003005,-0.067445,-0.006667,-0.059386,-0.054703,-0.008006,-0.08024,0.191025,0.026521,-0.02071,0.121441,-0.039955,-0.026449,-0.005793,-0.029134,0.001242,0.023977,-0.003028,-0.007694,-0.006529,0.070857,-0.004411,0.049701,-0.066985,-0.06668,0.006744,0.015491,-0.01443,0.029492,0.055262,-0.019253,-0.081665,-0.013467,-0.04377,0.055744,-0.000429,-0.03586,-0.000445,-0.023619,-0.01141,0.04663,-0.011248,-0.018068,0.006588,-0.038818,-0.007044,0.040199,0.019323,0.055085,-0.012894,0.007066,0.000851,-0.029531,-0.031086,0.029598,0.03555,0.009112,0.02289,0.021351,0.044221,-0.052551,0.030069
VALE S A,0.037867,-0.049144,0.026625,0.097635,-0.034052,0.03741,-0.024272,-0.015636,0.115523,0.016829,0.006365,-0.037318,0.007227,-0.01696,-0.001991,-0.009973,0.015447,0.0,0.003307,0.060646,0.025482,0.008485,0.004808,-0.01555,0.018226,-0.035203,0.016079,0.031041,-0.041913,0.000369,0.014215,-0.000609,-0.020122,0.001867,0.021118,0.009124,-0.003014,0.009069,0.011384,0.00237,-0.002364,0.005332,-0.036535,0.012232,0.032629,0.033353,-0.007927,0.025114,-0.003341,0.026816,0.00272,-0.023332,0.002778,0.001108,0.002767,0.000552,0.021511,0.021058,0.020624,-0.033161,-0.008039,0.009184
SIRIUS X M HOLDINGS INC,0.003311,0.00165,0.003295,0.011494,0.019481,0.012739,-0.002484,0.014241,0.00468,-0.003106,0.007788,0.001546,-0.018519,0.004717,0.00626,0.009331,0.001541,-0.001539,-0.016949,0.004702,0.012481,-0.012327,-0.026521,-0.009615,-0.004854,0.00813,-0.006452,-0.008117,0.006547,0.001626,-0.006494,-0.02451,-0.001675,-0.010067,-0.005085,0.005111,-0.015254,0.005164,-0.010274,-0.008651,0.015707,0.003436,-0.008562,0.01209,-0.005119,0.027444,-0.013356,0.0,0.015229,-0.006667,0.0,0.003356,-0.023411,-0.008562,0.008636,0.006849,-0.015306,0.020725,-0.001692,0.00339,-0.008446,-0.013629
PRINCIPAL FINANCIAL GROUP INC,0.002156,-0.017323,-0.003226,0.038955,0.001669,0.006887,-0.013017,0.046384,0.01474,-0.013263,-0.004374,-0.0045,-0.033366,0.012137,0.00121,0.007691,0.000763,0.007518,-0.031686,0.00335,0.005343,0.013827,0.013858,-0.024517,-0.001446,0.005012,-0.012522,-0.011671,0.02498,-0.004653,-0.018698,-0.023477,-0.013705,-0.007183,0.006405,0.016146,-0.013222,0.005642,-0.00561,-0.007992,0.013152,-0.018594,-0.001787,0.014803,-0.007293,0.036379,-0.006746,0.008634,0.018603,-0.009972,0.010865,0.000224,-0.021603,-0.00572,0.012081,0.015689,0.004813,0.010249,0.017312,0.008563,0.003654,-0.008995
AMEREN CORP,0.00736,-0.011569,-0.00037,-0.001356,-0.000123,0.016169,-0.009231,0.045728,-0.023212,-0.010082,0.011397,0.012707,-0.010535,0.030985,0.00673,0.005417,0.010432,0.007602,-0.009796,-0.00796,0.023842,-0.006941,-0.007441,-0.008973,0.007221,-0.00779,0.018127,0.004876,0.023474,0.001875,-0.011776,-0.017819,-0.005216,-0.004901,-0.001146,0.016055,-0.002709,0.013241,0.008377,-0.009969,0.007049,-0.01211,-0.004836,0.005311,-0.033273,0.026977,0.012342,-0.003244,0.016831,-0.009601,0.004457,-0.010094,-0.028687,-0.007383,0.007438,-0.008076,0.005699,0.004857,0.006445,-0.003087,-0.003097,-0.00046
LABORATORY CORP AMERICA HLDGS,0.003155,0.009076,-0.004453,0.019725,0.025352,0.007785,-0.021436,0.054351,0.024273,-0.015424,0.002652,-0.005127,-0.044422,-0.011976,0.024763,0.003688,0.006505,0.012925,-0.012471,0.005957,0.003837,0.004445,-0.000827,-0.021443,-0.009476,-0.002007,0.008559,-0.008995,-0.025732,0.015733,-0.002207,-0.005767,-0.010031,0.008899,-0.009738,0.022709,-0.000949,-0.000259,0.005655,-0.007254,0.018247,-4.3e-05,0.009767,0.008075,0.001126,0.01271,0.001769,0.007558,0.036406,-0.007435,-0.002457,0.012117,-0.013385,0.004933,0.011877,0.008764,-0.014894,-0.001142,0.00201,0.000354,-0.012505,0.003982
MARTIN MARIETTA MATERIALS INC,-0.004911,-0.034218,0.026789,0.016951,0.016847,0.00315,-0.021488,0.07818,-0.001791,-0.025429,0.003315,0.0048,-0.014641,0.016199,0.004013,0.019287,0.001837,0.006214,-0.022253,-0.005203,0.02685,-0.003002,0.000958,-0.034069,-0.009285,0.007172,0.01478,-0.002153,0.008153,0.024677,-0.008217,-0.037326,-0.010879,-0.021165,0.002582,0.001171,-0.017333,0.007109,0.002481,-0.004508,0.008168,-0.007896,0.000651,0.028239,-0.028096,0.039057,-0.0172,-0.00339,0.032039,-0.009578,0.01078,-0.006416,-0.003653,-0.02473,0.013378,0.003566,-0.007193,0.002887,0.004548,-0.003381,-0.001294,0.035323
ENTERGY CORP NEW,0.011014,0.004062,0.005425,0.012529,-0.020231,-0.003964,-0.008607,0.046583,-0.003692,-0.018711,0.008935,0.005478,-0.011713,0.028298,0.010097,-0.003184,0.002396,0.006994,-0.004396,-0.003885,0.030671,0.000258,-0.003353,-0.0044,0.014558,-0.009224,0.008621,-0.001111,0.013092,-0.000422,0.00076,-0.013931,-0.020036,-0.011446,-0.003094,0.011615,-0.01227,0.006477,0.011285,-0.015169,0.009914,-0.013936,-0.029956,0.000733,-0.05082,0.038781,0.007244,-0.006731,0.009839,-0.017925,-0.002621,0.003285,0.00636,-0.005484,0.004112,-0.006422,0.004871,0.002144,0.009023,0.002213,-0.009383,0.005479
REGIONS FINANCIAL CORP NEW,0.015945,-0.020179,0.006407,0.021373,0.016029,0.000438,-0.016207,0.036509,0.005584,-0.021358,0.009603,-0.019023,-0.014985,0.006264,0.000889,0.006664,0.00353,0.005717,-0.014429,0.016415,0.013095,-0.009479,0.007395,-0.05095,-0.017288,0.008796,0.021769,-0.001813,0.016803,-0.033051,-0.02448,-0.014205,-0.011527,0.000972,0.00534,0.015934,0.001901,0.006641,0.010368,-0.008862,0.017412,-0.002775,-0.004174,0.020494,-0.010954,0.033226,-0.013399,-0.002716,0.004539,0.010393,0.003131,0.0,-0.027196,-0.005958,0.046104,0.0119,-0.005662,0.003066,0.013101,0.008621,-0.008547,0.014655
DATADOG INC,0.003602,-0.078218,0.007116,-0.061725,-0.012788,0.014537,-0.04639,0.138352,0.076189,-0.051366,0.10215,-0.042509,-0.041727,-0.031392,-0.041427,-0.013906,0.0412,-0.006241,-0.018306,-0.019192,0.051624,0.0289,-0.041811,-0.059564,-0.023911,-0.004375,0.084066,0.007295,0.032591,0.035329,0.00966,-0.027025,-0.006066,-0.02287,-0.00092,0.015662,-0.054685,-0.007265,-0.025545,-0.010344,0.058706,-0.005951,-0.019184,-0.043418,-0.079176,0.010079,0.028064,0.012587,0.033848,0.002608,0.018206,0.036753,-0.04599,-0.032568,0.053685,0.059676,-0.021251,-0.039897,0.074205,0.016184,-0.043895,0.013137
HUNTINGTON BANCSHARES INC,0.006588,-0.019634,-0.004005,0.030831,0.007802,-0.00129,-0.0323,0.013351,-0.013834,-0.000668,0.009358,-0.013245,-0.008054,0.007443,0.003358,0.014056,0.00132,0.004614,-0.012467,0.016611,0.011765,0.007106,-0.008339,-0.036869,-0.014103,-0.000681,-0.003408,-0.004788,0.004124,-0.027379,-0.019704,-0.01364,0.004731,0.00293,0.006574,0.015965,-0.006429,0.010065,-0.000712,-0.004274,0.011445,-0.002829,0.0,0.01844,-0.006964,0.023843,-0.013014,0.004164,0.006911,0.005491,-0.004778,-0.005487,-0.029655,-0.003554,0.006419,0.044649,-0.004071,0.004768,0.011525,0.006032,-0.011326,0.022237
TECK RESOURCES LTD,0.029895,-0.029346,0.011831,0.098733,-0.010937,0.0263,-0.04834,0.049878,0.020694,-0.028555,0.015579,-0.033285,-0.01497,-0.001824,-0.015834,0.036201,0.025082,-0.010778,-0.028858,0.071255,0.049816,0.017795,-0.001324,-0.040053,0.014921,-0.011707,0.026446,-0.015298,0.002453,0.019848,0.007518,-0.015385,0.006196,-0.021955,0.027101,0.029584,-0.018121,0.009227,0.028213,-0.027693,-0.005749,-0.006045,-0.032258,-0.012568,0.045656,0.043133,0.003298,-0.000253,0.02605,0.025881,0.00937,-0.027851,0.006121,0.013142,0.015133,0.002603,0.008261,-0.032537,0.007743,-0.007443,0.0,0.047412
P P L CORP,0.00302,-0.016936,0.017611,0.015801,-0.008148,0.011949,-0.015498,0.039355,-0.01154,-0.01131,0.014391,0.014915,-0.008244,0.015179,0.004628,0.018427,0.012874,0.004122,-0.004447,-0.002749,0.01723,-0.007791,-0.003756,-0.003427,0.007565,-0.010922,0.010525,-0.003785,0.017271,-0.003735,0.002727,-0.002039,-0.007834,-0.000687,0.001718,0.00823,-0.007483,0.012337,0.005078,-0.00842,0.007473,-0.014835,-0.000684,0.025,-0.023054,0.024624,0.007009,0.0,0.020882,-0.002597,-0.003581,-0.000653,-0.028768,-0.018849,0.005832,0.0,0.005798,0.000339,0.006102,-0.001685,-0.006075,0.005093
SPOTIFY TECHNOLOGY S A,-0.005088,-0.064488,-0.043733,-0.009342,0.033638,-0.002315,-0.025522,0.098599,0.067185,-0.014455,0.031636,-0.030666,-0.03697,-0.030963,-0.037278,0.015246,0.04,0.006006,-0.025403,-0.021243,0.057523,0.000378,0.010824,-0.024904,-0.040225,0.007451,0.02747,0.004756,0.019957,0.015427,-0.020257,-0.087746,0.032891,-0.019802,0.044363,0.012809,0.006065,-0.003335,-0.015187,0.001176,0.031328,-0.000759,0.037366,-0.00696,0.003074,0.024026,0.017956,0.067615,0.010574,-0.005995,0.00943,-0.003367,0.010681,0.009166,0.046271,0.020733,-0.006504,0.007453,0.012696,0.009279,-0.021909,0.1272
QUANTA SERVICES INC,0.001619,-0.038589,0.055783,0.016342,0.00327,0.003463,-0.031944,0.028104,-0.017612,-0.015782,0.013081,0.018605,0.013767,-0.000605,0.001883,-0.007721,-0.010759,0.015869,-0.033396,0.006896,0.036873,0.012343,0.008832,-0.014699,-0.008155,-0.008557,0.013485,-0.014437,0.014311,0.015174,-0.00295,-0.047801,-0.010703,-0.006352,0.002107,0.01437,-0.01465,0.011291,-0.001595,-0.018407,0.009765,-0.000841,-0.013263,-0.01465,-0.021508,0.026186,-0.00345,0.006275,0.008458,0.050608,0.004668,-0.001549,-0.026776,-0.005613,0.019165,0.022634,0.013106,-0.017293,0.007858,-0.0004,-0.006,0.020724
BIOMARIN PHARMACEUTICAL INC,-0.000346,-0.02806,0.008435,-0.028157,-0.014062,-0.000984,-0.003938,0.029532,-0.013922,0.027142,0.021211,-0.003945,0.018523,0.010065,0.002265,0.030166,0.072494,-0.008897,0.017953,-0.015609,0.039745,0.020202,0.024655,-0.019231,-0.012653,0.014381,0.006751,-0.019734,0.038405,0.007717,0.01214,0.002122,0.000184,-0.018595,-0.002908,-0.015804,0.009941,-0.012493,-0.020893,-0.004111,0.00688,0.01025,-0.027829,0.062717,-0.000561,0.017312,-0.01481,0.040149,-0.002244,0.021772,-0.007484,-0.008605,-0.009485,-0.013461,0.014194,0.006321,0.021265,0.019417,0.008188,0.002479,-0.021915,0.005667
LUCID GROUP INC,-0.046886,-0.020558,0.022489,0.018328,-0.00288,-0.025271,-0.16963,0.080285,0.066061,-0.054222,0.012285,-0.080097,0.007916,-0.017452,-0.084369,-0.017459,0.011846,-0.022439,-0.016966,-0.009137,0.038934,-0.030572,0.032553,-0.070936,-0.082715,-0.004624,0.00813,0.0,-0.046083,-0.035024,-0.038799,-0.029948,-0.010738,-0.018996,0.0,-0.006916,-0.04039,-0.027576,-0.074627,0.029032,0.050157,0.019403,-0.096633,0.050243,-0.035494,0.0176,0.066038,0.060472,0.102921,0.047919,-0.019254,-0.01227,0.013665,-0.08701,0.049665,0.127877,-0.024943,0.031395,0.014656,0.43,-0.087024,-0.005106
CITIZENS FINANCIAL GROUP INC,-0.000978,-0.021761,-0.01087,0.0253,0.002742,-0.000746,-0.013433,0.044377,0.003139,-0.030084,0.00397,-0.018537,-0.000504,0.018141,0.005692,0.018455,0.004107,0.008422,-0.01885,0.016294,0.014118,-0.009438,-0.00667,-0.053237,-0.004053,0.004578,0.002025,0.006064,0.015319,-0.013109,-0.021053,-0.018945,0.000261,-0.003392,-0.003927,0.017083,0.00491,0.000257,0.007969,-0.006121,0.01283,-0.002534,0.004064,0.028333,-0.004428,0.02891,-0.012968,0.003893,0.00509,0.008681,-0.00263,-0.021572,0.00196,-0.015403,0.024584,0.028114,-0.014144,0.022238,0.008655,0.003943,-0.013398,0.024356
DOVER CORP,0.01538,-0.014469,-0.00367,0.021182,0.010146,-0.018972,-0.012513,0.054835,0.026138,0.00227,0.006371,-0.005839,-0.016628,0.003526,0.006023,0.013114,0.004291,0.001611,-0.025596,0.003912,0.018512,0.003804,0.007018,-0.017284,-0.008794,-0.01016,-0.007879,0.000219,0.021925,0.016322,-0.013255,-0.042786,-0.00891,-0.008241,0.006572,0.012008,-0.008306,0.007403,0.00861,-0.019135,0.022959,-0.006821,-0.002511,0.008144,-0.012852,0.037197,-0.003658,0.002808,0.01888,0.006834,0.010427,-0.000554,-0.026263,-0.03302,0.025464,0.017081,0.010514,-0.009497,0.011632,0.010314,-0.011519,0.059452
SOUTHWEST AIRLINES CO,0.016231,-0.011911,0.012603,0.003247,0.00863,0.001069,-0.00641,0.043548,-0.01185,-0.015902,0.023576,-0.016822,-0.009476,0.012756,-0.009446,0.011126,0.012051,0.015273,-0.016573,0.01763,0.016815,0.00426,-0.008234,-0.006289,0.004557,-0.047127,-0.008463,0.01387,0.024467,-0.030046,0.009796,-0.022286,-0.000268,-0.024946,0.0011,0.005771,-0.031148,0.017767,-0.059573,-0.051562,0.036968,0.008688,-0.031779,0.031288,-0.002677,0.046227,0.020239,0.016849,-0.006628,0.027801,0.000541,0.001352,-0.019978,0.004132,0.016735,-0.009984,-0.000273,0.00518,-0.031733,0.015126,-0.021247,0.008458
EXTRA SPACE STORAGE INC,0.002536,-0.109225,-0.026568,-0.002464,-0.012153,0.011579,-0.013853,0.075579,-0.029186,-0.025264,0.003369,0.013432,-0.010387,0.018287,-0.003478,-0.005394,-0.001595,-0.00556,-0.019728,0.006359,0.046704,-0.003983,-0.00656,-0.013522,-0.005164,0.007178,0.001909,-0.005589,0.013028,0.003278,-0.01034,-0.0025,-0.040612,-0.017348,-0.004908,0.006713,-0.006056,0.005682,0.004288,-0.014979,0.025322,-0.012281,-0.019636,0.001248,-0.023742,0.020987,0.022917,-0.005567,0.050109,0.001885,-0.014341,0.0079,-0.014892,-0.005437,0.006067,0.002452,0.005354,-0.002367,0.02979,0.008576,-0.029126,0.031569
STEEL DYNAMICS INC,0.028283,-0.04498,-0.00877,0.042054,0.00587,0.008441,-0.048775,0.046605,0.004152,0.037833,0.000797,-0.011744,0.017221,-0.003663,0.023649,0.033198,-0.023394,0.000289,-0.010579,-0.002333,0.012568,0.011546,0.042043,-0.02565,0.014334,-0.006188,0.022677,-0.014813,0.012453,0.005649,-0.015583,-0.062028,-0.00883,0.005148,0.016348,0.015698,-0.018794,-0.002528,0.003022,-0.029252,-0.011413,-0.007215,-0.025896,0.037197,0.00081,0.039478,-0.012757,0.054054,0.029384,0.003364,0.010419,-0.011926,-0.017878,-0.008224,0.006429,-0.003055,0.003157,0.022031,0.0999,-0.020669,0.001345,0.013015
DOORDASH INC,0.036067,0.000443,0.055186,0.083176,0.010277,0.046641,-0.023473,0.11662,0.059368,-0.015399,0.021928,-0.041022,-0.034222,-0.006985,-0.05181,-0.023883,0.048749,-0.019618,-0.014783,-0.023971,0.092051,-0.019399,-0.033789,-0.035514,-0.009769,0.017264,0.007273,0.023329,0.049756,0.003792,0.004464,-0.055556,-0.049412,-0.020564,-0.002138,0.030976,-0.029478,-0.013045,-0.044585,-0.032624,0.058271,-0.015329,-0.009422,0.011787,-0.036787,0.01846,0.001042,-0.000208,0.078268,0.00444,0.005958,0.040696,0.015421,-0.011933,0.061665,0.044295,-0.017495,0.0,-0.04334,0.0295,-0.035306,0.024045
ALIGN TECHNOLOGY INC,-0.006382,-0.072413,-0.018148,0.029005,0.002432,-0.005348,-0.032262,0.125444,0.114515,-0.039501,0.012314,-0.054152,-0.031928,-0.007181,-0.009971,-0.001252,0.02555,-0.008203,-0.025119,0.010802,0.025179,0.025984,-0.016653,-0.052921,-0.009952,0.006934,0.016709,-0.008663,0.032837,0.018307,-0.013949,0.031459,-0.018617,0.002775,0.010012,0.017584,-0.003867,0.000885,0.004517,-0.014712,0.052386,-0.005845,0.006543,0.058178,-0.021413,0.004322,0.031254,0.020117,0.008224,0.006064,0.017743,0.026193,0.003089,-0.042545,0.028396,0.034443,0.004973,-0.002177,0.043121,0.023769,-0.012556,0.014709
ISHARES TRUST,0.001614,-0.007522,0.001837,0.000459,-0.002062,0.003215,0.000458,0.021505,0.000672,-0.002686,0.006508,0.00602,-0.004433,-0.001336,-0.000223,0.004905,0.006213,0.0,-0.001544,-0.00265,0.011958,0.003799,0.003934,-0.007619,0.002193,0.008536,-0.002821,-0.005005,-0.000437,0.00744,0.00152,0.000584,-0.002173,-0.003049,-0.008737,0.003085,-0.001098,-0.002859,-0.006617,-0.002442,0.004006,-0.00399,0.005342,0.005092,-0.000661,0.011241,0.002616,-0.00413,0.006112,0.007594,-0.00323,-0.001296,0.008652,-0.002145,-0.004513,-0.001511,0.003892,0.001508,-0.001505,-0.001508,-0.00302,0.004543
VENTAS INC,-0.0184,-0.027076,-0.009901,0.067297,0.028362,0.039645,-0.011132,0.074491,0.010031,-0.011918,0.003574,-0.026486,-0.008916,0.016609,0.000227,0.013612,0.005371,0.012689,-0.028798,0.027614,0.02489,-0.003439,-0.002803,-0.016869,-0.009459,-0.026871,0.030123,0.006424,0.009685,0.009156,0.003889,-0.004089,-0.03522,-0.00224,0.002469,0.00403,0.009367,0.005082,0.007254,-0.022043,0.016737,-0.001317,0.007103,0.036588,-0.005741,0.022669,-0.000209,-0.000418,0.026993,0.013855,-0.015474,0.002041,-0.005704,-0.009219,0.019024,0.028612,0.006116,-0.003725,-0.001181,0.017143,-0.006587,0.010336
HEWLETT PACKARD ENTERPRISE CO,0.006307,-0.02507,-0.014286,0.032609,0.012632,-0.000693,-0.018724,0.050883,0.028245,0.001962,0.012402,-0.018053,0.020355,0.014801,-0.013951,0.005145,0.010877,0.001899,-0.017688,-0.005788,0.085382,0.002384,-0.007729,-0.02876,0.003702,-0.012907,0.014321,-0.008594,0.013003,0.000611,-0.003077,-0.027161,-0.007614,-0.01023,0.011628,0.007663,-0.004436,0.002546,0.008254,-0.019521,0.022479,0.002513,0.006266,0.022416,0.001827,0.040122,-0.008767,0.005896,-0.008792,-0.034891,0.007966,-0.012158,-0.010462,-0.016791,0.008855,0.013793,0.0,-0.002474,0.00558,-0.004932,-0.008054,0.007495
WHEATON PRECIOUS METALS CORP,0.009483,-0.050303,-0.021378,0.118357,-0.002332,0.045295,-0.002237,0.063323,0.001054,-0.006318,-0.009007,-0.005346,-0.018812,0.017803,-0.001891,0.034109,0.010209,-0.003369,-0.028601,0.010707,0.033634,0.027927,-0.011715,-0.01942,-0.0018,0.015718,0.002537,-0.013411,0.002821,0.018926,-0.004518,-0.031014,0.014052,-0.016936,0.044375,0.00075,-0.005994,0.009548,0.02439,-0.033771,-0.002263,-0.015121,0.038127,0.034015,0.000477,0.031689,-0.0097,0.013526,-0.004602,0.018262,0.010897,-0.01033,-0.001588,0.021818,0.005783,0.003759,0.00727,0.016185,-0.010547,-0.006744,-0.011389,0.013292
BROWN FORMAN CORP,-0.008235,-0.014828,-0.004214,0.014964,-0.000894,-0.001491,-0.00821,0.051174,-0.002864,-0.010913,0.005372,0.004477,-0.009632,0.013064,0.009744,0.025117,0.004568,0.002205,-0.011,-0.011261,0.026715,0.01692,0.006212,-0.006576,-0.004999,-0.073048,-0.002051,-0.003082,0.013545,0.005084,-0.003613,-0.030171,-0.014957,-0.006074,-0.0055,0.026421,-0.00449,-0.002556,0.003467,-0.01517,0.008846,-0.007105,-0.010506,0.008309,-0.027316,0.010512,0.004347,0.008811,0.013331,-0.006956,0.021319,0.013866,-0.019265,-0.011846,0.005311,0.003925,0.009773,0.017719,-0.01741,-0.004765,-0.012567,0.008788
STERIS PLC NEW,0.00168,-0.04003,-0.024104,0.006113,0.003866,0.000122,-0.015955,0.051497,0.019318,-0.027588,-0.000298,-0.008287,-0.001683,-0.000301,0.070297,0.003442,0.015128,0.000388,-0.012958,0.000842,0.041202,0.035372,-0.00208,-0.033557,-0.010244,0.010841,0.025437,0.008829,0.014691,0.022076,-0.026924,-0.03025,-0.025711,-0.013823,-0.001939,0.007383,0.002094,0.0011,0.006262,-0.00464,0.021113,-0.00811,0.004819,0.03093,-0.021064,0.023813,-0.004694,0.055908,-0.004119,-0.002292,0.00899,-0.010642,-0.023714,0.020652,0.029824,0.008483,-0.009814,0.000879,-0.00039,0.005758,-0.013925,0.016139
BAIDU INC,0.02168,-0.001278,0.000256,0.090211,-0.002113,0.002,-0.067027,0.083417,0.038904,0.022245,0.090213,-0.049649,0.050976,-0.036252,-0.014692,0.005499,0.020194,-0.037526,0.01371,0.052832,0.089924,0.000645,0.047207,0.027417,0.003507,-0.023438,0.050183,-0.002826,-0.028252,0.021955,0.000504,-0.046301,-0.009763,-0.00453,-0.035421,0.047914,-0.004855,-0.010023,0.043634,-0.041896,0.031362,-0.006255,0.041528,0.106019,0.005844,0.003999,0.00248,0.010196,0.02872,-0.015149,0.018019,-0.060153,-0.035982,0.017948,0.059058,0.004346,-0.026038,0.010844,0.03129,0.004407,-0.004028,-0.027441
RESTAURANT BRANDS INTL INC,-0.006905,-0.014245,0.015138,0.029656,-0.006254,0.008778,-0.00706,0.022983,-0.018587,-0.014328,-0.001838,0.067124,0.043294,0.003458,0.021426,-0.006601,-0.015357,-0.002549,-0.010525,-0.01246,0.020926,-0.001055,0.002263,0.001957,-0.015925,0.006565,0.017594,-0.008198,0.012474,-0.001781,0.000892,0.002823,-0.02237,-0.017124,0.005242,0.019177,-0.018968,0.005259,0.001846,-0.007987,0.006193,-0.004924,-0.002629,0.006667,-0.008317,0.019724,-0.001371,0.005948,-0.001213,-0.003036,0.010201,-0.000452,-0.019904,0.009077,0.019515,0.000299,0.012857,0.001624,-0.006779,-0.006083,-0.005971,0.005106
ROBLOX CORP,-0.009611,-0.032498,0.01003,-0.062818,-0.018729,-0.017077,-0.210015,0.09088,0.089238,-0.031029,0.031742,-0.063164,-0.054635,-0.0249,-0.02995,0.002275,0.037614,-0.0075,-0.027708,-0.034003,0.065035,0.050992,0.01797,-0.080906,-0.018886,0.003915,0.037699,-0.008769,0.052765,-0.032113,0.027287,-0.157561,-0.010391,-0.015568,0.014344,0.018492,-0.059096,0.012107,-0.015701,-0.006457,0.035551,0.050572,-0.021434,0.042729,0.032369,-0.036691,0.065443,0.040299,0.027804,0.008511,0.000904,0.117736,-0.036638,-0.065716,0.058964,0.031939,-0.025199,0.003091,0.007563,0.049486,-0.058808,0.047284
CARDINAL HEALTH INC,-0.006719,-0.00451,0.008261,0.050879,0.01836,-0.010743,0.000749,-0.027941,-0.034133,-0.000797,-0.011834,0.011572,0.018622,0.014364,0.000515,0.015054,-0.005704,0.006502,-0.006206,0.002422,0.019326,-0.011351,0.020439,-0.01731,-0.001007,0.009446,0.00786,-0.039985,0.025403,-0.015845,0.003706,0.000255,0.009037,0.000757,0.003025,0.005278,0.007,-0.006331,-0.011243,-0.006949,-0.011196,-0.004559,-0.001821,0.003519,-0.004935,0.026364,-0.013606,0.007219,-0.020607,0.0,0.004574,-0.005854,0.000654,-0.012946,0.004504,-0.004484,-0.008347,0.011757,0.02839,-0.017976,0.009937,0.000129
NORTHERN TRUST CORP,0.004387,-0.004013,-0.028087,0.029996,0.009116,0.00786,-0.022233,0.076191,0.040155,-0.036371,0.01523,-0.010762,-0.001209,0.015733,0.005308,0.010021,0.00096,0.005649,-0.033489,0.00614,0.014712,0.005585,-0.02104,-0.024329,-0.009616,-0.009597,0.00171,0.008494,0.019008,0.012622,-0.026693,-0.017792,0.003231,0.00322,-0.001376,0.021123,-0.01765,0.007439,-0.001477,-0.009556,0.027797,-0.011064,0.014578,0.021163,-0.001854,0.034532,-0.004859,0.006687,0.015184,0.010906,0.008939,0.01222,-0.004326,-0.085986,0.032058,0.012746,0.002327,-0.004432,0.027451,0.002682,-0.018724,0.01667
MONOLITHIC PWR SYS INC,0.02778,-0.041103,-0.001016,0.052484,0.003468,0.009038,-0.034564,0.125145,0.016802,-0.013728,0.043973,-0.073204,0.001758,0.003377,-0.023933,0.015586,0.004465,-0.017062,-0.037343,-0.001519,0.076095,0.000288,0.002984,-0.021268,-0.029862,0.010746,0.047802,0.001946,0.017949,0.021601,-0.015267,-0.055869,-0.016796,-0.021851,-0.003175,0.025512,-0.052861,0.008659,-0.023759,-0.005843,0.040819,0.000538,-0.030146,0.043388,-0.030098,0.058751,0.043571,0.012283,0.023701,0.005713,-0.002953,0.008081,-0.009535,-0.036597,0.037804,0.077254,-0.02189,0.013266,0.019002,-0.01777,-0.041052,0.046465
HOLOGIC INC,0.093363,0.001619,-0.013199,0.026751,-0.011698,-0.008608,-0.021707,0.040078,0.0124,-0.005926,-0.011526,-0.004155,-0.016958,0.006024,0.001089,0.009516,0.001616,0.007395,-0.014414,0.007041,0.024069,0.010898,-0.006364,-0.01817,-0.011849,-0.005659,0.01355,-0.010695,0.015541,0.008383,0.001452,-0.011596,-0.017064,-0.005697,0.010776,0.017814,-0.000663,0.001857,0.003178,-0.010693,0.015479,-0.016951,0.009892,0.035473,-0.00767,0.002576,0.025183,0.009776,0.00633,-0.014924,0.001002,-0.006129,-0.006796,-0.002027,0.011427,0.02473,-0.00049,0.001348,0.015055,-0.001688,-0.00773,-0.009495
ISHARES TRUST,-0.003848,-0.026223,-0.01106,0.014709,0.008626,0.007246,-0.021816,0.057263,0.010832,-0.009024,0.008765,-0.008237,-0.003641,0.003883,-0.004095,0.014163,0.006532,-0.000224,-0.016452,-0.001593,0.031799,-0.000221,-0.001105,-0.019246,-0.014887,-0.001145,0.008481,-0.007274,0.014196,0.007906,-0.006409,-0.024443,-0.013224,-0.009051,0.001542,0.015279,-0.015866,0.00569,-0.00389,-0.011833,0.018201,-0.003293,-0.003658,0.006987,-0.011525,0.022011,0.0,0.008149,0.012009,0.004678,0.00477,-0.001696,-0.016191,-0.008171,0.018914,0.012527,-0.001687,0.000338,0.011263,0.00323,-0.0131,0.015073
INSULET CORP,0.028052,-0.016424,-0.024264,0.225769,-0.030703,0.002999,-0.030792,0.034008,-0.037021,-0.012225,0.053744,-0.021036,-0.005982,-0.006455,-0.016682,-0.002994,0.010009,0.003657,-0.004733,-0.012829,0.037462,0.028827,0.000195,-0.018276,-0.008167,0.016436,-0.005084,-0.003363,-0.004896,0.04042,-0.003674,-0.040789,-0.000468,-0.01572,0.014442,0.009814,-0.012107,-0.01924,-0.000137,-0.006882,0.017239,-0.002203,-0.027209,-0.023256,0.023023,0.021492,0.013547,0.009417,0.016318,0.007699,-0.001273,-0.022786,-0.032651,0.011136,0.006601,0.001733,-0.010651,-0.006788,-0.012323,-0.002202,0.002452,0.003913
TELEDYNE TECHNOLOGIES,0.007488,-0.025639,0.000896,0.010229,0.033542,-0.000171,-0.006982,0.0392,-0.019608,-0.014456,0.015356,0.003049,-0.023569,0.005756,-0.005478,0.02554,0.011416,0.000548,-0.016279,-0.011008,0.027692,0.010355,0.006455,-0.008568,-0.024249,-0.005154,0.000243,-0.013472,0.03478,0.002644,0.00038,-0.037666,-0.021594,-0.015588,0.004791,0.019151,-0.015889,0.001119,0.00833,-0.015969,0.019094,0.00442,0.00215,0.019238,-0.024604,0.025375,-0.000343,0.002081,0.004227,0.012531,0.0,-0.000385,-0.024617,-0.012077,0.008482,0.008782,0.006229,0.046744,-0.006705,-0.010079,-0.008193,0.012892
INVITATION HOMES INC,-0.001262,-0.006003,-0.003179,-0.010523,-0.03545,0.013464,-0.009964,0.083194,-0.009601,-0.021263,0.011821,-0.015472,-0.012829,0.015919,-0.00064,0.01056,0.000633,0.003797,-0.023014,0.03001,0.022243,-0.008581,0.000309,-0.006489,-0.015241,0.016425,-0.002175,-0.016194,-0.013929,0.028892,-0.001248,-0.02468,-0.026906,-0.020737,-0.007395,0.008127,-0.005039,0.009453,-0.005686,-0.020854,0.031604,-0.012987,-0.012821,0.015721,-0.038022,0.040224,0.002017,0.000336,0.044951,0.008347,-0.006367,0.013457,-0.021182,-0.000646,0.019069,-0.00222,0.014304,0.005328,0.001247,0.013387,-0.023042,0.022013
FORTIS INC,-0.007436,0.000775,0.002581,0.02034,-0.015897,0.004103,-0.00715,0.03858,-0.001981,-0.014392,0.002266,0.016707,-0.014732,0.011911,-0.009016,0.009098,0.010018,0.00248,-0.011872,-0.014769,0.023628,0.000496,-0.003225,-0.007218,0.001755,-0.001501,0.007268,0.001991,0.011423,0.006384,0.004147,-0.009475,-0.013736,-0.010197,0.003518,0.011267,-0.009408,0.012747,0.004689,-0.014493,0.00673,-0.008665,0.011489,0.011111,-0.021734,0.024463,0.002437,0.000729,0.012388,0.00072,0.002637,0.006935,-0.017573,0.002901,0.006508,-0.005508,0.002649,-0.004563,-0.004584,-0.003393,-0.006809,0.007591
COTERRA ENERGY INC,-0.012207,-0.002276,-0.002282,-0.054884,0.020048,-0.012877,-0.082046,0.029544,0.033418,-0.011248,0.012798,-0.049982,0.014383,-0.007463,-0.008271,0.042456,0.001455,0.002542,-0.016661,0.033886,-0.0057,-0.017198,-0.006198,-0.038885,-0.015267,-0.012403,-0.020801,-0.018838,0.015114,0.002012,-0.008032,0.025506,-0.023293,-0.017381,0.006993,0.024101,-0.022337,0.028152,0.015079,-0.047303,0.006155,0.002039,-0.055352,0.033175,-0.012927,0.024926,0.021847,0.011698,-0.01555,0.028352,-0.011422,0.009562,-0.026046,0.025122,0.012648,0.006245,-0.022498,-0.003968,0.006375,0.002771,-0.026451,0.015004
CHURCH & DWIGHT INC,-0.00661,-0.015888,-0.013661,-0.001119,0.020448,0.000274,-0.004802,0.033228,-0.006272,0.003659,0.013829,-0.002781,-0.00093,0.015818,0.015441,0.006314,0.006147,0.004073,0.007606,0.0,0.029941,0.004519,0.010092,-0.032262,0.000622,0.003232,0.005576,-0.013802,0.014495,0.009853,0.002683,-0.007542,-0.018139,-0.002746,-0.000876,0.014658,0.010495,0.002688,-0.001828,-0.012087,0.008156,-0.01189,0.017492,0.009388,-0.009784,0.019639,-0.016031,-0.011672,0.00529,-0.004038,0.006389,0.034306,-0.031398,-0.018401,0.032899,0.002644,-0.008391,-0.007253,-0.010107,-0.021405,0.013074,0.00335
WEST PHARMACEUTICAL SERVICES INC,-0.002608,-0.043442,-0.046417,0.029856,0.048008,-0.005267,-0.013582,0.095842,0.03374,-0.034352,0.022203,-0.030643,-0.075677,0.013833,0.001111,0.014562,-0.002057,-0.006183,-0.010898,-0.003033,0.049933,0.031365,0.009627,-0.020094,-0.018585,0.00383,0.000593,0.012626,0.009498,0.044015,-0.033029,-0.026685,-0.046314,0.009421,-0.001928,0.030247,0.002471,-0.000553,0.006805,-0.023191,0.033472,-0.01519,-0.003994,0.02871,-0.030854,-0.005135,0.035398,0.021601,0.022039,-0.01297,0.01052,0.009334,0.005809,0.001061,0.018722,0.017569,-0.021165,0.008284,0.036933,-0.005443,-0.025315,0.014437
BEST BUY COMPANY INC,0.00687,-0.041667,0.016058,0.016848,0.006745,0.00233,-0.022087,0.070282,0.034986,-0.00389,0.018045,-0.085714,0.013166,0.028845,-0.016933,0.127771,0.031422,-0.014079,0.010587,0.025216,0.013546,0.013716,0.001503,-0.026328,-0.012334,-0.022935,0.024948,-0.019065,0.018824,0.019401,-0.038658,-0.000495,-0.016093,0.004026,-0.007018,0.017542,-0.002108,0.011061,0.006269,-0.020645,0.013347,-0.012679,0.002494,0.019028,-0.005248,0.018771,-0.011802,0.026932,0.018749,0.006407,-0.007176,-0.015855,-0.017295,-0.017358,0.014107,0.018991,-0.007241,0.004424,-0.000595,0.014652,0.014088,0.02709
HUNT J B TRANSPORT SERVICES INC,0.009061,-0.028965,0.009068,0.026728,0.022915,0.003555,-0.040484,0.069265,0.016057,0.004693,0.015569,-0.046308,-0.006319,0.005467,0.008155,-0.026634,0.019674,0.01242,-0.035049,0.020602,0.022577,-0.005873,0.000383,-0.028653,0.000281,-0.007823,0.009132,0.000393,0.050174,-0.014232,0.016391,-0.031505,-0.014997,0.004926,-0.019607,0.011136,-0.008597,0.005214,0.004849,-0.021098,0.013241,-0.013634,-0.010094,0.013789,-0.033032,0.040426,0.009089,-0.012722,0.03022,-0.005701,-0.015864,-0.002885,0.049521,-0.001027,0.023102,0.023903,-0.008987,-0.017042,0.000583,0.015314,-0.030374,0.017547
ISHARES TRUST,0.000967,-0.020519,-0.008749,0.023496,0.006316,0.007001,-0.018459,0.053609,0.015183,-0.009019,0.009677,-0.007531,-0.002414,0.001959,-0.005521,0.012491,0.007768,0.000793,-0.014498,0.002069,0.028444,0.00145,-0.000891,-0.017053,-0.010659,-0.001834,0.007693,-0.004786,0.008931,0.009152,-0.003853,-0.024571,-0.009679,-0.006123,0.002251,0.013122,-0.012019,0.004606,-0.000353,-0.012937,0.017395,-0.005973,0.000236,0.012721,-0.010235,0.023149,0.002182,0.005615,0.010484,0.006992,0.00448,-0.000669,-0.010934,-0.003948,0.015515,0.00881,-0.001327,0.002325,0.008504,0.000548,-0.012039,0.010856
PEMBINA PIPELINE CORP,-0.009694,0.001835,0.005496,0.034923,-0.001467,0.002351,-0.031662,0.042083,0.018594,-0.006275,0.009759,0.004264,-0.006227,0.001994,-0.010802,0.020402,-0.000219,0.001698,-0.005085,0.00937,0.02616,0.001919,-0.016416,-0.021419,-0.023593,-0.001164,0.00204,-0.023269,0.022633,0.015434,-0.010036,-0.030559,-0.017412,-0.007027,0.018462,0.022961,-0.023036,0.023277,0.011226,-0.019573,0.010727,0.000885,-0.027393,0.0106,-0.001498,0.02431,0.012892,0.001446,0.01011,0.02688,0.003342,0.006661,-0.012407,0.002513,0.006405,-0.005257,-0.010848,-0.003937,0.01214,-0.007252,-0.009834,0.007378
WATERS CORP,0.027643,-0.038056,0.010787,0.02054,0.004589,0.019871,-0.009726,0.072144,0.0,-0.01799,0.011998,-0.000788,-0.029497,0.004221,0.005387,0.043606,-0.007122,0.010342,-0.019022,-0.004343,0.049794,0.000952,0.001268,-0.020382,-0.007934,0.009035,0.007046,-0.018977,0.012867,0.011031,-0.001886,-0.004477,-0.011535,-0.003486,0.005455,0.022528,-0.007152,0.006855,-0.000375,-0.016795,0.015174,-0.009541,0.008786,0.012095,-0.007834,-0.071521,-0.005617,0.048471,0.020034,-0.020312,0.010068,-0.020143,-0.010113,0.009578,0.020208,0.014613,-0.028135,0.000988,-0.002452,-0.001229,-0.026446,0.013135
PAYCOM SOFTWARE INC,-0.009509,-0.076625,0.031221,-0.061686,-0.032626,0.029202,-0.017549,0.100965,0.032146,-0.030939,0.052665,-0.027363,-0.057301,-0.006125,-0.003951,0.013454,0.024516,-0.000336,-0.005717,-0.009993,0.053171,0.020997,-0.018341,-0.071792,-0.008876,-0.011834,0.031686,-0.014525,0.037596,0.008683,-0.003194,-0.039027,-0.011209,-0.005812,-0.018638,0.021526,-0.021169,0.004543,-0.011633,0.003349,0.030532,-0.005002,-0.018304,-0.002396,-0.030536,-0.027052,0.020722,0.019652,0.01981,9.9e-05,0.000592,0.019182,0.004737,-0.022356,0.028412,0.027468,-0.006676,-0.016629,0.021805,0.002426,-0.020109,0.025906
SUN COMMUNITIES INC,-0.003485,-0.032669,-0.01354,0.0124,0.006856,0.02846,-0.007513,0.07008,0.011907,-0.057036,0.020407,-0.005395,0.005931,0.028185,0.006993,0.003472,0.003806,0.006343,-0.04083,0.034283,0.014433,0.001362,-0.006934,-0.029368,-0.00409,0.004603,0.008318,-0.005103,0.009486,0.014688,-0.00343,-0.014594,-0.005519,-0.013276,-0.011533,0.018653,0.002545,0.008392,0.004476,-0.015526,0.030481,-0.012636,-0.021539,0.0243,-0.023723,0.025157,0.00237,-0.000209,0.033531,0.005048,-0.002746,0.003559,-0.012045,-0.009753,0.011423,0.000541,0.015208,-0.013848,0.005941,0.007718,-0.016717,0.062449
MID AMERICA APT COMMUNITIES INC,0.000635,-0.027547,-0.007441,0.01085,-0.013791,0.012005,-0.007561,0.075989,-0.021669,-0.027078,0.004553,0.002107,-0.007262,0.018416,0.007561,0.006066,0.002735,0.000868,-0.020624,0.023968,0.018281,-0.004003,0.000244,-0.029587,-0.013864,0.012978,0.025372,-0.009983,0.012249,0.012285,-0.007064,-0.020005,-0.022151,-0.014531,-0.007726,0.012005,-0.006604,0.009166,0.003006,-0.018684,0.025018,-0.004755,-0.010001,0.014927,-0.029986,0.034638,-0.016108,-0.006677,0.038004,0.008032,-0.003614,0.00913,-0.022743,-0.015472,0.001288,0.011321,0.025569,0.007628,0.000492,0.014765,-0.0194,0.030726
ISHARES TRUST,0.000291,0.0,0.00041,0.000137,9.1e-05,9.1e-05,0.000364,0.000455,-9.1e-05,-9.1e-05,0.000273,9.1e-05,9.1e-05,9.1e-05,0.0,0.000273,0.000364,9.1e-05,9.1e-05,0.000273,9.1e-05,0.000549,-9.1e-05,9.1e-05,0.000182,0.000364,0.000364,0.0,0.0,0.000364,-9.1e-05,0.000482,0.000182,9.1e-05,0.000182,0.000182,0.000455,-9.1e-05,0.0,0.000182,0.000501,-4.6e-05,0.000182,9.1e-05,0.000182,0.000182,9.1e-05,-9.1e-05,0.000273,0.000545,0.0,0.000273,9.1e-05,0.000272,0.000182,0.0,9.1e-05,0.000363,0.000272,9.1e-05,9.1e-05,9.1e-05
ROGERS COMMUNICATIONS INC,0.011768,-0.011631,-0.007205,0.017658,0.014024,-0.007267,0.004723,0.014101,0.00394,0.012235,-0.013911,-0.0037,0.020659,0.013873,0.0,0.006729,0.003119,0.012661,-0.009871,0.0,0.021932,0.014524,-0.012393,0.005193,-0.013991,-0.008295,-0.002946,-0.00779,0.004486,-0.005806,0.016622,-0.010605,-0.006029,-0.018648,0.012134,0.014929,0.000446,0.004678,0.005987,-0.021821,0.015097,0.039734,0.000427,0.018779,-0.015291,0.011912,0.002733,-0.011111,0.011448,0.006078,0.006875,0.009518,-0.012913,-0.000831,0.01621,-0.011043,0.028329,-0.010255,-0.003251,-0.010192,-0.008031,0.009965
EPAM SYSTEMS INC,-0.022172,-0.044764,-0.079255,0.038238,0.011167,0.01174,-0.038878,0.140454,0.027907,-0.005913,-0.016671,-0.007298,-0.029637,0.006663,-0.017894,0.017713,0.022181,0.000831,0.002893,-0.017763,0.07164,0.002767,0.000649,-0.06035,-0.021207,-0.00344,0.020857,-0.006271,0.005874,0.053542,-0.026316,-0.052758,-0.00836,-0.014191,0.009587,0.021916,-0.046462,0.001299,-0.017117,-0.004621,0.044497,-0.009071,0.011229,0.011466,-0.064853,0.010176,0.026242,0.005846,0.029858,0.012922,0.014165,0.034151,-0.013226,-0.047889,0.026845,0.010666,-0.048036,-0.008766,0.045982,-0.007961,-0.019155,-0.006689
TAKE TWO INTERACTIVE SOFTWR INC,-0.018315,-0.02373,-0.019815,-0.024888,-0.001198,-0.136808,0.005557,0.047614,0.037334,-0.023179,0.011514,-0.002178,-0.011408,-0.00893,-0.013567,0.029354,0.028517,-0.005041,-0.013349,0.000889,0.042822,0.006718,0.022181,-0.016366,-0.053375,-0.017577,0.013067,0.0126,0.005389,0.018907,0.002487,-0.030054,-0.008853,-0.021536,-0.004869,0.018041,-0.006107,0.005641,-0.004508,0.003119,0.016551,0.027531,-0.009795,0.035496,-0.007586,-0.011419,0.003341,0.004091,-0.002558,-0.009215,0.007096,-0.004665,-0.012627,-0.009301,0.042343,0.038231,0.005467,-0.005123,0.01075,0.02136,-0.014176,0.005059
VANGUARD SCOTTSDALE FUNDS,-0.000727,-0.000522,-0.00174,0.000871,-0.000871,0.00122,0.001567,0.005388,-0.000519,-0.000692,0.001038,0.000173,-0.001037,-0.001384,-0.00052,0.00052,0.001386,0.000173,0.000346,-0.000519,0.002596,0.002214,0.0,-0.00276,0.001211,0.002073,-0.000862,-0.000863,-0.000518,0.00311,0.000345,0.0,0.001033,-0.001204,-0.000172,0.000689,-0.000172,-0.000439,-0.001381,0.0,0.000518,-0.001209,0.000692,0.00121,-0.001208,0.003629,0.001033,-0.000516,0.000516,0.002064,-0.001373,0.000344,0.002578,-0.000343,-0.001029,-0.00103,0.000344,0.000515,-0.000343,-0.000172,-0.001031,0.001547
ICAHN ENTERPRISES L P,-0.008618,-0.008692,0.020896,-0.008224,0.005896,-0.007877,0.0,0.003693,-0.001288,-0.006999,0.003524,-0.003512,0.006307,-0.007656,-0.011572,-0.005463,0.009025,-0.011666,-0.002361,-0.003155,0.012463,-0.006839,-0.005115,-0.004746,-0.001192,0.003183,0.004363,-0.005133,0.003175,0.000989,-0.001779,0.004752,-0.000788,-0.002761,-0.005339,0.007356,-0.006118,0.006156,-0.009276,-0.004582,0.003602,0.00997,0.019546,0.023044,0.002461,0.000189,-0.006796,0.008744,-0.000565,-0.00132,0.003021,-0.001506,-0.000754,-0.008678,0.000571,0.004184,0.013447,0.002056,0.00056,0.003728,-0.0026,0.000931
INCYTE CORP,0.035109,0.002599,-0.00324,0.005202,-0.018111,0.010408,0.006911,0.007252,-0.003214,-0.005675,-0.006097,0.001175,0.016295,-0.006542,0.012395,-0.001786,-0.006516,0.00643,-0.005495,-0.000385,0.024036,0.012677,0.030367,0.011428,-0.018316,0.018052,0.000952,-0.021044,0.000243,0.006678,-0.002895,-0.005322,-0.002432,-0.017555,0.005956,-0.006784,0.007452,0.002959,-0.021755,-0.001885,0.000504,0.010569,-0.009587,-0.005908,0.013657,0.008857,-0.025349,0.009262,0.001634,0.009664,0.004723,0.00532,0.012429,0.01957,-0.008107,0.003365,0.001917,0.015902,0.01224,-0.003604,-0.023921,0.017812
CENTERPOINT ENERGY INC,-0.009088,-0.008466,-0.003557,0.01678,-0.020014,0.008599,0.001421,0.042923,-0.009184,0.0,0.0,0.016821,-0.008492,0.016444,0.007752,0.018395,0.011823,0.007465,-0.005799,-0.009073,0.017332,-0.002572,-0.011602,-0.007173,0.012151,-0.013952,-0.001316,0.003295,0.018391,-0.003225,0.001294,-0.010339,-0.020242,-0.001,-0.000334,0.018685,-0.007206,0.012537,0.007494,-0.012937,-0.001311,-0.016076,-0.014338,0.003045,-0.022597,0.034852,0.016005,0.002954,0.019306,-0.002568,0.007724,-0.007346,-0.022201,-0.00362,-0.005614,-0.003653,0.006333,-0.004969,-0.001332,-0.008667,0.003362,0.009383
GARMIN LTD,-0.005339,-0.034715,-0.006033,0.029874,0.000578,0.002888,-0.014396,0.066955,0.026832,-0.026451,0.013694,-0.02356,0.00487,0.002643,-0.006372,0.000332,0.001879,0.004744,-0.015481,0.001561,0.035408,0.014733,-0.000424,-0.004453,0.00639,-0.001693,0.013462,-0.006066,0.013996,0.005189,-0.00351,-0.032049,-0.016501,-0.00976,0.000775,0.018701,-0.011297,0.002637,0.005698,-0.01667,0.028698,-0.005924,0.013869,0.021054,-0.002303,0.02948,0.001019,0.007024,0.01021,-0.017813,0.000611,-0.004378,-0.011761,-0.01335,0.015838,0.01714,-0.003553,0.004686,-0.003143,0.003865,-0.013477,0.015612
MARKEL CORP,0.000804,0.000149,0.011174,-0.007971,0.019579,-0.012813,-0.002986,0.057329,0.001712,-0.012392,-0.010345,0.006041,-0.007554,0.002564,0.005805,0.005906,0.00591,0.018188,-0.012859,0.001917,0.026522,0.014915,-0.000617,-0.029135,0.008217,-0.016072,-0.00374,0.006748,-0.004083,-0.002506,0.002195,-0.009556,-0.02075,0.005417,0.007292,0.016449,-0.000783,0.014233,0.006447,-0.009019,0.016869,-0.006568,0.0034,0.01969,0.004325,0.022278,-0.015007,0.006199,0.012722,0.009265,0.027083,-0.025487,-0.016326,-0.006245,0.006437,0.007816,-0.001294,0.009953,0.001404,-0.006262,-0.00096,0.00987
FIRST SOLAR INC,0.020609,0.010096,0.051043,-0.026057,-0.041466,0.000102,0.026449,0.038767,-0.042033,0.02134,0.039055,-0.006578,0.040358,0.009819,-0.007263,0.013725,0.010796,0.011565,-0.033891,-0.023005,0.066251,-0.023126,-0.001305,-0.007011,-0.057856,-0.017337,-0.013119,-0.01146,-0.004505,0.045249,0.019162,-0.004248,-0.027163,0.010898,-0.001148,0.034932,-0.031902,-0.000892,-0.041659,-0.026961,0.017856,0.006789,-0.025703,0.005756,-0.008993,0.07796,0.015115,0.074386,0.008187,0.037353,0.007492,-0.014374,-0.000169,-0.070733,0.017332,0.049681,-0.026815,-0.018806,0.042613,0.022345,-0.047784,0.039935
TYSON FOODS INC,-0.005121,-0.008235,-0.013049,0.011118,-0.000594,0.006988,-0.053448,0.036656,0.014294,-0.038273,-0.007558,0.002953,0.013327,0.001988,0.018773,0.008539,-0.002674,0.00283,-0.026734,0.014039,0.004665,-0.01207,0.008247,-0.018934,-0.009572,-0.006391,0.001883,-0.001723,0.012235,0.000775,-0.003562,-0.027661,-0.011667,-0.016656,0.009373,-0.010101,0.001975,0.00772,0.005542,-0.008105,0.009806,0.007445,0.021687,0.014308,-0.002325,0.026569,-0.005449,-0.001978,0.003507,-0.014891,0.002314,0.005848,-0.022797,-0.00595,0.019058,0.022411,-0.013757,0.008737,-0.004862,0.003512,-0.02465,0.025741
WABTEC CORP,0.005146,-0.035303,0.02565,0.028889,0.010162,0.016802,-0.015912,0.041667,0.007175,-0.013753,-0.002909,-0.002113,-0.005546,0.005374,0.005143,0.006622,-0.003488,0.009002,-0.020718,-0.000911,0.024215,0.01929,0.0033,-0.015864,-0.012876,0.004779,0.01427,-0.01915,0.027692,-0.002035,0.004371,-0.031138,-0.009382,0.002116,0.004122,0.016421,-0.01389,0.003896,0.003483,-0.014677,0.010165,-0.005579,-0.000501,0.014735,-0.013336,0.01662,-0.006204,0.00327,0.004939,0.018184,0.004923,-0.008357,-0.013465,-0.017282,0.017686,0.01944,0.011172,-0.012192,0.003086,-0.008651,-0.002521,0.009138
ICON PLC NEW,-0.007582,-0.017419,0.045822,-0.010309,-0.006911,-0.016288,0.008817,0.098633,0.024329,-0.019778,0.035563,-0.010899,-0.030807,0.005197,-0.001847,0.001202,0.003603,0.008009,-0.01968,-0.012856,0.016562,0.015085,-0.025699,-0.039001,-0.021733,-0.017074,0.008126,-0.018742,0.011757,0.00609,-0.017502,-0.020278,-0.020593,0.01391,0.013245,0.028278,-0.008812,-0.004394,-0.008263,0.000207,0.026852,-0.021263,-0.003398,0.029754,-0.001204,0.00673,0.003442,0.078005,0.033529,-0.006426,0.008219,0.004276,0.007585,0.013735,0.00495,0.014908,-0.012943,0.001855,-0.00521,-0.012162,-0.018621,0.030001
MCCORMICK & CO INC,-0.000636,-0.017305,-0.006086,0.029442,0.011643,0.009507,-0.018463,0.033455,0.023333,-0.012176,0.010876,0.0,-0.006336,0.0077,0.016595,0.011392,-0.000116,-0.013936,-0.013662,0.0,0.017075,0.006457,0.007582,-0.026974,0.003926,0.011496,0.003515,-0.00432,0.008208,0.007211,-0.003811,-0.020981,-0.012432,-0.006834,0.001811,0.015183,-0.000831,0.000475,0.007243,-0.018743,0.015497,-0.014856,0.006997,0.017851,-0.006003,0.021907,-0.019583,-0.002837,-0.010075,-0.030532,0.001606,0.0,-0.048459,-0.006738,0.010307,0.015625,-0.000636,-0.007888,-0.057964,0.013341,0.003224,0.005892
L P L FINANCIAL HOLDINGS INC,0.015881,-0.00308,0.016145,0.014596,0.003447,0.004928,-0.040161,-0.060439,-0.059297,0.011879,0.017675,-0.070237,-0.003754,0.002849,0.020667,0.039689,-0.023406,0.024807,0.013894,0.020981,-0.013338,-0.016138,0.012109,-0.05214,0.016247,-0.011407,-0.010782,-0.004504,0.005972,-0.040475,0.005109,-0.023922,-0.01137,0.010679,0.000191,0.015536,-0.006261,0.021979,-0.009919,-0.002902,0.008592,0.006284,0.004811,-0.017541,0.030928,0.010636,0.00072,0.014742,-0.022411,0.029494,0.013467,0.010856,-0.012458,-0.041107,0.01751,0.011815,0.017449,0.004461,0.001293,-0.001033,0.00194,0.02009
XYLEM INC,0.030362,-0.012033,0.027812,0.000373,0.014178,-0.004231,-0.02697,0.060655,-0.004833,-0.019964,0.028904,0.002497,-0.014412,0.016608,-0.003019,0.005268,0.005951,0.002208,-0.034273,0.002463,0.022479,0.012906,-0.002373,-0.013124,-0.010978,0.001534,0.003244,-0.000988,0.01852,0.015006,-0.002087,-0.035817,-0.006598,-0.013011,-0.001752,0.026411,-0.012056,-0.000728,0.009022,-0.016077,0.024784,-0.009584,0.001718,-0.001535,-0.028393,0.035551,0.004673,0.010287,0.017,0.011579,0.006369,-0.007953,-0.021207,-0.043245,0.014269,-0.079506,0.021199,-0.009945,-0.0118,0.010757,-0.012888,0.028783
BERKLEY W R CORP,0.012235,-0.012751,0.003632,0.003753,-0.003873,-0.000402,-0.012741,-0.004347,-0.048028,-0.016483,0.007141,0.038345,0.002508,0.019322,0.011455,-0.000135,0.002966,0.01089,-0.00532,0.003343,0.016525,-0.012716,0.00478,-0.017708,0.01453,-0.010078,-0.002813,-0.011822,0.008972,-0.01536,-0.001232,-0.012878,0.001388,-0.007217,0.018734,0.013723,-0.012048,0.00644,0.006263,-0.015018,0.006044,-0.009148,0.000138,-0.003307,-0.006359,0.033528,-0.017634,0.00507,-0.005317,0.007813,0.004519,-0.021129,-0.01128,-0.016901,0.001719,0.005864,0.006398,0.009042,-0.0014,-0.029445,0.00809,0.005159
LIVE NATION ENTERTAINMENT INC,-0.002261,-0.033363,-0.004689,-0.074588,0.035916,-0.004914,-0.003567,0.051212,0.004453,-0.040417,0.009239,-0.003635,-0.029185,-0.078497,0.011026,0.008216,0.016151,-0.00175,0.00336,0.022128,0.03632,0.010858,0.005031,-0.000541,-0.0402,0.003243,0.004639,0.004198,0.025498,0.007745,-0.014561,-0.03913,-0.012246,-0.014127,0.00424,0.029121,-0.001556,0.0017,-0.015561,-0.020549,0.029196,-0.005845,-0.012618,0.031223,0.009154,0.010047,-0.001658,0.004152,0.01075,-0.002591,0.020643,0.019555,-0.034157,-0.00408,0.025813,0.011051,0.013958,0.006883,0.024636,0.011581,-0.011449,0.013218
MAGNA INTERNATIONAL INC,0.002153,-0.027395,0.016569,0.025534,-0.001236,-0.009724,-0.011605,0.067377,0.06177,-0.013707,0.024887,-0.021444,0.000483,0.00584,-0.01129,0.008972,-0.005174,0.001788,-0.030337,0.008198,0.022071,0.000162,-0.00487,-0.033442,-0.008608,-0.011917,0.007581,-0.004104,0.025412,0.002512,-0.002505,-0.027294,-0.01687,-0.0007,-0.018574,0.009641,-0.026525,0.007266,0.011001,-0.018016,0.040509,-0.019204,0.023852,0.033727,0.0037,0.032172,-0.014286,0.006094,0.019807,0.027127,0.00125,0.016857,-0.019801,-0.011588,0.012041,0.024734,-0.072105,0.006585,0.014884,0.029654,-0.007043,0.023644
ZOOM VIDEO COMMUNICATIONS INC,-0.006592,-0.051755,-0.002672,-0.011864,0.027756,-0.01633,-0.08262,0.144627,0.074061,-0.04495,0.036633,-0.04506,-0.010898,-0.011503,-0.016903,-0.038749,-0.013091,-0.009719,-0.050531,-0.014248,0.068868,0.026515,-0.040295,-0.018975,-0.019616,-0.022387,0.035638,-0.002764,0.021203,0.004885,-0.011209,-0.041246,-0.004843,-0.011022,-0.007671,0.019983,-0.057057,-0.000758,-0.006526,-0.001528,0.040392,-0.003824,-0.015943,0.014852,-0.030007,0.059281,0.0082,0.01113,-0.011996,-0.001428,-0.006008,0.005468,-0.034206,-0.009558,0.039874,0.021151,-0.021699,-0.007778,0.039048,0.035904,-0.008766,0.020408
C M S ENERGY CORP,0.004557,-0.004711,0.00561,0.002285,-0.007189,0.005298,-0.012298,0.053006,-0.013176,-0.010099,0.010548,0.016941,-0.014807,0.024765,0.001833,0.00183,0.01013,0.007069,-0.007509,-0.009868,0.014452,0.005567,-0.014493,-0.009749,0.018522,0.001474,0.014232,0.003548,0.027001,0.004069,-0.006235,-0.00941,-0.019791,-0.00533,0.003248,0.014244,-0.001436,0.016781,0.010846,-0.010574,0.008644,-0.013244,0.006316,0.014122,-0.020888,0.018331,0.008535,-0.001539,0.007705,-0.016058,-0.006528,-0.006884,-0.034184,-0.003425,0.014894,-0.004838,0.001296,0.005826,0.004666,0.000801,0.00288,0.008297
A E S CORP,0.006881,-0.019362,0.013937,0.010309,0.012094,-0.010829,-0.00906,0.075048,-0.004961,-0.019587,0.009081,0.006479,-0.017525,0.006917,0.014823,0.000356,0.014245,0.004565,-0.019923,0.007846,0.023355,-0.006916,-0.001741,-0.010464,-0.00846,-0.005332,0.012866,0.006351,0.020687,0.005496,-0.001025,-0.018126,-0.012888,-0.00494,0.005674,0.013399,-0.014962,0.01307,0.004881,-0.017349,0.017302,-0.001735,-0.022601,-0.029527,-0.051686,0.021647,0.031025,-0.000734,0.018362,-0.001442,0.006139,-0.009332,-0.024638,-0.010401,0.010886,-0.000743,0.002973,0.000741,0.022584,-0.023534,-0.019281,0.042567
BALL CORP,0.001417,-0.032552,0.066458,-0.003527,0.003147,-0.009214,-0.019589,0.079718,0.061869,-0.022355,-0.0009,-0.013516,-0.006759,0.013243,0.001815,0.003805,0.012996,0.000891,-0.017625,-0.007974,0.028133,-0.004101,-0.000716,-0.02616,0.00828,-0.042153,0.026672,-0.006124,0.000747,0.004105,0.011892,-0.051598,-0.006389,-0.013835,0.000395,0.021924,-0.011403,0.009384,0.003099,-0.023364,0.020561,-0.009299,0.01623,0.010006,0.006668,0.026874,0.024143,0.009358,0.005705,0.013118,-0.000525,-0.002801,-0.002633,-0.003168,0.028254,0.013567,-0.033379,-0.007187,0.006886,0.010521,-0.003297,0.013928
DIAGEO PLC,0.003773,-0.013664,-0.014095,0.045895,-0.005984,0.000649,-0.015512,0.058112,-0.015344,-0.0046,0.003177,0.010711,0.000114,0.011906,0.003828,0.010487,0.015707,0.006011,-0.007278,-0.001751,0.022472,0.019834,0.005992,-0.015257,0.002228,-0.001588,-0.00737,-0.010791,0.00648,0.007082,0.006127,-0.033466,-0.020106,0.005367,-0.007674,0.012777,-0.006695,0.003398,-0.002776,-0.007961,0.006959,-0.006911,-0.012571,0.021654,-0.013462,0.008909,-0.00285,0.004428,0.016072,-0.008073,0.014396,0.024726,-0.022957,0.006379,0.007367,-0.001183,-0.007753,0.000326,-0.055815,-0.010685,-0.006562,0.033727
MOLINA HEALTHCARE INC,-0.008053,-0.015816,0.00745,-0.063465,0.000998,0.012361,-0.02439,0.008843,-0.036974,-0.008882,-0.008421,0.002532,-0.002302,0.018103,-0.002706,-0.001073,0.012731,0.020276,-0.001682,-0.011668,0.043536,-0.005761,-0.001971,0.002813,0.001552,0.010875,0.001385,0.004121,0.034911,-0.012349,0.002323,-0.030242,-0.011949,-0.009675,-0.006784,0.013267,0.004644,-0.000716,-0.002119,-0.005832,0.002557,-0.009152,-0.03422,-0.016901,-0.04781,0.010585,-0.017567,-0.014845,0.036849,-0.011924,0.003677,-0.003097,-0.013765,0.009722,-0.00208,-0.000605,-0.003566,0.00341,0.003802,0.006905,0.00759,0.030196
C G I INC,-0.00174,-0.022408,-0.007895,0.018483,0.010964,0.003864,-0.002235,0.063597,0.000585,-0.03368,0.023599,0.001655,0.000472,0.007079,-0.010075,0.012663,-0.003623,0.002932,-0.008888,0.003658,0.026452,0.016264,-0.006875,-0.014526,-0.020382,0.004702,0.006552,-0.01081,0.022092,0.010232,-0.005007,-0.020016,-0.002801,-0.004213,0.005994,0.012852,-0.01315,0.004442,0.002677,-0.01474,0.016492,-0.001854,-0.000348,0.004414,-0.023936,0.003436,0.008619,-0.001522,0.00762,0.011867,-0.003794,0.003578,-0.00621,-0.00081,0.010771,0.003209,0.002399,-0.026778,0.002459,-0.007942,0.001884,0.008461
IDEX CORP,0.004768,-0.022161,0.010622,0.008381,0.014197,-0.00381,-0.013785,0.050363,-0.012363,-0.008606,0.015432,0.004836,-0.005457,0.008986,-0.001156,0.006602,0.00247,0.005353,-0.020409,-0.003321,0.027828,0.013685,0.004569,-0.020551,-0.013045,0.005432,-0.003872,0.00457,0.020407,0.0085,-0.014501,-0.037562,-0.006926,-0.007544,0.008176,0.017009,-0.010129,-0.001393,0.003183,-0.012605,0.014703,-0.009414,0.00508,-0.000959,-0.015397,0.028351,0.007409,0.00402,0.002896,0.005818,0.011217,-0.009209,-0.011534,-0.032055,0.020886,-0.001471,0.006454,0.001937,0.005799,0.01956,-0.024044,0.028714
ZSCALER INC,-0.024075,-0.081787,-0.050836,-0.076829,-0.030083,0.021898,-0.030685,0.145118,0.068134,-0.037555,0.076069,-0.046924,-0.02565,0.014479,-0.020255,0.00618,0.024276,-0.009495,-0.014631,-0.013678,-0.010382,0.082803,-0.107336,-0.063571,-0.039904,-0.014918,0.046306,-0.019409,0.034383,0.020785,-0.00501,-0.048481,-0.025262,-0.016986,0.011312,-0.006782,-0.030239,-0.005304,-0.011123,0.002696,0.037178,0.000268,-0.015282,0.012705,-0.064522,-0.004119,0.007599,0.0021,0.029342,-0.031374,0.025225,0.057875,-0.004229,-0.023534,0.061158,0.056694,-0.008969,-0.02234,0.044033,0.018612,-0.038582,0.012724
DARDEN RESTAURANTS INC,-0.000699,-0.02328,-0.001718,0.013408,-0.010613,0.002145,-0.003497,0.040673,-0.028693,0.009705,0.003999,0.016282,0.004263,0.007463,-0.00299,0.008794,0.002297,0.000404,-0.01058,-0.012669,0.014004,-0.009116,-0.001167,-0.013335,-0.004737,-0.00455,0.01097,-0.008347,0.013467,0.003737,-0.007447,-0.007572,-0.02072,-0.010365,0.009173,-0.008374,-0.00895,0.011143,-0.007923,0.007841,0.009076,-0.012493,0.011784,0.021935,0.008879,0.018572,0.015853,0.014922,-0.004391,-0.006348,0.007397,-0.005274,-0.016979,-0.007441,0.013687,0.004885,-0.014315,0.012331,0.010286,-0.006229,-0.009773,0.007147
AMCOR PLC,0.000864,-0.064711,-0.006458,0.036212,0.005376,0.0,-0.017825,0.054446,0.001721,0.012887,-0.001696,-0.006797,0.008554,0.002545,0.014382,0.010217,0.007506,0.0,-0.00745,0.010008,0.019818,0.002429,0.009693,-0.0184,-0.00978,-0.001646,0.024732,-0.004827,0.008892,0.00641,-0.00637,-0.017628,-0.014682,-0.004967,0.002496,0.004149,-0.009917,0.006678,0.001658,-0.014073,0.009236,-0.009151,0.00084,0.009228,-0.009144,0.02349,0.0,-0.006557,0.004951,0.001642,-0.005738,0.001649,-0.022222,-0.010943,0.011064,0.010101,-0.021667,0.003407,0.004245,0.010144,-0.014226,0.023769
ROLLINS INC,0.002852,-0.00782,0.010031,-0.008986,-0.003818,0.005988,-0.007619,0.011312,-0.010233,0.006973,-0.00979,0.013504,-0.004521,0.014818,-0.008008,-0.061254,0.004552,0.006798,-0.005251,0.001257,0.015315,-0.001236,0.002228,-0.021739,-0.009848,0.006886,-0.006079,-0.018604,-0.004414,-0.001043,-0.004439,-0.024653,-0.011562,0.004897,0.004873,0.007274,-0.011233,0.004057,-0.002694,-0.012966,0.003284,-0.003273,0.000274,0.01067,-0.017055,0.006059,0.0,-0.000821,0.033425,-0.004507,0.006125,-0.014558,-0.014773,-0.023173,0.007815,0.001108,0.004703,0.000551,-0.005504,-0.00332,-0.009439,0.020179
SOLAREDGE TECHNOLOGIES INC,-0.02078,-0.034051,0.033873,-0.02645,-0.03516,0.191339,-0.009971,0.138231,0.018472,-0.01696,0.013943,0.006216,0.032613,0.023997,-0.016254,0.025779,-0.009477,-0.014171,-0.021397,-0.01557,0.02754,-0.010339,0.043953,0.017133,-0.048016,0.039501,0.015187,-0.00225,0.000349,0.040424,0.024325,-0.024731,-0.020714,-0.034162,0.001034,0.042788,-0.036205,-0.004206,-0.055167,-0.058695,0.017474,0.009299,0.007625,0.017973,-0.047529,0.018284,0.008268,0.004716,0.058393,0.024193,0.017967,0.016348,-0.001468,-0.103159,0.027937,0.049028,-0.00262,-0.025457,0.009517,0.010086,-0.014913,0.057177
S V B FINANCIAL GROUP,-0.008573,-0.069569,-0.025487,0.026876,-0.00136,0.02588,-0.046333,0.108737,0.020221,-0.067312,0.091782,-0.020339,-0.052882,0.004088,-0.037624,0.009994,0.022691,0.0018,-0.022821,0.007402,0.057728,-0.015575,-0.014244,-0.069714,-0.042917,0.040048,0.068946,-0.010645,0.01421,0.04812,-0.015289,-0.043241,-0.032638,-0.014105,0.009839,0.023016,-0.007131,0.004866,-0.003413,0.001573,0.083992,-0.019137,-0.021378,0.065891,-0.031117,0.056752,0.014809,0.01303,0.009142,-0.004588,-0.004294,0.028726,-0.030809,-0.007699,0.165574,0.024877,-0.034618,0.02223,0.002918,0.02307,-0.028039,0.028848
KEYCORP NEW,0.010073,-0.01385,0.002247,0.021861,0.005485,0.0,-0.023459,0.086592,0.019537,-0.041856,0.008947,-0.01252,-0.013735,-0.003214,0.007523,0.008,0.001058,0.005814,-0.026012,0.013093,0.012924,-0.004785,-0.009081,-0.059299,-0.016619,0.005828,-0.004635,0.01397,0.008037,-0.014806,-0.012139,-0.016384,-0.011303,0.001805,-0.001201,0.019844,0.006486,0.006444,0.006403,-0.007519,0.015734,-0.000574,0.010907,0.026689,-0.013274,0.029709,-0.009799,0.001099,0.004393,0.002734,-0.008724,-0.008801,-0.043285,-0.045824,0.060182,0.036124,-0.007748,0.022309,0.021822,0.013882,-0.012112,0.022921
CLOROX CO,0.004314,-0.061294,0.003995,0.017797,0.023029,-0.006392,-0.01909,0.026376,-0.014377,0.005215,0.015983,-0.014421,0.021143,0.006376,0.017304,0.011183,-0.012517,0.002616,-0.003144,-0.010736,0.008275,0.00814,0.005472,-0.011017,-0.013891,0.016128,0.00596,-0.00952,0.007998,-0.01567,0.004335,-0.012748,-0.012093,0.001452,-0.013397,0.00511,0.012535,-0.008872,0.000902,-0.013034,0.000421,-0.014675,0.013753,0.010263,-0.011411,0.01661,-0.012323,-0.011776,0.00688,0.006129,0.023036,0.012867,-0.031556,-0.02463,0.019816,0.002104,-0.0049,0.003476,0.002898,-0.009727,0.011744,0.017869
W P CAREY INC,0.005242,-0.01734,-0.004246,0.031312,0.008269,-0.002947,0.008097,0.017721,-0.017788,-0.005867,0.007312,-0.003184,0.007794,0.010649,0.007275,0.003985,-0.011908,0.009038,-0.03272,0.006045,0.007415,0.025508,0.013736,-0.026611,-0.001129,-0.007407,-0.001138,-0.00152,0.007483,0.013595,-0.000869,0.002859,-0.011155,0.003008,-0.017871,0.012343,-0.009678,0.012184,-0.000878,-0.013805,0.012281,-0.004205,0.001535,0.010988,-0.013017,0.032138,0.005582,-0.008636,0.029866,0.009666,-0.005026,0.009863,-0.019414,0.002065,0.017818,0.001905,0.007488,-0.001416,0.005789,0.004934,-0.009234,0.009084
CINCINNATI FINANCIAL CORP,-0.039683,-0.001713,-0.020697,0.028763,0.026456,0.007029,-0.016093,0.05971,0.023617,-0.010537,-0.023318,-0.004982,-0.002078,0.011549,-0.000281,0.011326,0.007034,0.009467,-0.022216,0.006891,0.026172,0.001442,-0.006389,-0.023005,-0.008621,-0.020011,0.013454,-0.002825,0.013785,0.002049,-0.010968,-0.019359,-0.013892,-0.012522,0.013572,0.021894,-0.007652,0.006843,-0.000191,-0.016565,0.014118,-0.016993,0.015822,0.022498,0.003009,0.02878,-0.009568,0.016745,-0.00561,-0.017836,0.007598,-0.02354,-0.016857,-0.03113,0.01562,0.023946,0.002947,-0.003128,0.005895,-0.003308,0.057663,0.014616
CONAGRA BRANDS INC,-0.009809,-0.002752,-0.003899,0.005871,0.003335,-0.011357,-0.004483,-0.009569,-0.017903,-0.017361,0.012368,0.019197,-0.002854,0.028907,0.012517,0.004945,0.007928,0.006781,-0.002155,-0.00216,0.027597,-0.003949,0.007666,0.00341,-0.018039,0.017838,0.006801,-0.012211,0.011836,-0.006239,0.006539,-0.004418,-0.007831,0.003157,0.009441,0.007534,-0.000516,0.002064,0.004634,-0.009482,0.003105,-0.001806,0.003359,-0.004636,0.034153,0.024769,-0.013184,0.000495,0.001978,-0.009625,-0.005482,0.003007,-0.03947,-0.004681,-0.007578,-0.014481,-0.004542,-0.003221,-0.008078,-0.001357,0.013988,0.005951
BROADRIDGE FINANCIAL SOLUTNS INC,-0.003065,-0.079345,-0.027735,-0.00351,0.015438,0.007306,-0.020148,0.056079,-0.00885,0.009501,0.009057,0.002525,-0.002728,0.014239,0.017289,0.008566,0.000472,0.000606,-0.013601,-0.025119,0.044041,0.00503,-0.005805,-0.026915,-0.011381,-0.006558,0.017066,-0.018713,0.021251,0.000482,-0.024966,-0.041818,-0.01193,-0.00105,0.001501,0.021887,-0.014157,0.000595,0.007362,-0.015502,0.024668,-0.018513,0.003206,0.015681,-0.026707,0.030672,0.011379,0.002668,0.032655,0.009891,-0.006069,0.007147,-0.007854,-0.011528,0.02775,0.026318,0.000799,-0.008452,0.013088,-0.009805,0.003412,0.002601
UBIQUITI INC,-0.005739,-0.026772,-0.028343,-0.086467,-0.038982,3.5e-05,-0.037907,0.074479,-0.022182,0.017247,-0.005754,-0.018834,0.009284,0.029185,-0.032221,0.02149,-0.003943,0.003446,-0.004421,-0.017658,0.043184,-0.001167,0.003737,-0.025765,-0.026514,-0.011638,0.021138,-0.019832,-7.1e-05,0.022928,-0.009423,-0.0313,-0.007762,-0.004257,-0.002083,0.017246,-0.018214,-0.004326,0.000663,-0.024213,0.027907,0.003522,-0.011553,-0.004253,-0.0091,0.048919,-0.002716,0.006665,0.01399,0.006775,0.019074,-0.004688,-0.00997,-0.024793,0.026456,0.009262,-0.022823,0.013577,0.017421,-0.001739,-0.029248,0.028334
ISHARES TRUST,0.019158,-0.007622,-0.003526,0.016048,-0.000373,0.006967,-0.013467,0.045961,-0.000239,-0.008503,0.018843,0.0,-0.00901,0.0,0.00012,0.010407,0.006511,0.004587,-0.003981,0.004584,0.01135,0.019777,-0.004214,-0.015327,-0.005459,0.014483,-0.001842,-0.00692,0.003717,0.009604,-0.00149,-0.005281,-0.005213,-0.005473,-0.005035,0.013063,-0.005112,-0.005371,-0.005987,-0.003661,0.007705,-0.004941,0.004374,0.012241,-0.00907,0.017719,-0.00196,-0.006238,0.011393,0.011839,-0.002386,0.001025,0.01183,-0.002811,-0.002255,-0.000565,0.004409,-0.000675,0.0,-0.001915,-0.012753,0.004915
OMNICOM GROUP INC,0.004811,-0.02011,-0.006841,0.015181,0.008862,0.017019,-0.009986,0.023855,0.031953,-0.01445,0.007985,-0.010649,0.000656,0.012725,-0.008161,0.019982,0.001152,0.012278,-0.012634,0.007806,0.012697,0.001254,-0.015152,-0.018436,-0.01386,-0.006042,-0.000793,0.000529,0.034898,0.033849,-0.000618,-0.030783,-0.016199,0.002334,0.015522,0.012338,0.000127,0.021833,0.010932,-0.009216,0.011906,-0.000245,0.011769,0.023143,0.008053,0.011278,-0.004415,0.001167,-0.009557,-0.007414,-0.003438,-0.004521,-0.013145,-0.005691,0.020339,0.009071,0.018926,0.007198,-0.008414,-0.008718,-0.00516,0.013555
RIVIAN AUTOMOTIVE INC,-0.042608,-0.058542,0.022843,-0.007754,-0.020944,0.016922,-0.118681,0.174207,0.058859,-0.0149,0.022397,-0.052063,-0.037515,-0.053945,-0.063283,0.018297,0.026607,-0.006059,-0.030139,0.007332,0.110572,-0.017478,-0.003812,-0.058355,-0.055537,0.001793,0.022906,-0.045136,-0.061561,-0.025381,-0.016827,-0.023227,-0.062161,-0.020018,-0.028597,-0.01729,-0.061817,-0.029904,-0.073145,0.0,0.055806,-0.016017,-0.059143,0.021338,-0.064935,-0.009662,0.013415,-0.010229,0.038298,0.029274,-0.064278,0.029179,-0.025399,-0.04303,0.027866,0.115219,-0.002762,0.035457,-0.020332,0.083015,-0.090267,0.075388
MARATHON OIL CORP,0.015764,-0.037827,0.05578,0.019414,0.031221,-0.009083,-0.064161,0.031668,0.040506,-0.011557,0.016308,-0.045234,-0.00477,-0.015974,-0.024675,0.038282,-0.017313,-0.008809,-0.018762,0.018115,0.009226,-0.01763,-0.011632,-0.041022,-0.037518,-0.001457,-0.020795,-0.024963,0.038594,0.018396,-0.007587,0.014197,-0.019024,-0.010977,0.004439,0.021731,-0.037491,0.027715,0.007653,-0.038698,0.007524,0.010829,-0.052826,-0.012481,0.021722,0.028218,0.016165,-0.00074,0.001481,0.0122,-0.010957,-0.01034,0.002985,0.018973,0.01789,0.007891,-0.008897,0.000359,0.032304,-0.015647,-0.043094,0.014027
SKYWORKS SOLUTIONS INC,0.004767,-0.035061,-0.012592,0.067889,0.003639,0.004646,-0.035078,0.089772,0.033466,-0.023352,0.02593,-0.042987,0.01472,0.006187,-0.01728,0.022806,0.008601,-0.021897,-0.017974,-0.010631,0.059267,-0.006798,-0.010635,-0.002341,-0.016002,-0.003036,0.034907,-0.00683,0.023276,0.015922,-0.012213,-0.034206,-0.007787,-0.0143,-0.022688,0.02567,-0.034494,0.001352,-0.008891,-0.014308,0.047696,0.002089,-0.006913,0.032928,-0.011339,0.032677,0.010897,0.010676,0.030151,0.007964,0.003556,0.009448,-0.007507,-0.018468,0.031425,0.063555,-0.020984,0.019663,0.023762,-0.007677,-0.02321,0.010039
PERKINELMER INC,0.022384,-0.047229,-0.020366,0.023692,-0.009809,-0.016253,-0.006451,0.079896,0.051914,-0.002997,-0.005244,-0.022069,-0.024867,0.003611,0.001689,0.00154,0.005563,-0.003203,-0.023735,-0.000224,0.045492,0.014457,-0.017778,-0.016448,0.002556,0.014641,0.018952,-0.019656,0.02429,0.037957,-0.028593,-0.018579,-0.023965,0.004794,0.008386,0.019143,-0.005417,-0.005305,-0.003058,-0.015121,0.034473,-0.018342,0.006561,0.00829,-0.024594,-0.038038,0.002696,-0.00366,0.015967,-0.024865,0.012182,-0.009643,0.000679,0.003847,0.036163,0.02126,-0.041776,0.001557,-0.000888,0.026675,-0.023672,0.016632
ROYALTY PHARMA PLC,-0.002363,0.001184,0.00071,-0.008511,0.010253,0.007553,0.007964,0.02231,-0.001591,-0.032332,-0.009882,0.011169,-0.000705,0.012757,0.001166,0.010485,-0.010145,0.001165,-0.002559,0.004665,0.020896,0.001592,-0.004314,-0.019156,-0.02511,0.00477,0.004747,-0.013702,0.010299,-0.008535,-0.008608,-0.01616,-0.014219,-0.015916,0.003033,-0.002268,-0.010354,0.006379,-0.005071,-0.001784,0.009446,-0.000506,-0.003036,-0.006345,-0.013027,-0.014234,0.029142,0.001531,0.001528,-0.002798,0.004081,-0.01143,-0.010791,-0.008312,0.003929,0.000522,-0.002347,0.012023,-0.000258,0.004908,-0.006684,0.014234
COOPER COMPANIES INC,0.02052,-0.030717,-0.018008,0.019054,-0.000185,0.010866,0.000219,0.104032,0.073801,-0.030279,0.00407,-0.017196,-0.023683,0.014521,-0.000781,0.006739,0.012515,0.004088,-0.019244,-0.002886,0.028981,0.032464,-0.013165,-0.002358,-0.026309,0.004727,0.015417,-0.031181,0.015026,0.050013,-0.015068,-0.002339,-0.019253,-0.005034,0.011478,0.027509,0.006511,0.005743,0.002134,-0.015145,0.018241,-0.011095,0.006079,0.026722,-0.00647,0.017121,-0.002665,-0.001162,0.018787,-0.002455,0.00269,-0.014441,-0.017114,0.00875,0.004001,0.007011,-0.008638,0.001253,0.016095,-0.013262,-0.010538,0.023705
ETSY INC,-0.026408,-0.042546,0.142678,-0.016795,0.008541,0.026112,-0.067007,0.160594,0.04927,0.035455,0.046518,-0.044609,-0.044688,-0.003935,0.008954,0.037846,0.005868,0.002667,-0.006899,0.020087,0.083771,0.055265,0.007892,-0.023347,-0.016034,-0.036145,0.033582,-0.057398,0.021612,0.016059,0.003267,-0.045899,0.002778,-0.003246,0.009451,0.056884,-0.051962,-0.003219,-0.044115,-0.007747,0.018937,-0.023639,-0.051929,0.031261,0.020921,0.008615,0.003317,0.049095,0.061136,-0.022719,0.023095,-0.016039,-0.008075,-0.018792,0.022098,0.055379,-0.017539,-0.005999,-0.009716,0.024231,-0.022496,0.021381
TARGA RESOURCES CORP,0.001901,-0.021898,0.040149,0.009758,0.013784,0.011915,-0.053747,0.048016,0.014667,-0.01005,0.031706,-0.027497,-0.016355,0.019163,-0.023504,0.048138,-0.008645,-0.00109,-0.013914,0.019781,0.009088,0.007528,0.003202,-0.042426,-0.032639,-0.015506,-0.004375,0.005127,0.026231,0.032945,0.007286,-0.02948,-0.014203,-0.015121,0.010718,0.032961,-0.019007,0.037477,0.007225,-0.026255,0.023489,-0.001901,-0.038776,0.005379,-0.001408,0.030594,0.024897,-0.007074,0.003495,0.010181,-0.000133,-0.003448,-0.022891,0.019749,0.010552,-0.000793,-0.006746,0.00293,0.009826,-0.009205,-0.015395,0.015981
