asset_name,2024-02-01,2024-02-02,2024-02-05,2024-02-06,2024-02-07,2024-02-08,2024-02-09,2024-02-12,2024-02-13,2024-02-14,2024-02-15,2024-02-16,2024-02-20,2024-02-21,2024-02-22,2024-02-23,2024-02-26,2024-02-27,2024-02-28,2024-02-29,2024-03-01,2024-03-04,2024-03-05,2024-03-06,2024-03-07,2024-03-08,2024-03-11,2024-03-12,2024-03-13,2024-03-14,2024-03-15,2024-03-18,2024-03-19,2024-03-20,2024-03-21,2024-03-22,2024-03-25,2024-03-26,2024-03-27,2024-03-28,2024-04-01,2024-04-02,2024-04-03,2024-04-04,2024-04-05,2024-04-08,2024-04-09,2024-04-10,2024-04-11,2024-04-12,2024-04-15,2024-04-16,2024-04-17,2024-04-18,2024-04-19,2024-04-22,2024-04-23,2024-04-24,2024-04-25,2024-04-26,2024-04-29,2024-04-30
MICROSOFT CORP,0.015594,0.018426,-0.013545,-0.000394,0.02111,0.000145,0.015551,-0.012579,-0.021529,0.009648,-0.007155,-0.006149,-0.003143,-0.001514,0.023547,-0.003182,-0.006824,-0.000147,0.000589,0.01452,0.004497,-0.001396,-0.029572,-0.001391,0.017533,-0.007137,-0.004185,0.0266,-0.000433,0.02438,-0.020695,0.002161,0.009801,0.009065,0.009736,-0.001467,-0.013715,-0.002861,-0.000522,-0.001685,0.009151,-0.007372,-0.002349,-0.006113,0.018283,-0.002186,0.00398,-0.007085,0.011033,-0.014091,-0.019578,0.002272,-0.006609,-0.018381,-0.012739,0.00461,0.016486,0.003656,-0.024495,0.018244,-0.010017,-0.032119
APPLE INC,0.013341,-0.005405,0.009847,0.008632,0.000581,-0.005755,0.004089,-0.009002,-0.011274,-0.00481,-0.001575,-0.00843,-0.004114,0.004186,0.011244,-0.010034,-0.007451,0.008114,-0.006625,-0.003693,-0.00603,-0.025381,-0.028441,-0.005878,-0.00071,0.010237,0.011832,0.002779,-0.012123,0.010927,-0.002197,0.006372,0.013585,0.014709,-0.040858,0.00531,-0.0083,-0.006673,0.021213,-0.010559,-0.008456,-0.006999,0.004797,-0.004892,0.004502,-0.006664,0.007243,-0.011139,0.043271,0.008627,-0.021864,-0.019167,-0.008147,-0.005714,-0.012213,0.005091,0.006392,0.012702,0.005147,-0.003473,0.024808,-0.018271
NVIDIA CORP,0.02438,0.049709,0.047944,-0.015996,0.027498,-0.006534,0.035784,0.001594,-0.001661,0.024567,-0.016807,-0.000619,-0.043532,-0.028509,0.164009,0.003552,0.003489,-0.004944,-0.013189,0.018658,0.040032,0.035951,0.008576,0.031827,0.044746,-0.055477,-0.020039,0.071572,-0.011152,-0.032392,-0.001222,0.007041,0.010661,0.010895,0.011763,0.031214,0.007562,-0.025694,-0.024967,0.001175,7.7e-05,-0.010082,-0.005455,-0.034385,0.024481,-0.009942,-0.020417,0.019741,0.041097,-0.026816,-0.024777,0.016442,-0.038666,0.007568,-0.100046,0.043543,0.036533,-0.033316,0.037087,0.061756,0.000251,-0.01544
AMAZON COM INC,0.026289,0.078667,-0.008731,-0.006811,0.008158,-0.004046,0.027143,-0.012095,-0.021469,0.013876,-0.006901,-0.001708,-0.014335,0.009038,0.03553,0.002349,-0.001486,-0.006811,-0.00219,0.02079,0.00826,-0.003591,-0.019484,-0.003503,0.019077,-0.008314,-0.019333,0.019947,0.006642,0.012432,-0.024224,0.000344,0.008138,0.012791,0.0,0.004042,0.004696,-0.007846,0.008581,0.003058,0.003271,-0.001547,0.009519,-0.013212,0.028167,0.000648,0.002592,0.001508,0.016671,-0.015446,-0.013485,-0.001634,-0.011128,-0.011364,-0.025611,0.014889,0.013034,-0.016431,-0.016536,0.03426,0.00746,-0.032936
ALPHABET INC,0.007566,0.008643,0.00913,0.002923,0.009993,0.002542,0.021177,-0.009866,-0.0162,0.005512,-0.021721,-0.01576,0.00427,0.010133,0.010803,-0.000902,-0.044387,0.009522,-0.018001,0.015252,-0.009533,-0.027636,-0.005099,-0.009573,0.022679,0.007665,0.01669,0.006029,0.009314,0.023679,-0.013417,0.046041,-0.004401,0.01163,-0.007664,0.021477,-0.004643,0.003998,0.001327,0.000398,0.030213,-0.005981,0.002329,-0.028337,0.013087,0.01541,0.011301,-0.002937,0.020943,-0.010539,-0.018196,-0.00297,0.00693,0.003473,-0.012307,0.014213,0.01267,0.005497,-0.01967,0.102244,-0.033731,-0.020283
META PLATFORMS INC,0.011893,0.203176,-0.032801,-0.010209,0.032701,0.000873,-0.004021,0.001688,-0.018725,0.028601,0.022714,-0.022127,-0.003317,-0.006826,0.038673,-0.00432,-0.004731,0.011023,-0.006221,0.012624,0.02483,-0.008182,-0.015998,0.011974,0.032454,-0.012183,-0.044194,0.033417,-0.008364,-0.007547,-0.015717,0.026606,-0.001489,0.018701,0.004431,0.003584,-0.012873,-0.014174,-0.004094,-0.016766,0.011883,0.012252,0.018839,0.008249,0.032138,-0.015341,-0.004526,0.005668,0.006406,-0.021523,-0.022797,-0.00094,-0.011185,0.01544,-0.041311,0.001372,0.02983,-0.005241,-0.105613,0.004327,-0.02407,-0.005663
ALPHABET INC,0.006418,0.005816,0.009684,0.003312,0.008734,0.003682,0.020378,-0.009919,-0.015868,0.005261,-0.021748,-0.015145,0.003104,0.011533,0.010289,-0.000207,-0.045013,0.00973,-0.019058,0.0171,-0.012162,-0.0281,-0.00313,-0.009119,0.020217,0.007764,0.019444,0.004894,0.008237,0.025361,-0.015034,0.044384,-0.003772,0.011898,-0.00628,0.020371,-0.004085,0.003639,0.001582,0.002106,0.027847,-0.004026,0.003208,-0.02833,0.013163,0.014291,0.012809,-0.003035,0.019853,-0.009951,-0.017966,-0.002111,0.005641,0.003697,-0.011051,0.014321,0.012472,0.007379,-0.019553,0.099652,-0.033335,-0.019416
LILLY ELI & CO,0.022955,0.010932,0.05774,-0.001657,0.028864,0.014199,0.00609,-0.003918,0.007745,0.021051,0.000621,0.032041,-0.033757,-0.012903,0.031814,-0.00013,0.003093,-0.008965,-0.009621,-0.005227,0.037735,0.01299,-0.018541,0.002804,0.0005,-0.023098,-0.036437,0.028024,0.003828,0.003813,-0.008623,0.011257,0.013269,0.000103,-0.003364,0.000454,0.003283,0.002276,0.004233,-0.000283,-0.022379,0.004484,0.015747,-0.010193,0.021,-0.008824,-0.025795,0.00626,-0.003137,-0.010466,-0.001157,-0.005368,0.005397,-0.00642,-0.026329,0.006912,0.019635,-0.018091,-0.010011,0.011919,0.005031,0.05955
BROADCOM INC,0.016958,0.020275,0.015323,-0.016451,0.028144,0.01408,0.006809,-0.014368,-0.010553,0.008445,0.002258,-0.015485,-0.015199,0.000734,0.063098,-0.006537,0.009843,-0.009854,-0.005254,0.008585,0.075879,0.002208,-0.042439,0.005399,0.04223,-0.069857,-0.01192,-0.000959,-0.026326,0.003498,-0.021208,0.001408,0.000622,0.034927,0.056426,0.004058,-0.001396,-0.014864,-0.009583,0.005066,0.018749,-0.008517,0.018263,-0.033531,0.016645,-0.002486,-0.001512,-0.008778,0.045441,-0.027769,-0.024835,0.014016,-0.034935,-0.018431,-0.043114,0.016394,0.020197,0.006108,0.029917,0.038357,-0.004055,-0.028649
TESLA INC,0.008383,-0.00503,-0.036454,0.022313,0.013398,0.010556,0.021154,-0.028104,-0.021847,0.025486,0.062212,-0.002494,-0.030958,0.005213,0.013554,-0.027557,0.038704,0.001655,0.011566,-0.000792,0.003765,-0.071556,-0.039332,-0.023238,0.011952,-0.018528,0.013859,-0.001294,-0.045398,-0.041185,0.006585,0.062542,-0.014269,0.025333,-0.016168,-0.011515,0.010537,0.029195,0.012157,-0.022466,-0.003242,-0.049024,0.010502,0.016213,-0.036293,0.048999,0.022546,-0.028946,0.016535,-0.020332,-0.055949,-0.027062,-0.010566,-0.03551,-0.019209,-0.034002,0.018515,0.120611,0.049651,-0.011106,0.153069,-0.055501
JPMORGAN CHASE & CO,-0.003613,0.005756,-0.001316,0.003438,0.001885,-0.003591,0.001201,0.004457,-0.008704,0.010157,0.021814,-0.00467,0.00391,0.00651,0.011996,0.005025,-0.003424,0.000491,0.00507,0.009112,-0.004138,0.007502,0.010017,0.005198,-0.008759,0.001863,0.000372,0.008232,0.008112,-0.017818,0.012396,0.012402,0.005865,0.013107,0.013905,-0.012258,-0.009155,0.004671,0.019364,0.003909,-0.00679,-0.000402,-0.002816,-0.007564,0.0092,0.005217,-0.006701,-0.008521,-0.000205,-0.064678,0.000547,-0.011428,-0.003982,0.006497,0.025104,0.01943,0.014413,0.004892,0.001502,0.000621,-0.001085,-0.007968
BERKSHIRE HATHAWAY INC DEL,0.007036,0.011153,2.6e-05,0.007626,0.009956,-0.000428,0.002189,-0.001632,-0.007317,0.009828,0.011965,0.006296,0.002857,0.005158,0.014441,0.004962,-0.019366,-0.000562,0.007899,-0.006648,-0.005594,-0.009138,-0.006569,0.008035,-0.003886,0.001889,0.003994,0.000544,0.007778,-0.00343,0.003442,0.000686,0.008203,0.010564,-0.005599,-0.005268,-0.004082,0.004025,0.013023,0.008611,-0.000761,-0.003046,0.003151,-0.011708,0.007946,-0.00633,-0.003077,-0.013456,-0.003667,-0.010672,-0.007439,-0.008345,0.002066,0.005406,0.012979,0.009134,-9.8e-05,-0.006826,-0.002562,-0.00694,-0.002835,-0.01055
WALMART INC,0.018517,0.007486,-0.005367,0.006818,-0.002532,-5.9e-05,-0.000531,0.006026,-0.006812,-0.003193,0.004092,0.006321,0.032285,-0.012283,0.009845,0.000855,0.018455,-0.000168,0.000503,-0.016941,0.002559,0.00919,0.012479,0.008827,-0.003467,-0.003976,0.008982,0.012364,-0.002117,-0.000857,-0.005572,0.002966,0.000164,0.006243,0.003265,-0.009439,-0.004929,-0.000991,0.003471,-0.009058,-0.002825,-0.014,0.004564,0.001178,0.005882,-0.00117,0.000167,0.013882,-0.008743,0.000832,-0.003492,-0.001502,-0.003175,-0.006538,0.004556,0.010247,-0.017459,0.0132,0.005679,-0.00083,0.00133,-0.014774
EXXON MOBIL CORP,-0.004085,-0.004102,-0.004119,0.006893,-0.000293,0.01712,-0.02116,0.013757,-0.00853,-0.004934,0.028659,0.0,-0.009448,0.020438,-0.000858,-0.008782,0.003948,-0.00211,0.002788,0.001917,0.012629,-0.013983,0.012265,0.010697,0.00562,0.009407,0.005905,-0.006421,0.011171,0.017712,-0.001794,0.009257,0.007035,-0.000884,0.004425,0.0,0.010221,-0.007501,0.01037,0.011046,0.006452,0.019574,0.000168,0.003521,0.013782,-0.006756,0.005226,0.008417,-0.003355,-0.011659,-0.005732,-0.008272,-0.000506,-0.000927,0.011475,0.005672,0.003898,0.000165,0.002313,-0.027776,0.014242,-0.011451
UNITEDHEALTH GROUP INC,-0.008989,0.006093,-0.014249,0.015329,0.017076,0.001348,-0.003596,-0.001119,-0.001526,0.000174,0.007622,0.001286,-0.000939,0.001746,0.008679,0.001405,-0.003642,-0.022653,-0.029489,-0.009392,-0.008246,-0.015648,-0.018096,-0.001162,0.013077,-0.000689,0.026397,0.000409,-0.002759,0.002049,0.003722,-0.007681,0.012874,0.001845,-0.005139,-0.003295,-0.00855,0.013234,0.001605,0.003245,-0.010107,-0.064448,0.003492,-0.009484,0.000791,0.000571,0.008158,-0.021035,-0.018509,-0.005705,0.01464,0.052196,0.02154,0.029625,0.01612,-0.019755,-0.01028,0.002304,0.013462,0.003017,-0.012759,-0.010899
VISA INC,0.01387,0.000469,-0.005772,0.004282,0.009503,-0.01106,0.002357,-0.00492,0.00269,0.006345,0.012322,-0.008613,-0.012242,0.005851,0.025257,-0.000529,0.001939,-0.003449,0.008687,-0.010468,0.00184,-0.009288,-0.004099,0.003758,-0.007738,0.006397,0.001857,0.011976,0.004297,0.004454,-0.011766,0.007101,0.008069,0.006717,0.003768,-0.024486,-0.007237,-0.002169,-0.005631,0.000215,-0.002867,0.000575,-0.005315,-0.010687,0.01146,0.002237,-0.003744,-0.008095,0.004372,0.001016,-0.016959,0.000258,0.004938,-0.004841,-0.005859,0.009452,0.006536,0.00332,0.000509,-0.002326,-0.009762,-0.011882
MASTERCARD INC,0.026022,-0.000738,-0.008294,0.008188,0.003062,-0.007902,-0.000829,0.001813,0.003815,0.010272,0.013091,-0.006684,-0.03499,0.016159,0.027252,0.003944,0.002302,0.000506,0.008636,-0.008541,0.003939,-0.017078,-0.00207,0.008727,-0.008609,0.003679,-0.000213,0.007908,0.005794,0.008137,-0.007612,0.006431,0.010671,0.008347,0.001229,-0.014264,-0.011689,0.001596,0.002412,0.007574,-0.006583,0.002153,-0.004192,-0.016024,0.01571,0.004946,-0.013971,-0.006333,-0.001833,-0.006257,-0.012012,6.5e-05,0.000739,-0.011865,0.001517,0.002986,0.01329,-0.000691,-0.000843,0.000671,-0.011505,-0.012907
PROCTER & GAMBLE CO,0.012982,-0.006848,0.000759,0.004741,0.001006,-0.003017,-0.00769,-0.001969,-0.005347,-0.004095,0.008867,0.003185,0.006349,0.011924,0.000998,0.002927,-0.00503,-0.005742,0.004708,-0.006935,-0.000566,0.00447,-0.001504,0.001569,0.00658,-0.001681,0.007484,0.002352,0.002285,-0.004929,-0.000743,-0.001053,0.003846,0.000989,-0.000803,-0.001236,-0.009093,0.002247,0.012831,-0.002214,-0.010293,-6.2e-05,-0.027527,-0.004483,0.004181,-0.000384,0.003973,0.003702,-0.008904,-0.003273,0.000773,0.003216,0.006477,0.008515,0.005404,0.015176,0.00598,0.006811,-0.000308,-0.007752,0.002294,0.009526
JOHNSON & JOHNSON,-0.003398,-0.011051,-0.005172,0.014506,-0.000506,-0.010001,0.002302,0.006953,-0.008743,-0.004665,0.013998,-0.00114,0.008368,0.005194,0.011155,0.008663,-0.006488,0.001182,0.003541,-0.001052,0.004585,-0.014064,0.000813,-0.003938,-0.00295,0.004091,0.01072,0.009366,-0.010077,-0.011732,-0.00647,-0.008977,-0.003508,-0.002881,-6.4e-05,-0.003339,-6.4e-05,0.003543,0.014059,0.001456,-0.002592,-0.000317,-0.022,-0.011409,-0.000721,-0.00525,0.004618,-0.013724,-0.009388,-0.008535,0.000474,-0.021275,0.002215,0.0067,0.01489,0.008181,0.002951,-0.006887,-0.011513,-0.004632,0.004653,-0.015189
BERKSHIRE HATHAWAY INC DEL,0.006194,0.01358,-0.00016,0.005032,0.011699,-0.003838,0.003501,-0.003335,-0.00543,0.01204,0.009983,0.005084,0.005006,0.006313,0.013775,0.005468,-0.021583,0.003159,0.006083,-0.007236,-0.00421,-0.009488,-0.00579,0.004687,-0.003116,0.006917,-0.003268,0.003215,0.006872,-0.002281,0.009198,-0.00041,0.007926,0.009013,-0.005244,-0.003288,-0.005682,0.004649,0.011617,0.007671,-0.000646,-0.0059,0.005728,-0.008643,0.004511,-0.004143,-0.002768,-0.012681,-0.003684,-0.013912,-0.005905,-0.010488,0.003578,0.006403,0.011752,0.009881,-0.003417,-0.002853,-0.003032,-0.007587,-0.00234,-0.009909
HOME DEPOT INC,0.020144,-0.007887,-0.005851,0.003125,0.018077,0.00284,-0.001567,0.006334,-0.021508,0.00179,0.007956,0.003517,0.000607,0.004303,0.019801,0.00167,-0.000968,0.010657,0.005458,0.007945,0.010089,-0.010613,-0.005048,0.003277,-0.002358,-0.008498,-0.004902,0.008129,0.011881,-0.009816,-0.005436,-0.003537,0.020166,0.013178,0.028069,-0.012449,-0.017347,-0.009335,0.015687,-0.005934,-0.040589,-0.013667,-0.00854,-0.006168,0.000531,0.01168,-0.00174,-0.030048,-0.0091,-0.012955,-0.014408,-0.009174,-0.005973,0.00018,0.00742,0.002236,0.008598,-0.01767,-0.003093,0.009368,0.005103,-0.00766
MERCK & CO INC NEW,0.046365,0.000237,-0.00182,0.005548,0.00465,-0.006747,-0.009162,-0.000877,0.000718,0.003109,0.005722,0.009878,-0.003287,0.005888,0.008898,0.00147,-0.004712,0.001475,-0.00651,-0.008113,-0.001494,-0.022921,-0.009835,0.00749,0.001939,-0.003952,-0.005911,-0.000896,-0.004076,-0.007204,0.008381,-0.000658,0.006258,0.013503,-0.001857,0.001861,0.011788,0.001676,0.049634,0.001518,-0.007275,-0.004886,-0.003452,-0.017244,0.002585,-0.011173,0.001185,0.000316,-0.004734,-0.00325,0.003579,-0.008955,0.002479,-0.001117,0.004392,0.009222,-0.000473,0.000946,0.029291,0.003672,-0.008232,-0.006917
COSTCO WHOLESALE CORP NEW,0.015283,0.007097,0.002368,-0.00052,0.012648,0.006085,-0.001049,-0.001369,-0.011296,0.011103,0.003226,-0.000718,0.002348,-0.003679,0.01574,0.004807,0.010055,-0.000859,0.004364,-0.005441,0.007461,0.012996,0.001014,0.017488,0.015972,-0.076414,-0.015822,0.031929,-0.003637,-0.003065,-0.008634,0.008145,0.000861,0.011678,0.002484,-0.01045,-0.005226,2.7e-05,0.001505,0.000751,-0.015547,-0.013782,-0.007887,-0.001148,0.012541,-0.002676,0.009525,0.005553,0.013521,-0.00142,-0.017817,-0.003216,-0.001089,-0.005509,-0.002446,0.008386,0.010091,0.001674,-0.001202,0.010141,-0.003908,-0.004722
ORACLE CORP,0.034288,0.002251,0.005182,-0.009365,0.017086,-0.005031,-0.000343,-0.006859,-0.018646,0.005102,-0.012953,-0.013034,-0.025694,-0.002674,0.02635,0.008468,-0.008754,0.003695,0.002694,0.0,0.018804,0.002461,-0.027354,0.011988,0.020219,-0.018509,0.015211,0.117498,-0.015838,8e-05,8e-05,0.018002,0.010876,0.000387,-0.00178,-0.009457,-0.013381,0.003093,-0.009488,0.002714,-0.001035,-0.009085,0.015281,-0.016239,0.005717,-0.004404,-0.00579,-0.01201,0.012238,-0.017283,-0.010156,0.006173,-0.016167,-0.022499,-0.009655,-0.003047,0.00489,0.002172,-0.003901,0.020193,-0.006143,-0.023521
CHEVRON CORP NEW,0.00312,0.029414,0.000591,0.000131,-0.001444,0.012687,-0.019603,0.006886,-0.009732,0.002722,0.03364,0.001101,-0.004074,0.009351,-6.4e-05,-0.004954,-0.001358,-0.014827,0.001183,-0.002166,0.005263,-0.025718,0.004769,-0.008423,0.007011,0.003414,0.014145,-0.000724,0.013167,0.011762,-0.000963,-0.0009,0.007786,-0.013217,0.002006,-0.001291,0.011703,-0.007669,0.006956,0.00889,0.008495,0.0044,0.004131,0.001558,0.005663,-0.002042,0.004527,0.004136,-0.004795,-0.018099,-0.008619,-0.008313,0.000768,0.007481,0.015422,0.012,0.005744,0.004421,0.010454,0.003691,0.002652,-0.030421
BANK OF AMERICA CORP,-0.013525,-0.002384,-0.014341,0.001516,0.004237,-0.001808,-0.00151,0.016631,-0.025877,0.011603,0.028373,0.000587,-0.003813,-0.007656,-0.002671,0.009223,-0.009139,0.019935,0.000875,0.013116,-0.004925,0.02329,0.006828,0.000848,0.005929,-0.000842,0.008146,0.00195,0.003337,-0.010809,-0.007845,0.016944,0.000555,0.019983,0.02068,-0.012263,-0.005128,0.00624,0.019412,0.002909,-0.010549,-0.005864,0.003753,-0.013889,0.005146,0.010509,0.006133,-0.028624,-0.008186,-0.015406,0.004471,-0.035327,0.015859,0.015328,0.033548,0.020557,0.016963,-0.001303,-0.010699,-0.00211,-0.007402,-0.014381
ABBVIE INC,0.019404,0.006444,0.015355,0.011853,0.009926,-0.001257,-0.004062,-0.005802,0.001271,0.006521,0.012441,0.005097,-0.009803,-0.003471,0.009193,0.007581,0.004043,0.001007,-0.005531,-0.010955,0.016245,-0.010396,0.011918,0.010605,-0.002706,-0.009525,0.004361,0.007181,-0.005859,0.00745,-0.018322,0.003429,0.006555,-0.018869,0.006978,0.005352,0.000448,0.003697,0.006474,0.009703,-0.007359,-0.000387,-0.018595,-0.053178,0.012508,-0.001176,0.002002,-0.006524,-0.008933,-0.022027,-0.003759,0.005381,0.010521,0.002496,0.010628,0.008894,0.009828,-0.010263,-0.003039,-0.045849,0.011903,0.006934
COCA COLA CO,0.025046,-0.007215,-0.008259,-0.001666,0.000834,-0.002667,-0.004513,0.002351,-0.005863,-0.001011,0.001855,-0.000168,0.022058,0.008896,-0.00147,0.000818,-0.008007,-0.006095,0.000994,-0.006291,-0.008164,0.004704,-0.004849,0.000504,-0.001847,0.001346,0.012097,0.004316,0.010248,-0.002209,-0.010248,0.004175,0.001663,0.008634,-0.004609,0.000331,-0.001488,0.002318,0.008094,0.002458,-0.008173,-0.008734,-0.00532,-0.008858,0.003541,-0.004033,0.007592,-0.013396,0.002206,-0.01304,-0.002402,-0.001376,0.007751,0.006836,0.021389,0.006315,0.001486,0.015007,0.003087,0.0,0.004859,-0.004352
SALESFORCE INC,0.009641,0.006554,0.008577,-0.007914,0.010531,0.010767,-0.002226,-0.013663,-0.021474,0.028455,0.009649,-0.007604,-0.011494,-0.009917,0.03562,-0.002895,0.025922,-0.002963,0.000901,0.03019,0.026099,-0.007069,-0.050502,0.016803,-0.004444,0.009457,0.002358,0.002026,-0.005023,-0.004464,-0.029639,0.020997,0.003128,0.015359,0.007547,-0.002011,-0.005556,-0.000752,-0.014551,-0.000664,0.003586,0.005757,0.002434,-0.034784,0.026416,-0.000596,0.002121,-0.009095,-0.001569,-0.016146,-0.072778,0.016526,-0.003929,-0.015924,-0.0057,0.012723,0.010482,-0.001771,-0.011043,0.00421,0.005286,-0.024661
ADVANCED MICRO DEVICES INC,0.016638,0.042116,-0.019307,-0.036446,0.018227,-0.009301,0.018482,-0.003305,-0.002152,0.04174,-0.010856,-0.01635,-0.047047,-0.00845,0.106945,-0.029363,-0.002889,0.011306,-0.008202,0.090574,0.052511,0.013423,-0.00112,0.026812,0.003561,-0.018876,-0.043397,0.022027,-0.039308,-0.039684,0.021384,-0.002146,-0.048413,-0.009315,-0.005842,0.005429,-0.005678,-0.004255,0.00967,0.005011,0.01579,-0.025308,0.011584,-0.082647,0.027679,-0.003051,0.00518,-0.021314,0.020103,-0.042346,-0.018128,0.019586,-0.057751,0.006882,-0.054424,0.013639,0.024422,-0.003481,0.013312,0.023673,0.017789,-0.011361
INVESCO QQQ TRUST,0.011775,0.016901,-0.001305,-0.002007,0.01029,0.001852,0.009843,-0.003913,-0.015597,0.010897,0.002978,-0.009068,-0.007548,-0.004002,0.029276,-0.002945,-0.000527,0.002405,-0.005325,0.008569,0.015057,-0.003568,-0.01795,0.006284,0.015178,-0.014435,-0.003713,0.014335,-0.007686,-0.002521,-0.011887,0.009526,0.002492,0.011857,0.004732,0.001144,-0.003629,-0.003238,0.003406,-0.001843,0.002117,-0.00863,0.002244,-0.015291,0.011784,0.000295,0.0037,-0.008729,0.015968,-0.015942,-0.016451,9.3e-05,-0.012201,-0.005706,-0.020689,0.010057,0.014923,0.003388,-0.00483,0.015432,0.00406,-0.018856
PEPSICO INC,0.01881,-0.004252,-0.000292,0.002925,0.000292,0.01388,-0.035548,0.017535,-0.01014,-0.008053,0.00203,-0.009174,0.014009,0.001067,-0.003435,0.008024,-0.007901,-0.000594,-0.00672,-0.002544,-0.004536,0.004739,-0.020137,0.005925,0.000675,-0.000368,0.010304,-0.001153,0.004619,-0.003146,-0.000728,0.040083,0.003153,0.000349,0.003433,-0.002493,0.003372,0.000753,0.004863,0.008296,-0.011599,-0.008903,-0.010266,-0.000177,-0.003006,0.002601,0.006074,-0.00973,-0.003492,-0.001544,-0.006841,0.003294,0.011821,0.016462,0.010797,0.013381,-0.029695,0.036152,-0.004115,-0.006226,0.003189,-0.001306
NETFLIX INC,0.006027,-0.005057,-0.004569,-0.010995,0.006152,-0.001377,0.004995,-0.006182,-0.005969,0.044741,0.02439,-0.016025,-0.015104,-0.003095,0.026371,-0.008344,0.007009,0.023858,-0.008626,0.010797,0.027234,-0.005667,-0.028141,-0.001353,0.018103,-0.006064,-0.006432,0.016891,-0.002667,0.005841,-0.011631,0.020648,0.0038,0.011196,-0.007934,0.008511,-0.000876,0.002837,-0.024967,-0.010106,0.011493,-0.000163,0.025838,-0.020537,0.030852,-0.012214,-0.016247,0.000615,0.016489,-0.009463,-0.025175,0.01708,-0.006202,-0.0051,-0.090933,-0.000793,0.041742,-0.039169,0.017438,-0.006321,-0.0031,-0.015818
THERMO FISHER SCIENTIFIC INC,0.024584,-0.000742,-0.000362,0.015699,-0.014225,-0.002571,-0.000254,-0.007063,-0.015104,0.017954,0.000547,-0.001331,0.000548,0.008593,0.013819,0.007529,-0.002178,0.004774,0.01035,-0.003234,0.010786,0.009213,0.005106,0.011786,0.010414,-8.4e-05,0.003045,-0.003637,-0.00658,-0.013517,-0.001299,-0.007019,0.004603,-0.004582,0.007034,-0.00178,-0.016344,-0.008264,0.018547,0.003176,-0.006469,-0.0102,0.007768,-0.009358,0.01551,-0.001139,0.017968,-0.02629,0.001499,-0.016256,-0.013021,-0.005951,-0.013164,-0.010471,0.00602,0.006608,0.047795,0.004873,-0.009803,0.003271,0.005736,-0.014162
LINDE PLC NEW,0.009436,-0.003817,-0.015869,0.037266,0.003056,-0.006789,0.013092,0.000453,-0.008007,0.005165,0.024594,0.006858,0.010032,0.008028,0.017226,0.001186,-0.005854,-0.000315,0.014389,-0.005275,0.000869,0.014225,0.011765,0.005749,0.003624,-0.005889,0.014982,0.004239,0.010202,-0.002,-0.012048,-0.004528,0.00133,0.000129,-0.00105,0.00416,-0.002862,0.001392,-0.002823,-0.004097,-0.001981,-0.004445,0.002449,-0.011266,0.016271,-0.00652,-0.008079,-0.016269,0.005572,-0.01234,-0.005945,0.002316,0.002266,-0.000806,-0.000291,0.001501,-0.004273,-0.001663,-0.001103,-0.001465,0.004265,-0.009235
WELLS FARGO & CO NEW,-0.021921,0.008824,-0.009357,-0.008419,0.003935,-0.002682,-0.005998,0.017894,-0.0139,0.006012,0.072326,-0.002498,-0.002697,0.017191,0.013483,0.009181,0.005013,0.012562,-0.001642,0.015899,-0.009534,0.013622,0.014155,0.009011,-0.001926,0.001228,0.00035,0.009108,0.003645,-0.007783,0.00244,0.004521,-0.013156,0.005087,0.009599,-0.012446,-0.007002,-0.000881,0.016408,0.006075,-0.006039,-0.004513,-0.003836,-0.007877,0.012703,0.006794,-0.003634,-0.011115,-0.004391,-0.003881,0.008854,-0.00983,0.01365,0.027282,0.027409,0.012428,-0.002619,-0.005579,-0.011056,-0.000334,-0.001836,-0.008027
ADOBE INC,0.016397,0.010909,-0.006711,-0.03705,0.014346,1.6e-05,0.01843,-0.024505,-0.016262,0.004602,-0.023517,-0.074148,-0.008689,-0.006256,-0.001764,0.029522,0.01272,-0.014256,-0.001213,0.015331,0.019008,-0.005237,-0.040673,-0.003212,0.023845,-0.007823,0.015824,0.033404,-0.009652,-0.005405,-0.136717,0.043455,0.014265,-0.003933,-0.015198,-0.022944,0.015435,0.000729,-0.006304,0.000397,-0.004974,-0.005736,-0.004407,-0.019919,-0.004085,-0.001732,0.017077,-0.010821,-0.006034,-0.021042,-0.008416,0.013019,-0.003717,-0.002677,-0.017245,0.004021,0.012872,0.008924,-0.007713,0.008702,-0.009402,-0.021646
DISNEY WALT CO,0.010515,0.000721,-0.004942,0.027315,-0.001511,0.114989,-0.01945,0.008303,0.010705,0.009958,0.007978,-0.007559,-0.019355,-0.016173,-0.000279,0.000929,-0.000557,0.016159,0.012612,0.00704,0.003316,0.015543,-0.007213,-0.024896,0.00109,0.001271,0.018038,0.001336,0.000356,-0.003911,-0.000982,0.016972,0.005797,0.017029,0.002061,-0.007112,0.03012,0.004775,0.008755,0.011407,-0.006783,0.010615,-0.031265,-0.015885,0.011017,-0.008701,0.005283,-0.006612,-0.000341,-0.026803,-0.009297,0.008234,-0.008254,-0.004516,0.001601,-0.005506,0.015359,0.001847,-0.010095,-0.000355,-0.005766,-0.008744
MCDONALDS CORP,0.018311,-0.003455,-0.0373,-0.004616,0.009415,0.01601,-0.008427,-0.000104,-0.00805,0.003692,0.012805,0.000548,0.002157,0.004306,0.006839,0.006184,-0.002116,-0.011309,0.004868,-0.004201,-0.005303,0.000722,0.005499,0.001333,-0.006213,0.004947,0.007759,-0.00173,-0.038905,-0.003995,-0.009193,-0.002006,0.0154,0.005586,-0.003234,-0.003174,-0.014188,0.0,0.012203,-0.000248,-0.006136,-0.00885,-0.007921,-0.019779,-0.012588,0.003262,0.007026,-0.002858,-0.000186,-0.004579,-0.004338,-0.003005,0.017029,0.003816,0.003727,0.013199,0.004717,-0.00047,-0.004155,-0.009107,0.001684,-0.001864
T MOBILE U S INC,0.007877,-0.004431,0.001422,-0.006234,0.004845,-0.005254,0.00783,-0.002651,-0.001731,-0.000372,0.000929,-0.00718,0.010224,0.012342,-0.003048,0.00483,-0.002616,0.004332,-0.004981,0.000916,0.000429,-0.000184,0.015673,0.009162,-0.018098,-0.002433,0.004695,-0.006555,0.002505,-0.007496,-0.006447,-0.004079,-0.002544,0.002613,-0.001427,-0.001988,0.003144,-9.3e-05,0.005649,0.007469,-0.00337,-0.003627,0.00728,-0.010107,-0.003094,-0.001304,0.000622,-0.003851,0.001933,-0.003983,-0.001437,-0.000188,0.001877,0.004747,0.009201,0.000185,0.005482,0.005697,-0.000792,-0.000549,0.001769,-0.000487
CISCO SYSTEMS INC,0.0,0.0,-0.013352,0.009493,-0.004202,0.003617,0.003604,-0.002793,-0.007001,0.012893,-0.024264,-0.012638,-0.003303,0.004143,0.001856,0.005971,-0.009415,-0.00186,-0.005175,0.00645,0.00062,0.015083,-0.003664,0.004494,-0.005491,0.01227,0.014546,-0.002987,0.000799,-0.006386,-0.017273,0.006949,-0.002639,0.008344,0.00666,-0.002005,-0.002009,-0.002617,0.00444,0.002813,0.002605,-0.013589,-0.004457,-0.012926,0.009146,-0.006385,0.036692,-0.015997,0.006503,-0.020997,-0.005156,-0.006634,-0.002713,0.006696,0.004365,-0.003725,0.003739,0.000621,-0.005171,-0.00499,-0.001672,-0.016743
ACCENTURE PLC IRELAND,0.01932,0.0055,-0.006998,-0.015229,0.005347,0.004991,0.008657,-0.011408,-0.012574,0.022519,0.001429,-0.005464,-0.017674,-0.005621,0.028816,0.016186,0.000424,0.001139,0.000318,-0.008597,0.01657,0.007139,-0.0178,0.010481,0.015965,-0.022589,-0.013089,0.019452,-0.004626,-0.001347,-0.009545,-0.005152,0.014517,0.006242,-0.093076,-0.021824,-0.010904,0.007699,0.013526,0.01663,-0.021465,-0.00799,-0.012423,-0.005447,0.007656,-0.003604,0.007987,-0.026192,0.002435,-0.030106,-0.006753,0.002139,0.001911,0.004642,0.002785,0.001704,-0.001859,-0.010384,-0.01448,-0.003204,-0.015746,-0.007422
QUALCOMM INC,-0.049828,0.00411,0.016515,0.000486,0.012422,0.015697,0.019031,0.013907,-0.019987,0.025993,0.013252,-0.021092,-0.004781,0.000329,0.018025,0.001034,0.013685,0.008088,-0.010423,0.012448,0.033589,0.021277,-0.03068,0.039889,0.046638,-0.029308,0.003224,0.011454,-0.022129,-0.004727,-0.007421,-0.001675,-0.016894,0.021755,0.018966,-0.00439,-0.015168,-0.002686,0.01233,0.001005,0.014294,-0.00396,0.01678,-0.023863,0.010427,0.012184,0.011232,-0.026827,0.024991,-0.021927,-0.008465,-0.007419,-0.02527,-0.017527,-0.0236,0.016177,0.007304,0.014131,-0.002017,0.014452,0.021369,-0.019799
ABBOTT LABORATORIES,0.011843,-0.020788,-0.004103,0.021048,-0.006053,-0.007766,-0.005515,0.00644,-0.010575,0.006467,0.0141,0.003256,0.023068,0.010545,0.009756,0.003697,-0.006446,0.005982,0.005444,-0.011745,-0.000169,0.011971,-0.012996,0.007259,0.01324,0.000331,-0.006366,0.004742,-0.004969,-0.010902,-0.028271,-0.026409,0.006403,-0.01467,9e-05,-0.00843,-0.005065,0.013544,0.017758,0.001586,-0.013813,-0.000624,-0.006606,-0.010514,0.009899,-0.006115,0.017373,-0.011295,0.002519,-0.016061,-0.002016,0.002939,-0.030309,-0.005949,0.019094,-0.001957,0.004857,-0.006506,-0.000281,0.00627,-0.002418,-0.012119
DANAHER CORP,0.021758,0.004895,-0.00207,0.009682,-0.006285,-0.003122,-0.011876,0.01597,-0.021472,0.026746,0.003911,0.004177,-0.00892,0.011624,0.008298,0.004392,-0.008627,0.012756,0.003335,-0.010051,0.010785,0.001251,-0.007026,-0.005857,0.004824,-0.001692,-0.003508,0.001187,0.00889,-0.008342,-0.015086,0.0083,0.009027,-0.008119,0.009655,0.002715,-0.027473,0.002663,0.002334,0.003819,-0.007729,-0.007466,-0.006506,-0.009986,0.009839,-0.000123,0.022723,-0.015733,-0.007606,-0.016598,-0.001209,0.002837,-0.003953,-0.012657,-0.003596,0.00242,0.072137,-0.010667,-0.01841,0.003173,0.000973,-0.00081
GENERAL ELECTRIC CO,0.02258,0.008345,0.008569,-0.000944,0.006687,0.003971,0.001654,0.00639,0.011415,0.033364,0.012765,0.005325,-0.00362,0.003028,0.017441,0.010945,0.009392,-0.00504,0.01052,0.008226,0.011218,0.014876,-0.019564,0.010389,0.043887,0.008769,-0.008335,0.005404,0.016123,-0.02004,0.012834,0.006039,0.020893,0.002709,0.015581,-0.008435,-0.009478,0.000346,0.037857,-0.025483,-0.000968,-0.022183,0.067048,0.012155,0.060452,0.001408,-0.01297,0.013723,0.006832,-0.017567,-0.006014,0.019909,-0.006953,-0.017537,-0.031908,0.014386,0.082762,-0.021092,0.013003,0.006759,0.013181,-0.016232
INTUIT INC,0.002423,0.010619,0.001595,-0.008273,0.012388,0.015393,0.007794,-0.001778,-0.028463,0.029516,0.010881,-0.012856,-0.014991,-0.011828,0.030786,0.002873,0.006108,0.008315,-0.015239,0.005659,0.005476,0.002836,-0.042908,0.016491,-0.001446,0.003681,-0.00132,0.018084,-0.011424,-0.007679,-0.037721,0.007786,0.006599,0.008037,0.018197,-0.011592,-0.007223,0.001502,0.013577,0.001942,-0.015631,-0.020708,-0.005729,-0.002761,0.023275,0.015006,-0.000449,-0.024422,-0.001034,-0.010515,-0.014474,-0.001029,0.002813,-0.007877,-0.005276,0.007601,0.03462,0.007307,-0.01432,0.01622,0.002891,-0.020004
AMERICAN EXPRESS CO,0.012354,0.015697,-0.002277,-0.001408,0.016679,0.010188,0.005966,-0.000988,-0.012202,0.005866,0.007729,0.000141,-0.000329,-0.00753,0.0147,0.002664,0.011186,0.004701,0.000229,0.006375,0.001094,-0.003414,-0.007811,0.005755,0.022751,-0.000224,-0.014236,0.011172,0.000719,-0.010502,-0.009117,0.01149,0.003258,0.028057,0.005309,-0.013792,0.00031,-0.006946,0.014657,-0.000263,-0.000351,-0.009138,0.004877,-0.027975,0.01307,0.007417,-0.019053,-0.009962,0.002527,0.0,0.000917,-0.000275,-0.003069,-0.000781,0.062253,0.008483,0.025579,0.00067,-0.008448,-0.006158,0.01392,-0.020467
VERIZON COMMUNICATIONS INC,0.003306,-0.008473,-0.017802,-0.006767,-0.016545,-0.012618,-0.004761,0.009567,0.000748,0.000498,0.010959,-0.002464,0.000247,0.014815,-0.009002,-0.001719,-0.023856,0.006047,0.004257,-0.001995,0.004498,0.002736,0.000992,-0.010409,-0.010018,-0.000506,0.015692,0.0,0.003239,-0.012171,-0.00704,0.011142,0.001002,0.003753,0.010469,-0.004193,0.012385,-0.000489,0.016891,0.010111,0.007626,0.00615,0.007052,-0.009104,-0.007774,-0.009259,-0.005392,-0.007835,-0.008885,-0.010956,0.009819,-0.008477,0.000251,0.008798,0.008971,-0.046678,0.028498,-0.00529,-0.006837,0.011729,0.010333,-0.014966
APPLIED MATERIALS INC,0.016251,0.007247,0.017303,-0.013969,0.013041,0.017496,0.068722,-0.001614,-0.028188,0.032611,0.007895,0.063466,-0.052262,0.007984,0.049388,-0.012867,0.03241,-0.00339,-0.026225,0.020654,0.042803,-0.003615,-0.010024,0.023048,0.002074,-0.033159,-0.020383,0.017729,-0.021372,0.000947,-0.010461,0.010471,0.003039,0.018476,0.027992,-0.002609,-0.008514,-0.008587,0.006435,-0.00851,0.011929,-0.012363,0.006162,-0.01924,0.021928,0.005725,0.006554,-0.005513,0.017826,-0.02404,-0.010488,0.018475,-0.04578,-0.027865,-0.023415,-0.001634,0.019951,0.014593,0.007345,0.029772,0.009244,-0.032203
CATERPILLAR INC,0.024575,0.02405,0.020026,0.004107,0.002696,-0.004914,-0.015031,0.014094,-0.02733,0.012371,0.020082,-0.003591,-0.02538,0.010837,0.015608,0.005557,0.004631,0.006915,0.005891,0.013351,0.008205,0.005791,-0.015119,0.006296,0.013676,-0.003027,-0.012441,0.006777,0.012691,0.001171,0.01477,0.014209,0.005683,0.007205,0.022752,-0.017693,-0.006032,0.001236,0.023177,0.004881,-0.007341,0.002997,0.030042,-0.015966,0.025717,-0.01537,-0.004204,0.000457,-0.000242,-0.017071,-0.004704,-0.011074,-0.004335,-0.001088,-0.005504,0.008318,0.015771,0.000743,-0.070202,0.015917,0.018696,-0.043539
TEXAS INSTRUMENTS INC,-0.002685,-0.003068,-0.001884,-0.003335,0.002526,0.00907,0.01367,-0.008128,-0.02626,0.006503,0.01799,-0.002053,0.014715,0.008234,0.008228,-0.010518,0.003727,0.003895,-0.011519,0.026313,0.022232,0.008126,-0.010438,0.007208,0.019782,-0.016945,0.010969,0.003502,-0.012128,-0.008918,0.008064,-0.019186,-0.014479,0.019309,0.015355,-0.000637,-0.00945,-0.017208,0.02954,0.007752,-0.00597,-0.016227,-0.000117,-0.010626,-0.006112,0.011702,0.023604,-0.026173,0.013498,-0.028446,0.00012,0.007454,-0.011278,-0.012251,-0.024378,0.023485,0.012483,0.056445,0.002517,0.012725,0.010198,-0.016008
INTERNATIONAL BUSINESS MACHS COR,0.017641,-0.005939,-0.012756,-5.4e-05,0.001799,0.012409,0.01074,-0.000966,-0.013215,-0.000708,0.017977,0.004121,-0.022383,-0.020388,0.025097,0.008197,-0.008561,0.004019,0.002326,-0.001457,0.017132,0.025824,-0.00575,0.021933,0.001937,-0.003002,-0.021536,0.031555,-0.005461,-0.016624,-0.012201,0.003245,0.008608,0.003207,-0.010621,-0.005524,-0.010742,-0.001536,0.012202,0.000839,-0.005918,-0.005004,0.010695,-0.015506,0.006385,0.003595,-0.002687,-0.017273,-0.000753,-0.019527,-0.005596,0.013793,-0.003537,-0.008902,0.000606,0.001762,0.001594,0.010484,-0.08251,-0.010538,0.001795,-0.007346
COMCAST CORP NEW,0.004082,-0.035095,-0.004879,-0.010029,-0.035119,-0.037564,0.019879,0.012836,-0.017836,0.004062,-0.005236,-0.013397,0.010184,0.004561,0.001434,-0.000239,0.006921,0.001896,-0.002839,0.016607,-0.001167,-0.022196,0.005018,0.00214,-0.009727,0.020125,0.022546,-0.008153,0.0022,-0.010628,-0.001168,0.008183,-0.003015,0.002559,-0.004872,-0.003497,-0.00234,-0.003752,0.013889,0.006501,-0.024683,-0.003784,-0.006697,-0.010113,-0.005108,-0.004646,-0.013756,-0.01071,0.010574,-0.019183,0.001524,-0.007862,-0.003323,0.016158,0.015649,0.008201,-0.005176,-0.003717,-0.058195,0.018484,0.00726,-0.019048
MORGAN STANLEY DEAN WITTER & CO,-0.004814,0.005183,-0.015813,0.002445,-0.001161,-0.00407,0.002802,0.01141,-0.033383,0.000357,0.019881,0.009688,-0.013295,0.001289,0.004564,0.008154,-0.010168,-0.002101,0.006551,-0.000116,0.005114,0.041166,-0.010107,-0.038932,0.005604,0.010448,-0.001149,0.001265,0.026422,-0.002798,-0.008081,-0.004752,0.00523,0.033137,0.022441,-0.015525,-0.008809,0.001536,0.024321,0.007059,-0.006691,-0.008767,0.003128,-0.007742,0.002059,0.008003,0.009334,-0.025829,-0.052482,-0.007485,0.009282,0.024716,0.010545,0.001998,0.004432,0.015773,0.018135,0.00096,-0.013745,0.002917,0.0014,-0.013788
CONOCOPHILLIPS,-0.00438,-0.006734,-0.005966,0.014095,0.007174,0.014067,-0.024056,-0.00054,-0.011971,0.003189,0.015074,-0.003874,-0.009315,0.0304,-0.005759,-0.006327,0.008161,-0.007205,0.003853,0.004463,0.015106,-0.022759,-0.003762,0.006923,0.006697,0.002306,0.019912,-0.001996,0.021996,0.018971,0.002171,0.001833,0.014635,-0.000901,0.013124,-0.003886,0.02601,-0.001901,0.006747,0.003469,0.010999,0.015465,0.007347,0.000912,0.013435,-0.008239,-0.001284,0.00431,0.000753,-0.01294,-0.007241,-0.005528,-0.009264,-0.004052,0.012284,-0.000386,0.003943,-0.004313,0.00642,0.000999,-0.000154,-0.035325
PHILIP MORRIS INTERNATIONAL INC,0.026858,-0.003216,-0.014625,0.000327,-0.0024,-0.026575,0.001236,0.009874,-0.009,0.000336,-0.00269,0.00753,-0.000112,0.010375,0.006846,0.004057,-0.012451,-0.002654,0.002661,-0.005087,-0.001445,0.005343,0.002879,0.005741,0.004611,0.012786,0.018666,0.002754,0.006866,-0.014373,0.003406,0.011244,-0.003671,-0.000421,-0.015378,-0.014317,0.002971,-0.008448,0.020469,-0.006614,-0.001965,0.004156,-0.008931,-0.00989,-0.006881,0.009388,0.008304,-0.014824,-0.003232,-0.006486,-0.002814,0.010158,0.012067,0.006845,0.02818,0.003093,0.038274,0.013926,-0.02959,-0.011135,0.006104,-0.006904
AMGEN INC,0.032775,-0.004221,-0.003775,-0.018325,-0.06391,-0.003447,-0.012651,0.01137,-0.013416,-0.001411,0.004309,-0.018577,-0.00067,-0.000176,0.006068,0.014026,-0.009717,-0.027517,-0.003699,-0.013083,0.023737,-0.003353,-0.009807,-0.000217,-0.013486,0.003262,0.005881,0.004285,-0.001989,-0.016124,-0.009833,0.00755,0.003064,0.004858,0.014283,-0.002816,0.016837,0.003383,0.016077,-0.006916,-0.004502,-0.024131,-0.006481,-0.023067,0.006938,-0.002778,0.004309,-0.014462,0.013323,-0.010074,-0.006622,0.00049,-0.00591,-0.004999,0.02352,0.011081,0.005995,-0.001938,-0.013296,0.002227,0.023705,-0.008828
TAIWAN SEMICONDUCTOR MFG CO LTD,0.003807,0.020813,0.026264,0.004967,0.046909,0.070011,-0.004636,-0.019908,-0.022306,0.013485,-0.001857,-0.018135,-0.010735,8e-05,0.029759,0.003564,0.008569,-0.015692,-0.00941,0.010127,0.040647,0.032562,-0.023796,0.0489,0.053896,-0.018968,-0.050215,0.038699,-0.015651,-0.017729,-0.018909,0.001559,-0.012954,0.013939,0.019744,0.007816,-0.002206,-0.009912,-0.015485,-0.004682,0.039985,-0.008976,0.012694,-0.016479,0.012172,0.010116,0.018279,0.00564,0.006702,-0.031793,-0.016699,-0.002426,-0.005508,-0.048623,-0.034551,0.016053,0.028362,-0.003447,0.027149,0.012593,0.001446,-0.008375
UNION PACIFIC CORP,0.021892,-0.003771,-0.006805,0.013096,-0.002841,-0.001365,0.002532,-0.008218,-0.007235,0.018322,0.001759,-0.015805,0.00223,0.016914,0.012693,0.00943,-0.016621,0.002573,0.007896,-0.001181,-0.002799,0.001937,0.000907,-0.010643,-0.007809,0.00771,-0.004343,0.005243,-0.007684,-0.012798,-0.007844,0.000942,-0.006752,0.014833,0.007308,-0.012656,-0.004572,-0.012959,0.01637,0.005314,-0.010694,-0.003165,-0.004041,-0.00356,0.005484,-0.007107,0.002081,-0.016363,-0.002913,-0.007453,-0.001962,-0.011456,-0.008778,0.00253,0.009878,0.010298,0.007762,-0.01824,0.049875,-0.003121,-0.007579,-0.015729
PFIZER INC,0.007755,-0.013192,-0.013368,0.035002,0.002182,0.000363,-0.000363,0.003628,-0.024946,0.005191,0.014755,0.003999,-0.001086,0.0029,-0.004337,0.007623,-0.020893,-0.01067,0.005578,-0.017752,0.00113,-0.026326,0.007339,0.042561,-0.014711,0.016051,0.042248,-0.01269,0.007497,-0.003189,-0.006754,-0.007874,-0.003247,0.002534,-0.001444,-0.010846,0.002558,0.005833,0.006887,-0.00108,-0.001081,-0.006133,-0.011978,-0.020941,0.000375,-0.003001,0.007524,-0.017177,0.00076,-0.018223,0.001933,-0.008491,-0.01051,-0.00118,0.024025,0.01,0.002285,-0.0019,-0.038447,0.005542,0.009449,-0.00078
SERVICENOW INC,0.007316,0.013359,0.004531,-0.009416,0.016644,0.011412,0.016925,-0.031478,-0.01726,0.023573,-0.015152,-0.019231,-0.015895,-0.006509,0.028438,0.002288,0.011272,-0.016058,-0.009581,0.015202,0.002969,0.00318,-0.046309,0.001229,0.036461,-0.01354,-0.001241,0.04337,-0.01606,0.00336,-0.045645,0.015983,0.001508,0.01403,0.007322,0.001255,0.000633,0.005073,-0.025136,0.00448,0.007831,-0.014798,0.002853,-0.002121,0.034255,0.00268,-0.004302,-0.016658,0.002795,-0.00341,-0.042799,0.012191,-0.011185,-0.006912,-0.02386,0.011262,0.026318,0.007207,-0.040252,0.010192,-0.003303,-0.038591
GOLDMAN SACHS GROUP INC,-0.000417,0.010447,-0.012479,0.005143,0.004338,-0.00419,-0.002026,0.021808,-0.035376,-0.001875,0.019522,-0.002543,0.000208,0.009752,0.005666,0.001485,-0.002122,0.001512,0.013101,-0.010504,-0.002442,0.010693,-0.003416,-0.003428,-0.002926,-0.003707,-0.002145,0.005231,0.010639,-0.009431,-0.003603,-0.007335,0.011161,0.020095,0.043484,-0.016654,-0.004621,0.003062,0.02233,0.005876,-0.010007,-0.008126,0.009387,-0.01872,0.00448,0.006053,0.000414,-0.024226,-0.008184,-0.020102,0.029243,-0.010028,0.017765,-0.001981,0.002208,0.033045,0.015934,-0.002264,-0.007068,0.017903,0.007578,-0.009517
UBER TECHNOLOGIES INC,0.022369,0.020081,0.013516,0.021452,0.002554,0.013588,-0.009775,-0.025243,-0.001881,0.147268,0.028301,-0.036614,-0.023084,-0.002089,0.020801,0.002179,0.002046,0.004977,-0.012952,0.022771,0.019245,0.003332,-0.027183,-0.00569,0.009792,-0.008941,-0.015629,0.010972,-0.000894,-0.007668,-0.020348,-0.004864,0.01823,0.020239,0.020473,-0.000249,-0.010221,-0.018889,0.002567,-0.014339,-0.007663,0.007592,-0.002208,-0.024606,0.029899,-0.027605,0.001466,-0.010514,0.024613,-0.011814,-0.024973,0.009945,-0.029543,-0.008896,-0.029453,-0.003179,0.026385,-0.020339,-0.000721,-0.003751,-0.023896,-0.016766
NEXTERA ENERGY INC,0.019103,-0.026778,-0.037489,0.004645,0.002668,-0.001596,0.005152,0.017144,-0.039965,0.013756,0.022496,-0.004191,-0.007365,0.008656,-0.007531,0.001941,-0.019637,0.007434,-0.009359,0.002725,0.000362,-0.004347,0.007822,0.002347,0.012966,0.027733,0.001038,-0.012442,0.04182,0.0,0.00907,0.001498,0.018282,0.015179,-0.013505,0.006845,0.013435,-0.018847,0.038418,0.001881,-0.008293,-0.007889,-0.005248,0.018865,0.007061,0.010595,0.008017,-0.020954,-0.001094,-0.01345,-0.005231,-0.016733,0.033874,0.003449,0.004531,0.015708,0.013627,0.005438,0.005108,-0.013602,0.02167,-0.006675
ROYAL BANK CANADA MONTREAL QUE,0.006044,-0.007739,-0.010263,0.005185,0.000928,-0.002783,0.005994,0.004315,-0.031301,0.021859,0.012401,-0.001429,0.001942,-0.003469,0.004709,0.005299,-0.006994,-0.010718,-0.004746,0.006428,0.002575,-0.001541,0.008026,0.002756,0.011911,-0.000704,0.007047,0.005698,0.004771,-0.013059,-0.00421,-0.000705,-0.004634,0.016092,0.004781,-0.014869,0.000403,-0.002716,0.012607,0.004781,-0.005749,-0.006879,0.006525,0.007181,0.013468,0.006938,-0.00262,-0.017902,-0.005746,-0.018234,-0.006191,-0.015523,0.003942,0.00124,0.009907,0.013693,0.006552,-0.015741,0.004215,0.004914,-0.001732,-0.011838
R T X CORP,0.011523,-0.002061,0.002827,0.000434,-0.003793,-0.009681,-0.005822,0.006961,-0.006035,0.008831,0.004377,-0.008498,-0.00033,-0.008463,-0.000998,0.005361,0.000111,0.004443,-0.00553,-0.00278,0.00145,0.001225,0.001668,0.002221,0.003213,0.003644,0.005722,-0.015864,0.006782,0.013251,0.012751,0.005703,0.01498,-0.000105,-0.00622,0.013579,0.000942,0.004497,0.01447,0.000821,0.002358,0.008081,-0.010147,0.018042,0.023965,0.001868,-0.002748,-0.002362,-0.005722,-0.006747,-0.000799,0.008198,-0.000892,-0.000397,0.00844,0.0,-0.001772,-0.003551,0.00683,-0.00295,0.010157,-0.008981
INTUITIVE SURGICAL INC,0.014833,-0.000156,0.000443,0.014976,0.004324,-0.011332,0.003308,-0.015687,-0.008479,0.007575,-0.004165,-0.004051,-0.002615,0.006858,0.023275,0.001773,-0.003848,-0.004662,0.000336,-0.002561,0.031898,0.006761,-0.033126,0.002169,0.011645,-0.002114,-0.033048,0.027712,-0.016461,0.003447,0.031147,-0.009236,-0.005323,-0.00041,0.004073,0.005383,-0.005989,0.015113,0.006212,-0.002524,-0.010574,-0.031681,0.002772,-0.011737,0.024992,-0.003759,0.010415,-0.006395,0.009782,-0.019018,-0.019335,0.003153,-0.01157,-0.004116,-0.01688,0.00707,0.022091,-0.005489,-0.00504,0.005923,-0.00317,-0.009408
SCHWAB CHARLES CORP NEW,-0.010331,0.01076,-0.009056,-0.007696,0.008725,0.004645,0.014407,0.017832,-0.027752,0.005103,0.025385,-0.003559,-0.012733,0.00865,0.007797,-0.00294,-0.000621,0.014752,0.004591,0.017212,-0.004642,0.017602,0.006801,0.0,0.001322,-0.014958,-0.003275,-0.006721,0.009474,-0.007895,0.006607,0.00537,0.014095,0.019312,0.03129,-0.003479,-0.003771,-0.004626,0.019437,-0.000553,0.000415,-0.012574,-0.00056,-0.00098,0.007568,0.006677,-0.001244,-0.016325,-0.006751,-0.008355,0.017136,0.025832,-0.007801,0.005931,0.006719,0.011441,0.013062,-0.000532,-0.00399,0.001335,-0.005734,-0.008181
LOWES COMPANIES INC,0.034721,-0.00336,-0.006743,0.000505,0.016367,-0.005864,0.008485,0.034194,-0.019273,0.006654,0.006169,-0.006482,-0.005907,0.01011,0.011941,0.008893,-0.005332,0.017595,0.014487,0.007831,0.016703,-0.010585,-0.005287,0.001246,0.002488,0.000951,-0.004092,0.009545,0.01706,-0.011236,0.000409,-0.005108,0.018646,0.015886,0.035879,-0.009579,-0.017408,-0.010158,0.007597,0.005526,-0.021395,-0.019376,-0.015341,-0.011176,0.005504,0.013664,0.00742,-0.029584,-0.007252,-0.014399,-0.008791,-0.007217,0.002233,-0.000306,0.006338,0.0043,0.014834,-0.014001,-0.001433,-0.000391,0.004655,-0.012774
S & P GLOBAL INC,0.019784,-0.006933,-0.005528,0.003876,0.014185,-0.050226,0.002886,-0.019092,-0.016413,-0.003006,0.007787,-0.002167,0.005761,-0.003944,0.025664,0.007008,-0.009013,-0.012852,0.003623,-0.002352,0.001471,-0.008322,-0.007357,0.009069,0.001244,0.003656,-0.00362,0.004523,-0.001353,-0.010654,-0.001559,-0.002507,0.005264,0.004859,0.005915,-0.021981,-0.001551,0.002413,0.007914,0.006244,0.003855,-0.002295,0.000821,0.004596,0.007399,0.005839,0.00205,-0.025195,-0.002641,-0.012083,-0.019746,-0.002442,0.008689,0.003057,-0.00196,0.010592,-0.008802,4.8e-05,0.005372,0.000674,-0.00113,0.001252
INTEL CORP,0.0065,-0.017528,0.003991,0.002221,0.000936,-0.006545,0.019059,0.016624,-0.019759,0.023865,-0.003168,-0.012259,0.023213,-0.023585,-0.011272,0.000233,0.0,-0.006048,-0.017318,0.025244,0.017886,0.040849,-0.053716,0.031279,0.036846,-0.046587,0.019546,0.008471,-0.04443,-0.011103,-0.002573,0.001642,-0.015453,0.003567,0.005213,0.003536,-0.017383,0.003825,0.042391,0.009139,0.007924,-0.013028,-0.082157,-0.014877,-0.025673,-0.018858,0.009215,-0.029481,0.011559,-0.051555,0.017372,-0.001377,-0.015996,-0.017937,-0.023973,0.00614,-0.003778,0.006418,0.017681,-0.091997,-0.016311,-0.02838
STRYKER CORP,0.015142,0.004375,0.002514,-0.009157,0.008682,-0.010767,0.008642,-0.002544,-0.003782,0.028311,-0.001803,0.001462,-0.003521,-0.001465,0.016084,0.005324,-0.007239,-0.000709,-0.001164,-0.00776,0.011889,0.007446,-0.009723,0.007407,0.00738,0.000699,-0.006371,0.007874,-0.004185,-0.003502,-0.009588,0.005252,0.007936,-0.010367,0.000906,-0.002518,-0.004509,-0.001852,0.026057,-0.002342,-0.008942,-0.014915,0.004637,-0.010313,0.010478,-0.003618,0.003317,-0.010202,-0.002994,-0.012244,-0.008537,-0.004335,-0.004827,-0.025533,-0.006169,0.006914,0.022064,0.005793,0.000891,-0.004568,0.009714,-0.006994
EATON CORP PLC,0.075138,0.020902,-0.002518,0.00631,0.006381,0.001319,0.017386,-0.014067,-0.006094,0.011895,0.000617,0.006273,-0.005153,0.003876,0.026772,0.00123,-0.002211,-0.002568,0.011955,0.007109,0.016263,0.009806,-0.015679,0.016477,0.014794,-0.008966,-0.016101,0.017219,0.008397,0.000167,-0.007959,0.002853,0.014092,0.02261,0.018431,0.00336,-0.014846,0.000641,0.007434,-0.005471,-0.002079,0.008717,0.019666,-0.00243,0.032328,-0.01419,-0.036677,0.001593,0.009193,0.003908,-0.01011,0.000222,-0.016395,-0.003998,-0.019162,0.016732,0.015418,0.019019,-0.005301,0.022706,0.006815,-0.025267
HONEYWELL INTERNATIONAL INC,-0.024473,-0.006082,-0.015808,0.003264,0.002376,-0.003297,0.007133,0.012882,-0.016924,0.004433,0.015805,-0.00394,0.008977,0.002966,0.006415,-0.000896,-0.007177,-0.005071,-0.003078,0.011338,-0.000302,0.002869,-0.009486,0.015962,0.010524,-0.00918,-0.002291,-0.005792,0.003013,-0.016923,0.006825,-0.004704,0.011588,0.010752,0.000994,-0.003228,-0.011209,0.012697,0.020547,0.000585,-0.015786,-0.008811,-0.011287,-0.009698,0.005611,0.003094,0.003287,-0.013911,0.006236,-0.003606,-0.010808,-0.01711,-0.001888,0.003782,0.016642,0.006795,0.002966,-0.006984,-0.009087,0.002228,0.001654,-0.005367
MICRON TECHNOLOGY INC,-0.001633,0.010162,0.005782,-0.027363,0.006738,-0.003405,0.008011,0.001636,-0.048658,0.00368,-0.002444,-0.026093,0.01522,0.009664,0.05424,0.001048,0.040233,0.026716,-0.023299,0.010032,0.050105,0.006516,-0.013574,0.011538,0.035789,-0.01374,-0.031858,0.03079,-0.033463,-0.028993,0.019906,0.005684,0.002346,0.023936,0.141299,0.003277,0.062789,0.014258,0.003788,-0.01044,0.054373,-0.01247,0.042851,-0.030623,-0.00411,-0.005098,-0.002603,-0.003506,0.043453,-0.039134,-0.009386,0.003296,-0.044674,-0.037823,-0.0461,0.02201,0.030609,-0.006047,-0.001789,0.029217,-0.00418,-0.012242
ELEVANCE HEALTH INC,0.004033,-0.000626,-0.009674,0.007138,0.008019,0.008759,0.007826,-0.00166,0.000139,0.001583,0.005374,0.007468,-0.007257,0.000924,0.005477,0.003749,-0.014667,0.001698,-0.008474,-0.003697,-0.004269,0.010519,-0.011916,0.012883,-0.003091,0.002771,0.007595,-0.002407,0.007754,0.00212,0.004916,-0.003469,0.00886,-0.002966,0.000719,-0.001593,-0.006792,0.013481,0.005259,-0.002731,-0.004898,-0.032519,0.013581,-0.014625,0.017549,0.005223,0.008628,-0.012947,-0.011384,-0.008905,0.005226,0.013758,0.003945,0.031868,0.011862,0.001505,0.001315,0.00152,0.011148,-0.004484,-0.006105,-0.010113
PROGRESSIVE CORP OH,0.002581,0.011079,0.008246,-0.010484,0.01054,0.004337,-0.001312,-0.00197,-0.001535,0.032239,0.006864,-0.000793,0.002063,0.004064,0.007569,-0.002035,0.011918,-0.007232,-0.00078,-0.012863,-0.009126,0.007507,0.003012,0.032664,0.000561,0.011677,-0.008417,0.011182,0.004021,0.010664,0.014911,0.007468,-0.004457,0.001119,-0.000729,0.000632,0.001556,-0.00665,0.00733,0.00325,0.015134,0.000381,0.003999,-0.007259,0.008411,-0.002891,-0.026522,0.006543,-0.01887,0.008108,0.013193,0.008519,0.003696,0.003013,0.023552,-0.007872,0.004789,-0.008504,-0.010038,-0.009711,-0.006538,0.007645
A T & T INC,0.019785,-0.011641,-0.005609,-0.006768,-0.0159,-0.029429,0.001189,0.010689,-0.007051,0.000592,0.010645,-0.007022,-0.003536,0.005322,-0.024118,0.012658,-0.011905,0.013855,0.007724,-0.001769,0.002953,-0.010601,0.022024,0.000582,-0.007567,0.008798,0.007558,-0.007501,-0.000581,-0.010471,0.002352,0.014663,-0.007514,0.00233,-0.002905,-0.01049,0.008245,0.003505,0.021537,0.002849,-0.005682,0.001143,0.005137,-0.002271,-0.008537,-0.009759,-0.004203,-0.010059,-0.01853,-0.006699,-0.004292,-0.009236,0.001865,0.013027,0.011023,-0.012114,0.011649,0.018788,-0.013682,0.010253,0.016119,-0.007638
CITIGROUP INC,-0.001958,0.000178,-0.018725,-0.002752,0.003496,-0.004584,-0.005526,-0.001297,-0.021513,0.023124,0.022786,-0.006521,0.010392,-0.001624,0.010302,0.000537,-0.010191,0.006322,-0.011847,0.007993,0.001982,0.009712,0.002137,0.018308,0.007506,-0.003638,-0.001739,0.000697,0.005396,-0.0116,0.009108,0.017705,0.003923,0.021577,0.019957,-0.008316,0.002137,0.011649,0.017678,0.007809,0.003479,-0.00977,-0.018301,-0.012644,0.011328,0.00211,-0.001134,-0.024003,0.008807,-0.016966,-0.018767,-0.026298,0.020168,0.002579,0.01406,0.030605,0.02822,-0.003191,-0.010885,0.01408,-0.006384,-0.014937
BOOKING HOLDINGS INC,0.014535,0.000826,0.017861,0.005501,0.017553,0.035401,-0.021363,0.008528,-0.011245,-0.002482,0.003304,-0.009017,-0.004299,0.010881,0.042998,-0.101494,-0.001771,-0.00618,0.005034,-0.007667,0.008908,-0.010952,-0.008999,-0.000647,0.017059,0.002283,0.004889,-0.000782,0.0,0.003303,-0.027788,0.010823,0.015952,0.020682,0.019371,-0.006327,0.00061,0.009413,0.003392,-0.012419,-0.016266,-0.000779,0.018589,-0.030407,0.022706,-0.000203,-0.005468,0.001298,0.014428,-0.029157,-0.013073,-0.005124,-0.006881,-0.003998,-0.004466,0.014109,0.0205,-0.00466,-0.004276,0.005311,-0.001784,-0.017859
LAM RESH CORP,0.008532,0.007799,0.015047,-0.019617,0.016678,0.018644,0.05463,-0.003927,-0.016971,0.025891,-0.002097,0.013406,-0.027634,0.001655,0.047044,-0.016794,0.01105,-0.008554,-0.00866,0.016886,0.046129,-0.004085,-0.014752,0.019479,0.012945,-0.038127,-0.026603,0.023228,-0.025367,-0.001111,-0.016842,0.016691,0.006236,0.019365,0.035287,-0.004753,-0.006586,-0.004354,-0.001613,0.00611,0.010519,-0.014728,0.011413,-0.027331,0.017812,-0.001363,0.006286,-0.012021,0.022711,-0.026884,-0.011358,0.018031,-0.052916,-0.025585,-0.021003,-0.002505,0.022291,-0.002851,0.018737,0.026512,0.003717,-0.037037
BLACKROCK INC,0.013715,0.003911,-0.006129,0.006142,0.008528,-0.001888,0.005055,0.005707,-0.029548,0.009421,0.016106,-0.005075,0.005176,0.009197,0.00992,0.000184,-0.009292,-0.006811,0.011392,0.002075,0.004302,0.024103,-0.009024,0.010351,0.001566,0.005314,-0.013108,0.005369,-0.00434,-0.020811,-0.007765,-0.002829,0.002562,0.019432,0.029552,-0.020462,-0.010451,0.004888,0.018191,-0.0017,-0.008312,-0.012313,-0.002192,-0.027872,0.006906,0.007222,0.000722,-0.02519,0.002948,-0.028704,-0.000537,-0.017458,0.005496,-0.00861,0.003586,0.013507,0.008565,-0.004983,-0.006751,0.006903,-0.002097,-0.008722
NIKE INC,0.002265,-0.010318,-0.010227,0.029394,0.0115,-0.000193,0.007035,0.025646,-0.02034,0.012667,-0.002633,-0.023951,-0.002029,0.019071,-0.001805,0.005234,-0.010319,0.005835,-0.007608,-0.004025,-0.016165,-0.022968,-0.012357,-0.006917,0.005736,0.009879,0.019363,-0.008904,0.011779,-0.010852,-0.006184,-0.009033,0.012356,0.003101,0.005485,-0.069034,-0.001172,-0.01248,0.016742,-0.001593,-0.01511,-0.017394,-0.006817,-0.013949,-0.002582,0.013057,0.011111,-0.021978,0.033708,0.0,0.011957,0.003115,0.015526,0.00949,-0.012638,-0.003597,-0.001805,0.006594,-0.007396,0.001916,-0.000638,-0.019137
LOCKHEED MARTIN CORP,0.000838,-0.008842,-0.010024,0.01245,0.007378,-0.007208,-0.001171,0.003681,-0.003621,-0.01953,0.011789,0.002245,0.000472,0.007731,0.003134,0.005199,-0.0045,0.002913,0.004763,-0.00252,-0.004157,0.01285,9.3e-05,0.003472,-0.008051,0.006768,0.004274,0.000368,-0.000713,0.002692,0.000115,-0.006012,0.009211,0.007365,0.006244,0.006138,0.000964,-0.000717,0.024193,-0.004181,-0.004573,0.000994,-0.011782,0.013708,0.002951,-0.006588,-0.010633,0.00925,0.00135,-0.004245,0.00595,0.002715,0.00383,8.8e-05,0.017058,-0.005476,-0.00271,-0.002043,0.012284,-0.007509,0.013571,-0.005604
DEERE & CO,0.000254,-0.002743,-0.016735,0.007435,-0.007585,-0.000311,-0.011767,0.021244,-0.025989,0.014528,-0.05229,-0.010914,-0.009149,-0.000252,-0.001427,0.022087,-0.003976,-0.007021,0.011507,0.000658,0.00767,-0.009324,0.006339,-0.000273,0.023702,-0.003251,0.002539,-0.006399,0.016638,0.003643,0.008311,0.005008,0.016091,0.006488,0.009111,0.003068,-0.002081,0.001231,0.030337,0.003911,-0.016069,-0.000346,0.005025,0.00266,0.013338,-0.004339,0.001777,0.001191,0.002112,-0.037714,-0.008735,-0.002006,0.009847,0.009373,-0.000699,-0.001774,-0.006006,-0.00652,-0.001419,-0.001853,0.019399,-0.023818
UNITED PARCEL SERVICE INC,0.003594,-0.003932,-0.019528,0.04918,0.009046,0.004618,-0.011222,0.008136,-0.017294,-0.004693,0.019137,0.020819,0.00155,-0.002489,0.009847,-0.007347,-0.007603,0.00522,-0.003372,0.003316,-0.001349,0.017223,-0.006308,0.01931,0.005638,0.003585,0.005131,0.016995,-0.016648,-0.005622,-0.003379,-0.010954,0.009954,0.010183,0.003619,0.006116,0.00192,-0.081625,0.024619,0.008824,-0.006795,0.010364,0.020919,-0.014908,0.009067,-0.008258,0.003064,-0.021983,0.011884,-0.027515,-0.000414,-0.013531,-0.004479,0.003445,0.00021,0.018141,0.024147,-0.015114,0.005252,0.001357,0.006505,-0.007203
T J X COMPANIES INC NEW,0.022653,0.004636,-0.00882,0.004656,0.007518,0.005418,0.003965,-0.006785,-0.001224,-0.00467,0.007924,0.001021,-0.006936,0.00832,0.009575,0.002724,-0.001509,0.013,0.00577,-0.019387,-0.006355,-0.005786,-0.005616,-0.010165,-0.006639,0.001566,0.005839,0.007774,0.00864,0.005813,-0.01095,-0.013634,0.022864,0.004674,0.003034,0.003025,-0.013068,0.011408,0.017926,0.003364,-0.016959,-0.002307,-0.022017,-0.015728,0.011071,-0.005991,0.009041,-0.008445,-0.004362,-0.015022,-0.015251,0.004302,-0.002677,-0.005047,0.007554,0.007712,0.004464,0.008254,0.011965,-0.000622,-0.015463,-0.008222
MEDTRONIC PLC,0.006283,-0.005222,-0.010042,0.011412,-0.00661,-0.011244,-0.013808,0.000941,-0.017398,0.001077,0.012428,-0.003541,0.016939,0.000582,-0.009779,0.007171,-0.023345,0.002032,-0.005725,0.0,0.002879,0.017464,-0.005408,0.011229,-0.004676,-0.000235,0.004346,0.002807,-0.007698,-0.00811,-0.009717,0.001077,0.005379,-0.000832,0.000714,-0.003956,0.001926,0.005526,0.038471,0.002646,-0.001492,-0.020915,-0.002347,-0.012706,0.007626,-0.019513,0.010735,-0.017542,-0.001943,-0.024827,0.001248,-0.012215,-0.002145,0.001391,0.003662,0.013714,0.008936,-0.011195,-0.014058,0.006183,0.014046,-0.007668
BOSTON SCIENTIFIC CORP,0.02466,-0.006942,0.001398,0.005119,0.006791,-0.003219,0.007382,-0.007786,-0.000308,0.015084,0.002123,-0.004085,0.006077,-0.007098,0.015057,0.003896,-0.004925,-0.0036,0.00843,-0.011644,0.013895,0.004469,-0.00608,0.005968,0.005933,-0.002359,-0.022761,0.02072,-0.021485,0.012417,-0.009423,0.01525,0.00818,-0.005163,0.001779,0.000888,-0.00488,0.00966,0.010009,-0.001895,-0.005694,-0.009545,0.010082,-0.005578,0.011956,0.001896,-0.000437,-0.000146,0.002768,-0.011185,-0.009255,0.010083,-0.002349,-0.007946,-0.001335,0.010248,0.014261,0.05682,0.0048,-0.001229,-0.009157,-0.00869
TORONTO DOMINION BANK ONT,-0.003129,-0.004625,-0.01759,0.010473,-0.009529,-0.002869,0.004739,0.000674,-0.025084,0.012951,0.018752,0.003012,-0.004838,-0.003018,0.009248,0.006998,-0.01092,-0.002175,-0.004024,0.009931,-0.000167,-0.015169,0.002708,0.019581,0.006622,-0.00773,0.002652,-0.001157,0.006455,-0.012498,0.000167,-0.01332,0.004725,0.009909,0.000998,-0.007975,-0.001842,0.000503,0.016938,-0.004288,-0.002319,-0.014276,0.003873,0.003523,-0.008358,0.003378,0.005105,-0.025224,0.003473,-0.016442,-0.004575,-0.007778,0.012293,0.007568,0.014673,0.008091,0.006147,-0.004243,0.0075,0.004568,-0.000842,-0.000169
VANGUARD BOND INDEX FUNDS,0.006018,-0.00896,-0.007945,0.004695,-0.001924,-0.002685,-0.000759,0.000276,-0.008703,0.003763,0.002777,-0.003184,0.00125,-0.002774,0.000417,0.003615,-0.001801,-0.001527,0.002224,0.001664,0.004186,-0.002351,0.005405,0.001792,0.001651,0.000962,-0.000412,-0.002952,-0.001721,-0.005932,-0.000555,-0.00125,0.002641,0.001803,0.00083,0.003319,-0.00193,0.000829,0.00345,-0.001238,-0.006797,-0.001112,0.000696,0.002087,-0.004997,-0.000837,0.00363,-0.011686,0.0,0.002252,-0.006601,-0.002545,0.004819,-0.00268,0.001273,0.000424,0.001836,-0.002537,-0.002826,0.002267,0.002969,-0.003806
BOEING CO,-0.005828,-0.002049,-0.013134,0.009437,0.016013,-0.012741,-9.6e-05,0.000621,-0.023265,-0.005282,0.009588,-0.007013,-0.00255,-0.008851,-0.000347,-0.003325,-0.001444,0.004288,0.027805,-0.015845,-0.01826,0.0027,0.002992,-0.000696,0.0101,-0.022361,-0.030228,-0.042859,-0.010258,-0.006581,0.007618,-0.014737,0.007229,0.036657,-0.000426,0.006127,0.013556,-0.020427,0.023733,0.005418,-0.018084,-0.007705,-0.016592,-0.008815,-0.000818,-0.008627,-0.018947,-0.019594,-0.007273,-0.021977,-0.010204,0.016267,-0.001994,0.000117,-0.002408,0.003886,-0.007626,-0.028668,0.015092,0.002458,0.037496,-0.032567
VERTEX PHARMACEUTICALS INC,0.001131,-0.021182,0.009913,-0.029751,0.007089,0.009497,-0.000355,-0.010357,-0.005949,0.004423,0.020125,-0.009594,-0.003695,-0.002401,0.017039,0.007803,0.007835,-0.005906,-0.009166,-0.014591,0.028569,-0.020173,-0.020258,-0.008641,-0.003181,0.007429,0.002128,-0.004874,0.001818,-0.010721,-0.002642,0.009051,0.009286,-0.007442,0.008736,-0.00012,0.00089,0.005841,-0.002724,0.001653,0.005909,-0.026303,-0.00149,-0.011741,0.006584,-0.006025,0.000643,-0.017059,0.006665,-0.009195,0.002043,-0.008028,-0.002715,0.000967,0.002033,0.014305,0.012478,-0.010249,-0.007635,-0.000553,-0.00322,-0.008556
CIGNA GROUP,0.021166,0.053755,-0.007936,0.019641,0.009066,0.005264,0.007945,0.006927,0.000504,0.003527,0.001743,0.005572,0.000762,0.005947,-0.003553,0.006079,-0.005607,-0.004587,-0.016464,0.003014,-0.00946,0.011533,-0.007927,0.021309,0.008593,-0.002772,0.001404,0.004879,0.013898,0.002265,0.007267,0.001648,-0.000737,0.004143,-0.000311,-0.005485,0.010717,0.006131,0.015682,-0.000413,0.00245,-0.002719,-0.005563,-0.001939,0.005772,-0.012333,-0.001397,0.001007,-0.013302,-0.009176,-0.002687,-0.005876,-0.00222,0.007802,0.01035,0.002242,-0.001501,-0.001049,0.00633,-0.000113,0.005558,0.001683
CHUBB LTD,-0.000204,0.007104,0.010377,-0.006339,-0.003149,-0.010329,0.011746,0.003236,-0.004798,0.005267,0.011849,-0.000637,-0.001554,0.005788,0.013812,0.002231,-0.00457,0.000118,-0.005061,-0.007532,-0.004172,-0.009417,0.004431,0.004772,-0.006905,-4e-05,0.024878,0.010784,0.009544,-0.00661,-0.005201,0.005267,0.00326,0.000116,-0.00851,-0.003121,0.000391,0.001839,0.00945,0.002437,-0.006676,-0.004118,-0.006047,-0.010048,0.002656,0.001028,-0.020264,-0.000121,-0.013992,0.005235,-0.005573,0.00315,-0.006851,0.007638,0.019642,0.005156,-0.006441,-0.027493,0.01214,-0.002074,0.01536,-0.002327
STARBUCKS CORP,0.003655,-0.00407,-0.005162,0.034158,-0.003763,0.01941,0.007351,-0.018808,-0.016759,0.002131,-0.009036,0.0,0.002575,0.016692,0.007998,-0.00167,-0.014014,-0.001591,-0.012005,0.02043,-0.018335,-0.007514,-0.013411,0.004714,-0.007638,0.001209,0.011092,0.003584,-0.00855,0.000546,-0.016801,0.009876,0.006373,0.011027,-0.010151,-0.010364,-0.000441,-0.003419,0.012616,-0.001202,0.001532,-0.024364,-0.006719,-0.012176,-0.008788,0.003915,-0.000688,-0.013543,-0.000582,-0.011409,0.002944,0.002935,0.009248,0.010904,0.005278,0.006506,-0.003516,0.010015,-0.010254,0.004668,0.000907,0.001811
ANALOG DEVICES INC,-0.00182,0.000469,0.002395,-0.014801,0.011913,0.010887,0.004947,-0.004974,-0.048235,0.008826,0.006548,0.003733,0.006162,0.022809,-0.009343,-0.009379,-0.005786,0.000318,-0.006929,0.021623,0.022625,-0.002957,-0.024967,0.010011,0.034116,-0.011602,0.011585,0.004995,-0.003012,-0.020997,0.00396,-0.020389,-0.003556,0.019838,0.004271,-0.008404,-0.014883,-0.00876,0.023127,0.023069,-0.005915,-0.00885,0.002463,-0.017455,0.014639,0.00991,0.037775,-0.038164,0.011766,-0.032068,-0.010298,0.00494,-0.009413,-0.009766,-0.022497,0.016089,0.01943,0.034592,0.007328,0.02036,0.009556,-0.016135
AUTOMATIC DATA PROCESSING INC,0.005289,0.007002,-0.00213,0.01019,-0.002153,0.003236,-0.004341,0.00032,-0.00192,0.005249,0.004584,0.00365,-0.000119,0.003874,0.003308,0.004357,-0.009067,-0.008835,0.000995,-0.001709,-0.005734,-0.013977,-0.008936,-0.000984,0.007754,-0.007574,0.006972,0.002376,-0.00188,-0.003931,-0.004769,-0.000991,0.009427,0.014705,0.004965,-0.005383,-0.013772,0.003563,0.013302,0.005678,-0.017739,0.00958,-0.010216,-0.014849,0.013914,0.007311,0.013664,-0.016879,-0.005574,-0.002332,0.000943,0.000533,-0.005364,-0.003746,0.005455,0.01233,0.002152,-0.000932,-0.001095,-0.013274,0.00362,-0.008444
MARSH & MCLENNAN COS INC,-0.000516,-0.001961,-0.005792,0.011756,0.006324,0.005467,0.00564,-0.008691,0.001427,0.006362,0.016539,-0.003433,0.002946,-0.005277,0.022169,-0.002986,-0.000737,-0.001327,0.014024,-0.018488,-0.001335,-0.000594,9.9e-05,0.008618,0.003192,0.00421,0.003948,0.006749,0.002652,-0.00077,-0.006739,0.002714,-0.001063,-0.001113,-0.004941,-0.004916,-0.006555,0.001428,0.011014,0.0018,-0.010147,-0.003973,0.005564,-0.013514,0.02406,-0.006324,0.000245,-0.015416,-0.009892,-0.005623,-0.003787,-0.00522,0.006776,0.020798,0.003371,-0.004842,0.00139,-0.003768,0.002588,-0.017472,0.002677,0.004786
REGENERON PHARMACEUTICALS INC,0.01591,-0.013156,-0.009363,0.001581,0.000725,0.00846,0.007386,-0.006671,-0.006948,0.007805,0.00729,-0.006997,-0.001245,0.006305,0.012646,0.016904,0.008235,0.004114,-0.005778,-0.02179,0.017317,-0.011833,-0.006157,0.007138,0.001245,-0.004603,-0.004531,0.006356,-0.005255,-0.00666,0.005662,-0.004718,0.003896,0.003424,0.001086,-0.000795,-0.006358,0.00256,0.002854,-0.003943,0.007086,-0.015093,-0.003907,-0.014649,0.006062,-0.004477,0.005765,-0.008147,-0.016962,-0.016972,-0.006787,-0.004919,0.007885,-0.007989,0.003166,0.003724,0.007954,-0.00086,-0.017495,-0.008398,0.010507,-0.002039
MONDELEZ INTERNATIONAL INC,0.016873,0.004311,-0.020034,-0.001062,-0.008372,0.001876,-0.021268,0.00451,-0.02068,-0.007919,0.002801,0.005167,0.01681,0.008334,0.004471,-0.002023,-0.009327,-0.002183,0.000821,-0.00164,-0.00958,-0.011883,-0.009369,0.011011,-0.008657,0.011972,0.007655,-0.009116,-0.003485,-0.007414,-0.002959,0.007915,0.013182,-0.005259,0.004731,0.002631,-0.021409,-0.011433,0.006925,-0.001427,-0.003429,-0.007167,-0.018626,0.003531,-0.003225,-0.005736,0.003846,-0.017389,0.0015,-0.001348,-0.012296,0.00167,0.008033,0.009923,0.013994,0.019087,0.019306,0.007915,-0.007152,-0.002684,0.017278,0.001531
PROLOGIS INC,0.0296,-0.009123,-0.018104,0.028288,-0.010805,0.019909,0.006228,-0.003246,-0.00886,-0.002903,0.019923,0.002179,-0.0003,0.000525,0.00015,-0.001724,-0.00488,-0.000528,0.011322,-0.005374,0.00998,-0.007355,-0.008757,0.004832,-0.002555,0.017553,-0.007033,0.003355,-0.009215,-0.019351,-0.005889,-0.006821,-0.002263,0.006648,0.009246,-0.009778,-0.011585,-0.015653,0.029727,0.010554,-0.017662,-0.018293,0.004061,-0.011103,0.000401,0.011464,0.000713,-0.04467,-0.003068,-0.010395,-0.026975,-0.009068,-0.071902,-0.016903,-0.011463,0.005701,0.007206,-0.01574,0.001648,0.00687,0.009129,-0.028188
PALO ALTO NETWORKS INC,0.004313,0.014972,-0.001681,-0.00868,0.067381,0.006914,0.02692,-0.01308,-0.009974,0.00019,-0.003937,-0.001281,-0.000873,-0.284411,0.022331,0.053282,0.073345,0.039534,0.004448,-0.017713,-0.026244,-0.009788,-0.027752,-0.042146,0.027344,-0.021938,0.011171,0.004941,0.01893,-0.008755,-0.018847,0.010916,-0.016337,0.005239,0.019784,-0.002955,-0.005963,0.005683,-0.015452,0.006625,-0.016577,-0.021545,-0.014119,-0.016102,0.014367,-0.001599,0.039281,0.006699,0.010178,-0.016874,-0.024797,0.010546,0.008399,0.013738,-0.0122,0.014296,0.041927,0.001124,-0.017119,0.009107,0.006829,-0.008589
K L A CORP,0.008518,0.008713,0.017474,-0.021565,0.012101,0.01575,0.050623,-0.002693,-0.010771,0.01992,-1.5e-05,0.01375,-0.014486,0.00023,0.048856,-0.021864,0.022428,-0.009125,-0.006759,0.013819,0.051693,0.000334,-0.016634,0.013586,0.010902,-0.033252,-0.01978,0.018997,-0.013875,0.005256,-0.012176,0.009943,-0.013957,0.021863,0.024686,-0.003604,-0.015242,-0.016163,0.012275,0.00244,0.017622,-0.023844,0.005188,-0.035525,0.014998,0.011687,0.0087,-0.013935,0.019633,-0.028304,-0.003364,0.021843,-0.049516,-0.022398,-0.024929,0.008724,0.022994,0.012851,0.024995,0.049499,0.01086,-0.034513
SOUTHERN COPPER CORP,0.020585,-0.024585,-0.02496,0.031623,-0.00219,-0.013288,-0.009637,0.011477,-0.028027,0.026785,0.035572,0.008678,-0.015892,0.012263,-0.002759,-0.013351,-0.025478,0.010758,-0.023639,0.024972,-0.002473,0.014009,-0.021519,0.016994,0.04116,0.018173,0.00197,0.012146,0.100571,0.009138,0.059889,-0.003884,-0.02729,0.034469,0.003003,0.007822,-0.004504,-0.01723,0.021743,0.021089,0.004882,0.00682,0.032106,-0.014744,0.006387,0.017862,0.037413,-0.002147,0.006368,-0.014536,-0.010152,-0.002191,0.002987,0.010248,-0.01656,-0.01631,-0.017387,-0.003739,0.023711,0.045788,0.033436,-0.034588
FISERV INC,0.014591,0.006669,-0.005176,-0.021228,0.011482,0.005886,0.004737,0.0,-0.004507,0.009751,0.020899,0.000203,-0.000743,-0.00196,0.01673,0.00433,0.001327,-0.002054,-0.017922,0.008922,0.007235,-0.002394,-0.000267,0.004602,-0.002456,0.006455,-0.009918,0.006077,0.002655,-0.007349,-0.002067,0.016842,0.014197,0.007647,0.005595,-0.000448,0.003135,0.012055,0.00416,0.003075,-0.007821,-0.001892,-0.003728,-0.017567,0.015945,0.002986,-0.015648,-0.010297,-0.001236,-0.015561,-0.019907,-0.012079,0.004782,-0.001292,0.01164,0.001211,0.044288,-0.020207,0.006831,0.016961,-0.010071,-0.010692
BRISTOL MYERS SQUIBB CO,-0.004093,0.000822,-0.014987,0.026678,-0.012586,0.001439,0.022583,-0.001205,-0.020905,0.003695,0.01125,0.008495,0.0,0.021059,0.00825,0.006429,-0.022067,-0.000198,0.008117,-0.003339,0.002759,0.000589,0.017675,0.030104,-0.001873,0.009572,0.010597,0.000736,-0.032169,-0.003039,-0.002858,-0.014329,0.004071,0.001544,-0.00559,0.00659,0.006162,0.005742,0.013321,0.018404,-0.022866,-0.004718,-0.010618,-0.00345,-0.001556,-0.004287,0.009785,-0.025388,-0.023265,-0.017101,0.004764,-0.005154,-0.008703,0.009615,0.013044,0.004292,-0.003052,-0.002654,-0.085141,0.003356,-0.004682,-0.015681
PDD HOLDINGS INC,-0.002207,-0.015799,-0.027691,0.038303,0.023851,-0.016501,0.006514,0.032084,-0.019229,0.023016,0.025074,-0.000443,-0.029277,-0.011729,0.014411,-0.029932,-0.009476,0.014627,-0.025871,-0.00376,0.018548,-0.037288,-0.006469,-0.038655,0.004287,-0.05805,0.014048,0.056037,0.035545,0.006865,0.004383,0.040165,-0.008003,0.035166,-0.074677,0.005642,-0.025368,0.001919,-0.028643,-0.003515,0.025032,-0.007721,0.010825,-0.017152,0.003405,-0.002121,0.029587,-0.011561,0.011947,-0.046479,-0.010476,-0.006737,-0.000793,0.00238,-0.001847,0.093841,0.031255,-0.003671,-0.013799,0.027983,-0.019256,-0.012932
CHIPOTLE MEXICAN GRILL INC,0.013804,0.016486,-0.004605,0.006836,0.072053,-0.017439,0.006819,-0.011416,-0.003485,0.008099,-0.000836,-0.007475,-0.007016,-0.004155,0.02253,0.007365,0.005188,-0.005717,0.01001,0.006382,4e-06,0.011723,-0.003297,-0.007815,3e-05,-0.001524,-0.00876,0.021494,0.001055,0.009487,0.002863,0.006218,0.008664,0.03483,0.003447,-0.007897,0.007425,0.017941,-0.010851,-0.005709,-0.010242,0.008669,-0.002192,-0.013659,0.017293,0.008987,-0.001559,0.013232,0.00843,-0.011064,-0.00709,0.001941,-0.013381,0.001726,-0.013363,0.005277,0.010661,0.004034,0.063282,0.024101,0.00706,-0.015538
U B S GROUP A G,-0.013373,0.011183,-0.001676,-0.055052,-0.013854,0.001081,0.003958,0.000717,-0.031161,0.015527,0.014561,-0.007535,0.0047,0.001079,0.008627,-0.000356,0.010695,0.00776,-0.00245,-0.001754,0.017575,-0.008636,0.004181,0.011103,0.022993,0.034888,0.006159,0.019652,0.002528,-0.013237,0.019802,-0.011901,-0.012678,0.002247,0.000961,-0.00032,0.008323,-0.011111,0.008026,-0.021656,-0.007812,0.000656,0.020656,-0.00257,0.007085,-0.003838,-0.011236,-0.043831,-0.011205,-0.013393,-0.01079,-0.01513,0.004287,0.000356,-0.002134,-0.003207,0.015016,-0.03628,0.004751,-0.004001,0.000365,-0.019715
C V S HEALTH CORP,-0.006051,-0.011228,-0.008893,0.018222,0.031047,-0.012755,0.016516,0.01271,-0.009057,-0.00235,0.002487,0.006527,-0.010246,0.011008,-0.000648,0.001297,-0.009974,-0.002093,-0.01416,-0.010906,-0.007127,0.000677,-0.002436,0.008547,-0.000538,0.010363,0.011589,-0.009613,-0.001728,0.017848,0.012824,0.002196,0.006317,0.011786,-0.00899,0.002683,0.006371,0.004305,0.001387,0.004155,-0.002508,-0.072147,0.010566,-0.009383,0.009202,-0.001877,-0.014508,-0.030125,-0.019817,-0.015773,0.004662,0.001015,-0.006229,0.011516,0.014772,-0.00172,-0.016229,-0.010657,-0.006492,-0.002228,0.004019,0.003855
SHOPIFY INC,-0.041838,0.080944,-0.018449,0.001966,0.044262,0.031701,0.032434,-0.017637,-0.133977,0.045219,0.041279,-0.032262,-0.032845,-0.03854,-0.007408,0.016127,0.017314,-0.011991,-0.013963,0.01072,0.002881,-0.010706,-0.030355,0.00735,0.017835,0.011018,-0.015625,0.018541,0.030382,-0.003305,-0.016195,0.004796,0.000129,0.049013,-0.021394,-0.010931,-0.003811,0.001403,0.001146,-0.018443,0.013218,-0.000895,-0.031746,-0.010973,0.006283,-0.011955,0.00726,-0.039242,-0.005696,-0.021937,-0.020429,0.001896,0.010335,0.001441,0.002302,0.012631,0.049043,-0.023646,-0.023665,0.011056,0.016122,-0.031457
WASTE MANAGEMENT INC DEL,0.01503,-0.001114,-5.3e-05,0.005367,0.004069,-0.002579,-0.003325,-0.003177,0.059652,-0.001654,-0.000251,0.012204,0.00124,0.012092,0.014738,0.003909,-0.002836,0.001542,-0.002503,-0.007768,0.000681,0.004908,0.000338,0.005076,-0.003174,0.002364,0.007365,0.002437,0.005768,0.000284,0.001046,0.005415,0.001937,-0.001037,0.00269,-0.00306,-4.7e-05,0.0,0.010389,-0.003832,-0.001126,-0.008454,-0.003268,-0.015826,-0.000773,-0.001111,-0.001064,0.00833,-0.010855,-0.002768,-4.9e-05,-0.00185,0.005708,-0.005239,0.009753,0.002221,0.006023,0.007903,0.010788,-0.012224,0.009757,-0.019467
BLACKSTONE INC,-0.001205,0.008045,-0.025008,0.019052,0.020476,0.013879,-0.001252,0.018797,-0.039437,0.02401,0.017976,-0.018119,-0.012198,-0.001108,0.008717,-0.017126,0.001359,0.011734,-0.003393,0.011875,0.002112,-0.011632,-0.01406,-0.012178,0.012165,0.009535,-0.011271,-0.007145,0.019567,-0.010309,0.001362,-0.012323,0.004456,0.030489,0.030526,-0.028862,0.007665,-0.007451,0.023538,0.003667,-0.002588,-0.036022,0.002058,-0.004424,0.012459,0.013639,0.020724,-0.044849,0.006266,-0.026799,-0.018628,0.00586,0.010748,-0.023297,-0.015957,0.031166,0.018183,-0.004264,-0.003393,-0.000324,-0.015267,-0.033245
K K R & CO INC,0.018134,0.015542,-0.011953,0.057999,0.012289,0.019213,0.004971,0.006081,-0.017824,0.00073,0.004534,-0.00582,-0.026343,0.005583,0.022528,0.000313,0.0,0.002296,-0.00177,0.025144,0.006819,-0.003134,-0.020381,0.004037,0.010103,0.006838,-0.012772,0.01838,-0.012301,-0.011433,-0.001446,-0.016029,0.006411,0.029657,0.030832,-0.008658,0.000893,0.001983,-0.005344,0.000696,-0.005767,-0.021,0.016854,-0.013862,0.028115,0.007134,-0.013576,-0.012566,0.014544,-0.031458,-0.014904,0.004695,-0.01724,-0.013526,-0.00782,0.019974,0.037049,-0.012249,-0.019634,0.007062,-0.002721,-0.023195
H C A HEALTHCARE INC,0.032011,-0.016653,0.003878,-0.012234,0.001499,-0.005923,0.002815,0.012536,-0.01812,0.002922,0.007301,0.002893,9.7e-05,0.009852,0.003915,0.008055,-0.006849,0.002554,-0.006178,-0.001154,0.000898,0.006731,0.004649,0.02491,0.003896,0.002187,-0.012663,0.00716,-0.0051,0.010997,-0.008652,0.016151,0.010117,-0.004902,-3e-05,0.003315,-0.007941,0.001191,0.012145,0.005547,-0.010254,-0.002302,0.008653,-0.021162,0.011163,-0.002372,0.002652,-0.003436,-0.001556,-0.013537,-0.000589,-0.02709,-0.009112,-0.045108,0.027306,0.017043,0.02939,-0.001284,-0.01536,-0.023653,0.015423,-0.005138
SYNOPSYS INC,0.012468,0.022315,0.012843,-0.029885,0.021846,0.029606,0.008078,-0.011073,-0.035857,0.025887,-0.008707,-0.00882,-0.008916,-0.008048,0.068676,-0.009038,8.7e-05,-0.002953,-0.006481,0.00605,0.030711,0.005022,-0.048896,0.018947,0.012813,-0.020674,-0.01045,0.020166,-0.026911,-0.003368,-0.016592,0.019272,0.042952,0.008671,0.020737,-0.012973,-0.016627,0.0,-0.018774,-0.003227,0.009431,-0.012255,0.015882,-0.020316,0.014706,0.001581,-0.012787,-0.013638,0.001319,-0.008559,-0.023781,-0.005185,-0.024968,-0.014917,-0.017317,0.00936,0.023298,3.8e-05,0.00491,0.025561,0.002023,-0.026011
GILEAD SCIENCES INC,-0.001278,-0.015353,-0.003248,0.013167,-0.04246,-0.008331,-0.001762,0.010588,-0.012357,-0.006664,0.004518,-0.024397,0.006426,0.016102,-0.005738,0.01058,-0.008158,0.00096,-0.004382,-0.008253,0.002913,-0.00083,0.010242,-0.004932,0.014182,0.019821,0.002662,-0.003186,0.011455,-0.012642,-0.007007,-0.005835,0.002048,0.007765,-0.01203,-0.006567,-0.000413,-0.002342,0.008286,0.003287,-0.005051,-0.01084,-0.016646,-0.018903,0.000431,-0.0023,0.007491,-0.026022,0.00778,-0.008449,-0.004701,-0.006495,-0.005645,-0.011505,0.009069,0.002846,0.001195,0.000746,-0.026983,0.002298,0.007949,-0.011222
CANADIAN NATURAL RESOURCES LTD,-0.013596,-0.039132,-0.011212,0.016675,-0.010661,0.00431,0.003962,0.003617,-0.026868,0.011111,0.047619,0.003179,0.001109,0.029593,0.018598,-0.014335,0.008573,0.003491,0.001815,0.052242,0.034151,-0.021368,0.011059,0.007993,0.003339,-0.005962,0.006277,-0.001109,0.025812,0.006547,-0.013989,0.011157,0.000817,0.004356,0.006505,-0.002289,0.022942,-0.009235,0.004927,0.011263,0.01022,0.014008,0.015349,0.00907,0.013483,-0.004435,0.012002,0.00648,-0.008503,-0.029282,-0.02133,-0.001935,-0.002197,-0.005051,-0.003644,0.002874,0.003908,-0.002076,0.005591,0.008146,0.00295,-0.030435
ARISTA NETWORKS INC,0.016623,0.038482,-0.000476,-0.0296,0.008154,0.033103,0.023778,-0.005559,-0.054721,0.000603,0.003124,-0.017824,-0.008176,-0.019722,0.056073,-0.004093,0.022715,-0.006685,0.004634,0.015997,0.036751,0.000695,-0.025943,0.014369,0.00696,-0.04667,-0.007653,0.039997,-0.00408,0.011792,-0.022146,0.041731,-0.008295,0.033668,0.027042,0.005975,-0.003002,-0.025106,-0.031629,0.005444,0.033692,-0.029691,0.027299,-0.033535,0.030578,-0.000739,-0.008844,-0.022154,0.029006,-0.085508,-0.02957,-0.001672,-0.013282,-0.008022,-0.043159,-0.002519,0.023262,0.014293,0.039212,-0.000227,-0.003891,-0.026966
SOUTHERN CO,0.014097,-0.026241,-0.021413,0.003275,-0.006677,-0.000149,-0.000448,0.020924,-0.011711,0.004444,-0.014452,0.005237,0.008424,0.010292,-0.006644,0.006094,-0.021274,0.00317,0.005266,0.006586,-0.005799,0.020042,-0.003226,0.008826,0.00977,-0.003466,0.011158,-0.006162,0.008508,-0.008007,-0.00418,0.004776,0.01138,0.000285,-0.004699,-0.001431,-0.000573,-0.007024,0.025697,0.009711,-0.008921,0.003376,-0.005046,-0.013102,-0.001999,0.002146,0.007565,-0.011616,-0.002723,-0.012216,-0.004947,-0.009066,0.029954,0.011032,0.022389,0.011504,0.0037,0.00901,0.006224,-0.015598,0.016118,-0.011964
AMERICAN TOWER CORP NEW,0.014005,-0.024598,-0.020877,0.011611,0.010174,0.000103,0.004131,-0.013732,-0.017469,0.000372,0.005146,-0.012298,0.006787,-0.000955,-0.001116,0.010212,-0.011636,-0.00554,0.037926,0.026321,0.014583,0.021759,-0.003541,0.002872,-0.006213,0.012602,-0.002701,-0.012431,-0.008963,-0.015617,-0.009288,-0.007246,0.003675,-0.010171,-0.003545,-0.00593,0.014368,-0.007466,0.016899,0.001064,-0.023179,-0.0043,0.000676,-0.010452,-0.000683,-0.010307,0.024441,-0.056273,-0.009343,0.003135,-0.006027,-0.03318,-0.001103,-0.00593,0.001754,0.005838,0.010911,-0.004765,-0.002596,-0.006998,0.019221,-0.019601
A S M L HOLDING N V,0.023821,0.000135,0.010594,0.007067,0.019163,0.00077,0.028886,-0.021472,-0.027862,0.02338,0.005841,-0.000968,-0.020852,-0.001495,0.048051,-0.019541,0.015366,-0.006564,-0.001986,0.012964,0.041253,0.007165,-0.029257,0.036219,0.04329,-0.050659,-0.031841,0.022458,-0.015758,-0.00929,-0.02039,0.001202,0.011229,0.01997,0.020465,-0.010931,-0.001051,-0.007794,0.00279,-0.003635,0.023164,-0.026426,0.014027,-0.027401,0.027417,0.003226,0.007245,-0.015376,0.018028,-0.030579,-0.007299,0.023146,-0.070948,-0.020471,-0.033171,0.014554,0.033851,-0.01026,0.01142,0.020314,-0.010011,-0.040999
GENERAL DYNAMICS CORP,0.007095,-0.005995,0.000942,0.008173,0.00523,-0.000334,0.004238,-0.002591,-0.008239,0.007035,0.003344,-0.002074,-0.001893,0.011044,0.001581,0.005214,-0.002667,0.002491,0.002229,-0.003864,-0.004758,0.010149,-0.004041,0.000366,-0.002448,-0.002637,0.003525,0.00505,0.002585,0.000145,-0.00069,0.008684,0.007565,0.010189,-0.004282,-0.00064,-0.007754,-0.002258,0.012754,0.002093,0.032072,-0.003464,0.003958,0.005245,0.006684,-0.006945,-0.014635,0.004155,-0.003862,0.001287,-0.010838,0.001931,-0.002944,0.002847,0.011743,0.00932,0.00484,-0.039663,0.013482,-0.00172,0.011884,-0.002432
CANADIAN NATIONAL RAILWAY CO,0.023218,-0.001733,-0.002762,0.015196,0.006705,-0.00728,0.002964,-0.001478,-0.0222,0.026528,0.008148,-0.000462,-0.01417,0.008281,0.018285,0.00137,0.0,-0.002052,-0.012106,-0.000462,0.004781,-0.004988,-0.00054,-0.015573,0.016542,-0.002557,0.000388,0.009241,0.003078,-0.016723,0.003433,0.011351,-0.007918,0.02193,0.007204,-0.007528,-0.01555,0.003005,0.01137,0.000456,-0.001443,-0.009428,0.002226,-0.012024,0.005736,0.005858,0.003755,0.002061,-0.013942,-0.007572,0.002647,-0.011725,-0.001964,0.001023,0.003853,0.013083,0.000619,-0.050541,0.015628,0.003606,-0.009423,-0.02104
EOG RESOURCES INC,-0.010458,-0.015542,-0.010825,0.020337,0.00572,0.004799,-0.017778,0.016209,-0.016128,-0.00018,0.029187,-0.006039,-0.003787,0.028551,0.000344,-0.039003,0.001699,0.016868,0.002019,0.00254,0.014328,-0.002326,0.003194,0.002496,0.011675,0.007382,0.017689,0.000166,0.014317,0.009954,-0.008078,0.006352,0.008659,0.008504,0.003023,-0.009835,0.019305,-0.011552,0.00485,0.011472,0.015019,0.019112,0.011645,0.001869,0.014251,-0.003605,0.011886,0.006494,-0.004929,-0.014424,-0.014709,0.004306,-0.004212,-0.004834,0.010701,0.005482,0.006722,0.005935,-0.00177,0.002512,0.004053,-0.030239
SHERWIN WILLIAMS CO,0.015441,0.002944,-0.017743,0.011133,0.006431,0.00739,-0.001313,-0.004234,-0.010341,0.012435,0.004758,-0.010976,0.007053,0.009735,0.020141,0.006628,0.001491,0.016155,0.005981,0.007128,0.009638,0.005578,-0.011332,0.009632,0.02428,-0.011519,-0.000881,0.006786,-0.017187,-0.005611,-0.000776,0.001823,0.003907,0.013281,0.018121,-0.012557,-0.002537,0.0,0.014298,0.001268,-0.026401,-0.01242,0.000988,-0.013252,0.006033,0.001356,0.006771,-0.040024,-0.003861,-0.00522,-0.013449,-0.017804,0.005772,-0.002515,-0.011054,0.010786,-0.022311,0.004531,0.003556,0.00538,-0.001175,-0.02117
DUKE ENERGY CORP NEW,0.020453,-0.016055,-0.010081,-0.001995,0.004629,-0.029843,-0.010362,0.01047,-0.011225,-0.002947,0.022389,-0.005197,0.000653,0.01142,-0.009248,0.006513,-0.022431,0.002206,-0.001211,0.012012,-0.010563,0.017169,0.002921,0.014888,0.004359,0.004869,0.00948,-0.00866,0.005157,-0.004712,-0.003577,0.002429,0.002107,0.002838,-0.004717,-0.003686,0.002431,-0.012337,0.025835,0.006452,-0.006618,0.004892,-0.005904,0.001563,-0.002185,0.004171,0.010487,-0.019626,-0.001258,-0.004093,-0.008114,-0.013386,0.017551,0.015132,0.02408,-0.001221,0.000815,0.007739,0.000707,-0.013329,0.010439,-0.00476
ENBRIDGE INC,0.010141,-0.015616,-0.020397,0.002313,-0.006924,-0.002034,-0.003493,0.019281,-0.020063,-0.005333,0.020402,0.012055,0.000581,0.010453,0.002874,-0.002865,-0.011782,0.002908,-0.003189,0.001163,0.01104,-0.002299,0.001728,0.007763,0.018545,0.003922,0.005022,0.001943,0.001385,-0.013005,-0.004205,0.0,0.006475,0.00951,-0.008313,-0.0095,0.013822,-0.008069,0.009537,0.005279,-0.009674,0.000558,-0.001674,-0.004191,-0.008137,-0.003112,0.00227,-0.022084,0.000289,-0.010709,-0.012581,-0.023111,0.010919,0.017102,0.028319,0.014056,0.00198,0.006776,0.016826,-0.012135,0.003908,-0.01168
C M E GROUP INC,-0.000243,0.003693,-0.008376,-0.00996,0.013216,-0.007106,0.005343,0.008435,0.002949,0.037362,-0.019333,0.005876,-0.005983,0.019006,0.013954,-0.000183,0.00679,4.6e-05,0.006334,-0.002219,-0.005174,0.009762,-0.006551,-0.000955,-0.022805,-0.002576,0.017795,0.004521,0.007394,0.000228,-0.008705,0.006391,-0.011558,-0.012664,0.011563,-0.007358,0.003217,-0.010735,0.012777,-0.001438,-0.015189,0.013112,-0.012896,0.000849,-0.005325,0.007912,-0.01396,0.010583,0.003632,-0.015369,-0.015609,0.001212,0.009396,0.005902,0.01617,0.011453,0.005987,-0.019283,-0.000235,-0.007528,-0.006258,9.5e-05
COLGATE PALMOLIVE CO,0.022803,-0.017418,-0.006263,-0.004162,0.001433,0.00477,-0.009494,0.001198,-0.001077,0.002875,-0.001672,-0.001077,0.013536,0.008273,0.008088,0.002907,-0.001159,0.003018,0.004629,-0.003341,-0.000347,0.003931,-0.001152,0.005188,0.011012,-0.000794,0.000681,0.007149,0.004957,-0.009529,0.001132,-0.002035,0.005664,-0.004731,0.004754,0.004844,-0.006278,0.002933,0.011811,0.001112,-0.010994,0.0,-0.010779,-0.007945,0.005492,-0.001821,-0.000798,-0.012436,-0.006469,-0.001744,0.003727,0.0,0.006731,-0.000461,0.01061,0.013773,0.00283,0.003274,0.004726,0.019263,-0.005714,0.015803
ALTRIA GROUP INC,0.03988,-0.008629,-0.02031,0.001974,-0.008374,-0.004223,0.000499,0.01097,-0.007891,0.004226,-0.005693,0.000249,0.001742,0.005466,0.010625,0.005623,-0.010212,0.004667,0.0022,-0.001952,-0.001222,-0.027655,0.005286,0.037807,0.002413,0.007702,0.019346,0.008669,0.006969,0.021453,-0.009259,0.014589,0.002696,0.003585,0.003572,-0.022025,0.006515,-0.003236,0.012523,-0.000916,-0.00917,-0.00671,-0.018868,-0.014008,0.00289,0.007443,0.003575,-0.010211,-0.005998,-0.009172,-0.002436,-0.004884,0.008589,0.004866,0.019128,0.011404,0.007047,0.001166,0.014446,-0.003675,0.010143,-0.000228
CADENCE DESIGN SYSTEMS INC,0.007141,0.020756,0.000337,-0.012978,0.027083,0.022046,0.014901,-0.017183,-0.039957,0.021778,-0.016858,-0.018162,0.006097,-0.004485,0.050936,-0.006676,0.000527,-0.012118,0.0019,0.012642,0.035679,0.006566,-0.030286,0.016087,0.01724,-0.029682,-0.009268,0.01812,-0.016288,9.8e-05,-0.02547,0.008343,0.036288,0.016065,0.018747,-0.000186,-0.020233,-0.000632,-0.014778,-0.000193,0.002731,-0.018486,0.013775,-0.013201,0.005025,0.009967,0.001029,-0.0219,0.01809,-0.013705,-0.014027,-0.002487,-0.023603,-0.026591,-0.019762,0.017021,-0.011438,-0.014551,-0.002089,0.019236,0.000283,-0.024284
TARGET CORP,0.038395,0.007409,-0.02172,0.014754,0.015925,0.004566,-0.005902,0.019586,-0.022021,-0.007392,0.008964,0.022415,0.009224,-0.007339,0.010417,0.007583,-0.00878,0.012255,-0.003619,0.009773,0.015498,-0.03091,0.120207,0.029422,-0.011525,-0.01061,-0.009722,-0.002975,-0.005371,-0.01416,-0.000548,0.020521,0.0037,0.013376,-0.001701,-0.00905,0.023899,-0.000116,0.011759,0.014542,0.003442,-0.008885,-0.004256,-0.018634,-0.002613,-0.012051,0.011373,-5.8e-05,-0.00169,-0.030409,-0.006682,-0.010242,0.007041,0.012829,0.010325,-0.007071,-0.00359,-0.007027,-0.005443,0.001824,-0.006131,-0.016796
MERCADOLIBRE INC,0.021305,0.014082,0.001043,-0.036264,0.002035,0.011063,0.005442,-0.005183,-0.015572,0.02352,0.014579,-0.001721,-0.016266,-0.001287,0.046157,-0.103775,-0.011778,-0.001671,-0.017388,0.01001,0.010938,-0.032659,-0.021018,-0.001113,0.002851,-0.011399,0.023022,-0.001137,0.003274,0.006868,-0.039558,0.006362,0.006885,0.006187,0.017562,0.010478,-0.013944,-0.008135,-0.009633,-0.007021,0.011237,-0.010752,-0.004979,-0.011409,0.009349,-0.00875,0.00432,-0.011378,0.02,-0.042068,-0.019569,-0.012713,-1.4e-05,-0.019752,-0.010086,0.008699,0.019565,-0.017921,-0.004504,0.03092,0.023016,0.014141
INTERCONTINENTALEXCHANGE GRP INC,0.018849,-0.00794,-0.015152,-0.003314,0.013853,0.047158,0.010215,-0.000221,-0.007751,0.01674,0.001683,0.00168,-0.005032,0.001906,0.019021,-0.006533,-0.003396,0.005221,0.001515,-0.003025,0.001084,-0.003608,0.009778,7.2e-05,-0.00416,-0.001368,-0.012188,0.000146,0.003504,-0.011421,-0.00598,-0.001783,0.008185,0.004428,0.014695,-0.013541,-0.003083,0.009646,-0.001021,0.003285,-0.002911,0.00343,-0.0008,-0.005022,0.008559,-0.007181,-0.013296,-0.015697,0.004062,0.000524,-0.022538,-0.004903,0.006467,0.001836,0.001756,0.003353,0.005165,0.001814,-0.005657,-0.00091,-0.006986,-0.015446
CANADIAN PACIFIC KANSAS CITY LTD,0.033553,0.001082,-0.003483,0.015789,0.012696,0.001406,-0.001872,-0.010901,-0.016947,0.021459,0.011802,-0.004083,-0.006325,0.007426,0.009711,0.002549,0.000809,-0.006121,-0.013247,0.00106,0.014939,-0.000464,0.001044,0.014943,0.026592,-0.002779,-0.000557,0.010597,0.00872,-0.017945,-0.00078,0.002119,-0.022143,0.020369,0.00368,-0.008,-0.021169,-0.001488,0.015356,-0.003278,-0.003176,-0.009785,0.005745,-0.006626,0.006096,0.010517,0.009502,-0.012999,-0.016235,-0.006924,-0.006159,-0.014617,-0.004035,0.000119,0.008816,0.020548,0.015043,-0.066006,0.001953,-0.004994,-0.010162,-0.029932
ILLINOIS TOOL WORKS INC,-0.020506,0.001996,-0.007225,0.005822,-0.006258,0.001653,0.004872,0.00262,-0.018329,0.009534,0.010664,-0.01133,0.006616,0.009585,0.002403,0.005644,-0.001461,0.006776,0.004436,-0.00198,-0.007477,-0.004305,-0.004593,0.009229,0.004688,-0.001147,0.002297,0.004202,-0.000799,0.008566,0.007549,-0.007718,0.00555,0.009087,0.005879,-0.006178,-0.010422,-0.001392,0.015519,0.000447,-0.011553,-0.004901,0.001061,-0.009197,0.004431,-0.003423,0.002061,-0.012529,-0.006209,-0.016183,0.001262,-0.010322,-0.006648,-0.002845,0.006551,-0.001996,0.00272,0.004469,-0.014299,0.000484,0.003867,-0.020583
ZOETIS INC,0.007082,-0.000529,0.005978,0.031393,0.004843,-0.006799,0.00802,-0.003193,-0.067111,0.003215,0.030259,-0.006644,-0.009767,0.00981,0.043954,0.002797,-0.000862,0.009947,0.004724,-0.008052,-0.037866,-0.015512,-0.014,-0.009178,-0.011006,0.003581,0.007301,-0.011663,-0.028233,-0.013335,-0.007534,-0.010894,0.013299,-0.01139,-0.015615,0.003446,-0.006454,-0.012753,0.017143,0.004154,-0.012943,-0.012035,-0.012363,0.015647,0.002054,-0.001025,0.008751,-0.023573,-0.00288,-0.078351,-0.0014,0.0217,-0.007058,0.010544,-0.043172,-0.006553,0.027621,0.008826,0.016437,0.032994,0.00808,-0.00288
AMPHENOL CORP NEW,0.013056,0.010154,-0.004543,-0.002136,0.014498,0.005755,0.004101,-0.002469,-0.018566,0.009992,0.014984,-0.00142,-0.008624,0.003728,0.01381,0.009582,0.005862,-0.00148,0.003798,0.008214,0.014372,0.010017,-0.020372,0.007935,0.007601,-0.008442,-0.0048,0.006553,-0.000633,-0.010404,-0.000731,0.004666,0.012592,0.010273,0.020516,8.7e-05,-0.001748,-0.007704,0.017293,0.000434,-0.01127,-0.00868,0.020432,-0.00234,0.019809,-0.006475,-0.014063,-0.001913,0.009759,-0.022092,-0.008207,0.001602,-0.009594,-0.005471,-0.006403,0.01534,0.021455,0.017942,0.023214,0.012436,0.013611,-0.011136
TRANE TECHNOLOGIES PLC,0.074152,0.022309,-0.017993,-0.005776,0.011842,-0.012764,0.020375,-0.012417,-0.009742,0.012771,0.00055,-0.002894,0.01466,0.001485,0.020646,-0.00163,0.010681,-0.004599,0.000423,-0.002926,0.014221,0.007518,-0.014126,0.008026,0.003877,-0.009045,-0.006775,0.016931,-0.006187,0.021019,-0.001815,0.001235,0.011173,0.012168,0.017648,-0.011846,-0.002198,-0.001168,0.001437,0.001635,-0.011559,0.002629,0.012874,-0.01271,0.024066,-0.002724,-0.008623,-0.008897,-0.004355,-0.000942,-0.010372,0.005955,-0.008592,-0.012044,-0.004455,0.009991,0.013533,0.004744,0.009714,0.017236,-0.012051,0.054776
NORTHROP GRUMMAN CORP,-0.001209,0.000807,-0.009629,0.013317,0.012785,-0.005904,0.0082,-0.007584,-0.011739,0.000448,0.008132,0.002133,0.006542,0.013417,-0.006413,0.012953,-0.003817,-0.002134,0.001287,0.00451,-0.013275,0.011387,-0.003956,0.006132,-0.010129,0.006792,-0.000544,-0.000893,-0.001329,0.005739,0.001931,0.001386,0.011008,0.006995,-0.006925,0.002695,0.001216,0.001257,0.015854,0.002723,-0.015272,-0.010587,-0.020049,0.005405,-0.010838,0.004092,-0.003725,0.007148,-0.000175,-0.003757,-0.010568,-0.002083,0.003775,0.000995,0.022276,0.018159,0.007856,-0.000232,0.028426,-0.015592,0.01201,-0.002447
FREEPORT MCMORAN INC,0.012346,-0.001991,-0.035411,0.038521,-0.024147,-0.027551,-0.019937,0.008833,-0.027328,0.01473,0.028226,0.015163,-0.01777,0.018878,-0.004889,0.007499,-0.023871,0.003418,-0.019654,0.010692,0.003174,0.010282,-0.031315,0.027479,0.043786,0.001005,0.014304,-0.001484,0.07557,-0.002073,0.029778,-0.002914,-0.003372,0.037898,0.004999,-0.024654,0.005543,-0.013671,0.02571,0.024847,0.006593,0.022185,0.025424,-0.008668,0.005897,0.010714,0.026,-0.007407,-0.003535,-0.022073,0.011118,-0.012195,0.008298,0.006825,-0.010965,-0.013304,-0.019612,0.005209,0.024046,0.022267,0.037822,-0.047128
PAYPAL HOLDINGS INC,0.010921,0.00645,-0.014098,0.035262,-0.007377,-0.112429,0.049528,0.020031,-0.030454,0.01047,0.014099,-0.00938,-0.008624,-0.019615,0.015136,0.013882,0.002874,0.01399,0.001496,0.001494,0.003315,-0.00925,-0.02851,-0.002574,0.006538,0.008718,0.018133,-0.000832,0.040313,0.008807,-0.002381,0.021957,-0.018994,0.032376,0.016756,-0.020714,0.01899,0.010152,-0.0015,0.006309,-0.029258,-0.00569,0.010516,-0.012244,0.009452,0.018266,0.009949,-0.016717,-0.001214,-0.018389,-0.016721,-0.00126,-0.00268,-0.018337,0.003382,0.014123,0.019623,0.006363,-0.011413,0.029017,0.015616,0.013883
MCKESSON H B O C INC,0.003921,0.005181,0.006918,-0.002107,0.019946,-0.044006,0.014406,-0.013703,0.02081,-0.007072,0.008939,0.010639,-0.008453,0.001342,0.005676,0.01164,0.005734,-0.000424,0.009056,-0.003151,0.008573,0.015783,-0.010015,-0.007148,0.006533,-0.002025,-0.001422,0.008696,-0.020763,0.017589,0.008085,-0.007365,0.008741,-0.006719,0.006463,-0.003014,-3.8e-05,0.006647,0.005913,-0.004469,-0.000671,-0.006002,0.012789,-0.009813,0.007405,-0.012102,-0.0093,0.00514,-0.012491,-0.000688,-0.000631,0.010848,-0.004599,-0.013519,0.011604,0.004744,0.008875,0.006429,0.008442,0.006223,-0.013271,0.002089
AIRBNB INC,0.016304,0.00041,-0.012078,-0.001727,0.020895,0.020264,-0.019563,0.042041,-0.019376,-0.017372,0.064035,-0.032849,-0.028588,0.007357,0.040338,-0.016746,-0.022206,0.018691,0.00901,0.026331,0.014288,-0.010205,0.007844,0.028494,-0.002014,0.008377,-0.011643,0.022578,-0.01146,0.010197,-0.034847,0.007595,-0.000433,0.018048,0.021067,-0.001903,0.000774,-0.003572,-0.005855,-0.008713,-0.009639,-0.019955,-0.004809,-0.003138,0.018446,-0.009272,0.014912,-0.014632,0.032069,-0.036574,-0.023656,0.006812,0.010915,0.010924,-0.031793,0.010322,0.027712,0.011743,0.001044,0.007484,-0.012056,-0.022681
PARKER HANNIFIN CORP,0.076814,0.020353,-0.002919,0.005267,0.005219,0.005387,0.011387,-0.006099,-0.012679,0.020093,-7.7e-05,-0.003468,-0.001019,0.008046,0.01201,0.002019,-0.00049,0.001281,-0.000734,0.008191,0.004389,-0.004258,-0.014024,0.006117,0.01553,-0.003948,-0.002438,0.004179,0.002378,-0.006135,-0.001548,0.001569,0.004811,0.014142,0.025949,-0.010256,-0.007857,-0.002489,0.016188,-0.00405,-0.0086,-0.006479,0.020331,-0.005228,0.019833,-0.001306,-0.008093,-0.010653,0.000756,-0.009842,-0.012629,0.001417,-0.006561,-0.004588,-0.006393,0.009483,0.019788,-0.007358,0.005546,0.007754,0.001445,-0.017189
FERRARI N V NEW,0.125838,-0.026191,-0.020013,0.018485,0.006631,0.010786,0.019239,-0.013527,-0.026882,0.014887,0.017388,0.000334,0.003134,0.030273,0.023815,0.010247,0.007835,0.004722,0.017208,-0.008844,0.001365,-0.027695,-0.005102,0.012565,0.012289,-0.002395,-0.018396,0.026634,-0.003656,-0.0049,0.009896,0.004687,0.016013,0.0018,-0.006979,0.005057,0.01454,-0.003685,0.002717,-0.007332,-0.009611,-0.028165,-0.000191,-0.013063,0.011666,0.011197,-0.007201,-0.001617,0.001334,-0.023741,0.001291,0.000998,0.011329,-0.008125,-0.009621,0.010324,0.03527,-0.010383,-0.019318,0.024866,-4.7e-05,-0.015955
TRANSDIGM GROUP INC,0.019219,0.009051,0.010073,0.004863,0.00562,-0.016077,-0.007691,-0.009572,0.011802,0.022161,0.009293,-0.009846,0.011009,0.004607,0.024563,0.005818,-0.010409,-0.0111,-0.001891,0.004898,0.004695,-0.008333,-0.011428,0.007483,0.005142,-0.008257,-0.011374,0.027254,0.003609,-0.001263,-0.011553,0.007507,0.016867,0.011708,0.014321,-0.000958,-0.006327,-0.000245,0.00874,-0.001783,-0.014339,-0.008336,0.02051,-0.019658,0.025673,-0.001611,-0.014076,0.003273,0.012312,-0.011782,-0.010554,0.012961,0.002085,-0.009953,-0.021261,0.011139,0.034532,-0.000628,0.012049,0.002045,-0.000342,-0.008493
VANGUARD STAR FUNDS,0.009303,-0.006957,-0.004378,0.010554,0.000174,-0.00261,0.004188,0.002954,-0.017672,0.012346,0.009756,0.00207,0.003099,0.00103,0.010288,0.000509,-0.002205,0.00187,-0.007297,0.002222,0.011428,-0.003035,-0.003721,0.012903,0.009554,-0.002822,-0.00333,0.008102,-0.001409,-0.006306,-0.001111,0.000168,0.000336,0.010735,0.000166,-0.003816,-0.000833,0.0,0.005501,-0.000332,-0.001824,-0.004154,0.004338,-0.006811,0.00368,0.004999,0.002653,-0.014057,0.003522,-0.017383,-0.004593,-0.011278,0.000691,0.000173,-0.000345,0.010365,0.009574,-0.001355,-0.001865,0.008155,0.006235,-0.013566
THOMSON REUTERS CORP,0.02032,-0.004155,-0.011125,-0.000402,-0.001206,0.045878,0.017316,-0.025657,-0.013652,0.029387,0.013637,0.007669,-0.012976,-0.004567,0.007518,0.001012,0.005054,-0.00968,-0.004697,0.00625,0.009506,-0.004081,-0.010716,0.003441,-0.005652,0.000639,0.010275,0.001327,-0.013312,0.005179,0.000891,-0.003813,0.003062,0.002798,-0.008626,0.00032,-0.004861,-0.003278,0.005545,-0.000769,-0.003401,-0.016549,-0.001899,-0.001902,-0.00138,0.013361,0.003702,-0.008865,0.00901,-0.014041,0.001116,-0.001704,0.003677,-0.013477,-0.00378,0.01844,0.003922,-0.00625,-0.000393,0.011994,-0.005117,-0.01634
SCHLUMBERGER LTD,0.00616,0.0,-0.009184,-0.005458,-0.011664,0.007165,-0.014857,0.022515,-0.011633,0.003573,0.017382,-0.000206,-0.001029,0.014221,0.001016,-0.008932,-0.005326,-0.002059,-0.006191,0.00353,0.021105,0.001418,0.004856,0.007451,0.014991,-0.007483,0.022421,0.000776,0.019391,0.012555,-0.006763,0.010592,0.019652,-0.001468,0.000735,-0.008266,0.005927,-0.004419,0.015351,-0.001639,0.00748,-0.009779,0.003292,-0.010755,0.014004,-0.01799,0.002406,0.000554,-0.00369,-0.037037,-0.006346,-0.005032,-0.011671,0.002559,-0.021398,-0.00682,0.000808,-0.00888,0.00672,-0.004854,0.000203,-0.035155
BECTON DICKINSON & CO,0.014824,-0.021292,-0.008938,0.015357,0.003352,0.005136,0.012629,-0.001559,-0.017669,-0.001924,0.005658,0.003334,-0.000415,0.019363,-0.00693,0.01059,-0.018197,-0.001986,-0.008664,-0.015053,-0.001019,0.001445,-0.009336,0.00921,0.012606,0.009595,-0.001667,-0.007015,0.004121,-0.006826,-0.00194,0.004267,0.010601,-0.009865,0.015765,0.019162,-0.018599,0.000869,0.019224,0.003732,-0.01374,-0.012416,0.010663,-0.002217,0.012837,-0.018077,0.01692,-0.019609,-0.001577,-0.022609,-0.001914,-0.015806,0.005195,0.004048,0.00416,-0.001025,0.002052,-0.002261,-0.014327,0.004643,0.008162,0.004969
MOODYS CORP,0.026783,-0.007304,-0.006532,0.00267,0.017083,-0.01692,0.018015,-0.01007,-0.079434,-0.007448,0.018446,-0.006644,0.012299,0.001439,0.018331,0.009453,-0.013982,-0.006445,0.005799,-0.001158,0.006905,0.001204,0.0,0.017072,0.006555,-0.011671,-0.005581,0.010602,0.000231,-0.014421,0.001956,-0.000208,0.008123,0.007774,0.013864,-0.020171,-0.00276,0.011253,-0.00174,0.007149,0.002188,-0.006829,0.00317,-0.002217,0.002298,0.009173,0.004595,-0.033753,-0.002367,-0.01666,-0.009598,-0.007523,0.012624,-0.002158,0.000187,0.012251,0.007673,-0.002512,-0.015818,0.002532,-0.004015,-0.011452
EQUINIX INC,0.019957,-0.003379,-0.00837,0.001913,0.010406,0.010157,0.000503,-0.006754,-0.020353,0.000156,0.050624,-0.021418,-0.00174,0.011688,0.018607,0.001669,-0.005293,-0.000353,0.021557,-0.00342,0.013175,0.01458,-0.019821,0.012384,-0.00064,0.004459,-0.018174,-0.000839,-0.028651,-0.002894,-0.016572,0.012065,-0.018672,-0.023325,-0.016051,-0.013146,-0.01055,0.009527,0.019048,0.01229,-0.03063,-0.009224,-0.004743,-0.009976,0.004315,0.004819,0.016557,-0.031539,-0.002771,-0.012626,-0.026098,-0.002647,-0.010214,0.007202,0.011016,0.009011,0.009487,-0.006641,-0.024431,-0.009128,-0.007203,-0.020968
CROWDSTRIKE HOLDINGS INC,0.023487,0.01403,-0.003558,-0.001256,0.051869,0.016552,0.019502,-0.024443,0.003579,0.037557,-0.009475,-0.006458,-0.016796,-0.096846,0.063449,0.001865,0.030627,0.000561,-0.000841,0.010002,-0.029462,-0.002511,-0.051783,0.107575,0.000334,-0.020717,-0.016974,0.037496,0.008807,-0.010778,-0.03938,0.017139,-0.000623,0.018731,0.007924,-0.005706,-0.008609,0.016166,-0.023515,-0.005151,-0.003119,-0.000125,0.001533,-0.033902,0.020408,-0.00561,-0.009435,0.005663,0.016862,-0.027533,-0.030901,-0.001169,-0.018252,0.001396,-0.038966,0.023033,0.036313,-0.006775,0.001344,0.020301,-9.9e-05,-0.037824
MARRIOTT INTERNATIONAL INC NEW,0.016435,0.005951,-0.003631,0.00217,0.012992,0.006615,-0.010257,0.007368,-0.055859,0.001915,0.021666,0.00474,0.005422,0.003828,0.024491,0.008704,-0.008987,-0.000762,-0.000161,0.003534,0.00052,-0.01032,0.001859,-0.003147,-0.000769,0.013649,-0.007232,0.008935,0.002872,-0.013564,-0.015847,0.018233,0.005231,0.016932,0.004802,-0.000431,-0.011953,0.000278,0.005472,-0.00493,-0.003884,-0.014284,0.011504,-0.006784,0.02025,0.002954,0.001021,-0.002314,0.016513,-0.028969,-0.010555,-0.011232,-0.029151,-0.009058,-0.00127,0.005975,0.009604,0.018232,-0.008686,-0.004547,-0.001453,-0.01813
STELLANTIS NV,0.040073,0.010508,-0.022097,0.020381,0.020842,0.022969,0.014969,0.003687,-0.020816,0.016674,0.065601,-0.011543,-0.011289,0.009055,0.025751,0.008368,-0.012825,-0.000382,0.000765,0.003056,0.008759,0.000755,0.010562,0.014184,0.013986,-0.009074,0.010256,0.021755,-0.014904,-0.009366,0.036364,-0.000702,0.011938,0.018737,-0.005109,-0.001027,0.007539,-0.02381,0.010105,-0.023801,-0.00212,-0.02585,-0.016721,-0.017375,0.002257,0.010511,0.012259,-0.011009,0.002597,-0.03997,0.011951,-0.017143,-0.000388,-0.001551,0.000777,0.017915,0.01546,-0.004006,-0.010459,0.005691,0.007276,-0.105136
CINTAS CORP,0.021453,0.00285,-0.005942,0.003687,0.006037,-0.007175,0.001718,-0.007327,-0.012596,0.013301,0.013629,-0.010241,-3.2e-05,0.00654,0.013642,0.009568,0.001327,-0.009133,0.004091,-0.003345,-0.000398,0.0014,-0.006118,0.000656,0.004123,-0.00479,-0.001471,0.003603,-0.005457,0.0103,-0.003684,-0.003857,0.004336,0.011662,0.011292,-0.004314,-0.005834,-0.003555,0.082476,0.002027,-0.009447,-0.007053,0.004602,-0.021124,0.013815,0.005537,0.000443,-0.009975,0.000253,-0.004053,-0.005521,0.002768,0.002925,-0.00908,-0.001736,0.00561,0.002,-0.003302,0.001686,0.001473,-0.0006,-0.011249
BROOKFIELD CORP,-0.011845,-0.00102,-0.015828,0.028534,0.002522,0.019623,0.007649,0.002938,-0.045654,0.014326,0.022194,-0.004441,0.001487,-0.011383,0.029036,0.003405,-0.011879,0.011531,-0.008004,0.009046,0.006542,-0.004815,-0.002177,0.008727,0.0149,-0.013261,0.009599,0.002377,-0.001663,-0.021894,-0.002433,-0.000488,0.004148,0.023815,0.004747,-0.012993,-0.007898,-0.010615,0.013899,0.006974,-0.016241,-0.017723,0.00692,-0.01571,0.005486,0.005208,0.01431,-0.046947,0.013783,-0.010574,-0.007888,-0.006925,0.00749,-0.011023,0.010627,0.015902,0.019187,0.003963,-0.007402,0.018146,0.001953,-0.022417
N X P SEMICONDUCTORS N V,0.011588,0.009295,0.028048,0.008958,-0.007309,0.029182,0.025106,0.013402,-0.019478,0.008144,0.002265,-0.009936,-0.003489,0.01716,0.017763,-0.002714,0.020682,0.007958,-0.007122,0.023568,0.031154,-0.012466,-0.022965,0.011229,0.031005,-0.027062,0.004999,0.016463,-0.025169,-0.028887,-0.025397,-0.003873,-0.001014,0.024977,0.020061,-0.007233,-0.01633,-0.005326,0.026688,0.009493,-0.006014,-0.022373,0.012917,-0.019313,0.007693,0.016223,0.028213,-0.042688,0.013481,-0.043875,-0.014982,0.002477,-0.0163,-0.03336,-0.019284,0.016456,0.031785,0.041798,0.012934,0.019405,0.018253,0.036661
MARATHON PETROLEUM CORP,0.011655,-0.007163,0.028798,-0.02618,0.017703,0.000531,0.001709,-0.006354,0.005862,0.0,0.008418,-0.007589,-0.028792,0.010713,0.010238,0.010671,0.017105,-0.007597,-0.023199,0.012383,0.023518,0.003118,0.008173,5.7e-05,0.021635,0.003241,0.010359,-0.001158,0.042439,0.000476,0.025717,-0.001857,0.015971,0.006003,0.007383,0.004819,-0.001699,-0.01226,-0.001976,0.022895,0.014442,0.034098,0.016936,0.006001,0.013318,-0.009812,-0.022398,-0.004243,0.004971,-0.016488,-0.008382,-0.015264,-0.006867,-0.036748,0.006974,0.009522,0.007062,-0.002554,0.001858,-0.005614,0.010686,-0.093711
C S X CORP,0.016246,0.006891,0.005475,0.007895,-0.00081,0.002163,-0.004856,-0.000542,-0.007052,0.010653,0.0,-0.007568,0.003813,0.006511,0.021294,0.011613,-0.003913,-0.005762,-0.004215,0.0069,0.007644,0.003924,-0.003387,-0.004183,-0.004463,0.00712,-0.003928,-0.005783,-0.001058,-0.019852,-0.00162,0.009197,-0.008845,0.017036,0.006913,-0.013731,-0.013655,-0.019273,0.019651,0.006243,-0.007823,-0.007341,-0.002465,-0.008237,0.004983,-0.006887,-0.002774,-0.015021,0.000565,-0.00254,-0.005659,-0.008537,-0.019518,0.006733,-0.001454,0.008154,0.002889,-0.030242,0.010692,-0.001175,-0.001177,-0.021502
BANK MONTREAL QUE,-0.000743,-0.006801,-0.01348,-0.001735,-0.003259,0.001417,0.008272,0.012845,-0.034637,0.02208,0.021495,-0.004018,0.004353,-0.003171,0.00509,0.001477,-0.010957,-0.037175,-0.009514,0.010834,0.002873,0.006831,0.000985,0.010933,0.015248,0.001598,0.004254,0.001059,0.010579,-0.018424,0.000853,0.000746,0.001278,0.022225,0.003225,-0.009851,0.002095,0.002926,0.004272,0.013488,-0.000717,-0.011987,0.00477,-0.002993,0.005589,0.009058,0.003366,-0.028365,-0.007952,-0.01888,-0.002903,-0.017143,-0.002194,0.00055,0.012416,0.009225,0.008926,-0.010446,-0.001292,-0.007619,-0.00748,-0.010085
ECOLAB INC,0.009131,-0.003499,-0.018964,0.022501,0.015254,-0.000542,-0.000838,0.001283,0.089664,-0.019034,-0.002304,-0.005035,0.004689,0.002495,0.012861,0.011924,-0.009265,0.008217,0.013148,-0.000756,0.00298,0.001729,-0.011023,0.000582,0.004608,-0.004943,0.001969,-0.001519,0.007246,-0.001554,0.008317,0.008778,-0.003419,0.005586,0.000919,0.001967,-0.009596,0.005109,0.015467,-0.003711,-0.012863,-0.002106,0.003561,-0.016122,0.014115,-0.004215,-0.004409,-0.016121,-0.006302,0.004258,-0.011954,0.006118,-0.005128,-0.000182,-0.00479,0.005271,0.001596,0.005099,-0.004484,0.00596,0.002578,0.02021
FEDEX CORP,0.002735,0.001695,-0.016711,0.012631,0.003357,-0.001569,0.003599,0.007501,-0.032932,0.001861,-0.001309,0.004524,0.008207,0.007807,0.011391,-0.002867,-0.009611,0.001161,0.012303,0.018824,-0.009519,0.000689,0.007902,-0.001287,0.007407,-0.005195,0.020268,0.006015,0.003934,0.001215,-0.008766,-0.000434,0.013587,0.013132,0.018693,0.073513,-0.006155,0.02272,-0.003841,0.006461,-0.033168,-0.017278,0.011624,-0.010701,-0.007223,0.007495,0.002903,-0.021963,0.006955,-0.016092,-0.003958,-0.006748,-0.007058,0.00114,0.013745,0.011836,0.005923,-0.020902,-0.002067,0.001205,7.5e-05,-0.015346
U S BANCORP DEL,-0.015648,-0.001223,-0.01812,0.0,-0.004738,0.011526,-0.004706,0.02215,-0.027758,0.014275,0.025926,-0.001444,-0.008436,-0.007778,0.012984,0.000242,-0.012573,0.012977,-0.003626,0.017952,-0.012869,0.030903,0.012881,-0.003699,0.005802,-0.001846,0.00601,-0.007123,0.006017,-0.025765,-0.006375,0.009268,-0.005887,0.02937,0.02278,-0.019348,-0.000918,-0.000459,0.022054,0.015909,-0.016779,-0.016382,-0.002776,-0.004407,0.002563,0.016035,0.005032,-0.043468,-0.002617,-0.008111,-0.003367,-0.010618,-0.036098,-0.002024,0.025609,0.014833,-0.001949,0.015621,-0.0149,0.003171,0.004134,-0.015985
PIONEER NATURAL RESOURCES CO,-0.005569,-0.004725,-0.005759,0.008357,-0.001272,0.017562,-0.019589,0.00933,-0.011032,-0.006437,0.027513,8.6e-05,-0.010494,0.020075,0.00077,-0.006156,0.006366,-0.000898,0.004535,0.001618,0.019729,-0.010832,0.010865,0.011844,0.005499,0.008866,0.004599,-0.00511,0.009614,0.01929,-0.002036,0.007961,0.009486,-0.001258,0.005551,0.000392,0.010488,-0.005267,0.012264,0.009615,0.005562,0.020799,0.001039,0.000408,0.010895,-0.008322,0.006543,0.011165,-0.002107,-0.014341,-0.006647,-0.006468,0.001983,0.000672,0.008732,0.011838,0.006289,0.001054,-0.001343,-0.022824,0.017592,-0.015643
EMERSON ELECTRIC CO,0.02213,0.002346,-0.006172,0.009208,0.104286,-0.016428,0.008009,0.010465,0.003836,0.014903,-4.7e-05,0.004162,-0.012718,0.001527,0.003144,0.005889,0.002644,-0.000565,-0.005371,0.012221,0.012073,0.012669,-0.004475,0.007155,0.004372,-0.001179,-0.004539,0.008664,-0.00226,0.000544,0.00163,0.00425,0.002071,0.006559,0.005178,-0.001332,-0.006403,0.001969,0.013399,-0.000264,0.001058,-0.002378,0.002384,-0.004404,0.01327,0.001135,-0.003663,-0.001488,-0.004909,-0.007664,-0.007901,-0.002416,-0.015069,-0.004553,-0.006678,0.00046,0.010494,-0.001366,-0.000182,0.002646,-0.001183,-0.018039
APOLLO GLOBAL MANAGEMENT INC NEW,0.001494,0.025659,-0.001261,0.014272,0.013688,0.014259,0.023462,-0.009552,0.009093,0.024575,0.013147,-0.007979,-0.027593,-0.00292,0.020406,0.000897,-0.006541,-0.000541,0.008753,8.9e-05,-0.007066,0.003153,-0.017511,-0.005575,0.019393,-0.019475,9.2e-05,0.01085,0.000364,0.000273,0.003636,-0.001177,0.004171,0.017157,0.016779,-0.017026,0.007461,0.004144,-0.002722,-0.009949,0.000178,-0.016982,0.018361,-0.013411,0.032319,0.012122,-0.036102,0.021007,-0.010506,-0.025571,-0.023154,0.002324,-0.003153,-0.001768,0.003075,0.027595,0.028662,-0.009229,-0.007452,0.003039,-0.011674,-0.022811
ALIBABA GROUP HOLDING LTD,0.004018,-0.008418,0.038692,0.048238,-0.058673,-0.038838,0.017519,0.015551,-0.021056,0.025,0.005859,0.001219,-0.010418,0.033361,0.007145,-0.002102,0.007241,0.015292,-0.039779,-0.007508,0.00797,-0.035111,0.000972,0.022756,-0.015873,0.013923,0.017811,0.01603,0.004339,-0.039141,0.000272,0.001362,-0.00136,0.010351,-0.004718,-0.023026,-0.009289,0.00028,0.001539,0.010756,0.013958,-0.006679,-0.006037,-0.006764,-0.00403,0.000698,0.01785,0.021921,0.003486,-0.047562,-0.009398,-0.014302,-0.011349,0.000872,0.002758,0.02331,0.025891,0.029237,0.006432,0.005858,0.011383,-0.020416
AON PLC NEW,0.005261,-0.025333,0.014398,0.014227,0.00349,0.017557,0.017514,-0.008094,0.008096,-0.013022,0.019127,-0.009956,0.013687,-0.013376,0.013107,-0.000127,-0.002823,0.003053,0.007197,-0.005257,-0.00557,0.005665,-0.002563,0.005996,-0.001261,0.000189,0.003852,0.00824,-0.000967,0.000624,-0.004649,0.002477,0.00935,0.010224,0.00138,0.000827,0.002417,0.007143,0.01173,-0.00021,-0.012376,0.000152,-0.015684,-0.029895,0.013407,0.002665,-0.001376,-0.010645,-0.015823,-0.009646,-0.009156,-0.003703,0.002434,0.012829,0.004827,0.002676,0.002701,-0.009716,-0.009164,-0.068529,-0.013999,0.005853
P N C FINANCIAL SERVICES GRP INC,-0.038159,0.018496,-0.015527,0.023726,-0.007502,-0.00162,-0.001082,0.009271,-0.026016,0.017968,0.011902,-0.005213,-0.014444,-0.000886,-0.008051,0.005021,-0.008691,0.007594,-0.001781,0.010364,0.004144,0.040119,0.008976,-0.030557,0.000399,-0.000731,0.016697,-0.01217,0.011525,-0.027698,0.001953,0.005512,0.003409,0.024649,0.026006,-0.014575,-0.003022,-6.4e-05,0.031865,0.010189,-0.010272,-0.015006,-0.002539,-0.001655,0.003123,0.022813,0.002734,-0.039467,-0.006128,-0.012331,-0.007104,-0.020193,0.004845,0.004346,0.02982,0.023835,0.010774,0.002855,-0.011135,-0.001216,-0.002114,-0.016177
ENTERPRISE PRODUCTS PARTNERS LP,0.001495,-0.005224,-0.012378,-0.003798,0.000763,0.0,-0.000762,0.010675,-0.004527,0.011368,0.01124,0.009633,0.006606,0.007291,-0.00181,0.003626,-0.009754,0.007297,-0.007968,0.002191,0.010929,-0.003604,0.007233,0.005386,0.003571,-0.003559,0.005714,0.011009,0.010537,-0.004519,0.0,0.004539,0.002781,0.004853,-0.006899,0.002431,0.003119,0.0038,-0.000344,0.004475,0.006511,0.012938,0.00437,-0.003681,-0.001344,-0.008745,-0.007126,-0.003759,0.002401,-0.005818,-0.018589,-0.006314,0.002118,0.001761,0.014065,0.005548,-0.003103,0.004843,-0.004131,0.004494,0.001549,-0.017838
PHILLIPS 66,0.008593,-0.00055,0.012168,-0.009033,0.004249,0.001979,-0.007901,-0.008307,0.004915,0.000344,0.007988,-0.010316,-0.018566,0.017075,0.021386,0.003342,0.008157,-0.020026,-0.02821,0.008992,0.011859,0.000416,0.012755,0.004586,0.016625,0.000871,0.001004,0.005887,0.027266,-0.000583,0.03012,-0.014274,0.001467,0.011275,0.002016,0.002326,-0.018752,0.000895,0.01507,0.027554,0.0,0.037652,0.018998,-0.011754,0.00041,-0.012884,-0.01863,-0.001511,0.001514,-0.017653,-0.010278,-0.018281,-0.00399,-0.025056,0.009132,0.015125,0.011398,-0.00661,-0.003486,-0.037077,0.000859,-0.054969
REPUBLIC SERVICES INC,0.015837,-0.000978,-0.002361,0.002482,0.005067,0.000458,-0.006585,-0.008588,0.020988,0.017824,0.006266,0.003169,-0.002328,0.0075,0.010862,0.009,-0.000595,-0.001893,0.00775,-0.012638,0.000218,0.007079,-0.00638,0.000218,0.001088,0.001033,0.000434,0.006349,0.002427,0.002367,-0.000107,0.006817,0.003039,-0.00186,0.007029,0.00735,-0.004094,-0.000211,0.009647,-0.000418,-0.005615,-0.004794,0.001694,-0.012999,0.008673,0.000637,0.001485,0.004714,-0.002689,-0.007189,-0.003088,0.001282,0.007841,0.000106,0.004181,0.01054,-0.005997,0.00724,0.008177,-0.008473,0.007764,-0.008841
O REILLY AUTOMOTIVE INC NEW,0.018279,0.005337,0.007935,-0.003562,0.014413,-0.043289,0.004888,0.000556,0.012539,0.009661,-0.001334,0.003006,-0.014671,0.003998,0.014465,0.003043,0.003828,0.01853,0.010363,-0.005069,-0.001812,-0.006882,0.001568,0.001834,0.007193,-0.004801,0.00178,0.007798,0.006212,0.014073,-0.003331,0.000584,0.018674,0.009395,0.015411,0.003947,-0.026089,-0.002014,0.000652,-0.005848,0.00124,0.008785,-0.006367,-0.02941,0.016306,-0.009234,-0.010386,-0.002409,-0.00924,-0.006011,-0.006707,0.018929,0.004855,0.005718,-0.009191,0.000477,0.000815,0.00032,-0.035298,-0.009676,-0.0066,-0.022931
OCCIDENTAL PETROLEUM CORP,-0.004343,-0.004885,-0.001052,0.010355,0.000868,0.007463,-0.009991,0.009744,-0.007238,-0.005381,0.04904,0.006821,-0.015863,0.015279,0.000992,-0.008426,0.007498,0.00215,-0.005611,0.005808,0.012374,-0.011082,-0.001648,0.008419,0.002946,-0.004095,0.011842,-0.006177,0.015048,0.008379,0.001119,0.008779,0.013608,-0.004215,0.002195,-0.001877,0.011597,-0.019055,0.013898,0.012305,0.021388,0.013257,0.00669,-0.001182,0.023954,-0.007509,-0.002619,0.005689,0.004642,-0.00361,-0.009709,-0.022242,-0.012571,0.000909,0.008934,0.005553,0.005821,-0.00089,0.008169,-0.001473,0.006639,-0.030632
CONSTELLATION ENERGY CORP,0.046148,0.016297,-0.020662,0.031331,0.011373,-0.013434,0.011092,-0.027692,-0.004669,0.005942,0.021994,-0.002586,0.00488,-0.003035,0.015145,0.004498,-0.005747,0.169194,0.096752,-0.013932,0.009142,0.035296,0.004432,0.018159,-0.000264,-0.050173,-0.015595,0.00274,-0.003029,-0.019183,0.005345,0.020058,0.021144,0.01914,-0.008992,0.023603,0.050606,-0.009879,-0.002805,-0.000216,0.006113,0.01156,0.011322,-0.03758,0.054448,-0.005697,-0.02021,0.015843,0.00942,-0.006273,-0.032713,0.006742,-0.006697,-0.008306,-0.016099,0.012825,0.027453,-0.011102,0.009938,0.001915,0.001274,-0.014156
MARVELL TECHNOLOGY INC,-0.01226,0.00987,-0.007552,0.000895,0.034138,0.023785,-0.030836,0.0231,-0.032519,0.012183,-0.022042,-0.017052,-0.018857,0.00738,0.066392,-0.032775,0.015389,0.007432,-0.023,0.061001,0.083031,0.02242,-0.007813,0.033532,0.045717,-0.113644,-0.040573,-0.008154,-0.057684,-0.022919,0.011955,0.004935,-0.031845,0.007378,0.016021,-0.000751,-0.006312,0.032365,0.059332,-0.019776,0.032731,0.005328,-0.00761,-0.02944,0.024972,-0.010048,0.019744,-0.026043,0.00224,-0.019153,-0.032497,0.005893,-0.026362,-0.018652,-0.04767,0.012072,0.015585,0.015503,0.040555,0.031713,-0.012496,-0.041309
MOTOROLA SOLUTIONS INC,0.017684,0.007597,-0.007081,0.000246,0.007837,0.001281,0.007736,-0.032639,-0.002718,0.000533,0.014121,-0.010528,0.007957,0.00551,0.019149,-0.002326,-0.005208,0.000396,0.007819,-0.002596,0.015648,0.000626,-0.011794,0.017239,-0.009866,0.003621,0.007811,0.00707,0.009576,-2.9e-05,0.004377,-0.012086,0.016969,0.000665,0.009074,-0.001747,-0.001836,-0.000891,0.016685,0.004442,-0.003916,-0.004299,-0.004885,-0.006907,0.01256,-0.000766,0.002642,-0.015611,0.003713,-0.014137,-0.015212,0.004519,0.001176,-0.003084,0.00056,0.016429,0.000927,-0.001273,0.01133,-0.007277,0.003492,-0.024562
BANK OF NOVA SCOTIA,0.01369,-0.010551,-0.014289,0.010169,-0.004926,-0.012914,0.024858,0.008298,-0.023001,0.010583,0.009831,0.002328,0.001478,-0.001898,0.000845,0.004432,-0.006304,0.029605,-0.014582,0.010213,0.00392,0.009453,0.006922,0.004852,0.009054,-0.000399,-0.00399,0.001202,0.005601,-0.015516,0.006264,-0.002209,-0.003019,0.015947,0.003378,-0.005545,0.002788,0.000794,0.015079,0.012119,-0.01231,-0.009929,0.008424,-0.006762,0.0004,0.009007,0.000992,-0.028537,-0.00102,-0.015928,-0.014733,-0.023168,0.005175,-0.001072,0.00365,0.007488,0.004247,-0.010362,-0.01218,0.007138,-0.002577,-0.011628
MONSTER BEVERAGE CORP NEW,0.016721,-0.010547,-0.004155,0.022134,0.00213,0.000531,-0.014693,0.004851,0.004112,-0.005164,0.00537,-0.020474,0.006907,-0.004693,-0.000544,0.003266,0.007777,0.006999,-0.004634,0.058192,-0.005245,-0.004933,-0.010427,0.007255,0.01835,-0.003368,-0.000338,0.011156,0.017218,-0.009039,0.002488,0.005624,-0.004113,-0.006607,-0.004323,-0.006346,-0.006891,0.003892,-0.002023,0.001351,-0.025978,-0.014548,-0.016696,-0.003575,0.002691,-0.004472,0.001797,-0.016861,-0.00146,0.005116,-0.016361,0.010719,-0.008045,-0.014562,-0.005986,0.008656,0.002425,0.011167,-0.021719,0.004139,0.01424,-0.012562
SPOTIFY TECHNOLOGY S A,0.016763,0.01603,0.003506,0.038835,0.038418,-0.003405,0.003167,-0.025294,0.014147,0.025924,0.005488,0.003014,-0.011574,0.006943,0.012363,0.032162,-0.004334,-0.007726,-0.003043,0.016492,0.028626,0.023697,-0.011111,0.003858,0.008656,-0.040503,-0.019083,0.014305,-0.003216,-0.000505,-0.008712,-0.002903,-0.005469,0.035449,-0.007947,0.020451,-0.011436,0.003398,-0.009931,0.01422,0.009587,0.011823,0.082313,0.014361,0.048486,-0.003996,-0.026984,-0.002461,0.011934,-0.010278,-0.033051,0.026022,-0.015097,-0.014919,-0.046231,-0.013015,0.114127,-0.072797,0.0277,0.001972,-0.011568,-0.020263
PACCAR INC,0.016237,0.010782,0.010085,0.000672,0.007963,0.005235,0.003788,9.4e-05,-0.007829,0.016637,0.013031,-0.002684,-0.00334,0.011731,0.017024,0.002353,0.01327,-0.008196,0.000359,-0.00431,0.020741,-0.007951,0.015941,0.012184,-0.009873,0.002799,-0.005408,0.006577,0.010368,-0.006553,0.027081,0.016986,0.005484,0.003719,0.024455,-0.005385,-0.002869,-0.00312,0.011788,-0.00458,-0.006377,-0.012185,-0.009704,0.000913,0.013938,0.002455,-0.027182,-0.004111,0.001601,-0.006056,-0.001185,-0.004067,-0.013698,-0.018718,-0.022591,0.012501,0.006573,0.003706,-0.009847,-0.00586,0.015005,-0.066262
CARRIER GLOBAL CORP,0.016085,0.021407,-0.009158,-0.034661,-0.008838,0.02285,0.017254,0.000536,-0.036938,0.019085,0.019091,-0.036575,-0.010556,0.006363,0.001488,0.0065,-0.00369,0.019259,-0.005087,0.014975,0.015833,0.012221,-0.009799,0.019968,0.031705,-0.025189,-0.015676,0.013301,-0.000691,-0.009506,-0.004537,0.000876,0.024168,0.001197,0.021691,-0.032765,-0.008469,0.002963,0.002433,0.007802,-0.012558,-0.010453,0.002465,-0.019143,0.010564,0.024805,0.004668,-0.020995,-0.004746,0.003886,-0.024279,-0.012622,-0.009313,-0.016037,0.00281,0.001681,0.028348,-0.00671,0.092021,0.011537,0.036529,-0.019455
NOVO NORDISK A S,0.009151,-0.01805,0.040106,-0.005496,0.008928,-0.002275,0.023735,-0.005528,-0.00448,0.027502,-0.012491,0.018563,-0.020644,-0.004282,0.029687,-0.008593,0.000324,-0.010203,-0.005645,-0.014563,0.037238,0.029944,-0.025791,0.000802,0.089539,-0.020968,-0.013752,0.029488,-0.01199,0.008165,-0.016422,0.003928,-0.011438,-0.007688,-0.004066,-0.001084,0.002252,0.00279,-0.010509,0.002733,-0.00662,-0.008546,0.004191,-0.02386,0.015328,0.012713,-0.020399,0.000561,0.003762,-0.007097,-0.004899,-0.003632,0.008749,-0.014294,-0.000326,0.020781,0.026984,-0.019279,-0.002933,0.008427,0.000236,0.011271
CAPITAL ONE FINANCIAL CORP,-0.005616,0.014269,-0.009086,-0.006581,-0.002828,0.010525,0.002881,0.01709,-0.028731,0.011833,0.009252,0.00638,0.001166,-0.017323,-0.003333,0.007134,-0.0076,0.017325,0.005847,-7.3e-05,-0.006104,-0.005703,0.011545,-0.013231,0.014071,-0.003051,0.008963,0.013072,0.002424,-0.008392,-0.027828,0.005312,0.004256,0.035952,0.009946,-0.014108,-0.004321,0.001992,0.026131,0.030309,-0.024112,-0.006125,-0.007894,-0.007957,0.00978,0.002787,-0.002779,-0.024944,0.002858,-0.00513,-0.003151,-0.019902,0.002639,0.035534,0.009038,0.030369,0.004414,0.006558,-0.01948,0.001644,-0.004856,-0.014227
ROPER TECHNOLOGIES INC,0.016406,0.00698,-0.006786,-0.001081,0.006217,-0.006105,0.009022,-0.014448,-0.012705,0.011748,0.011574,-0.004398,-0.002676,0.009024,0.011457,0.002809,-0.01609,-0.001478,-0.006671,0.002355,0.00593,-0.001351,-0.018658,0.005959,0.01131,-0.000677,0.014525,0.002383,-0.010231,-0.00444,0.000493,-0.002174,0.010455,0.003968,0.004007,0.00018,-0.009777,0.006335,0.008567,0.002969,-0.012874,-0.013872,-0.002308,-0.012209,0.010665,0.000405,0.00046,-0.013782,0.00681,-0.00706,-0.014128,-0.002423,-0.000968,0.00152,0.013485,0.008851,0.000946,-0.002984,0.004461,-0.025222,-0.025058,-0.004128
WELLTOWER INC,0.019882,-0.0034,-0.016149,0.000231,0.002658,0.002536,0.007818,-0.001255,-0.003198,0.069898,0.003963,-0.006507,-0.003436,0.015516,0.00191,-0.00437,-0.016594,0.00283,-0.002822,0.003266,0.006076,0.007334,-0.019807,0.00568,-0.000326,-0.000435,0.007609,0.001726,-0.001938,-0.010574,-0.003817,0.0104,0.014735,-0.007154,0.001183,-0.010956,-0.008797,-0.002849,0.019668,0.006897,-0.015518,-0.010979,0.003187,-0.009094,0.014595,0.000327,0.002288,-0.019565,0.001885,-0.006418,-0.007685,-0.008866,0.01574,0.012375,0.005616,0.003176,0.014409,0.008286,0.003202,0.003617,0.015264,-0.00522
VANGUARD CHARLOTTE FUNDS,0.002158,-0.004888,-0.004503,0.003084,-0.00164,-0.002258,0.000412,0.001028,-0.003801,0.006187,-0.000103,-0.002357,0.000308,-0.004314,0.002682,0.003704,-0.001845,-0.001643,0.001029,0.001439,0.001541,-0.000924,0.00565,0.000817,0.001429,0.000815,-0.001426,0.0,-0.00102,-0.003471,-0.000205,0.0,0.00123,0.002047,0.000204,0.004084,-0.002847,0.001224,0.003056,-0.001016,-0.004446,-0.000818,0.001638,0.003066,-0.002853,-0.001022,0.002455,-0.00551,-0.00041,0.00349,-0.004092,-0.002671,0.001236,-0.00144,0.00103,0.001235,-0.001439,-0.004323,-0.00124,0.002691,0.002477,-0.003089
C R H PLC NEW,0.020067,0.00041,-0.008603,0.010882,0.017986,-0.000803,-0.01152,0.000678,-0.019231,0.032174,0.018729,0.01891,-0.000129,0.001289,0.006308,0.012153,0.003792,-0.013221,0.012122,0.06291,-0.008421,-0.000837,-0.022866,0.011394,0.0,-0.016717,0.013798,0.019322,0.009895,0.002361,-0.013718,0.010552,0.006644,0.014498,-0.003602,0.006763,0.006949,0.002991,-0.013532,0.00279,-0.01623,-0.005539,0.013035,-0.011931,0.022848,-0.008218,-0.019956,-0.006311,0.00012,-0.012221,-0.025837,-0.014195,-0.00821,-0.017575,-0.001167,0.007138,0.015335,-0.014723,-0.005539,0.017487,0.003947,-0.01826
3M CO,0.016534,-0.010844,-0.022557,0.011108,0.000853,-0.00682,-0.003219,0.018622,-0.020818,-0.00259,0.015906,-0.012232,0.006247,-0.001198,0.00567,0.003795,-0.008209,0.005228,-0.009101,0.007216,-0.002822,-0.004572,0.01367,-0.001834,0.001081,0.01382,0.001597,0.049654,0.054194,-0.009128,0.018231,-0.001905,0.004962,0.026491,-0.00222,-0.010105,-0.018168,-0.02108,0.019098,0.014151,0.04926,-0.012551,0.00377,-0.028437,0.005412,0.009887,0.007397,0.000216,0.005938,-0.020069,-0.000109,-0.002738,-0.000989,0.005717,0.008636,0.003793,0.004103,-0.010538,-0.006629,0.004595,0.003594,0.047201
ENERGY TRANSFER L P,0.004895,-0.002784,-0.001396,-0.001747,-0.005011,0.000719,0.002157,0.01076,-0.009226,0.010745,0.02197,0.009015,0.006186,0.014344,-0.00404,0.006761,-0.013432,0.0,-0.010892,0.007571,0.023224,-0.00534,0.008054,0.008655,0.00264,-0.010533,-0.001331,0.0,0.005996,-0.003974,0.019947,0.014342,0.007712,-0.001276,-0.00447,-0.001924,0.0,-0.004499,0.003228,0.012227,-0.002543,0.005736,0.013942,-0.011875,0.001898,-0.001263,-0.006321,0.003817,-0.006337,-0.016582,-0.012322,-0.008536,0.008609,0.019698,0.015454,0.003805,0.004422,-0.001887,0.004411,0.001255,0.001253,-0.015645
AIR PRODUCTS & CHEMICALS INC,0.015056,-0.005355,-0.155518,0.000138,-0.012245,0.021033,-0.000318,0.012509,-0.022373,-0.002757,0.045804,-0.000441,0.005466,4.4e-05,0.014906,0.005572,-0.014734,0.010333,0.002934,0.007013,0.008375,0.010212,0.004908,0.014692,0.008515,-0.014521,0.026199,-0.012382,0.009883,-0.008694,-0.00208,0.004006,-0.015431,-0.011868,-0.01448,0.005181,0.003591,0.001137,0.022159,0.003867,0.004747,-0.014707,-0.001001,-0.010392,0.006621,-0.004399,0.008543,-0.015647,0.001441,-0.019979,-0.001598,-0.014709,0.005488,0.01751,-0.005922,0.011742,-0.002773,0.00415,0.001704,0.004254,0.008641,-0.007475
VALERO ENERGY CORP NEW,-0.004392,-0.003182,0.018571,-0.018375,0.024305,0.004392,0.008886,-0.003705,-0.006735,-0.003744,0.006736,-0.017255,-0.03232,0.0157,0.019176,0.012877,0.024792,-0.014543,-0.026367,0.016163,0.012866,0.009911,-0.002695,0.000901,0.031778,0.003355,0.006754,0.001262,0.052412,0.004791,0.027041,0.015822,0.006615,0.013024,0.008315,-0.007837,-0.006779,-0.00736,0.003348,0.017162,0.011424,0.026529,0.017775,0.001331,0.015392,-0.013632,-0.025596,-0.003177,0.007627,-0.01977,-0.016538,-0.009844,-0.010119,-0.028635,0.008616,0.012264,0.009885,-0.003223,0.000778,-0.007958,0.010314,-0.045609
COPART INC,0.024147,0.01687,-0.000799,0.009802,0.00733,0.002163,-0.000981,-0.008446,-0.024762,-0.000203,0.010362,-0.015484,-0.008987,0.007626,0.010636,0.039871,0.021798,0.008,0.003024,0.001319,0.00809,0.009705,-0.004436,0.014111,0.010802,-0.004528,-0.007824,0.012103,0.019206,0.003022,-0.00514,-0.000713,0.003209,0.011196,0.005448,0.003496,-0.004006,0.0007,0.00035,0.01188,0.00259,-0.014121,0.002096,-0.028412,0.014532,-0.004775,0.007285,-0.011642,-0.000535,-0.011071,-0.011376,-0.006758,-0.00662,-0.01518,-0.006015,0.007942,0.018949,0.011416,0.005279,0.009236,-0.000359,-0.02513
NORFOLK SOUTHERN CORP,0.090716,-0.01626,-0.010355,0.013603,-0.005201,0.013969,0.00307,-0.003571,-0.014375,0.007951,0.008245,-0.009043,0.006943,0.015091,-0.005551,0.007104,-0.01341,-0.008132,0.004238,-0.00067,0.016221,0.006525,-0.007022,-0.011502,0.003813,0.016369,-0.004932,0.009835,0.008934,-0.017672,-0.010252,0.001524,0.001483,0.018044,-0.013169,-0.014236,-0.023965,-0.003266,0.018202,0.012514,-0.011261,-0.004921,0.004267,-0.013184,0.006116,0.00092,0.012507,-0.01476,0.00032,-0.015977,-0.000692,-0.010832,-0.014697,0.003886,0.004204,0.013801,0.001717,-0.035955,0.019516,-0.003696,0.006252,-0.046057
WORKDAY INC,0.010066,0.002517,-0.010212,-0.010626,0.02006,0.014367,0.020894,-0.019023,-0.007824,0.0185,0.00943,-0.007932,-0.00228,-0.010001,0.025622,-0.002413,0.004348,-0.039582,0.000373,-0.001694,-0.009299,-0.064744,-0.023002,0.000712,-0.008204,-0.001586,0.00908,0.016834,-0.005457,0.008564,-0.013858,0.016141,0.002348,0.011602,0.000289,0.003653,-0.006559,0.006167,-0.013555,-0.00318,-0.001137,-0.002863,-0.010418,0.00093,-0.002824,0.001081,0.00927,-0.01564,0.006033,-0.017805,-0.015397,-0.007472,-0.0026,-0.005369,-0.013378,0.005194,0.012977,-0.004205,-0.006569,-0.011887,-0.009042,-0.01624
SNOWFLAKE INC,0.021979,0.094128,-0.014445,-0.008905,0.021294,0.021399,0.046568,-0.004801,-0.019771,0.037044,-0.015254,-0.008993,-0.044418,-0.017585,0.043522,0.016488,0.006933,0.013424,-0.01722,-0.181391,-0.008286,-0.047076,-0.057214,-0.004471,0.008623,-0.035859,-0.000677,-0.002095,0.002223,-0.020886,-0.01227,-0.004205,0.008893,0.033862,-0.028521,0.004041,-0.005596,-0.000759,0.012783,0.009748,-0.006683,-0.026975,-0.020296,-0.010979,0.016651,0.006499,0.004649,-0.016776,0.041708,-0.004958,-0.041499,-0.011054,-0.00998,-0.002621,-0.019945,0.0121,0.0269,0.02527,-0.016066,0.036918,-0.004364,-0.014228
METLIFE INC,-0.057271,0.009181,0.005762,0.002279,0.015767,-0.003731,0.011236,0.015556,-0.010358,0.007518,0.01741,-0.011073,-0.002181,0.004663,-0.00116,0.006825,-0.010962,0.008604,0.002603,0.005769,-0.000143,0.002581,0.00801,0.008089,0.004645,-0.006305,0.011139,-0.000279,0.01367,-0.010596,0.006815,0.00221,-0.002068,0.01326,-0.001227,-0.008735,0.006471,-0.000547,0.011771,0.00257,-0.005667,-0.006242,0.004643,-0.005981,0.006427,0.002446,-0.012198,-0.01331,-0.012933,-0.011834,-0.00998,-0.007345,-0.000145,0.014945,0.016583,0.011953,0.003613,0.006923,-0.011276,-0.020584,0.018177,-0.008647
AUTOZONE INC,0.013041,0.008484,-0.006347,0.00281,0.010911,-0.039007,-0.018912,0.00891,0.008236,0.000264,-0.00073,0.001083,-0.011614,0.01244,0.010653,-0.000881,0.005123,0.066606,0.019164,-0.00186,0.00997,0.014476,0.007442,0.000432,0.006382,-0.014251,-0.006238,-0.000252,0.009717,0.009646,0.001696,-0.007157,0.016712,0.010644,0.007222,0.009008,-0.021146,0.006516,0.00041,-0.012885,0.005378,0.000454,-0.007385,-0.019573,0.00645,-0.009292,-0.010556,-0.005871,-0.006276,-0.01478,-0.019853,0.002328,0.009618,0.011881,0.004161,-0.007999,-0.000209,0.009277,-0.014475,0.000248,0.017923,-0.014133
EDWARDS LIFESCIENCES CORP,0.003058,0.093762,-0.000348,0.025447,-0.018584,-0.009352,-0.009207,0.024821,-0.009871,-0.00255,0.0,0.000697,0.009292,-0.002877,0.011195,0.001369,-0.018122,0.004179,-0.005895,-0.01314,0.004124,0.021122,-0.010572,0.0259,0.06204,-0.017802,-0.014218,0.000881,0.02222,0.004627,-0.011247,0.00585,0.015724,-0.013466,0.017627,-0.0094,-0.006717,0.002791,0.018519,0.004309,-0.013709,0.000637,-0.013678,-0.019566,0.016447,-0.003884,0.007689,-0.01655,-0.001093,-0.012362,-0.011963,0.009529,-0.031205,-0.009055,-0.005899,0.011869,0.009085,0.009801,-0.006771,-0.017953,-0.005554,-0.014892
GALLAGHER ARTHUR J & CO,-0.000172,0.002671,0.015124,-0.009354,0.009186,0.003514,0.007636,-0.013482,0.002971,0.009986,0.007835,-0.005529,0.010534,-0.006784,0.019034,0.001349,-0.003918,-0.002008,0.007883,-0.003829,-0.001599,-0.004188,0.011669,0.013328,0.005189,0.007123,0.004053,0.008349,0.002198,-0.00184,-0.006826,0.002054,0.00067,0.007918,-0.021769,-0.015062,-0.003853,0.002647,0.006336,0.00908,-0.011438,-0.007363,4.1e-05,-0.020663,0.015356,0.000697,-0.000123,-0.016835,-0.007708,-0.015073,-0.010615,-0.002844,-0.003932,0.015053,0.011026,0.004016,0.001474,-0.004456,0.000591,-0.011986,-0.002392,0.004881
GENERAL MOTORS CO,0.001804,0.001029,-0.028784,0.006351,0.018144,-0.001808,-0.002329,0.018672,-0.024694,0.001566,0.016159,-0.007438,0.00801,0.012305,-0.003798,0.007372,0.004037,0.009801,0.0112,0.011568,0.000244,-0.001464,-0.006841,-0.0123,-0.019925,0.003812,0.000759,-0.008095,0.026779,-0.021858,0.033266,0.003195,0.016903,0.032281,0.013302,-0.008291,0.011379,0.010333,0.013409,0.017044,0.001103,-0.011234,0.006237,-0.032987,0.012592,0.002487,0.008796,-0.017662,-0.002276,-0.017336,-0.009053,-0.000703,-0.004688,-0.000471,-0.001649,0.019825,0.04374,-0.000443,0.011979,0.004822,0.004363,-0.032798
AMERICAN INTERNATIONAL GROUP INC,-0.009927,0.01177,-0.010053,-0.002321,0.015123,-0.020054,0.010379,0.008825,0.005163,-0.013126,0.016337,-0.003698,-0.02727,0.008073,0.032033,0.006208,0.0,0.008833,0.006671,0.006351,-0.000686,0.004531,0.01025,0.012581,-0.001737,-0.004149,0.00672,0.013082,-0.000527,0.004769,0.005537,-0.012194,0.001991,0.016559,0.008731,-0.013306,0.002749,0.010445,0.012275,-0.00217,-0.00678,0.004894,-0.00282,-0.015167,0.014226,0.001802,-0.029929,-0.002648,-0.015268,-0.006606,-0.00855,0.010404,-0.016664,0.005649,0.016989,0.009834,-0.0004,0.000534,-0.004535,-0.00134,0.016235,-0.005677
DEXCOM INC,0.010301,-0.013377,0.002232,0.030438,0.013529,0.003475,-0.051791,-0.017017,-0.011738,-0.002393,0.008051,-0.005438,0.007006,-0.012556,0.009537,-0.010553,-0.000774,-0.007317,-0.009539,0.007442,0.057965,0.0046,-0.004252,0.098046,-0.00359,0.015086,-0.01634,0.017589,-0.027331,-0.016555,0.007413,0.032654,-0.004083,-0.012223,0.00664,-0.001724,0.05196,-0.001214,-0.003216,-0.005592,-0.005479,-0.009352,0.013611,-0.037326,0.041923,0.00727,0.003644,-0.000926,-0.004989,-0.024925,-0.011606,0.014566,-0.019484,0.003287,-0.026731,0.006197,0.018856,0.028881,0.001015,-0.099051,0.011822,0.012559
SUPER MICRO COMPUTER INC,0.101754,-0.006632,0.144437,0.027497,0.002949,0.021065,0.060587,0.044199,0.023907,0.112522,0.140196,-0.19988,-0.019606,-0.067804,0.328739,-0.118409,0.018988,-0.02879,-0.040618,0.06072,0.045444,0.186487,0.015349,0.03105,0.031173,-0.017029,-0.052447,0.076633,0.021556,-0.048785,-0.054225,-0.063761,-0.089649,-0.015917,0.083818,0.001163,0.072013,-0.017002,-0.001727,-0.012958,0.026851,-0.026264,0.005604,-0.056697,-0.010407,-0.02059,-0.026171,0.0048,0.031633,-0.041386,-0.017518,0.105976,-0.016614,-0.032914,-0.231378,0.004722,0.062537,-0.009372,0.043301,0.088951,0.038382,-0.035436
TRUIST FINANCIAL CORP,-0.015111,0.007945,-0.014678,0.0,-0.006621,0.000555,0.009293,0.004743,-0.029714,0.013452,0.025981,-0.006331,-0.014958,0.005905,-0.003634,-0.011223,-0.020148,0.010136,-0.002007,0.004884,0.008005,0.025808,0.024883,0.005395,-0.009391,0.014085,-0.005609,-0.008058,-0.012998,-0.039232,-0.004569,0.002008,0.022044,0.031373,0.033406,-0.009461,-0.002388,0.0,0.02633,0.010106,-0.015649,-0.01251,0.001584,-0.000264,0.003954,0.019953,0.003089,-0.037721,-0.005333,-0.014209,-0.001904,-0.028883,0.000561,0.001402,0.030524,0.034239,0.020494,-0.001287,-0.02114,0.005267,0.003668,-0.019838
MICROCHIP TECHNOLOGY INC,0.005518,-0.015879,0.013881,-0.02586,0.000721,0.012484,0.012922,-0.017439,-0.039071,-0.001116,0.023951,-0.010908,0.00968,0.013107,0.010422,-0.012634,0.000724,0.000483,-0.009163,0.02385,0.033991,-0.00092,-0.014726,0.025339,0.062977,-0.048211,0.019473,0.015458,-0.015549,-0.01723,-0.003821,-0.006318,-0.009083,0.012145,0.006,-0.00934,-0.00443,-0.016087,0.034207,0.00583,0.000334,-0.019612,0.001819,-0.02133,0.015187,0.018043,0.028267,-0.039053,0.013509,-0.040771,0.000701,0.002684,-0.010008,-0.010109,-0.030044,0.022649,0.031845,0.052094,0.016873,0.015074,-0.004487,-0.012878
DOORDASH INC,0.029751,0.020503,-0.012603,0.039031,0.017714,0.034724,0.008538,-0.007292,-0.017308,0.031102,0.052162,-0.081254,-0.004569,-0.006841,0.058593,0.002883,-0.015358,0.031779,-0.010186,0.017396,0.022959,0.039002,-0.011329,0.009397,0.008098,-0.010511,-0.022989,0.013047,0.015102,0.000982,-0.015089,-0.00743,0.009647,0.054116,-0.008339,0.00351,0.004226,0.017704,-0.009839,-0.008353,0.003848,-0.005425,0.009309,-0.030048,0.036773,-0.015262,-0.004802,0.002998,0.027482,-0.018233,-0.039601,0.007073,-0.021967,-0.006111,-0.022444,0.000708,0.016422,-0.020099,0.01065,0.031223,7.6e-05,-0.021647
HILTON WORLDWIDE HOLDINGS INC,0.014453,0.006659,-0.006871,0.004905,0.007245,-0.00755,-0.012285,0.007338,-0.017875,0.013624,0.017955,0.007188,-0.00243,0.009894,0.017886,0.010324,-0.00748,0.002857,0.001817,0.001765,0.002741,-0.012056,0.006917,-0.000981,0.006532,0.003757,-0.007389,0.013909,0.007245,-0.007721,-0.010922,0.008991,0.007845,0.011484,0.00019,0.003562,-0.005585,0.013897,0.006102,-0.004805,-0.00286,-0.010954,0.008556,-0.015931,0.01389,-0.00052,-0.007893,-0.001525,0.005582,-0.026855,-0.003267,-0.009441,-0.009975,-0.00828,-0.021879,0.003445,0.009737,0.038875,-0.003762,-0.008876,0.000198,-0.024139
SUNCOR ENERGY INC NEW,-0.009662,-0.021037,-0.008409,0.004397,0.004378,0.003736,-0.003412,0.00747,-0.024405,-0.0019,0.050127,-0.000906,-0.013003,0.029105,-0.001786,0.011333,-0.002949,-0.005324,0.006542,0.015067,0.028563,-0.020034,0.00847,0.011005,-0.00401,-0.009203,0.008998,0.00748,0.015705,0.014057,0.000277,0.007206,-0.002477,0.003586,-0.004398,-0.009111,0.024519,-0.009247,0.001372,0.011787,0.010837,0.01769,0.014485,0.001298,0.011149,-0.007692,0.000775,0.014976,-0.024167,-0.017466,-0.013531,0.010759,0.008249,0.004223,0.012878,0.014011,0.001791,0.003065,0.004329,-0.000761,0.007105,-0.037793
TRAVELERS COMPANIES INC,0.003123,0.013206,-0.0081,-0.000329,0.005681,-0.001914,0.003227,0.000886,0.005869,0.003103,0.011079,-0.006803,0.011815,-0.002817,0.012849,-0.006028,-0.003983,0.008179,-0.00658,0.00245,-0.009685,0.001142,0.000274,0.0068,-0.000997,-0.00433,0.002609,0.006575,0.013744,-0.009262,-0.002213,0.004481,0.007706,0.006081,0.005067,-0.007429,0.004812,-0.000887,0.015533,0.005725,-0.008603,-0.001359,0.00531,-0.002445,0.01046,-0.001299,-0.029273,0.002412,-0.017738,0.003176,-0.000181,0.009319,-0.074131,0.018588,0.017346,0.000934,0.000233,-0.004153,0.002624,-0.002524,-0.002577,-0.003476
HESS CORP,0.006902,0.03152,-0.003426,0.004056,-0.00582,0.007369,-0.028714,0.010136,-0.003623,-0.001818,0.036853,0.002973,-0.01179,0.012408,0.007677,-0.003542,0.005701,-0.030942,0.00055,0.002407,0.016741,-0.01741,0.005151,-0.02282,0.00916,0.003811,0.014357,-0.002246,0.015959,0.011345,0.004231,-0.004375,0.011918,-0.017501,6.7e-05,0.001942,0.011696,-0.011759,0.00635,0.013882,0.01402,0.004716,0.004308,-0.000384,0.008519,-0.01067,0.003659,0.010554,-0.002215,-0.028102,-0.010378,-0.00897,0.003594,0.006499,0.016933,0.01218,0.004545,0.013954,0.014579,0.006689,0.003692,-0.034574
FORTINET INC,0.030392,-0.00015,-0.005268,0.021032,0.037789,-0.03113,0.038173,-0.002555,-0.01224,0.021326,-0.008747,-0.025335,-0.008324,-0.037844,0.024793,0.010155,0.011236,0.022661,-0.00629,-0.005755,0.019245,0.013487,-0.032918,0.033024,0.024537,-0.023539,0.001542,-0.001679,-0.01626,-0.030493,-0.0194,0.01244,0.003553,0.00118,0.010314,-0.003938,-0.006003,-0.006481,-0.002669,0.01546,-0.007173,0.015187,0.035875,-0.029305,0.024267,-0.035538,-0.002486,-0.001319,0.001321,-0.025946,-0.025884,-0.003862,0.002792,-0.009743,-0.009839,0.004574,0.017428,0.010031,-0.021696,0.002343,0.00187,-0.017418
AFLAC INC,-0.096514,0.008137,-0.006379,0.00773,0.024831,-0.009134,0.001536,0.003579,-0.005732,0.011017,0.015839,-0.009854,-0.00126,0.006093,0.004921,0.009542,-0.00883,0.006399,0.004364,0.002234,-0.003839,-0.008579,0.01367,0.016454,0.001582,-0.002187,0.01291,-0.002765,0.010369,-0.002745,0.009573,0.001422,-0.001775,0.007588,0.000471,-0.010115,0.007723,0.001651,0.007887,0.002803,-0.007803,-0.003052,0.002944,-0.009627,0.012565,-0.003278,-0.023138,-0.003006,-0.039556,0.008036,-0.000125,0.001993,-0.002114,0.008971,0.027785,0.003484,0.002754,0.006328,-0.006526,-0.001433,0.011123,-0.010528
CENCORA INC,0.018223,-0.008146,-0.003319,0.003416,0.011319,-0.028779,0.001606,-0.003078,0.005261,0.001687,0.006477,-0.005835,0.002762,0.004777,0.003983,0.012244,0.00451,-0.007678,-0.001607,-0.002245,0.00607,-0.005189,-0.002078,-0.002677,0.01257,-0.000673,0.000884,-0.00101,-0.011245,0.012395,0.002314,0.004533,0.012703,-0.001981,0.001902,0.000702,-0.001814,0.003057,0.007578,-0.006745,4.1e-05,0.00037,0.011148,-0.015297,0.004875,-0.011759,-0.007447,-0.003228,-0.009083,-0.00696,0.000897,0.017292,0.001511,-0.005532,0.007712,-0.009535,0.003547,0.001094,0.007607,0.004671,-0.003944,-0.003668
FORD MOTOR CO DEL,0.032423,0.003306,-0.045305,0.041415,0.060481,0.002344,-0.011691,0.023659,-0.023112,-0.009464,0.023089,-0.017572,-0.004065,-0.00898,-0.001647,0.00165,-0.015651,0.004184,0.025,0.011382,0.000804,0.023293,-0.012559,-0.015898,0.002423,-0.018533,-0.005747,0.0,0.02147,-0.023444,-0.001656,0.00995,0.009852,0.04878,0.00155,-0.000774,-0.000775,-0.035659,0.049839,0.016845,0.000753,-0.000752,0.027861,-0.032234,0.005299,0.009789,0.009694,-0.035451,-0.001531,-0.032976,-0.030135,-0.011447,-0.004136,0.001661,0.006633,0.060956,0.004658,0.000773,0.00695,-0.019172,-0.003127,-0.047059
D R HORTON INC,0.030929,-0.002987,-0.009259,-0.015148,0.011256,-0.000415,0.002282,0.023256,-0.039857,0.021985,-0.000825,-0.028271,0.015573,0.003624,0.007917,0.006684,-0.001643,-0.002879,0.003713,0.023702,0.023622,-0.003269,-0.008854,0.005029,0.022518,-0.011075,-0.005665,0.012507,0.003751,-0.031443,0.009114,-0.001187,0.030229,0.015952,0.017783,0.002602,-0.012607,-0.003192,0.017455,0.015427,-0.016226,-0.038485,0.013942,-0.010708,0.015308,-0.011229,0.010399,-0.063901,0.016459,0.006769,-0.017402,-0.020259,-0.002123,0.000961,-0.025295,0.006189,0.034668,-0.012903,-0.01314,0.007836,0.004404,-0.023841
KRAFT HEINZ CO,0.016967,-0.002913,-0.011421,-0.000269,-0.021768,0.001923,-0.01371,0.010842,-0.006326,-0.054525,0.023712,-0.004575,0.023269,0.021617,0.00055,-0.009887,-0.002497,-0.004449,-0.007263,-0.007316,-0.004252,-0.002562,0.002569,0.006262,-0.01273,0.009855,0.004018,-0.010863,-0.002023,-0.006082,0.001457,0.016002,0.010023,0.002268,0.007072,0.007022,0.009205,0.005251,0.004399,0.010129,0.004336,0.008904,-0.000535,-0.003211,-0.005101,-0.00027,0.002969,-0.00915,-0.006518,-0.017496,0.010295,0.007711,0.008472,0.005691,0.018054,0.009794,-0.002097,0.013134,-0.005185,-0.005473,0.012841,-0.001035
NEWMONT CORP,0.031875,-0.033698,-0.030514,0.008993,-0.000297,-0.009213,-0.016497,0.023483,-0.045292,0.002497,0.029888,0.01058,-0.007179,0.007231,-0.07598,0.012626,-0.040601,-0.004998,0.000335,0.0462,0.02208,0.056043,-0.004182,0.008398,0.008031,0.00059,0.039222,-0.038593,0.014463,-0.004655,-0.009646,0.015939,-0.024985,0.02205,0.006706,-0.02201,0.004442,0.002359,0.036765,0.016738,0.016462,0.009882,0.01196,0.013162,0.051167,-0.006305,0.006853,-0.015377,0.000256,-0.011006,-0.005176,-0.008585,0.011808,-0.000259,0.012192,-0.03998,0.006674,0.023601,0.124611,-0.015665,-0.010999,-0.038334
PALANTIR TECHNOLOGIES INC,0.014916,0.042254,-0.017626,0.308014,0.079104,0.038559,-0.005304,0.027482,-0.041517,0.049146,0.008734,-0.038174,-0.042553,-0.028205,0.037379,-0.026282,0.025686,0.041172,-0.004484,0.027027,-0.005981,-0.0357,-0.009567,0.098698,0.011468,-0.015873,-0.026498,-0.025641,0.012146,-0.0228,-0.038477,0.021711,-0.008333,0.032353,-0.003256,-0.012658,0.013648,0.015504,-0.015267,-0.0612,-0.006519,-0.006124,-0.00088,-0.009692,0.021352,0.001742,-0.008261,-0.017098,0.018733,-0.007443,-0.033966,-0.000913,-0.026051,-0.008447,-0.031235,0.024426,0.03195,-0.002311,0.005558,0.03731,0.013766,-0.03767
WILLIAMS COS,0.006059,-0.002007,-0.010632,-0.003776,-0.000291,-0.007291,-0.000294,0.015281,-0.014761,-0.029084,0.034493,0.00351,-0.005829,0.016711,0.006344,0.001146,-0.006296,0.009217,0.006278,0.019285,0.012799,-0.000824,0.008798,-0.004361,-0.003696,0.003619,0.016366,0.002456,0.005717,-0.001624,0.003254,0.005946,0.01424,0.003179,0.014788,-0.004684,-0.001046,-0.003141,0.011814,0.011157,-0.002566,0.011063,0.001272,-0.006099,0.003068,-0.007137,0.007445,-0.009174,-0.007202,-0.013471,-0.006303,-0.005021,0.000797,-0.002654,0.024747,0.003895,0.003104,0.01212,0.005096,-0.004816,-0.001274,-0.021678
CONSTELLATION BRANDS INC,0.03101,-0.008271,-0.014087,0.006436,-0.013433,-0.005605,-0.002057,0.018677,-0.010118,-0.004007,0.005337,-0.004328,0.005823,0.001427,0.000366,0.006227,-0.001658,0.001094,0.001417,0.004365,0.005955,-0.00788,0.000443,0.001048,0.027778,0.009362,0.016648,-0.000458,0.007027,-0.010884,0.026109,-0.00482,0.009011,-0.00093,0.003166,-0.004121,0.008202,-0.004252,0.010212,-0.001029,-0.021195,0.005301,-0.00172,-0.00989,0.004994,0.001393,-0.011391,0.007415,0.01291,-0.022732,-0.014186,-0.002862,-0.001823,0.005324,0.007809,-0.003682,0.007392,-0.00042,0.000612,-0.006381,0.004422,-0.029595
ONEOK INC NEW,0.00337,-0.002775,-0.002929,-0.002203,0.008831,0.006274,0.001015,0.017236,-0.010679,-0.005325,0.028216,0.013088,-0.004167,0.022876,0.005318,-0.010174,-0.000822,0.020025,0.0,0.010085,0.000133,0.019034,0.012539,0.000903,-0.001933,-0.003616,0.001685,0.004658,-0.006825,-0.00013,-0.001427,0.01026,0.007713,0.006889,0.006842,-0.005537,0.00367,-0.008195,0.011822,0.007161,-0.005738,0.003638,0.001875,-0.011603,0.005428,0.004143,-0.001375,-0.010142,0.003542,-0.008067,-0.010801,-0.009891,0.007784,0.002575,0.022471,0.003516,0.005506,0.007467,0.005312,-0.003932,0.004441,-0.016089
REALTY INCOME CORP,0.015812,-0.019186,-0.028419,0.020893,-0.007256,-0.003748,-0.007524,-0.001706,-0.021834,-0.002523,0.012259,0.005959,0.002675,0.004193,0.002467,0.002272,-0.0085,-0.003429,-0.005544,0.006661,0.002495,0.008997,-0.008727,-0.001722,0.001534,0.012825,0.003402,-0.003956,-0.011347,-0.011859,0.010259,0.000383,-0.002107,0.006526,0.000954,-0.007811,0.001728,0.008242,0.022243,0.010917,-0.01183,-0.011036,-0.001891,-0.002843,0.007412,0.011885,0.013796,-0.041192,0.001918,-0.004211,-0.007113,-0.016457,0.009449,0.014626,0.019412,0.005468,0.001125,0.005244,0.002422,-0.001673,0.011171,-0.009446
KIMBERLY CLARK CORP,0.020336,-0.009479,-0.01047,0.002893,-0.002143,-0.006608,-0.003825,0.00217,-0.012659,-0.001265,0.003294,-0.004209,0.00727,0.010911,0.004981,0.004874,-0.003371,-0.00033,0.00033,-0.000495,0.014278,0.004801,0.001053,0.009626,0.018508,-0.001986,0.008993,-0.000552,0.009392,-0.02416,-0.002724,-0.001928,0.006601,-0.005038,0.003135,0.000961,0.002001,0.00727,0.009358,0.016343,-0.004252,-0.008618,-0.012765,0.00349,-0.001502,-0.002058,0.014994,-0.006097,-0.008493,-0.01737,0.012188,-0.000957,0.005428,-0.002779,0.009713,0.016558,0.055146,0.01279,-0.009798,-0.008722,0.005102,0.004414
AUTODESK INC,0.004964,0.00541,-0.014194,0.004628,0.017521,0.011918,0.01977,-0.017399,-0.02015,0.02107,-0.003509,-0.011292,-0.011769,-0.010734,0.017662,0.000856,0.000583,-0.001554,-0.006616,0.01144,0.025448,-0.01526,-0.051439,0.015407,0.010912,-0.0078,0.025411,0.017502,-0.015526,-0.000657,-0.016594,0.003697,0.003958,0.024357,0.012651,-0.010875,-0.004907,0.000382,-0.002675,-0.002107,-0.003763,-0.041358,-0.009368,-0.006372,-0.000286,0.004699,0.008296,-0.035978,0.008577,-0.016925,-0.031058,-0.00601,-0.05836,-0.019961,0.027869,0.00291,0.003684,-0.013445,0.006512,0.00707,-0.005277,-0.018129
SIMON PROPERTY GROUP INC NEW,0.005699,-0.010473,-0.008337,0.048249,0.000349,0.004601,0.019639,-0.008371,-0.014962,-0.004599,0.035979,0.013243,-0.007069,0.009268,0.008185,-0.007656,-0.005454,0.001137,0.001069,-0.011477,0.015526,0.013095,-0.016731,0.016415,-0.004399,0.008417,-0.007684,0.00534,0.00591,-0.01406,0.00944,0.007826,0.01415,0.008436,0.002638,-0.025351,-0.005268,-0.002582,0.024292,0.013996,-0.019235,-0.022413,-0.001933,-0.01202,0.01487,0.001399,-0.001131,-0.030894,0.009,-0.013959,-0.016712,-0.014327,0.004204,-0.004044,0.000499,0.014027,0.00962,-0.006746,-0.00056,-0.002592,0.01735,-0.02969
KEURIG DR PEPPER INC,0.017176,-0.010319,-0.019273,0.002255,0.004822,0.007358,-0.010797,0.005457,-0.012771,0.005821,-0.000322,-0.00386,0.008395,0.011848,-0.038924,-0.005927,-0.022855,0.0,0.017966,-0.003996,-0.021063,-0.006148,-0.000344,0.003781,-0.008219,0.006215,0.005491,-0.000341,-0.013315,0.00346,-0.004138,0.021814,-0.006777,0.013647,-0.004376,0.007437,0.022819,0.008202,0.002441,0.002615,0.018259,-0.009926,0.002911,-0.010642,0.002934,0.000975,0.006818,-0.011609,0.005547,-0.019468,0.006949,0.000329,0.014455,0.008096,0.011886,0.008254,0.0,0.018262,0.046382,-0.003546,-0.000593,0.0
PUBLIC STORAGE,0.011547,-0.020596,-0.022812,0.016377,0.009187,0.013122,-0.002913,-0.00961,-0.016706,0.013881,0.020608,-0.016558,0.009236,0.015838,-0.011191,-0.002137,-0.021631,0.003446,0.00254,0.012772,-0.002219,0.006496,-0.019538,0.015098,0.008282,0.024644,-0.004947,0.006445,-0.005885,-0.028423,-0.012828,0.001949,-0.000973,0.017021,-0.000603,-0.008834,-0.01285,-0.001777,0.046533,0.006803,-0.012273,-0.01089,-0.010798,0.001142,0.006877,0.017872,0.019887,-0.059624,-0.002429,-0.011047,-0.023444,-0.01332,-0.001564,-0.005844,0.000384,0.004071,0.002983,-0.000191,-0.013312,-0.003672,0.020176,-0.013235
ISHARES TRUST,0.019554,-0.022089,-0.020194,0.009774,-0.00484,-0.005815,-0.00202,0.001172,-0.017135,0.005089,0.005171,-0.005788,0.000862,-0.007109,0.004882,0.013387,-0.002983,-0.007052,0.006349,0.007057,0.006214,-0.004022,0.014242,0.005868,-0.000938,-0.001773,-0.000522,-0.008361,-0.004848,-0.015357,-0.000323,-0.003013,0.002806,-0.000323,0.002153,0.009561,-0.005001,0.00278,0.009918,-0.000845,-0.018575,-0.005511,-0.000217,0.007172,-0.013919,-0.000109,0.009302,-0.021793,-0.004544,0.005345,-0.015506,-0.006637,0.011099,-0.00504,0.003602,-0.001683,0.000337,-0.007076,-0.007014,0.00524,0.008386,-0.008541
AMERICAN ELECTRIC POWER CO INC,0.019836,-0.013302,-0.023274,0.005599,0.001295,-0.006595,0.009481,0.012131,0.015337,0.000254,0.032487,-0.000123,-0.005778,0.020772,-0.006783,0.005488,-0.020376,0.040857,-0.008921,0.022444,-0.002348,-0.000471,-0.010594,-0.001547,0.002145,-0.003092,-0.001312,-0.004061,-0.004677,-0.013735,0.003054,0.000609,0.014119,-0.005641,0.003018,-0.001805,-0.000964,-0.004706,0.028128,0.01533,-0.017886,0.007687,-0.010327,-0.004388,-0.000119,0.003812,0.009612,-0.021039,-0.004562,-0.00977,-0.014495,-0.017303,0.021758,0.016248,0.019864,0.008314,0.007774,0.009467,0.005673,-0.01842,0.016538,-0.007384
SEMPRA ENERGY,0.01104,-0.01396,-0.018082,-0.00414,0.004157,-0.002998,-0.002434,0.014641,-0.018956,0.001586,0.014973,-0.000142,0.002412,0.018398,-0.008894,0.009114,-0.014728,0.002115,-0.005488,-0.000991,-0.01034,0.012452,-0.007492,0.006124,-0.000566,0.006657,0.020825,-0.021916,-0.001973,-0.008472,-0.002991,0.008427,0.00694,-0.009847,0.00215,-0.002145,-0.002007,-0.005601,0.02903,0.00814,-0.006543,0.006166,-0.01156,-0.001832,-0.004517,0.003545,0.012859,-0.020926,-0.013252,-0.008087,-0.008444,-0.02496,0.023039,0.007359,0.023963,0.014983,0.005483,0.007271,-0.000833,-0.009169,0.01346,-0.008993
GRAINGER W W INC,0.030146,0.054084,-0.02766,-0.005605,0.004956,0.005217,0.011517,-0.012304,-0.012458,0.009611,-0.000752,-0.008361,-0.000695,0.006298,0.018214,0.000783,0.004901,0.006133,0.005322,-0.001272,0.007643,0.00683,-0.001863,-0.003206,0.006554,-0.018927,-0.006524,0.008755,0.002375,0.017389,0.002702,0.000121,0.00721,0.014476,0.013177,-0.00238,-0.018849,-0.002352,0.014721,-0.002813,-0.00753,-0.009053,0.006197,-0.01344,0.021809,-0.000108,-0.006908,-0.006808,-0.034551,-0.001345,-0.009897,0.001329,-0.007077,-0.013033,0.00545,-0.000615,0.014564,0.002647,-0.010936,-0.019603,0.005639,-0.014072
VANGUARD SCOTTSDALE FUNDS,0.003951,-0.007382,-0.006693,0.003993,-0.001491,-0.003112,-0.001124,0.00125,-0.008864,0.003401,0.003201,-0.003441,0.003641,-0.003003,0.001004,0.00163,-0.002503,-0.000753,0.000188,0.001695,0.005053,-0.001877,0.003761,0.001998,0.003116,0.001491,-0.000744,-0.002359,-0.001245,-0.005358,-0.000626,-0.001003,0.003012,0.002377,0.000749,0.003118,-0.002362,-0.000499,0.004489,-0.000621,-0.006901,-0.000879,0.001382,0.000753,-0.002884,-0.00176,0.003653,-0.011797,-0.000889,0.00178,-0.00774,-0.002685,0.004488,-0.002425,0.001152,0.002173,0.002678,-0.002926,-0.002169,0.002429,0.003443,-0.004067
ALLSTATE CORP,0.006055,0.007555,-0.003431,0.003316,0.007944,0.019861,-0.010634,-0.004437,-0.004645,0.01772,0.003098,-0.000679,-0.012733,-0.003444,0.006408,-0.006617,0.00421,-0.001627,0.006581,-0.006663,-0.021627,0.007928,0.002494,0.001722,-0.002547,0.001788,0.019246,-0.002126,0.003007,-0.004373,0.017694,0.004994,-0.003987,-0.007329,0.006205,0.018992,0.022511,0.01089,-0.005679,0.018665,-0.002543,-0.000174,0.0051,-0.012628,0.009286,-0.002662,-0.023381,0.008436,-0.024389,0.007246,-0.006295,-0.009351,-0.007856,0.037994,0.022766,0.014165,-0.000741,-0.017173,0.000406,-0.013172,-0.002881,0.002831
UNITED RENTALS INC,0.031932,0.013682,-0.013192,0.013895,-0.002765,-0.008778,0.005178,0.020266,-0.037707,0.026944,0.010581,-0.016113,-0.009842,0.001522,0.02157,-0.000865,0.019082,0.008483,0.014354,0.010318,0.010559,0.016729,-0.046244,-0.003768,0.00365,-0.004623,-0.017511,0.016845,-0.010452,0.006059,0.00461,0.011886,0.014643,0.022649,0.013703,-0.006648,-0.013762,0.000525,0.021765,0.001333,-0.015199,-0.025854,0.020743,-0.017433,0.018794,-0.005531,-0.00882,-0.020997,0.005219,-0.015867,-0.011959,-0.016153,-0.030108,-0.00525,-0.007174,0.001528,0.050882,-0.009269,0.054534,-0.000174,0.031688,-0.06272
JOHNSON CONTROLS INTL PLC,0.025432,0.007774,-0.020386,-0.0015,0.021405,0.013052,0.007077,-0.000721,-0.012982,0.042565,0.005782,-0.009408,-0.004045,0.02066,0.008132,0.002917,0.002396,0.014339,0.001515,-0.004033,0.014341,0.003992,-0.000166,0.002651,0.013386,0.006686,-0.008424,0.012743,0.005001,0.012681,0.001585,-0.000475,0.0095,0.005803,0.010136,-0.010188,-0.001882,0.007386,0.012013,0.006937,-0.002909,0.005681,0.000305,-0.017247,0.012424,-0.005216,0.01249,-0.003807,-0.003669,0.001841,-0.013632,-0.00264,-0.008407,0.001256,-0.001725,0.015394,0.008199,-0.008593,-0.002476,0.010241,0.003072,-0.003675
ASTRAZENECA PLC,0.003151,-0.0181,-0.007617,0.029168,-0.007309,-0.04553,-0.019836,-0.013652,-0.006188,0.010323,0.019137,0.022756,0.011981,0.000769,0.000384,0.026509,0.001519,0.006067,-0.014775,-0.01821,0.006858,0.002941,0.000309,0.007098,0.014095,0.004683,0.017594,-0.00399,0.002671,-0.007991,-0.010889,-0.006937,0.000152,-0.001974,0.006998,0.001058,-0.006037,0.007136,0.029097,-0.007471,-0.00738,-0.003717,-0.002836,0.007933,0.001634,0.003706,0.010488,-0.004385,0.019674,-0.007487,-0.002901,-0.006766,0.003882,-0.002481,0.002779,0.023049,0.010267,0.00494,0.053792,0.001866,0.004124,0.005299
CANADIAN IMPERIAL BANK COMMERCE,0.009296,-0.004386,-0.011894,0.0,-0.002006,-0.002457,0.009852,0.0102,-0.027875,0.014224,0.017587,0.003719,0.012206,-0.002584,0.009715,0.003849,-0.009372,-0.00086,-0.003873,0.022251,0.025148,-0.000825,0.006189,0.005946,0.007746,0.003236,-0.000202,0.000202,0.005847,-0.01363,0.00061,0.007311,0.002621,0.012065,0.006159,-0.009479,0.00319,-0.000397,0.008606,0.012982,-0.006703,-0.011116,0.001204,-0.008621,0.004853,0.009861,0.000598,-0.022705,-0.008355,-0.012947,-0.006663,-0.014882,0.001064,0.003613,0.007412,0.002523,0.00692,-0.009996,-0.002945,0.008861,-0.008783,-0.014979
LULULEMON ATHLETICA INC,0.017893,0.000996,-0.012262,-0.000416,0.00265,0.033272,-0.005793,-0.008847,-0.021134,0.00982,-0.003755,-0.020437,-0.011121,-0.002564,0.026609,0.005777,0.022626,-0.000876,-0.007909,0.006356,-0.018391,-0.016816,-0.010493,0.00556,0.019485,0.006801,-0.005713,0.016428,0.00058,0.00958,-0.010787,-0.01155,0.016755,0.003809,0.020872,-0.157986,-0.035442,-0.007097,0.008598,0.003056,-0.013951,-0.018536,-0.010713,-0.043983,-0.00193,0.01006,-0.004605,-0.023829,-0.000942,-0.039409,-0.004076,0.012606,0.017346,0.007684,0.014273,0.026442,0.007988,-0.000247,-0.01259,0.013056,-0.002029,-0.009232
ROSS STORES INC,0.020174,0.003983,-0.006473,-0.004133,0.007667,0.019616,-0.001301,-0.003153,-0.003232,-0.003105,-0.000692,-0.002147,0.002568,0.002562,0.014363,0.007692,-0.001284,0.01204,0.005547,-0.009904,0.004498,0.002205,-0.005268,-0.007039,-0.014178,-0.001918,0.000892,0.00425,0.004096,-0.004776,-0.006164,-0.005582,0.014691,0.003756,0.001429,-0.012365,-0.005366,-0.000138,0.018123,-0.002921,-0.011379,-0.009718,-0.015033,-0.01279,-0.001288,0.005304,-0.002495,-0.01165,0.011932,-0.028226,-0.017207,0.001347,-0.007771,-0.007455,0.011684,0.003225,-0.005083,-0.003607,-0.003469,0.011048,-0.019085,-0.011521
DIGITAL REALTY TRUST INC,0.024135,0.004449,-0.001315,-0.000277,0.008388,0.01093,0.000884,-0.023032,-0.011335,0.000422,0.044857,-0.083373,-0.008516,0.00348,0.021029,-0.003902,0.000871,0.001957,0.032554,0.028586,0.025816,0.020651,-0.02251,-0.002928,0.011348,-0.013398,-0.026626,0.005017,-0.015729,0.000695,-0.013655,0.009584,-0.003305,-0.005997,-0.006246,-0.010714,-0.004909,0.008779,0.033803,0.002087,-0.014788,-0.014869,0.005937,-0.005333,0.019445,0.005189,0.01772,-0.03071,0.012942,-0.005166,-0.027581,-0.015372,-0.004984,0.006704,0.001244,-0.007089,0.019653,0.015015,0.006258,0.009471,-0.003431,-0.025011
T E CONNECTIVITY LTD,0.000422,0.004007,-0.014214,0.005398,0.003108,0.007888,0.006568,-0.005276,-0.017796,0.014637,0.006723,-0.005378,-0.015309,0.003708,0.020534,-0.00362,-0.002236,0.005883,-0.00369,0.003214,0.001254,-0.004731,-0.019712,0.008343,0.007425,-0.013548,0.003558,-0.003474,0.006048,-0.013721,-0.00208,0.006036,0.004786,0.004692,0.018821,-0.004723,-0.011862,0.000141,0.0233,0.002139,-0.008813,-0.008822,0.020954,-0.008237,0.001177,0.000899,0.021343,-0.019815,0.012212,-0.025424,-0.006714,0.005844,-0.009591,-0.007068,0.000498,0.02291,-0.003756,-0.022551,0.003429,-0.001922,0.018615,-0.009383
PAYCHEX INC,-0.005175,0.005533,-0.015439,0.019184,-0.000737,0.005324,0.002281,-0.000325,-0.005815,0.006837,0.004664,0.004805,0.008997,-0.008515,0.01037,-0.000561,-0.010189,-0.00381,-0.003987,0.001716,-0.003181,0.0009,-0.017247,0.004159,0.003313,-0.002559,0.006787,0.008303,-0.00424,-0.004585,-0.010611,0.002162,0.004148,0.016193,-0.005447,-0.01218,-0.015558,0.005212,0.016307,0.01045,-0.009609,0.003782,-0.014908,-0.002245,0.019918,0.012012,0.022124,-0.016352,-0.002249,-0.009981,-0.004472,-0.010698,-0.01651,-0.011331,0.014687,0.014307,0.003217,0.0074,-0.004489,-0.016398,0.007002,-0.016555
DOMINION ENERGY INC,0.020997,-0.022279,-0.020815,0.008951,-0.013307,-0.006968,0.01177,0.011633,-0.019018,0.011271,0.014044,0.008134,-0.011121,0.020728,-0.014906,0.049562,-0.027163,0.026418,0.011718,0.003051,-0.063559,0.042643,-0.012848,0.021692,0.018896,0.000208,-0.0075,-0.013854,0.023201,-0.009569,0.004831,0.014005,0.0,-0.007215,0.00706,-0.003711,-0.001449,-0.032539,0.039417,0.013809,-0.00061,-0.00895,-0.001847,0.000411,-0.001644,0.004324,0.015785,-0.015136,0.004508,-0.002244,-0.020241,-0.02212,0.031157,0.005174,0.026148,0.015851,0.00079,0.011052,-0.005075,-0.010202,0.013677,-0.003129
BANK OF NEW YORK MELLON CORP,0.000721,0.002342,-0.011145,0.000909,0.003814,-0.002895,0.001996,0.007244,-0.031104,0.010948,0.014868,-0.002532,-0.005077,0.004556,0.004354,0.005058,-0.00647,0.004884,0.00162,0.008088,-0.010697,0.0,0.007208,-0.001968,-0.000896,-0.004665,0.002524,-0.008811,0.002903,-0.015014,-0.000735,0.009741,0.005461,0.016474,0.020125,-0.014141,0.00124,0.001238,0.005653,0.01212,-0.011454,0.00158,0.010692,-0.015435,-0.000528,0.004935,0.003157,-0.026573,-0.005568,-0.005779,0.000727,-0.019786,0.008519,0.014506,0.018824,0.015456,0.004899,0.008879,-0.00604,0.002448,0.000174,-0.014652
FERGUSON PLC,0.020334,0.001461,-0.011773,0.016342,0.00529,0.019709,0.005161,-0.003322,-0.034697,0.012662,0.025006,0.003024,0.015478,-0.001287,0.026907,0.001544,0.016236,-0.005784,0.010681,-0.002359,0.014093,0.005223,-0.067177,0.002139,0.004268,-0.01784,0.000604,0.024438,0.011044,0.003301,0.008063,-0.00371,0.03845,0.010433,0.019405,0.000497,-0.015502,0.006886,-0.001778,-0.002375,-0.005265,-0.001795,0.007561,0.012813,0.011386,-0.001206,-0.006843,-0.007206,-0.009934,-0.008888,-0.006056,0.001814,-0.018384,-0.008986,-0.003532,-0.002921,0.01782,-0.012789,0.0174,0.002349,0.008578,-0.024447
MODERNA INC,-0.020089,-0.01535,-0.020615,0.047544,-0.007298,-0.056798,-0.066731,0.01819,-0.040787,0.006794,0.060384,-0.030393,-0.015616,0.006897,0.135289,-0.029968,-0.025296,0.023187,0.013306,-0.053755,0.030572,0.009889,-0.004583,0.02658,0.014067,0.035686,0.086868,-0.013842,-0.035498,-0.028636,0.00377,0.003948,0.008153,-0.019313,0.009798,0.012874,0.046951,-0.026907,0.029606,-0.036441,-0.009009,-0.018845,-0.023164,0.010473,0.005965,0.021481,0.061947,-0.039964,-0.001213,-0.017475,-0.012174,-0.000674,-0.003372,-0.013921,-0.005784,0.030076,0.032836,0.008898,-0.024529,0.016858,0.033806,-0.011736
M P L X L P,0.007782,-0.014672,0.002672,-0.001066,0.005601,0.002387,-0.001852,0.009544,-0.007616,0.009791,0.018868,0.003858,0.00743,0.013225,-0.002259,-0.002013,-0.008319,0.000763,-0.019304,-0.004403,0.014568,0.013077,0.012402,0.015,0.000493,-0.004924,0.005196,0.001723,0.002211,-0.012503,0.000497,0.000993,-0.00347,0.007463,0.004197,-0.002459,0.002958,0.00467,0.010519,0.006052,-0.005775,0.014521,0.010019,0.000236,-0.005195,-0.004985,-0.004055,-0.008623,-0.007007,-0.011192,-0.019193,-0.005018,0.008321,0.005501,0.011689,0.012537,0.007041,0.006991,0.002633,0.001671,0.000238,-0.003813
IQVIA HOLDINGS INC,0.014743,-0.002603,-0.00019,0.022306,-0.004967,0.01241,0.00553,-0.001467,-0.011979,0.130998,-0.008215,-0.011886,-0.016094,0.010734,0.042355,-0.000283,0.00089,0.005495,0.005907,-0.012584,0.021403,-0.003525,-0.005406,0.011071,0.022216,-0.005453,0.005444,0.002011,-0.013315,-0.005437,-0.006096,0.00459,0.001142,-0.005666,0.007281,-0.008446,-0.013985,-0.004581,0.019496,0.001267,-0.015896,-0.013501,-0.010305,-0.018314,0.012242,0.000207,0.015859,-0.024131,-0.005806,-0.015923,-0.013107,-0.008739,-0.008248,-0.000352,0.00405,0.014249,0.031469,0.009304,-0.028484,0.003847,0.002554,-0.015755
MANULIFE FINANCIAL CORP,-0.010403,-0.000457,-0.000457,0.018298,0.014376,-0.004872,0.006231,0.000442,-0.018568,0.019369,0.095449,-0.004034,-0.012961,-0.015593,0.011255,0.001649,-0.003292,0.007266,-0.014938,0.0,0.005897,0.004188,0.002919,-0.004158,0.000417,-0.009182,0.002949,0.0042,0.015893,-0.003705,-0.002066,-0.003313,0.005816,0.007022,-0.003281,-0.012346,0.01125,-0.004532,0.020695,0.013382,-0.015606,-0.006504,0.00491,-0.010586,0.003704,0.00943,0.001625,-0.022709,-0.016183,-0.021932,-0.009056,-0.008703,0.001756,0.00482,0.006106,0.016905,0.005541,-0.004663,-0.004685,0.004279,0.005965,-0.012283
WASTE CONNECTIONS INC NEW,0.020224,-0.002146,-0.005631,-0.001463,0.000127,-0.006244,0.00468,-0.014868,0.014056,0.048355,0.008104,0.014627,-0.003932,0.000598,0.019007,-0.001994,-0.001352,-0.00768,-0.006772,-0.004486,-0.006249,0.003628,0.008916,0.003344,0.000357,-0.007734,0.005995,0.005721,0.006281,-0.003474,0.010046,0.004739,0.002271,-0.010225,0.006691,-0.003673,-0.003219,-0.001761,0.009763,0.001864,-0.009476,-0.005517,-0.006905,-0.005765,0.004244,0.001488,0.000594,0.000297,-0.005166,-0.002507,-0.008078,-0.006636,6.1e-05,-0.001943,0.004016,0.007575,-0.000601,6e-05,-0.006018,-0.010292,0.007157,-0.015548
AMERIPRISE FINANCIAL INC,-0.002094,0.012098,-0.001587,-0.005179,0.00853,0.012316,0.005344,0.001083,-0.018824,0.00377,0.016532,-7.5e-05,-0.002564,-0.003579,0.020159,0.009397,0.00199,0.001912,0.004722,-0.007988,0.007929,0.00436,0.000509,0.00698,-0.006475,-0.001865,-0.000777,0.003158,0.009104,-0.006719,0.013383,0.011609,0.010911,0.004989,0.01067,-0.012783,0.003138,-0.000672,0.011039,0.005642,-0.008234,-0.003749,0.006971,-0.016803,0.013803,0.002208,-0.014182,-0.008403,-0.008216,-0.020782,-0.006091,-0.000803,0.002239,0.002089,0.010615,0.010479,-0.032489,0.012681,-0.004723,-0.00219,0.015463,-0.010952
CROWN CASTLE INC,0.025958,-0.024671,-0.025203,0.019604,-0.007338,0.005895,0.008372,-0.001937,-0.027359,0.005417,0.020699,0.00213,0.006468,-0.011293,0.0026,0.006669,-0.025393,-0.002738,0.027736,0.012619,0.010187,0.015667,-0.010904,0.004481,-0.004105,0.011737,-0.005845,-0.011491,-0.00793,-0.02121,-0.003955,-0.013425,0.002012,-0.000383,-0.008228,-0.008296,0.007004,-0.015359,0.035907,0.002273,-0.014835,-0.013524,-0.006612,-0.008417,-0.005231,-0.005854,0.018066,-0.042157,-0.006346,-0.003811,-0.010961,-0.017669,-0.009685,0.014186,0.008795,-0.00126,0.004102,-0.000314,-0.012888,-0.006687,0.018594,-0.016156
COINBASE GLOBAL INC,0.00585,0.002094,-0.092246,0.021228,0.019033,0.085852,0.071218,0.037467,-0.046976,0.142389,0.032984,0.088368,-0.038878,-0.062839,0.052337,-0.028846,0.168454,0.027225,0.007931,0.013745,0.010857,0.113622,-0.054026,0.100475,0.017061,0.057703,-0.009547,0.007751,-0.017217,-0.071744,0.037189,-0.011306,-0.039646,0.116287,0.019932,-0.024771,0.094713,-0.046119,-0.037892,0.032801,-0.049072,-0.02487,0.023349,-0.007831,-0.034895,0.066791,-0.054633,0.033093,0.04789,-0.065625,-0.090905,-0.0205,-0.023077,0.020114,-0.032419,0.070376,0.046799,-0.051009,-0.003387,0.05684,-0.076845,-0.065227
I D E X X LABORATORIES INC,0.023686,-0.000266,0.085328,-0.008949,0.009365,0.002271,-0.002441,-0.011622,-0.017505,0.008818,0.014753,-0.023364,-0.007794,0.006459,0.029814,0.008717,-0.01114,0.009125,-0.005895,0.00621,0.002851,-0.00969,-0.022686,-0.00154,0.010333,-0.003214,-0.023334,-0.002681,-0.012179,-0.008516,-0.010848,7.5e-05,0.008701,-0.009206,0.004891,-0.002575,-0.001903,0.00168,0.016906,0.000667,-0.013928,-0.020172,0.004543,-0.011335,0.002779,-0.009316,0.009928,-0.030146,-0.002063,-0.010555,-0.013058,-0.003501,-0.023143,-0.000941,-0.003014,0.00676,0.029672,0.000932,-0.010157,0.020563,0.012097,-0.024894
L3HARRIS TECHNOLOGIES INC,0.005086,-0.011839,0.000676,0.002752,0.008907,-0.001241,0.00258,0.006767,-0.015526,0.010578,0.005234,0.003313,-0.000708,0.0093,-0.001777,0.004826,-0.012637,0.0,0.006848,-0.007177,-0.00874,0.029312,-0.009863,0.008278,-0.006586,0.007417,4.7e-05,-0.004706,0.009925,-0.01094,-0.002343,-0.009067,0.002323,0.003926,0.00424,-0.005677,-0.00118,-0.002645,0.006489,0.002824,-0.021305,-0.016111,-0.004532,0.026044,-0.003006,-0.002201,-0.011271,-0.003202,-0.015086,0.001136,0.002961,-0.014172,0.005291,0.003376,0.016677,0.013093,-0.00221,0.000145,-0.001685,0.034626,0.011746,-0.013867
NUCOR CORP,-0.007008,-0.012014,-0.005889,-0.005266,0.026799,0.00043,0.001342,-0.002359,-0.035572,0.008803,0.029272,-0.004185,-0.008568,0.002011,0.012421,0.017895,0.008421,0.007986,-0.004816,0.000572,-0.00832,-0.018563,-0.01261,-0.000812,0.009532,-0.003165,-0.005382,-0.010443,0.006616,-0.010918,0.035093,0.007003,0.006059,0.013354,0.014884,-0.009879,0.005349,-0.007264,0.025971,-0.003324,0.010612,-0.00815,0.008973,-0.005246,0.009392,-0.000448,-0.004978,-0.008505,-0.004239,-0.014239,-0.002673,-0.009793,0.003488,-0.010426,0.003093,0.001411,-0.088661,-0.010765,0.01806,-0.002615,-0.001026,-0.03829
KINDER MORGAN INC,0.006501,-0.00411,-0.017099,0.0012,-0.002397,-0.001201,-0.001203,0.010235,-0.012515,0.0,0.02414,0.00825,-0.002922,0.021102,-0.009185,-0.000579,-0.006957,0.002335,-0.001165,0.013994,0.004025,0.0063,0.008537,0.005643,0.002806,-0.002238,0.007852,-0.001669,-0.002787,-0.018446,0.002278,0.002273,0.01644,0.005577,0.004437,-0.002761,-0.004983,-0.003339,0.0134,0.010468,0.003817,0.000543,0.007058,-0.006469,0.001628,-0.005417,0.006536,-0.011364,0.004379,-0.011989,-0.008825,-0.015582,0.003957,0.025338,0.034596,-0.001062,-0.003188,0.002665,-0.000532,-0.006383,0.011108,-0.017204
BLOCK INC,0.025535,0.018149,-0.029906,0.017464,0.019552,0.007612,-0.028331,0.029306,-0.056072,0.037396,0.030708,-0.055268,0.001371,-0.019169,0.054134,0.161271,-0.053979,0.040852,0.009137,0.01339,-0.002768,-0.028391,-0.033377,0.014779,0.022375,0.045584,0.009785,0.002208,0.049076,-0.052263,-0.013171,0.008607,-0.019045,0.026979,0.031795,-0.039025,0.022905,0.014282,-0.007399,0.016831,-0.036888,-0.027621,0.005555,-0.06177,0.032651,0.015291,0.020804,-0.01838,0.019743,-0.038346,-0.045331,-0.004898,0.005059,-0.019725,-0.022759,0.016757,0.050419,-0.015689,-0.01675,0.023218,0.011144,-0.030673
AMETEK INC NEW,0.023573,0.009465,-0.002688,-0.005449,0.003914,-0.002579,0.013229,-0.000475,-0.002256,0.031957,0.001903,0.000863,0.005291,-5.7e-05,0.019508,-5.6e-05,0.003872,-0.006261,0.005344,0.008169,0.002775,0.002325,-0.009111,0.005071,0.008317,-0.000771,-0.003197,0.005363,-0.00165,0.000496,-0.000551,0.003085,-0.000824,0.012477,0.003855,-0.009518,-0.002129,-0.005964,0.011284,-0.004463,-0.013341,-0.000499,0.004103,-0.009773,0.016059,-0.007134,0.001437,-0.007893,0.004172,-0.004377,-0.003728,0.000279,-0.005807,-0.004381,0.002426,0.0009,0.011189,-0.009063,-0.001627,-0.00236,0.001014,-0.017052
SHELL PLC,0.018598,-0.012172,-0.005055,0.010638,-0.001414,0.0,0.002832,0.006432,-0.01138,0.000158,0.013211,-0.000157,0.000787,0.011946,-0.003883,-0.003119,-0.008603,0.000316,-0.012934,0.003995,0.011619,-0.011171,0.000318,0.015588,0.006265,0.001089,-0.000466,0.003422,0.018602,0.001065,0.001216,0.004251,0.004989,0.00692,-0.001195,0.001047,0.007472,-0.009789,0.0,0.004194,0.013127,0.027091,0.00473,0.002283,0.014804,0.007434,0.000278,0.011275,0.000138,-0.003028,-0.006902,-0.012233,0.001126,-0.001546,0.014642,0.00444,0.005249,0.004947,0.001914,0.0,-0.002047,-0.019967
AGILENT TECHNOLOGIES INC,0.022675,-0.000601,-0.001128,0.022888,-0.022597,0.009639,-0.005445,-0.007725,-0.019273,0.019112,0.018981,0.000668,-0.005191,0.008871,-0.024459,7.6e-05,-0.00409,0.008061,0.033648,0.002555,0.012376,0.027326,0.01043,0.012955,0.021133,-0.009644,-0.003922,0.003734,-0.000135,-0.017657,0.015633,-0.009425,0.008899,-0.000746,0.009913,-0.008673,-0.012818,-0.0079,0.020497,-0.012621,0.001966,-0.009549,-0.003052,-0.016628,0.019669,0.002359,0.020352,-0.021981,0.005827,-0.029448,-0.003624,-0.02439,-0.016447,-0.015682,0.00219,0.00889,0.039504,-0.012284,-0.008146,0.010046,0.013431,-0.018268
CUMMINS INC,0.015336,0.006914,-0.01447,0.043258,-0.013636,0.007295,0.007442,0.020137,-0.009149,0.023458,0.020463,0.002558,-0.017412,0.005156,0.005205,0.004146,0.008486,0.008753,0.006777,-0.006473,0.006143,0.003885,0.000147,0.007702,-0.026441,0.008978,0.005771,-0.001407,0.001742,-0.024645,0.04272,0.041042,-0.01786,0.021779,0.014871,-0.003638,-0.008886,0.014109,0.009835,-0.000136,-0.000407,0.00455,-0.004056,0.000271,0.020085,-0.001064,0.005593,0.000894,0.001852,-0.013967,-0.009544,-0.004057,-0.010931,0.000206,-0.013246,0.009876,0.00792,-0.00123,-0.002497,-0.001612,0.008621,-0.038004
DOW INC,-0.001119,-0.002241,-0.004867,0.016554,0.000925,-0.003882,0.002042,0.014818,-0.029385,0.007522,0.029675,0.005619,-0.013879,0.019009,0.004484,0.006964,-0.005675,0.003567,-0.008353,0.014156,-0.001969,0.022414,-0.000702,-0.002106,0.001407,-0.005796,0.014485,0.004353,0.005028,-0.011213,-0.004885,-0.005259,0.000352,0.024841,-0.004126,-0.004316,-0.005028,-0.005576,0.018749,-0.003612,0.005697,0.017679,0.011806,-0.002167,-0.00284,-0.002848,0.00588,-0.017037,-0.006627,-0.013171,-0.006414,-0.008025,-0.000703,-0.005808,0.003009,0.005824,-0.004387,0.00423,-0.009477,0.01506,0.008902,-0.015571
KROGER CO,0.012354,-0.012203,-0.003251,-0.021744,-0.008224,0.018377,-0.00066,0.009469,-0.00589,0.008997,0.025826,0.016428,0.007557,-0.003958,0.000627,0.007734,-0.019706,0.023487,0.003308,0.022254,-0.009071,0.004272,0.002228,0.020412,0.098831,0.008832,-0.017509,0.005819,0.013922,-0.010164,0.009908,0.002319,0.005161,0.006197,0.003343,-0.008243,-0.010433,0.007684,0.009044,0.004042,-0.002451,0.014564,-0.001038,-0.00554,-0.002263,-0.033851,0.000903,0.021292,-0.00795,-0.016919,0.002899,-0.001445,-0.000362,0.00561,0.017995,0.006364,-0.022835,0.009347,-0.004274,-0.007512,0.001442,-0.003419
GENERAL MILLS INC,-0.001233,-0.000463,-0.019599,0.020463,-0.017276,0.005494,-0.02685,0.01187,-0.002378,-0.008899,0.014751,0.012798,0.026209,-0.002584,-0.00823,0.003842,-0.004899,-0.012154,0.001402,-0.001866,-0.00374,0.006725,0.001553,0.011944,-0.014715,0.015246,0.006129,0.000914,0.004717,-0.007269,0.018459,0.014679,0.013139,0.011657,-0.00965,0.004945,0.000579,-0.011571,0.019315,0.00445,0.002287,0.006131,-0.022251,0.020148,-0.008383,0.003009,0.011,-0.018951,-0.02687,-0.01194,0.016919,0.007724,0.009876,0.008466,0.01925,0.01065,-0.004918,0.011155,-0.003212,-0.007705,-0.008471,0.003275
YUM BRANDS INC,0.007414,-0.013032,-0.018796,0.007441,0.018622,0.005862,-0.000997,0.008367,-0.001142,0.02134,0.010372,-0.006278,0.00052,0.009556,0.015529,0.007209,-0.00188,-0.007388,0.011384,-0.001299,-0.007224,0.008223,0.001083,0.006128,0.005948,-0.005841,0.003726,0.004712,-0.016911,-0.008673,-0.002333,-0.004165,0.007485,-0.005681,0.00044,-0.00249,-0.011818,0.001337,0.018694,0.009685,0.013127,0.001709,-0.012082,-0.019639,-0.001321,-0.006466,0.013312,0.006787,0.002755,-0.003831,-0.000943,0.002397,-0.001232,0.00029,0.00457,0.004043,0.007479,0.012206,-0.001763,0.001484,0.010016,-0.013548
PRUDENTIAL FINANCIAL INC,-0.021348,0.005064,-0.004651,0.006425,0.055518,-0.004765,-0.027898,0.015628,-0.018558,0.011023,0.027162,-0.006497,0.00028,0.003262,0.00613,-0.002308,-0.009438,0.005792,0.003158,0.009073,-0.008992,-0.008518,0.017182,0.006243,0.010127,0.003432,0.00378,0.001973,0.009755,-0.009661,0.009844,0.002127,0.006367,0.013445,0.003121,-0.009422,0.008988,0.001643,0.010361,0.003247,-0.009455,8.6e-05,0.004901,-0.008385,-0.001553,-0.001988,-0.010218,-0.013823,-0.012331,-0.014731,-0.012125,-0.007106,-0.002231,0.012576,0.017571,0.007775,0.005203,0.006336,-0.014012,-0.006116,0.012941,-0.012955
OLD DOMINION FREIGHT LINE INC,0.002992,0.042071,0.014069,0.026807,0.016214,0.006267,0.000391,-0.014311,-0.012025,0.01696,0.002783,-0.02054,-0.009541,0.011945,0.029476,0.00753,0.01288,-0.010832,-0.018501,0.02213,0.004068,0.004389,-0.035027,0.012509,0.017476,-0.033358,0.010717,0.018827,-0.016348,-0.016712,-0.0128,-0.005628,0.012729,0.024029,0.024317,-0.00843,-0.013694,-0.003931,-0.012393,0.024933,-0.005426,-0.007106,0.015099,-0.008097,0.029854,0.000534,-0.009658,-0.033615,0.022089,0.006097,-0.005336,0.00241,-0.043859,-0.014183,0.019247,-0.001086,0.036344,-0.110452,0.008203,-0.072409,0.009977,-0.013732
NU HOLDINGS LTD,0.046458,0.039956,-0.010672,0.011866,0.01919,0.008368,0.025934,-0.001011,0.004049,0.045363,0.008679,-0.00956,-0.009652,-0.016569,0.026759,-0.013514,0.048924,0.039179,-0.006284,0.000903,0.017148,-0.011535,-0.003591,0.013514,0.023111,-0.038228,0.043361,-0.012121,0.015776,0.002588,-0.000861,0.015504,0.005089,0.023629,0.009068,0.000817,-0.006531,0.00493,-0.022895,-0.001674,-0.009221,0.003384,0.004216,-0.010076,0.016115,0.000835,-0.014179,-0.021151,-0.001729,-0.022511,-0.030115,-0.010046,-0.004613,-0.012048,-0.016886,0.012405,0.029218,-0.013736,0.009285,0.016559,-0.00362,-0.013624
CENTENE CORP DEL,-0.000133,0.001461,-0.01777,0.011476,0.0,0.021089,0.01085,0.0075,-0.015531,0.0103,0.010453,0.005619,0.006985,-0.001513,0.011368,0.001873,0.000125,0.002244,-0.025121,0.00051,-0.005738,0.00436,-0.011747,0.002455,0.026679,-0.019081,-0.001408,-0.016404,-0.000391,-0.008733,-0.007627,0.020538,0.021813,-0.010419,-0.008988,-0.003239,0.00182,0.006358,0.010186,0.001659,-0.009302,-0.068167,0.008144,-0.013554,0.010132,0.002748,-0.0037,-0.006326,-0.008443,-0.012702,0.028135,-0.006326,-0.003598,0.024306,0.018983,0.005722,0.00344,0.004615,-0.006694,-0.022199,-0.002297,-0.010429
FASTENAL CO,0.023597,0.011598,-0.016844,0.000288,-0.000288,-0.002879,0.010973,-0.000143,-0.015569,0.017557,0.000285,0.001283,-0.002278,0.003567,0.024598,0.001665,0.011361,0.002055,0.005605,-0.007477,-0.002329,0.026771,-0.006017,-0.000269,0.021798,-0.004082,-0.017321,0.012648,-0.002923,0.003065,-0.003188,0.00893,0.006737,0.019026,0.009786,-0.004081,-0.013956,-0.002987,0.006512,-0.001812,-0.00713,-0.003786,0.000655,-0.015455,0.019423,-0.009657,0.000132,-0.015283,-0.065025,0.008157,-0.015046,-0.008647,-0.004506,-0.014311,0.001037,-0.001776,0.00089,0.009184,0.005905,0.00044,0.004548,-0.007886
DATADOG INC,0.019769,0.058392,-0.023602,-0.014946,0.011147,0.006354,0.026322,-0.000445,-0.023508,0.033946,-0.031656,-0.015928,-0.016032,-0.014257,0.041958,-0.012279,-0.001235,0.01237,-0.003665,0.007588,-0.009433,0.003456,-0.054642,0.008581,-0.013645,-0.012857,0.001154,0.01268,0.004878,-0.007606,-0.018182,0.003737,0.007777,0.013382,-0.004699,0.001302,-0.002926,0.006441,0.000486,0.000729,-0.003641,0.010069,-0.023153,-0.006502,0.030484,0.010933,-0.002545,0.003029,0.03958,-0.025153,-0.013254,0.008981,-0.026782,0.011898,-0.039434,0.016488,0.035799,0.004983,-0.014323,0.049501,-0.018106,-0.02766
CENOVUS ENERGY INC,-0.00309,-0.018599,-0.005685,0.006353,0.003788,0.025157,-0.004294,0.020333,-0.020531,0.00185,0.074462,-0.002864,-0.013211,0.018626,0.005714,0.001136,0.005675,-0.010722,-0.015402,0.009849,0.015491,-0.014689,0.005734,0.018244,0.003359,-0.014509,0.008494,0.006738,0.027329,0.018123,-0.003753,0.020452,0.005802,0.00839,0.00468,0.00207,0.02376,0.003027,-0.002012,0.00756,0.006003,0.015913,0.027411,0.005717,0.01279,0.003274,0.005594,0.010663,-0.032569,-0.006638,-0.019093,0.003893,0.003393,-0.001932,0.009197,0.01199,0.008057,-0.001881,0.002355,0.008459,0.003728,-0.045497
ALCON INC,0.017042,-0.018458,0.005601,0.020292,-0.00091,0.004033,0.000389,0.001813,-0.032325,0.021379,0.018838,-0.004366,0.00993,0.018772,0.007771,-0.004229,0.005871,0.008072,0.055556,-0.013304,0.025902,-0.009569,-0.010593,0.008824,0.013644,0.004142,0.009968,-0.000227,-0.009077,-0.016146,-0.01094,-0.010002,0.007132,-0.001534,-0.008156,-0.003575,-0.007655,-0.004098,0.007866,0.00012,-0.015248,-0.003901,0.029131,-0.00559,0.014233,-0.011439,-0.013718,-0.005926,0.00146,-0.012514,-0.002338,-0.018251,-0.007662,-0.006709,0.013763,0.013325,0.001861,-0.014735,-0.009174,-0.000888,-0.000635,-0.014482
FIDELITY NATIONAL INFO SVCS INC,0.009798,-0.009225,-0.009311,-0.001458,0.000811,-0.00373,0.005208,0.009067,-0.01733,0.022861,0.016124,0.0,-0.010841,0.007783,0.010244,0.002808,0.047449,-0.005198,-0.001642,0.034694,0.000289,0.003468,0.00432,0.001147,-0.004583,0.007231,0.001436,-0.002867,-0.009346,-0.009869,0.013193,0.002604,0.008081,0.012024,0.022065,-0.02408,0.008083,0.017021,0.016044,0.009801,-0.019277,0.013058,-0.01479,-0.009778,0.00751,0.008835,0.01081,-0.016786,-0.006471,-0.016768,-0.003242,-0.000283,-0.00495,-0.004975,0.010429,0.008059,0.008415,-0.01516,-0.004802,-0.012346,-0.002299,-0.02189
CORTEVA INC,0.188654,-0.018868,-0.023379,0.005598,0.038011,-0.01535,0.006762,0.026866,-0.025618,0.008391,0.011095,0.002195,-0.008029,-0.002575,0.009037,0.003473,-0.001457,0.005655,-0.010702,-0.015768,0.002616,-0.000932,0.006156,0.001669,0.008514,0.003487,0.007498,0.000363,0.003448,-0.001808,-0.001993,-0.006898,-0.000731,0.019389,0.000897,-0.012729,0.010169,0.012044,0.012433,0.011754,0.000173,-0.008842,0.004198,-0.008013,-0.001756,0.011785,0.0,-0.006259,-0.012246,-0.047822,-0.001674,-0.006521,0.003938,0.008033,0.015567,0.007299,-0.000362,-0.00743,-0.001278,0.004022,0.010561,-0.024685
QUANTA SERVICES INC,0.032002,0.021173,-0.011296,0.019388,0.013536,-0.005409,0.011262,0.007092,-0.022495,0.028041,0.006678,-0.01224,-0.010594,0.009656,0.102784,0.006268,0.005333,0.016678,-0.003924,0.012069,-0.002567,0.010171,-0.014917,0.008719,0.010422,-0.00925,-0.012063,0.010998,0.000248,0.002192,0.001609,0.004367,0.010582,0.012663,0.027213,-0.001483,-0.001485,0.014244,0.002199,0.000192,-0.002078,-0.012189,0.02417,-0.01525,0.01901,-0.003229,-0.022344,-0.00819,0.01455,-0.012829,-0.022773,-0.000804,-0.010978,-0.001138,-0.00985,0.009455,0.026022,0.004882,0.007939,0.025354,0.002599,-0.014409
INGERSOLL RAND INC,0.026672,0.021344,-0.009912,0.00398,0.015978,0.009578,0.00609,-0.005006,-0.004212,0.016214,0.015031,0.019137,-0.030513,0.025363,0.020801,-0.002864,0.002541,-0.004187,-0.005864,0.016472,0.003285,-0.000982,-0.017151,0.003223,0.010195,-0.008666,-0.009406,0.014969,-0.003632,0.005302,-0.005933,0.008179,0.003837,0.023154,0.015158,-0.003786,-0.002744,-0.000318,0.008576,-0.003254,-0.014007,-0.011429,0.009076,-0.011671,0.027194,-0.008438,-0.005425,-0.005455,0.001936,-0.013416,-0.006963,-0.004382,-0.014415,-0.006699,-0.006407,0.002602,0.021889,0.02131,-0.005081,0.015973,-0.001176,-0.00075
EXELON CORP,0.006033,-0.019132,-0.021252,0.008626,0.005603,-0.010264,0.002667,0.015958,-0.005527,-0.002047,0.021688,0.001434,-0.005156,0.042614,-0.004971,0.002776,-0.013839,0.016278,-0.011323,0.001117,0.000837,0.020006,0.001934,0.011028,0.004363,0.00353,0.006223,-0.00484,-0.00054,-0.011355,-0.002461,0.003289,0.005738,-0.006792,0.012856,-0.008912,0.004087,-0.00787,0.020514,0.006969,-0.00905,0.009401,-0.009846,0.000269,0.003224,0.011784,0.002382,-0.02535,-0.00298,-0.008696,-0.005757,-0.014337,0.018741,0.007139,0.023719,0.003196,-0.00292,0.005591,-0.002912,-0.009028,0.010718,-0.003712
COSTAR GROUP INC,0.013416,-0.007801,-0.025971,0.02593,0.014902,-0.039469,0.016632,-0.003007,-0.014961,0.008329,0.007775,-0.018804,-0.001966,0.033727,-0.017981,0.028131,-0.009553,0.010836,0.017199,0.007875,0.014248,0.003625,-0.013997,0.003778,-0.026574,0.008905,0.008129,0.003686,0.007804,0.000683,0.083191,0.010191,-0.021321,0.023486,0.014744,-0.020567,0.001045,-0.006679,0.010927,0.003949,-0.021532,-0.014283,0.002147,-0.016708,0.032023,-0.005594,0.015602,-0.05267,0.023607,-0.026404,-0.031105,-0.014167,-0.009619,-0.014978,0.00095,0.012461,-0.008088,0.086623,-0.01751,0.02557,-0.001619,-0.010487
T C ENERGY CORP,0.010398,-0.019327,-0.028923,0.002372,-0.007888,-0.007156,0.001869,0.020783,-0.019577,-0.000532,0.028237,0.023834,0.004302,0.003527,0.001004,-0.002759,-0.011821,0.003818,-0.002282,0.005083,0.005057,0.000755,0.003519,0.003006,0.005744,-0.000745,0.00994,0.001476,0.00344,-0.011508,-0.003963,0.001741,-0.000248,-0.004967,0.008236,0.0,0.002475,-0.002222,-0.001558,0.014127,0.001741,-0.006953,-0.018755,-0.012742,-0.013681,-0.003402,0.006828,-0.030777,-0.010226,-0.018216,-0.003046,-0.0225,-0.002558,0.005413,0.011618,0.005882,0.003342,-0.003331,0.005013,0.000277,-0.003047,-0.00389
LENNAR CORP,0.027227,0.00052,-0.009805,-0.01023,0.011594,0.003929,-0.001761,0.031957,-0.039453,0.014438,0.002145,-0.025811,0.005126,0.006557,0.010396,0.009898,-0.006126,-0.001687,-0.000455,0.030624,0.018737,-0.005883,-0.006042,0.009275,0.020989,-0.001399,-0.000426,0.011272,-0.002832,-0.076375,0.024271,0.000255,0.019347,0.025056,0.010389,0.0075,-0.003242,-0.002891,0.017758,0.020653,-0.024247,-0.031822,0.022281,-0.014751,0.015766,-0.00728,0.005939,-0.057594,0.01937,0.002759,-0.02364,-0.022675,-0.004588,0.004016,-0.015083,0.009188,0.030547,-0.010148,-0.00863,0.009817,0.007648,-0.024764
SYSCO CORP,0.01767,-0.010685,-0.007855,-0.005319,-0.009203,-0.004393,0.0029,0.00616,-0.011244,-0.001769,0.00481,0.001512,-0.005409,0.007715,0.009538,0.004724,0.000247,0.003711,-0.005792,0.003719,-0.012474,-0.005628,0.00088,-0.005152,0.008842,0.008639,-0.006703,0.001375,0.004867,-0.006085,0.011121,-0.003213,0.008306,-0.001967,0.00579,-0.000612,-0.008702,0.000247,0.012855,-0.009275,-0.007514,-0.001738,-0.005968,-0.036273,0.001568,0.000913,0.010034,-0.007096,-0.005068,-0.017239,0.005316,0.002379,-0.005143,0.002651,0.01441,0.007689,-0.004656,0.004288,-0.002846,0.0,0.001946,-0.037555
IMPERIAL OIL LTD,-0.00884,-0.012767,-0.001063,0.020394,-0.00643,0.029036,-0.009349,0.025395,-0.019578,0.005291,0.025637,-0.008442,-0.014023,0.031832,0.010338,0.00065,0.01542,0.007033,-0.014762,0.006928,0.024671,-0.01934,0.014109,0.009644,0.009865,-0.002326,0.018962,0.008084,0.015888,0.008937,-0.005314,0.003859,-0.005027,-0.001189,0.005058,0.001628,0.019802,-0.005941,0.000729,0.006992,0.010271,0.01618,0.020149,-0.005801,0.013059,0.003977,-0.008742,0.018052,-0.03614,-0.017975,-0.019305,0.015019,-0.005172,-0.01083,0.013723,0.014401,0.000994,0.001702,0.009061,-0.007998,0.006506,-0.031057
M S C I INC,0.009488,-0.0186,-0.016305,-0.002383,0.014828,-0.008686,0.011819,-0.003764,-0.024704,-0.004882,0.007891,-0.012107,-0.021433,-0.001635,0.017673,0.00619,-0.001828,-0.017766,0.018052,-0.01222,0.00804,-0.012573,-0.014363,-0.00149,0.001165,0.002417,0.023209,0.002658,-0.014634,-0.007982,-0.015061,0.010372,0.025328,-0.009197,0.008298,-0.018926,-0.0032,0.000617,0.009643,0.006194,-0.010028,-0.022602,-0.004223,-0.011889,0.016511,0.012297,0.010309,-0.039065,0.002701,-0.014724,-0.025749,0.000721,-0.003116,-0.011859,0.008522,0.009999,-0.134266,0.041816,-0.000344,0.028612,-0.001674,-0.02346
TRADE DESK INC,-0.017829,0.041512,-0.035714,0.016296,0.014577,0.00819,0.016246,0.036461,-0.013124,0.018783,0.01884,0.174614,-0.071629,-0.005814,0.0173,-0.024671,0.009209,0.041489,-0.008178,0.006243,-0.018027,-0.005245,-0.023966,0.008963,-0.004259,-0.002933,-0.001716,-0.012523,-0.003357,-0.032809,-0.010448,0.021246,0.017996,0.046515,0.019049,0.0,0.029274,-0.005711,0.001838,0.002408,-0.001258,-0.00252,-0.001722,-0.027375,0.015019,0.009903,0.001846,-0.004606,0.014577,-0.015165,-0.06229,0.014076,-0.024352,0.008486,-0.043435,0.006986,0.041495,0.033551,-0.005371,0.016679,-0.002715,-0.019527
OTIS WORLDWIDE CORP,0.01289,0.015517,-0.000879,0.011553,-0.001849,-0.009807,0.002311,0.002855,-0.013685,0.008214,0.019047,-0.010627,-0.002411,0.007251,0.007963,0.012012,0.003208,0.00032,0.011401,0.004003,0.003987,-0.003031,-0.008911,0.006875,0.018384,0.007118,-0.01352,0.011837,0.008722,0.001933,0.000102,-0.00467,0.00816,0.004958,0.00896,-0.008781,-0.00302,-0.00414,0.012471,-0.005908,-0.007051,-0.008319,0.005115,-0.010891,0.006071,0.002659,0.011119,-0.018362,0.006886,-0.018475,-0.001144,-0.000729,-0.010627,0.005581,-0.003979,0.012407,0.012255,-0.042064,-0.003749,-0.008815,0.01269,-0.023241
CHARTER COMMUNICATIONS INC NEW,0.031372,-0.165115,-0.048745,-0.044031,-0.022771,-0.003772,0.030255,0.023218,-0.017656,-0.01835,0.023879,-0.003876,0.00727,-0.026531,0.033763,0.008148,-0.022644,-0.009021,-0.005724,0.019387,-0.00262,-0.048097,0.006414,-0.016094,0.020519,0.006312,0.05099,-0.011903,0.012555,-0.004692,-0.021381,0.019026,0.008103,-0.010985,-0.002337,-0.013611,0.0,-0.009326,0.019521,-0.009812,-0.022296,-0.021573,-0.008381,-0.016178,-0.013789,0.020786,-0.005823,-0.031717,0.014,-0.022624,-0.01382,0.002608,0.001786,0.007286,0.020392,-0.00049,0.00464,-0.006046,-0.021156,-0.017329,0.020227,-0.014706
P G & E CORP,0.014819,-0.027453,-0.016817,-0.007941,0.010468,-0.01036,0.000616,0.012308,-0.009726,0.003683,0.011009,-0.00605,0.012173,0.00902,-0.007747,0.022823,-0.038755,0.013439,0.0,0.006028,-0.005392,0.014458,-0.024347,0.003652,0.006064,-0.001808,-0.006642,-0.007903,0.004902,-0.014024,0.004947,-0.011692,0.011831,-0.003077,0.014198,-0.001217,0.0,-0.007922,0.02887,0.001195,-0.011933,0.00785,0.001198,-0.008378,0.014484,0.0,0.010708,-0.015892,-0.014952,0.007893,-0.018675,-0.015961,0.025577,0.006083,0.018742,0.005935,0.00059,0.002359,0.004118,-0.002343,0.013506,-0.008691
COUPANG INC,-0.006429,0.020848,-0.025352,0.014451,0.023504,0.009047,-0.002759,0.037344,-0.026,0.033539,0.043709,-0.003807,-0.001911,0.013401,0.02267,0.009852,-0.00061,0.030506,0.079929,0.015351,0.023218,-0.005277,-0.003183,0.009047,-0.031118,-0.001633,0.01036,0.045872,0.012384,-0.056575,-0.02053,0.005516,-0.00768,0.025428,-0.007008,-0.046146,0.001707,0.0,0.000568,0.010222,0.023047,0.001648,0.003291,0.00164,-0.004367,0.010417,0.032013,0.005258,-0.003138,0.1149,0.018824,0.039723,0.005331,-0.014582,-0.013004,0.020445,0.011576,0.003521,0.010088,-0.005211,0.008293,-0.025974
CHENIERE ENERGY INC,-0.006037,-0.007301,-0.009425,0.002565,-0.001123,-0.006622,-0.006477,0.005697,-0.008874,-0.012002,0.02166,0.00887,0.004552,0.021353,-0.041692,0.000317,-0.017371,-0.011678,-0.001893,0.015109,0.006314,-0.018632,0.001566,0.001238,0.003318,0.004799,0.009551,-0.000128,0.002685,0.007397,0.020887,-0.003844,0.005664,0.007241,-0.018863,0.000251,0.002191,-0.002062,0.008764,0.000869,-0.012091,-0.004582,-0.001955,-0.020595,0.011159,-0.001786,0.003579,0.006495,0.004998,-0.012968,-0.015052,-0.001036,0.016465,0.023085,0.009599,-0.009323,-0.009722,-0.009314,0.012324,-0.001381,0.016086,-0.023995
HUMANA INC,-0.005925,0.008116,-0.047114,0.014764,0.00606,-0.002089,0.006743,-0.003079,-0.012624,-0.006009,0.004665,0.008077,0.0006,0.001253,0.001306,-0.014046,-0.008156,0.00764,-0.031817,-0.002392,0.004881,-0.014772,-0.02569,0.003433,0.004837,-0.004021,0.022543,-0.005331,0.000145,0.01069,-0.002121,-0.002757,0.012673,-0.00967,-0.002298,0.00331,-0.00416,0.003717,0.005755,-0.007954,0.013642,-0.134073,0.012257,0.006427,0.009902,0.012424,0.008265,-0.001408,-0.009023,-0.011698,0.006558,0.009153,0.018708,0.004235,0.010775,-0.009229,0.008239,-0.036588,-0.014463,-0.017694,-0.00899,-0.003497
DELL TECHNOLOGIES INC,0.03499,0.006295,-0.007067,-0.035352,0.012821,0.012658,0.016509,0.004872,-0.030478,0.02453,-0.038587,0.018013,-0.020781,-0.012976,0.078634,0.029161,0.026785,-0.013043,0.018458,0.015121,0.316184,-0.022554,-0.033093,0.006369,0.016878,-0.03527,-0.003355,-0.019938,-0.031264,-0.032273,0.005167,-0.003458,0.008347,0.033017,0.02674,-0.015784,0.006771,0.014602,-0.025905,0.021759,0.048462,-0.01003,0.085613,-0.011044,0.043724,-0.041968,-0.026897,-0.00291,0.005431,-0.050629,0.000425,0.027757,-0.012058,-0.01045,-0.029568,0.009707,0.044054,-0.003565,0.039185,0.001201,0.02111,-0.023962
MARTIN MARIETTA MATERIALS INC,0.013945,0.008535,-0.021888,0.011759,0.019378,0.001773,0.003293,0.009789,-0.009487,0.023158,-0.007081,0.007897,-0.012466,0.005927,0.022115,0.000949,0.008438,0.010428,0.012556,0.020509,0.022468,0.020256,0.001661,0.007381,0.007508,-0.024612,-0.00191,0.012506,0.002918,0.002678,-0.016932,0.000822,0.009233,0.002275,0.015423,-0.009511,-0.003805,0.008747,0.002885,0.0034,-0.015506,-0.003871,0.013786,-0.010305,0.02536,0.003423,-0.017537,-0.006682,0.000874,-0.008187,-0.004767,-0.006675,-0.003898,-0.009765,-0.019144,0.014638,0.017234,-0.004324,0.008871,0.013265,-0.003884,-0.025836
KENVUE INC,0.006262,-0.002872,-0.016803,0.005859,-0.003883,-0.057992,0.0,0.013451,-0.007147,-0.008312,-0.002095,0.0,0.000525,0.012592,-0.005699,-0.000521,-0.012513,-0.001056,0.011628,-0.007314,-0.009474,0.007439,0.002637,0.029984,0.011236,0.011111,0.006493,-0.000496,0.013406,-0.016659,0.013453,-0.006883,0.0,0.010396,0.014699,-0.005311,0.002427,0.013559,0.024845,0.000466,-0.010718,-0.019312,-0.023055,-0.008358,0.003966,-0.009383,0.014457,-0.005405,-0.039032,-0.016453,0.0,-0.001045,0.008373,0.016087,0.0,0.0,-0.010725,-0.01239,-0.00575,-0.008412,0.010604,-0.012592
ROYAL CARIBBEAN CRUISES LTD,-0.004235,-0.027725,-0.018066,-0.00528,-0.009455,0.012895,-0.033066,0.000427,-0.003845,0.000515,0.010118,-0.0146,-0.008183,-0.002084,0.066667,-0.005303,-0.019195,0.030777,-0.009412,0.01032,0.007377,0.00837,0.006385,0.007137,-0.020866,0.025091,0.002589,0.01518,0.018267,-0.025736,0.001632,-0.005119,0.008966,0.047292,0.001918,0.001694,0.001838,0.004403,0.020823,-0.005082,0.01115,-0.022126,0.007566,-0.024912,0.007257,0.016689,-0.036951,-0.01712,0.021772,-0.045458,-0.003916,-0.004482,0.010822,-0.002579,0.0123,0.021515,0.035457,0.000439,0.005412,0.022696,0.019703,-0.026018
DIAMONDBACK ENERGY INC,-0.006635,-0.01637,-0.003994,0.01584,-0.003553,0.013404,-0.011337,0.093845,-0.002289,0.025725,0.050983,0.005041,-0.00758,0.009491,-0.016801,-0.002094,0.004253,0.004743,0.010171,0.015354,0.014519,-0.017281,0.00654,0.00622,0.008997,0.002626,0.006602,0.000108,0.016475,0.010343,0.002322,0.000632,0.013469,0.001454,0.007776,0.001543,0.009707,-0.011903,0.011737,0.008345,0.006459,0.004613,0.014224,-0.010678,0.016265,0.011012,-0.005035,0.003406,0.009843,-0.009219,-0.004798,-0.006818,-0.013729,-0.007706,0.005711,0.009166,0.008836,0.004257,0.009063,0.003187,-0.009145,-0.022977
STMICROELECTRONICS NV,0.003853,-0.01445,0.0252,-0.011844,-0.004297,0.025891,0.024131,-0.008647,-0.035979,0.017643,0.007113,-0.002869,-0.013502,0.001122,0.022636,-0.019286,0.002235,0.032553,-0.030015,0.015583,0.033976,-0.012932,-0.015249,0.022028,0.036492,-0.033354,0.011715,0.023368,-0.020572,-0.023104,-0.035691,-0.004682,-0.020189,0.014881,-0.019174,-0.00414,-0.008545,0.002096,0.022083,-0.016602,0.002081,-0.031849,0.014064,-0.015515,0.001671,0.00739,0.028396,-0.026921,0.008749,-0.037037,-0.010711,-0.007628,0.0,-0.017853,-0.025499,0.016839,0.018599,0.054027,0.010916,-0.029812,-0.003629,-0.03934
ISHARES TRUST,0.009871,-0.006672,-0.004842,0.010673,0.000466,-0.002639,0.003735,0.003256,-0.017929,0.01322,0.00963,0.002,0.002764,0.000919,0.009943,0.000303,-0.001968,0.001972,-0.007571,0.002594,0.011414,-0.002558,-0.003922,0.01257,0.010171,-0.002961,-0.002673,0.007743,-0.00133,-0.00577,-0.001786,0.000745,-0.000447,0.011028,0.000295,-0.004274,-0.000888,0.000444,0.005626,-0.000883,-0.002358,-0.004136,0.005043,-0.006789,0.003715,0.005033,0.002357,-0.01396,0.003428,-0.017823,-0.004688,-0.010483,0.000307,0.000307,-0.001074,0.010753,0.009878,-0.001655,-0.00196,0.008307,0.006441,-0.014288
ARCH CAPITAL GROUP LTD NEW,-0.004125,0.01474,0.004322,-0.004303,0.013445,-0.019664,0.008458,-0.004313,0.011552,0.009636,0.02981,-0.01476,-0.008594,-0.007731,0.013104,0.017129,-0.000115,-0.000687,0.012153,-0.007816,-0.004795,-0.000344,0.002869,0.016363,-0.012722,-0.000912,0.030818,0.006755,0.00088,0.00033,0.009338,-0.005224,0.002954,0.006109,-0.016697,-0.00011,0.003419,-0.004396,0.009825,0.010494,-0.001406,-0.008883,0.008088,-0.012361,0.041827,-0.003688,-0.03522,0.010634,-0.009546,-0.014566,-0.002445,0.012255,-0.002531,0.008386,0.016851,0.0099,-0.000746,-0.006291,-0.001502,-0.023106,0.00385,0.025096
VERTIV HOLDINGS CO,0.055565,0.033804,0.00179,-0.039948,0.027402,0.015311,0.029998,-0.034635,0.019733,0.039021,-0.032784,0.002069,-0.015087,-0.05595,0.074296,-0.00318,0.057576,-0.000603,-0.002565,0.022996,0.043626,0.015871,-0.023295,0.028135,0.001389,-0.037731,-0.034165,0.079403,0.014519,0.007496,0.003247,0.04052,-0.001037,0.010122,0.054856,0.00475,-0.006667,0.008786,-0.02008,0.008147,-0.01555,0.004602,0.056704,-0.054599,0.057628,-0.013944,-0.027926,0.036308,0.018521,-0.028376,-0.038384,0.02095,-0.005828,-0.010625,-0.074065,0.014131,0.040752,0.068208,0.068346,0.034754,0.014012,-0.018987
G E HEALTHCARE TECHNOLOGIES INC,0.013495,-0.005918,-0.006765,0.116469,-0.001586,0.002811,-0.008774,0.022498,-0.01034,0.010448,0.029578,0.004554,0.004301,-0.016321,0.031301,0.016317,0.017402,0.020967,0.005404,-0.018706,0.015776,0.000108,-0.009921,0.014051,-0.004726,0.013059,-0.009268,-0.012688,-0.036376,-0.001695,0.012227,0.013421,0.001876,0.001212,0.003411,-0.016118,-0.01616,0.008949,0.013922,0.006644,-0.01518,-0.015861,0.010442,-0.012018,0.005798,-0.008591,-0.008779,-0.017828,0.033025,-0.02188,-0.001739,-0.002903,-0.008034,-0.00223,-0.005649,-0.00213,0.022892,0.005566,-0.008879,0.003374,0.031308,-0.142793
NASDAQ INC,-0.011771,-0.007707,-0.011827,0.006074,0.010476,-0.002636,0.008633,-0.007336,-0.019884,0.001975,-0.005734,-0.001262,0.002165,0.009003,0.009279,0.001591,-0.00812,0.003203,-0.000887,-0.002131,0.005872,0.007784,-0.000702,0.016863,0.02142,0.014882,0.000333,-0.004831,0.000335,-0.014276,0.016868,0.010221,0.035993,-0.025296,0.015769,-0.003396,-0.009249,0.019161,0.012374,0.001587,-0.012837,-0.015412,0.004076,-0.008444,0.01605,0.001612,0.022852,-0.008653,0.000794,-0.024421,-0.021619,-0.002658,-0.000333,0.001,0.004661,0.014085,-0.001797,0.006711,-0.019675,-0.00282,-0.000665,-0.003828
PUBLIC SERVICE ENTERPRISE GP INC,0.017934,-0.014061,0.0,0.013402,0.000509,-0.013726,0.00378,0.015577,-0.013147,0.003757,0.014123,0.003188,0.005352,0.017135,-0.012594,0.006295,-0.018272,0.032529,0.017051,-0.003672,-0.002564,0.017995,0.013415,0.01059,0.014948,-0.015323,0.010738,-0.014473,-0.00125,0.000939,-0.003282,0.00392,0.000625,-0.002809,-0.000783,0.01864,0.004459,0.002909,0.017402,0.00195,-0.002096,-0.003301,0.003312,-0.007953,0.006202,0.004059,0.006139,-0.009375,-0.001803,-0.008728,-0.010172,-0.01411,0.011668,0.001076,0.009831,0.014755,-0.003298,0.01113,0.012792,-0.003965,0.012091,0.00641
LAUDER ESTEE COS INC,0.020532,-0.004306,0.120489,-0.027083,-0.029273,-0.008173,0.018257,0.017929,-0.025701,0.003447,0.018717,0.007225,-0.008608,0.016332,0.008069,0.008879,-0.033136,0.024066,-0.003165,0.008142,0.001683,-0.007055,-0.003113,-0.012965,0.018981,0.008976,0.029565,-0.011954,0.038532,-0.032291,-0.020217,-0.012888,-0.011027,0.003899,-0.003475,-0.020992,-0.028007,0.001006,0.041131,0.06281,-0.013753,0.004868,-0.041173,-0.014814,0.000832,0.006924,0.021454,-0.024773,0.003866,-0.045589,-0.011239,-0.002259,0.008106,0.049044,-0.002762,0.020843,0.010582,-0.010874,-0.016083,0.016967,-0.004476,-0.000545
VULCAN MATERIALS CO,0.019247,0.017711,-0.020432,0.008404,0.021332,0.008118,0.006543,0.000542,-0.012535,0.016785,0.005641,0.052339,-0.014776,0.008155,0.01385,0.001129,0.014967,0.009499,-0.004781,0.013534,0.007673,0.001571,-0.010715,0.008906,0.014326,-0.016484,-0.006562,0.017475,-0.000964,0.005235,-0.014295,0.009593,-0.001522,0.010148,0.014168,-0.004463,-0.006342,0.004585,-0.003943,0.000477,-0.011835,-0.012755,0.009465,-0.010715,0.016022,-0.001592,-0.015201,-0.003991,0.003553,-0.010245,-0.008791,-0.00741,-0.001083,-0.012352,-0.011801,0.009601,0.019098,-0.011337,0.008346,0.010443,0.000804,-0.014611
ELECTRONIC ARTS INC,0.002471,-0.009281,-0.012441,0.002371,0.011016,0.015357,0.012676,-0.021762,0.010542,0.029353,0.006779,-0.012287,-0.008715,0.000922,0.016647,-0.00648,-7e-05,-0.020269,0.004158,-0.004283,0.009392,-0.014064,-0.018226,-0.005577,-0.000886,-0.001846,0.011691,-0.005193,0.006911,-0.014092,-0.005628,-0.013331,0.003623,-0.004813,0.001209,-0.005888,-0.00896,0.002911,0.00741,0.006067,0.00505,-0.008925,0.0028,-0.022336,0.005634,-0.002226,0.005308,-0.010636,-0.000928,-0.009986,-0.006568,-0.003935,-0.001897,-0.005384,0.013054,-0.001179,0.000157,0.007865,-0.006477,0.004634,0.0,-0.008444
VANGUARD SCOTTSDALE FUNDS,0.001984,-0.003095,-0.002458,0.001816,-0.000259,-0.001036,0.00013,0.000518,-0.004275,0.002212,0.001298,-0.001815,0.001558,-0.000778,-0.000519,0.00039,-0.001298,0.00013,0.00078,0.00013,0.002583,-0.000909,0.00156,0.000389,0.001557,0.001036,-0.000518,-0.0011,-0.000454,-0.001556,-0.00039,6.5e-05,0.001624,0.001621,0.000324,0.001036,-0.000841,-0.000129,0.002136,-0.001421,-0.002097,0.00026,0.000845,0.000714,-0.001428,-0.00117,0.001432,-0.005718,0.000457,0.001241,-0.00261,-0.001243,0.001506,-0.000785,0.000393,0.001308,0.001829,-0.000913,-0.000914,0.000523,0.001306,-0.001304
HALLIBURTON CO,-0.006171,-0.018628,-0.006903,0.008399,-0.002297,0.008348,-0.014844,0.00058,-0.013611,0.00411,0.033333,-0.000849,-0.005098,0.0,0.004839,-0.00255,-0.00852,0.001432,-0.000286,0.003433,0.016253,-0.012907,0.004832,0.004832,0.023762,0.000553,0.012428,0.002455,-0.005986,0.029565,0.003191,-0.00053,0.020154,-0.006499,0.006279,-0.00182,0.011201,-0.013138,0.013574,0.015194,0.012938,-0.000501,0.023302,-0.004652,0.014514,-0.00679,0.000488,0.003172,-0.004135,-0.031021,-0.014369,-0.01688,-0.010406,0.016036,0.011126,-0.009212,-0.003357,0.003369,0.0,-0.004649,0.008822,-0.036265
COCA COLA EUROPACIFIC PARTNERS,0.01611,-0.006713,-0.015243,-0.010076,-0.011654,-0.001343,0.003587,0.000447,-0.013546,-0.001509,0.015868,0.005653,0.010947,0.004536,-0.000437,-0.000874,0.045654,-0.012973,-0.016394,-0.013937,0.01122,0.002017,-0.000719,0.001583,0.013793,0.000425,0.013175,-0.000559,0.008254,-0.001388,-0.01459,0.005499,-0.005048,0.011839,-0.005711,-0.000841,0.003085,-0.001118,0.00056,-0.021678,-0.009435,-0.004618,-0.00029,-0.002901,0.007855,-0.006495,-0.004939,-0.015766,0.006971,-0.002209,-0.009743,-0.009392,-0.001505,0.003768,0.014715,0.022492,0.000434,0.007667,0.018375,0.007894,0.007203,6.9e-05
LAS VEGAS SANDS CORP,0.039452,-0.007276,0.016442,0.02074,0.011118,0.016303,0.000187,0.015666,-0.011017,0.011511,0.008994,0.005094,-0.039638,0.008104,0.002991,0.020503,-0.014977,-0.009828,0.00412,0.016785,-0.059428,-0.01131,0.004142,-0.006482,0.017991,0.000388,0.021355,0.006463,0.007554,-0.018557,-0.025401,-0.00823,0.003359,-0.004135,-0.00435,-0.004965,0.004391,0.010533,0.012389,0.004274,0.028627,-0.005077,0.019845,-0.025389,0.011219,-0.013915,0.000191,-0.011249,-0.004821,-0.022864,-0.003569,0.005174,-0.005543,-0.086602,-0.009154,0.024197,-0.011813,-0.003695,-0.006326,-0.002195,0.006601,-0.030383
FLUTTER ENTERTAINMENT PLC,0.008958,0.033413,-0.020785,-0.012877,-0.009557,0.011724,0.034096,-0.015679,-0.044038,0.019848,0.029793,-0.004246,-0.032288,-0.005182,0.027017,0.00474,-0.005095,0.026553,-0.006236,0.012596,-0.008538,-0.006296,-0.003028,0.028646,0.005452,-0.015001,0.002294,0.012815,0.019566,-0.012144,-0.030598,-0.007498,0.005829,0.007186,0.003636,0.003807,-0.008544,-0.009954,-0.058416,-0.023728,-0.005671,-0.022407,0.037558,0.009087,0.001542,-0.042971,0.033844,-0.018577,-0.018929,-0.02795,-0.012875,0.001739,-0.016438,0.012355,5.5e-05,0.007137,0.02721,-0.018432,0.005043,-0.009929,0.010514,-0.006189
COGNIZANT TECHNOLOGY SOLS CORP,0.009855,0.000128,-0.003852,0.014693,-0.009272,0.003846,-0.015326,-0.007393,-0.013459,0.016424,0.01668,-0.009228,-0.003377,0.009513,0.025687,0.004531,-0.003884,-0.004654,-0.00834,0.006881,-0.005189,0.005979,-0.016439,-0.014014,0.01004,-0.008908,0.002475,0.001689,-0.000908,-0.008699,-0.01336,-0.003186,-0.00586,0.006698,-0.034198,-0.009369,0.00153,0.005416,0.016851,-0.004483,-0.021012,-0.000976,0.002232,-0.003202,-0.006703,-0.000984,0.007036,-0.022219,0.008575,-0.018563,-0.012128,-0.007162,-0.005741,-0.006071,0.004618,0.011269,-0.006305,-0.003689,-0.011256,0.002696,-0.006125,-0.012776
CONSOLIDATED EDISON INC,0.020682,-0.018107,-0.015697,0.001115,-0.003342,-0.008942,0.004398,0.004379,-0.0218,0.001961,0.015891,-0.010202,0.002978,0.011761,-0.0079,0.000227,-0.019561,0.007772,-0.002647,0.006463,-0.002293,0.024365,-0.001571,0.009664,0.001002,0.002001,0.007546,-0.009582,-0.004003,-0.010048,0.003045,0.000562,0.008091,-0.007468,-0.00438,-0.000564,-0.001129,-0.011864,0.029731,0.00844,-0.005286,0.002989,-0.007837,0.003337,-0.005987,0.010597,0.00585,-0.02458,-0.003825,0.000903,0.007785,-0.021272,0.033288,0.00631,0.009571,0.010461,0.001186,0.006355,0.007278,-0.012539,0.011191,0.004576
MONOLITHIC PWR SYS INC,0.018931,0.035383,0.016277,-0.020473,0.019637,0.142018,0.020676,-0.029828,-0.024319,0.046425,-0.014574,-0.005202,-0.024887,0.002246,0.038352,-0.027209,0.005214,-0.021521,0.001805,0.013327,0.032929,-0.01085,-0.024522,0.019132,0.049537,-0.046105,-0.017809,0.024167,-0.038517,-0.021435,-0.008672,-0.018472,-0.035622,0.025727,0.012339,-0.004339,-0.004373,-0.004303,0.011853,0.006358,-0.013197,-0.029186,0.001341,-0.01031,0.017368,0.04128,0.001218,-0.022957,0.026782,-0.038154,-0.017623,0.013764,-0.027169,-0.0273,-0.046412,0.015401,0.017881,0.050444,0.028231,0.025578,0.003647,-0.015257
BAKER HUGHES CO,0.004561,0.012574,-0.006554,0.020486,-0.009187,0.006868,-0.008868,0.022368,-0.01661,-0.005515,0.012132,-0.001712,-0.003431,0.009983,-0.004772,0.02363,-0.001673,-0.004021,-0.008075,0.003731,0.012504,-0.01769,0.025144,0.012927,0.008835,-0.00746,0.022876,0.00607,0.008257,0.005984,0.011897,0.002166,0.025625,0.005117,0.011081,-0.009479,-0.004486,-0.013818,0.00792,0.01239,-0.001791,0.004486,0.008634,0.001181,0.011498,-0.001749,-0.001752,-0.00117,-0.004685,-0.027655,-0.018154,-0.010786,-0.002492,0.005622,0.012422,-0.004294,0.016636,-0.01,0.019284,-0.013814,0.011571,-0.018062
LYONDELLBASELL INDUSTRIES N V,0.005206,-0.018497,0.003123,0.014171,0.0,0.005399,0.004422,0.01153,-0.018342,-0.00095,0.029903,0.00236,-0.014637,0.01153,0.009345,0.00997,-0.004533,0.001822,-0.002121,0.015083,0.004188,0.022222,-0.001771,-0.015471,-0.008908,-0.000808,0.017384,-0.001292,0.011738,-0.016813,-0.0009,-0.000601,-0.0002,0.024642,-0.010167,-0.002667,-0.004853,0.006468,0.017896,-0.006508,-0.002053,0.020672,0.016126,-0.013792,0.00364,-0.009067,0.008957,-0.011741,-0.005989,-0.01341,-0.010539,-0.01304,0.005547,-0.003009,0.013481,-0.001489,-0.000398,0.002287,-0.010915,0.024579,-0.00421,-0.017011
C D W CORP NEW,0.01482,0.011214,-0.008295,-0.000997,0.030803,0.026768,0.005206,-0.013171,-0.018719,0.008464,0.013655,-0.005685,0.00174,-0.001861,0.025773,0.000687,-0.003561,-0.00796,0.00262,0.005308,0.004508,-0.002628,-0.006892,0.009062,0.004652,-0.00157,-4e-05,0.007784,-0.004963,-0.008647,-0.003935,-0.001996,0.012162,0.01129,0.015989,0.003375,-0.007119,0.001064,0.014757,-0.008105,-0.010634,-0.005651,0.016413,-0.01259,0.010493,-0.003644,-3.9e-05,-0.027414,0.002912,-0.020524,-0.006299,-0.005676,-0.013458,-0.004561,0.000339,0.007889,0.011909,0.000915,0.011342,-0.004765,0.01519,-0.016589
DEVON ENERGY CORP NEW,-0.005236,-0.011962,-0.01477,0.009585,0.005599,0.026628,-0.019335,0.015629,-0.008049,-0.001432,0.032266,0.006251,-0.00115,0.016125,-0.003174,-0.002047,-0.001139,0.01118,-0.006543,0.000681,0.00749,-0.000451,0.016002,0.008208,0.009681,0.005884,0.011049,-0.001928,0.017819,0.018772,-0.005015,-0.00315,0.020223,0.003717,-0.001646,-0.003297,0.014058,-0.005301,0.013732,0.014557,0.015345,0.01315,0.022278,-0.004359,0.013894,0.003004,0.013288,0.006834,-0.011191,-0.008905,-0.013853,-0.009491,-0.009774,-0.004645,0.007778,0.005788,0.00844,-0.00894,0.009789,0.001901,0.00702,-0.035795
DELTA AIR LINES INC,0.015841,0.005533,-0.018509,0.023955,0.000747,0.003482,0.003965,0.001728,-0.014046,0.020745,0.003918,-0.021463,0.011964,0.003941,0.033366,-0.007122,0.001678,0.004547,0.000715,0.006189,-0.002602,-0.013994,0.005533,0.005263,0.018087,-0.012623,0.010417,0.001874,0.026894,-0.019358,0.001393,0.007421,0.006906,0.037494,0.013662,-0.008913,-0.003729,0.011229,0.030046,0.011837,0.007312,-0.027375,-0.007036,-0.014816,0.003923,0.020625,0.006594,-0.022823,0.030061,-0.016166,-0.004481,-0.002144,0.028572,-0.000627,-0.005852,0.030481,0.004284,-0.026204,0.040467,0.000802,0.010617,-0.007532
GARTNER INC,0.020921,0.006167,-0.000213,-0.017221,-0.025449,0.013846,0.01609,-0.027075,-0.010489,0.008112,0.008781,-0.011459,-0.008047,-0.009528,0.028814,0.015834,0.000716,0.000174,0.010064,-0.000279,0.012716,-0.003669,-0.020266,0.018991,0.002196,-0.013702,0.003106,0.024,0.001134,-0.016279,0.004329,0.008026,0.004781,0.006834,0.005892,-0.007804,-0.011954,0.003885,0.011337,-0.008672,0.001615,-0.016672,0.005559,-0.016416,0.012965,0.00321,-0.004196,-0.013003,0.023589,-0.019527,-0.003996,-0.011778,-0.019252,0.000668,-0.020529,0.006086,0.016251,0.001777,-0.010531,0.005534,-0.00029,-0.080374
VEEVA SYSTEMS INC,-0.016489,0.013775,-0.012379,0.024922,0.024985,0.003868,0.006361,0.007843,-0.020736,0.031506,0.013097,-0.018832,-0.00269,-0.010925,0.026806,-0.002386,0.010648,-0.004821,0.010991,0.000621,-0.01552,0.017972,-0.019292,0.013175,0.024982,-0.01034,-0.000176,0.01449,0.016187,-0.009881,-0.023616,0.006388,0.006654,0.000957,0.007169,-0.006039,-0.00434,0.01421,0.003051,-0.007284,-0.005611,-0.06068,0.003327,-0.011007,-4.7e-05,0.001118,0.007303,-0.025954,0.00128,-0.021071,-0.024766,-0.0062,-0.005839,0.001707,-0.005813,0.003428,0.010248,-0.002884,-0.007132,0.009142,0.003335,-0.014982
DEUTSCHE BANK A G,0.058366,0.016912,-0.025307,-0.021513,-0.046247,0.0,-0.00318,0.024721,-0.014786,0.013428,0.011691,-0.008475,0.00777,0.0,0.019275,0.012103,-0.008221,0.013564,-0.005204,0.003737,0.011914,0.0,0.005887,0.000732,0.019006,0.002152,0.022906,0.041288,-0.002016,-0.010775,0.00885,-0.012821,0.017772,0.006716,0.015344,0.005256,-0.001961,0.005894,0.039063,-0.011905,-0.003805,-0.001273,0.029318,-0.012384,-0.000627,0.013802,-0.016089,0.00566,-0.01626,-0.005086,-0.008946,-0.009026,0.019519,0.008296,0.006962,0.020742,0.01601,-0.001212,0.087379,-0.008371,-0.0861,-0.0117
DISCOVER FINANCIAL SERVICES,0.009856,0.004129,-0.003458,-0.009097,0.005868,0.024087,0.003124,0.01209,-0.019095,0.006643,0.014756,-0.002077,0.126075,-0.024192,-0.005385,0.013743,0.002054,0.005658,0.004892,-0.02069,0.000911,-0.006125,0.009994,-0.01542,0.017755,-0.00214,0.005443,0.023212,0.009699,-0.016831,-0.02907,0.001164,0.007144,0.037364,0.011211,-0.011165,-0.003976,0.001277,0.020571,0.024141,-0.013044,-0.012135,-0.007198,-0.014895,0.00688,-0.001192,-0.002943,-0.016356,-0.002839,-0.016512,0.003308,-0.014343,0.002676,0.036534,0.008691,0.01061,0.020208,-0.001702,-0.025965,0.016153,0.002349,-0.009922
GLOBAL PAYMENTS INC,0.015612,0.008795,-0.003004,-0.00169,0.008465,-0.002773,-0.004611,0.012868,-0.012196,0.021386,-0.008346,-0.026339,-0.025263,0.012691,-7.6e-05,0.004908,0.001728,-0.00075,-0.023793,-0.002768,0.003007,-0.011838,0.002178,-0.004424,0.006315,0.004339,0.00486,0.021879,0.006686,-0.01306,-0.016061,0.005159,0.005821,0.013556,0.011271,-0.018278,0.004011,0.011533,-0.018034,0.014343,-0.026261,-0.013753,-0.009816,-0.008655,-0.000635,0.016995,0.000781,-0.024579,-0.00376,-0.006424,-0.004606,0.002111,-0.003889,-0.006263,-0.000655,0.017445,0.021251,0.004729,-0.02228,-0.000481,0.000883,-0.015319
AGNICO EAGLE MINES LTD,0.029496,-0.03932,-0.023447,0.006529,-0.006068,-0.006947,-0.01166,0.006221,-0.041143,0.007114,0.029581,0.024871,0.017155,0.002879,-0.012305,0.030523,-0.015112,-0.013912,-0.003734,0.009163,0.032459,0.047158,0.015589,0.016866,0.011741,0.004052,0.02073,-0.005571,0.016085,-0.010672,0.005753,-0.011441,-0.016817,0.028508,0.008405,-0.0133,0.00665,0.000893,0.03193,0.031115,0.027661,-0.008157,0.015132,-0.018309,0.023271,-0.01371,0.017334,-0.015271,0.006693,-0.003567,-0.000325,0.005046,0.012148,0.015683,0.00583,-0.024749,0.010601,0.012238,0.019626,0.008931,0.004426,-0.03738
XYLEM INC,0.026147,0.000347,-0.01161,0.048036,0.0317,-0.007864,0.015689,-0.008045,-0.012733,0.019962,0.002094,-0.005063,0.005412,-0.004915,0.013038,0.004237,0.000637,-0.000159,-0.000477,0.011303,0.007005,-0.000703,-0.012984,0.001268,0.004907,0.000866,-0.007082,0.01807,-0.003425,-0.000469,-0.005392,0.001729,0.00753,0.002024,0.009945,-0.006,-0.011222,0.001096,0.011572,-0.001082,-0.004643,-0.004042,0.005776,-0.012494,0.008016,-0.004054,0.009237,-0.005739,0.00468,-0.00528,-0.006401,0.005578,-0.013906,0.007447,0.005348,0.008917,0.013491,-0.000383,-0.000459,0.013705,0.001435,-0.014255
RESMED INC,0.018191,-0.009295,-0.009121,0.003209,-0.019138,-0.015221,0.004789,-0.011428,-0.018354,0.007702,0.01141,-0.011774,0.001108,-0.002048,0.015586,0.005134,-0.004075,-0.012548,-0.038842,-0.00138,0.005123,0.034992,-0.017098,0.037437,0.045149,-0.021599,0.006952,0.021239,-0.00676,-0.003741,-0.008866,0.004788,0.010788,-0.003316,0.007017,-0.00893,0.006823,0.004501,0.011072,0.008659,-0.043983,-0.026199,0.009113,-0.00559,0.020324,-0.005298,0.034672,-0.002419,-0.022136,-0.01926,-0.004143,-0.001243,-0.059667,0.021745,0.006982,0.008387,0.021458,-0.002388,-0.001959,0.188856,-0.00399,-0.014734
BIOGEN INC,0.004743,-0.016584,-0.007714,0.015341,-0.020403,-0.000998,0.00283,0.015603,-0.073915,-0.026075,0.011824,-0.019118,0.000593,0.008667,0.006196,0.003776,0.001746,0.001028,-0.009824,-0.021422,0.01825,0.000317,-0.017148,0.001519,0.008274,0.017688,0.030595,-0.011779,-0.003519,-0.030632,-0.001412,0.00041,-0.00351,-0.002196,0.011918,-0.012005,-0.006465,-0.021552,0.020375,-0.003282,-0.00371,-0.033468,-0.006068,-0.005233,-0.006965,0.005298,0.00766,-0.024066,0.010568,-0.027003,-0.006963,-0.008384,-0.015322,-0.008535,0.02026,-0.001389,-0.004791,0.045605,0.002327,0.031809,0.031594,-0.003155
VERISK ANALYTICS INC,0.021074,0.004704,-0.004762,0.007583,0.008814,-0.005585,0.005416,-0.013886,-0.008902,0.00494,0.002072,-0.007906,0.01557,-0.04362,0.009846,0.020083,-0.007025,-0.000782,-0.003787,-0.000413,-0.001033,-0.007118,-0.009128,-0.009128,0.00242,0.001652,0.004016,0.002527,-0.007645,-0.012783,0.007172,0.005159,0.007254,-0.00438,-0.002073,-0.004451,-0.012178,-0.003405,0.011764,0.007695,-0.012514,-0.003394,-0.004224,-0.019436,0.004988,-0.005579,0.013164,-0.014998,-0.011331,-0.003716,-0.001573,-0.00036,0.000675,0.004859,-0.003627,0.002921,-0.004122,0.0,0.00243,-0.007406,0.003211,-0.017534
ROCKWELL AUTOMATION INC,0.038416,0.019011,-0.006306,-0.023806,0.034772,0.03602,0.017186,-0.009912,-0.00823,0.005568,0.00518,-0.001457,-0.025383,0.007373,0.014529,0.006783,-0.009625,0.011375,0.019362,-0.004644,0.013926,-0.003044,-0.0017,0.012166,0.010166,0.00153,-0.033267,-0.003195,0.001761,-0.015402,0.003143,-0.009648,7.2e-05,0.012905,0.029491,-0.012789,-0.013688,0.007045,0.023765,0.000412,-0.027323,-0.011081,-0.001249,-0.012684,0.010531,0.010063,0.016947,-0.01663,0.022903,-0.012824,0.003792,-0.015775,-0.009737,-0.018482,-0.012943,0.013002,0.010458,-0.002786,0.005044,0.011446,-0.000535,-0.032182
HUBSPOT INC,0.003224,-0.000946,-0.015578,0.005109,0.006469,0.030893,0.028536,-0.045714,-0.021327,0.042606,-0.032844,0.007455,-0.029601,-0.010263,0.018872,0.008428,0.00256,0.014251,-0.004743,0.009989,0.024224,-0.008031,-0.036313,0.007774,0.003914,-0.01385,0.013251,0.014139,0.006182,0.008016,-0.045888,-0.00208,0.021439,0.021103,-0.008184,0.001982,0.01298,0.003509,-0.013765,0.005182,0.016423,-0.042208,0.027428,0.049705,0.018469,0.000224,-0.016444,-0.002154,0.036962,-0.027375,-0.038773,-0.005928,-0.000631,0.025464,-0.028234,0.002852,0.029603,-6.1e-05,-0.023997,-0.007813,0.00797,-0.049186
DOLLAR GENERAL CORP NEW,0.029908,0.001029,-0.014321,0.000745,0.007297,0.002661,-0.003244,0.006878,-0.032099,0.001745,0.02303,0.047838,0.006997,-0.005404,-0.001764,-0.007563,-0.011467,0.0397,-0.007138,0.014239,0.027183,-0.005494,0.043183,0.007427,0.018782,-0.010193,0.012841,0.011862,-0.018918,-0.051274,0.012595,0.025008,-0.011108,0.013245,-0.011534,-0.023078,0.000531,-0.000796,0.023563,0.011997,0.008266,-0.015634,0.027697,-0.00088,0.003207,-0.013914,-0.021373,0.008084,-0.001682,-0.04269,-0.020909,0.002073,-0.003449,0.008236,-0.005903,-0.013603,-0.00084,0.003013,-0.003563,-0.004066,-0.006476,-0.013886
DUPONT DE NEMOURS INC,0.002589,0.006456,-0.018441,0.074008,0.011257,0.009326,0.008644,0.011673,-0.023806,0.012119,0.011826,0.0,-0.007012,0.016036,0.012598,0.000429,-0.000715,-0.004434,0.005891,-0.006319,0.005348,0.00115,-0.00919,0.018551,0.012948,0.00295,0.010504,-0.001525,0.024153,0.000407,-0.005148,0.001226,0.00272,0.010716,0.007382,0.009059,0.002641,-0.005267,0.012709,0.002222,0.006913,-0.004793,0.003775,-0.017765,-0.002904,0.00993,0.01311,-0.014105,0.000656,-0.032004,-0.004878,-0.011846,0.007165,0.00602,0.004896,0.000271,-0.001488,0.002168,-0.00622,0.002857,0.002578,-0.018945
P P G INDUSTRIES INC,0.003262,-0.009965,-0.017988,0.016864,-0.003717,-0.00531,0.006853,0.009457,-0.01533,0.009803,0.021199,-0.003581,-0.005285,0.010555,0.005118,0.006905,-0.014061,-0.010046,-0.003052,0.007973,-0.014689,-0.00215,-0.003089,0.009583,0.005567,-0.001207,0.012577,-0.008351,0.004034,-0.020581,-0.007916,0.008777,0.018192,0.004661,0.00949,-0.007311,-0.009891,0.004747,0.019179,0.002491,-0.01049,-0.011996,0.000494,-0.013829,-0.005223,0.006257,0.016368,-0.031435,-0.000944,-0.023038,0.004389,-0.011184,0.010861,0.001111,-0.03116,0.001986,-0.005566,0.00069,-0.009884,0.007197,0.004456,-0.013309
ON SEMICONDUCTOR CORP,-0.013215,0.009118,0.09544,-0.016368,0.008386,0.048727,0.001115,0.001485,-0.028794,0.039191,-0.012857,-0.02456,-0.014878,0.001936,0.009534,-0.027693,0.018113,-0.007735,-0.006496,0.032039,0.02813,-0.015529,-0.036179,0.008183,0.068797,-0.048337,0.033566,0.012132,-0.032692,-0.034047,-0.029804,-0.014024,0.00298,0.020665,0.002779,-0.014516,-0.015265,-0.008839,0.037317,-0.027245,0.004079,-0.045633,0.003547,-0.023046,0.003184,-0.008223,0.031855,-0.024105,0.019789,-0.056091,-0.015006,-0.014016,-0.003863,-0.023887,-0.035277,-0.000988,0.016983,0.062419,0.012971,0.025309,0.040553,-0.009319
B C E INC,0.013135,-0.032534,-0.013654,0.015893,-0.006056,-0.036558,-0.011067,0.012523,-0.023947,-0.002157,0.007295,0.01073,0.005308,0.001056,-0.008175,-0.000266,-0.009043,0.001074,-0.004021,-0.001077,-0.003503,-0.020011,-0.009382,0.012256,0.009356,-0.004089,-0.00219,-0.007133,-0.011605,-0.027682,0.010576,-0.005814,-0.000877,0.005853,-0.005819,-0.013462,0.003263,0.001478,0.011515,-0.008173,-0.005297,-0.025444,0.001214,0.005761,-0.007235,-0.004859,0.012206,-0.012059,0.00061,-0.020738,0.009031,-0.005556,0.000621,-0.000931,0.011798,0.009512,0.010942,-0.006013,-0.005142,-0.008209,0.003985,0.003053
X C E L ENERGY INC,0.021213,-0.02159,-0.021732,-0.001367,-0.001198,-0.006339,0.002931,0.013753,-0.011701,0.006863,0.005624,0.001017,0.002031,0.010475,-0.008025,0.0,-0.021574,0.003962,-0.010467,-0.086353,-0.059214,0.030059,-0.047199,-0.004317,0.033031,0.019584,0.037044,-0.019089,-0.007707,0.01801,0.00212,0.000962,0.007494,0.002861,-0.005325,-0.000574,0.004018,-0.012957,0.030502,0.006931,-0.008744,0.015015,0.000185,-0.005916,-0.004463,0.010275,0.005362,-0.011403,-0.004837,-0.005982,0.0,-0.012037,0.012564,0.010716,0.017857,0.004386,0.00564,0.001086,-0.005784,-0.019087,0.009637,-0.013767
SUN LIFE FINANCIAL INC,0.001928,-0.005966,-0.011423,0.024285,0.005354,0.003804,0.005873,-0.004897,-0.019118,0.014859,0.016733,0.009164,0.006301,-0.010866,0.019363,0.006575,-0.006169,-0.005895,-0.000557,-0.013373,0.007342,-0.005233,0.008266,0.010807,0.016221,-0.002721,-0.000909,-0.00182,0.006201,-0.010694,0.000916,-0.001831,0.001467,0.008607,-0.000182,-0.015798,-0.002583,0.00407,0.001842,0.003678,-0.01136,-0.011305,0.000187,-0.004123,0.004705,-0.001124,-0.002813,-0.013539,-0.01525,-0.013744,-0.004122,-0.008475,-0.001988,0.008962,0.008883,0.009,0.005429,-0.002893,-0.00735,0.00682,-0.001161,-0.011044
VICI PROPERTIES INC,0.030876,-0.016103,-0.030115,0.00675,-0.004358,-0.00101,0.001685,-0.000336,-0.016156,-0.001026,0.009931,0.001356,0.001016,0.003383,0.001349,0.011785,-0.016639,-0.005415,0.005784,0.012517,-0.011694,0.004733,-0.026918,0.000692,0.002764,0.003446,0.018201,-0.003373,-0.008122,-0.016718,0.003817,0.000346,0.001037,0.009147,0.012838,-0.012676,0.0,0.01145,0.020583,0.001345,-0.006378,-0.004392,-0.003733,-0.003406,0.002051,0.010573,0.005737,-0.056711,0.003202,-0.00922,-0.012885,-0.015591,0.001842,0.011765,0.013445,0.005378,0.019258,-0.005248,0.004221,-0.002802,0.020372,-0.017212
TRACTOR SUPPLY CO NEW,0.045859,-0.008344,-0.0085,0.012253,-0.001454,-0.006939,0.014019,0.004807,-0.012235,0.009301,0.009215,-0.004923,-0.000296,-0.004399,0.018396,0.018606,-0.001481,0.03498,0.005573,0.006809,-0.007471,0.003328,-0.021322,0.011297,-0.006263,0.005621,-0.006388,0.003174,0.015981,0.000788,0.01292,-0.005561,0.002542,0.002535,0.0356,-0.012022,-0.016314,-0.002397,0.009223,0.004915,-0.013297,-0.005228,-0.018491,0.001467,-7.9e-05,-0.011565,0.014505,0.000434,-0.012278,-0.021184,-0.011924,0.011861,0.010415,-0.000162,0.021993,0.002334,0.010182,0.008478,0.027622,0.032572,0.014531,-0.017274
ARCHER DANIELS MIDLAND CO,0.021231,-0.018851,-0.049021,0.007742,0.000187,-0.003404,0.006641,0.013007,-0.023632,0.015247,0.019523,-0.012153,-0.00466,0.009363,-0.003711,-0.004655,-0.005239,-0.007147,0.004167,0.001886,0.021277,-0.018805,0.00451,0.012907,0.001847,0.010323,0.001824,0.039337,0.021027,-0.00103,0.018897,0.018547,0.010263,0.004588,0.01892,-0.007524,0.008226,-0.011038,0.018926,-0.002858,-0.007324,0.005614,-0.000797,0.009417,0.003479,-0.004412,0.011396,-0.000157,-0.020661,-0.025571,-0.007381,-0.004131,0.002489,0.021516,0.014258,-0.001597,-0.01136,-0.003722,-0.009097,-0.014754,0.009817,-0.033449
ISHARES TRUST,0.004764,-0.009899,-0.008385,0.005095,-0.003128,-0.001948,-0.00065,-0.000217,-0.010417,0.00625,0.003051,-0.00402,0.000764,-0.005341,0.000657,0.005256,-0.002179,-0.001419,0.002952,0.001853,0.00481,-0.003041,0.0073,0.001623,0.001836,0.001725,-0.000861,-0.003123,-0.001188,-0.007788,-0.000654,-0.0012,0.003495,0.003592,-0.000976,0.003148,-0.000866,0.001841,0.001946,-0.002805,-0.006138,-0.000655,0.000219,0.002622,-0.006647,-0.001097,0.004393,-0.01487,0.000666,0.00366,-0.008288,-0.003677,0.006711,-0.003222,0.000111,0.000669,0.003564,-0.003218,-0.004231,0.004025,0.00245,-0.005332
BARRICK GOLD CORP,0.01859,-0.030208,-0.015574,-0.009229,-0.006653,-0.007368,-0.010121,0.00409,-0.039375,-0.00636,0.038407,0.003425,0.005461,0.001358,-0.024407,0.024322,-0.006106,-0.009556,-0.005513,0.023029,0.0191,0.034806,0.004528,0.011591,0.012094,-0.008805,0.00698,-0.014493,0.021739,-0.013767,0.0,-0.008249,-0.024312,0.028197,0.008291,-0.018343,0.003222,-0.003211,0.044459,0.026527,0.013221,0.01898,0.01397,-0.001722,0.027027,-0.008959,0.017514,-0.006108,0.007821,-0.009978,-0.027436,-0.051238,0.01335,0.016766,0.007067,-0.039766,0.016443,-0.010186,0.033898,0.000585,0.013458,-0.039261
HERSHEY CO,0.025266,-0.00388,-0.006425,-0.008198,-0.00267,0.041439,-0.033908,-0.008851,0.005782,-0.018425,0.006954,-0.00026,0.012607,-0.005579,0.005455,0.001498,-0.026931,-0.007635,-0.005129,0.009183,0.000692,-0.021537,0.019348,0.028098,-0.001608,0.010596,0.022924,-0.012813,-0.002952,-0.004237,-0.007793,0.018136,0.026237,-0.02072,0.006464,-0.006623,-0.028941,-0.007074,0.01472,0.004078,0.019383,0.0115,-0.028322,0.005542,-0.011278,0.002323,0.002008,-0.013105,-0.013175,-0.019525,-0.017384,0.004053,-0.004692,0.013209,0.000866,0.00708,0.004025,0.005666,-0.005262,-0.00529,0.033896,0.007534
HARTFORD FINANCIAL SVCS GRP INC,0.001265,0.037326,-0.002989,-0.003887,0.001672,-0.001336,0.012036,0.002313,-0.005054,0.009938,0.017713,-0.000215,0.003976,0.005245,0.006388,0.014389,-0.005215,0.003774,-0.001358,0.002406,-0.009599,0.003812,0.010864,0.017008,-0.004206,-0.002061,0.012802,0.008563,0.005256,-0.004927,0.00101,0.005854,0.007526,0.007171,-0.005637,-0.003879,0.005092,0.002285,0.013875,0.007331,-0.005434,-0.006147,0.002553,-0.002938,0.013946,-0.004649,-0.037855,0.00445,-0.019837,0.00452,-0.004909,0.004419,-0.019953,0.012216,0.020629,0.008792,0.002104,-0.001699,-0.007711,-0.038248,0.018573,-0.001854
CORNING INC,-0.012312,0.004986,-0.007442,0.000937,-0.007803,-0.001887,0.00977,0.00437,-0.027968,0.015026,0.008819,-0.003746,0.011909,-0.001239,0.013643,0.0,-0.005506,-0.002461,-0.00185,0.004674,0.006514,0.02866,-0.026363,0.009539,-0.006401,0.003374,0.005809,-0.000304,-0.004865,-0.006111,-0.000615,-0.005537,0.006805,0.003687,0.01408,-0.016903,-0.00307,-0.004928,0.021975,-0.001817,-0.008799,-0.004897,0.001846,-0.006141,0.005252,-0.010756,0.011184,-0.018433,0.010016,-0.024171,-0.006351,-0.011825,0.00194,-0.00226,0.011647,0.008954,-0.000634,-0.000317,-0.005393,-0.000638,0.014363,0.050346
WABTEC CORP,0.013909,0.006447,-0.002681,0.006273,0.013062,0.001685,-0.000366,0.002853,-0.004888,-0.009604,-0.008365,0.002389,0.000894,0.012351,0.014406,0.00341,-0.004411,0.000145,0.012999,0.012904,0.005591,-7e-05,-0.00542,0.000566,0.004315,0.003733,-0.010665,0.014752,-0.005382,-0.010259,-0.007313,0.012373,0.004027,0.005207,0.014,-0.007455,-0.006607,0.007561,0.01362,-0.001303,-0.005629,0.007386,0.015555,-0.005803,0.021447,-0.00691,-0.010705,-0.002164,0.001152,-0.010358,-0.00643,0.001515,-0.006256,-0.001937,-0.000693,0.010543,0.01915,0.10035,-0.001224,0.007231,-0.006875,-0.013172
EXTRA SPACE STORAGE INC,0.011285,-0.017389,-0.026824,0.021836,-0.002242,0.007443,-0.000627,-0.009485,-0.024433,0.007579,0.015544,-0.001411,-0.00106,0.01195,-0.012019,-0.009407,-0.00614,0.007328,-0.013764,0.01938,0.016954,0.028739,-0.033225,0.01017,0.016872,0.028267,-0.007902,0.007965,-0.018327,-0.026448,-0.02094,-0.009043,0.00239,0.015174,0.013167,-0.006955,-0.006084,-0.000285,0.044781,0.001704,-0.001769,-0.008518,-0.002956,-0.003723,0.012455,0.018794,0.022271,-0.064899,0.004912,-0.017528,-0.021039,-0.01394,0.002135,-0.01396,-0.012966,0.002114,0.004068,0.010204,-0.006016,-0.00269,0.029295,-0.022565
ANSYS INC,0.014733,0.007786,0.006711,-0.002489,0.000802,0.024931,-0.008832,-0.012855,-0.030662,0.007572,0.00297,-0.003414,0.006943,-0.010568,0.035633,0.001616,-0.013406,-0.001635,-0.007982,0.003242,0.016309,0.002532,-0.034334,0.021503,0.010451,-0.012553,-0.004595,0.012471,-0.024754,0.002793,-0.007297,0.022539,0.021177,0.002775,0.014214,0.002987,-0.004925,0.006676,-0.00546,-0.002213,0.000922,-0.004892,0.002776,-0.016035,0.002022,0.006523,0.001162,-0.014543,0.001797,-0.017348,-0.018073,-0.004114,-0.003641,-0.00344,-0.007365,0.008382,0.003571,0.007976,-0.004657,0.020517,-0.011626,-0.015127
B P PLC,0.000855,-0.013948,-0.011547,0.062792,-0.006046,0.001106,0.004143,0.001925,-0.010705,-0.007769,0.008003,-0.004493,-0.001975,0.009045,-0.005882,-0.003099,-0.001696,0.002831,-0.012987,0.000858,0.018577,0.000842,0.003645,0.017318,0.000275,-0.000549,0.002197,0.004385,0.018281,0.004555,0.0,0.008002,0.001323,0.001321,-0.004223,0.001855,0.012169,-0.018035,-0.002928,0.005873,0.0069,0.018714,0.00414,-0.010564,0.006771,0.006467,0.009766,0.003309,0.005835,-0.005296,-0.009381,-0.011262,-0.006731,-0.011728,0.015823,0.010125,0.009766,0.001273,0.007117,-0.003786,0.0,-0.017735
ISHARES TRUST,0.006178,-0.013014,-0.009732,0.005389,-0.001787,-0.003264,-0.001796,0.000953,-0.010996,0.003742,0.002769,-0.004355,0.001707,-0.003195,0.000107,0.004594,-0.001489,-0.002236,0.003629,0.002021,0.004556,-0.002225,0.006158,0.002427,0.001684,0.000736,-0.00126,-0.004101,-0.002217,-0.007407,-0.001706,-0.001175,0.002886,0.002345,0.000106,0.004892,-0.002646,0.001485,0.003814,-0.00095,-0.009023,-0.002138,0.001179,0.003425,-0.006613,-0.002255,0.003982,-0.013291,-0.001412,0.004134,-0.006391,-0.003925,0.006349,-0.003481,0.00131,0.000109,0.001308,-0.003048,-0.003821,0.00274,0.004044,-0.004681
FAIR ISAAC CORP,0.036986,0.009757,0.000661,0.00293,0.016383,0.032012,0.001794,-0.019232,-0.022236,0.019189,0.006848,-0.015844,-0.017831,-0.010038,0.033452,-0.004603,0.004617,-0.009486,-0.001097,-0.003703,0.019915,0.004671,-0.028895,0.019357,0.036394,-0.025873,-0.013664,0.035792,-0.062299,-0.035174,0.008161,0.00902,0.010542,0.007907,0.027798,-0.002562,-0.007934,0.012522,-0.018683,-0.007072,0.003809,-0.005644,0.00101,-0.022987,0.009673,0.00587,-0.015982,-0.031048,0.008847,-0.013485,-0.021342,0.001895,0.000503,0.007778,-0.027696,0.018229,0.032616,0.004074,0.000528,-0.069375,0.028996,-0.008512
GARMIN LTD,0.012721,-0.004958,-0.004402,0.016099,-0.000657,0.004847,0.007766,0.002839,-0.020223,0.014118,0.0092,-0.014198,0.004501,0.088228,0.002695,0.011722,-0.00214,-0.00392,0.019378,0.000364,0.000582,0.016299,0.003007,-0.000999,0.010575,0.003606,0.028533,0.01685,-0.000674,-0.003977,-0.008706,0.001784,0.003219,0.001365,0.009954,-0.005738,-0.004141,0.004909,0.003935,0.006014,-0.010143,-0.010994,0.002058,-0.007806,0.018151,0.009964,-0.004161,-0.01631,0.000822,-0.020331,-0.010272,0.003883,-0.007877,-0.002481,-0.008528,0.010751,0.010566,0.001965,0.001681,0.002936,0.01206,-0.00489
ISHARES TRUST,-0.000212,-0.008238,-0.007432,0.004625,-0.001973,-0.001977,-0.00088,0.0,-0.00837,0.003998,0.002655,-0.003089,0.000885,-0.002875,0.001331,0.003544,-0.001766,-0.001548,0.002214,0.001547,0.00411,-0.001763,0.004858,0.001099,0.001975,0.001095,-0.001094,-0.002629,-0.001098,-0.005497,-0.000442,-0.001327,0.002215,0.002431,0.000661,0.002864,-0.001318,0.00066,0.003517,-0.001314,-0.006574,-0.000886,0.000665,0.002216,-0.004643,-0.000444,0.003333,-0.011517,-0.000224,0.002017,-0.006486,-0.002701,0.00474,-0.002471,0.000901,0.00135,0.001573,-0.002468,-0.002699,0.002481,0.0027,-0.004487
H P INC,0.008011,-0.008984,-0.012204,-0.001412,-0.012018,0.012165,0.004595,0.0095,-0.019171,0.015636,0.015745,-0.015501,0.001749,-0.006986,0.018291,0.011054,-0.016057,0.001042,-0.003815,-0.013579,0.038122,-0.011901,0.002409,0.037762,0.010916,0.00589,0.003904,-0.002735,0.008197,-0.004553,-0.006207,-0.015779,-0.004008,-0.004695,0.013477,-0.000997,-0.005657,0.003681,0.004335,0.00332,0.005295,-0.026991,0.003383,-0.000674,-0.017881,0.00687,0.022518,-0.034034,0.009672,-0.023948,-0.019979,-0.00608,-0.003598,-0.002528,0.006879,-0.003955,-0.001083,0.01554,0.001068,-0.004621,0.009643,-0.006367
ATLASSIAN CORP PLC,0.020539,-0.147156,-0.010764,-0.017624,-0.00852,0.013511,0.030477,-0.011839,-0.028219,0.027705,-0.012831,-0.024775,-0.014723,-0.003272,0.006467,-0.004819,0.001076,0.005668,0.005976,0.001787,0.008582,-0.007648,-0.054287,0.009219,0.024326,0.028774,0.032711,0.008023,-0.044304,-0.024214,-0.040799,0.01327,-0.002944,-0.001069,0.0053,-0.023979,0.003818,-0.006545,0.005938,0.0102,-0.008918,0.013704,-0.003979,-0.014956,0.022359,0.009816,0.02201,0.008969,0.048403,-0.037829,-0.071128,0.01569,0.001129,-0.007485,-0.01064,0.0142,0.026612,-0.002156,-0.003015,-0.09556,-0.013263,-0.026939
EDISON INTERNATIONAL,0.012004,-0.020794,-0.01959,-0.006559,0.00476,-0.011003,-0.000309,0.01051,-0.014836,0.009626,0.02199,-0.002257,0.003469,0.02119,-0.0078,0.012459,-0.025051,0.01743,0.002068,0.002506,-0.021611,0.013674,-0.005188,0.016987,0.010403,0.004495,0.001732,0.001009,0.002735,-0.017229,0.005113,0.002326,0.007831,0.0,0.00964,-0.008693,-0.004744,-0.014445,0.02858,0.019164,-0.0041,-0.004401,-0.00328,-0.000715,0.013887,-0.001977,0.002971,-0.02779,-0.001161,-0.003051,-0.010928,-0.015763,0.018411,0.001323,0.02642,0.010439,0.002689,-0.000423,0.004377,-0.013918,0.016966,-0.003785
HOWMET AEROSPACE INC,0.019908,0.005925,0.001213,0.011075,0.011296,0.0022,-0.009633,0.003925,0.053544,0.022588,-0.001736,-0.007112,0.004616,0.006497,0.024244,0.01245,-0.000152,0.00167,0.011975,-0.003146,0.006762,0.011791,0.002508,0.012066,0.008723,-0.023638,-0.040449,0.016462,-0.00666,-0.001981,0.011298,0.007548,0.006443,0.00536,0.002221,0.006206,-0.010866,0.004305,0.006356,0.005141,-0.033903,-0.012857,0.011339,-0.007121,0.023348,-0.004921,-0.013188,-0.009112,0.005211,-0.024241,-0.007969,0.008348,-0.008747,0.00063,-0.001417,-0.00757,0.02908,-0.000927,0.001546,0.024691,0.010693,-0.005364
EQUIFAX INC,0.024515,-0.001718,-0.020248,-0.006372,-0.005837,0.042173,-0.011426,0.026487,-0.030651,0.00968,0.040665,-0.009366,-0.000891,-0.00318,0.033226,0.003017,-0.002745,0.011612,-0.003801,0.023493,-0.00954,-0.006679,-0.031504,0.014615,0.024386,-0.003506,-0.02537,0.019153,-0.023901,-0.019367,-0.014686,0.008421,0.018701,0.018665,0.004874,-0.006843,-0.011735,-0.00226,0.00741,0.019512,-0.025381,-0.019292,0.000743,-0.015046,0.016307,0.011243,0.014323,-0.054236,0.002938,-0.008948,-0.016478,-0.017907,-0.003731,-0.084862,-0.006023,0.012627,0.025259,0.005569,0.002525,-0.012639,0.009399,-0.023634
GLOBALFOUNDRIES INC,-0.00582,0.01116,-0.067035,0.001648,0.017231,0.042634,0.021176,-0.002145,-0.020781,0.005671,-0.011643,-0.017486,0.020982,-0.020367,0.013486,-0.017742,0.025776,-0.018709,-0.016075,0.038564,0.018109,-0.018685,-0.038264,0.000761,0.023397,-0.025836,0.020034,0.010101,-0.005,-0.021776,-0.012938,0.004241,-0.015547,0.022422,0.000763,-0.005145,-0.006895,-0.020444,0.018508,0.007346,-0.006141,-0.01313,0.002348,-0.013859,0.000594,-0.005737,0.028452,-0.04527,0.037285,-0.035358,-0.042932,0.011426,-0.009205,-0.009924,-0.013436,0.002378,-0.000431,0.020712,0.010146,0.012555,0.008473,0.001639
AVALONBAY COMMUNITIES INC,-0.004804,-0.017345,-0.028962,0.016236,0.003878,0.006401,0.000573,-0.001546,-0.012904,0.006391,0.0265,-0.003825,-0.004404,0.010945,-0.01206,-0.004088,-0.010148,0.00432,0.01147,0.003742,0.00627,0.039463,-0.007723,0.002721,0.004288,0.010377,-0.012089,-0.004656,0.01311,-0.020726,0.007896,-0.006909,-0.002136,0.008344,0.006043,-0.008767,-0.006333,-0.007362,0.026125,0.01018,-0.02285,-0.008107,0.001779,0.0,0.005051,0.028164,0.014395,-0.014614,-0.000806,-0.01167,-0.01665,-0.009628,0.011007,0.005913,0.011592,0.014881,0.009579,0.014205,-0.000104,0.000679,-0.002246,-0.007591
MONGODB INC,0.021347,0.065857,0.002018,0.014695,0.031761,0.038763,0.05426,-0.025774,-0.032501,0.030458,-0.025282,-0.019295,-0.043543,-0.038938,0.05261,0.003422,-0.001595,-0.001885,-0.014446,0.009313,-0.023996,0.004945,-0.077449,0.011111,0.006129,-0.069392,-0.042851,0.004496,0.011312,-0.010381,-0.036591,0.002616,-0.007212,0.014896,0.003008,-0.012911,-0.005485,0.001612,0.013216,-0.000446,-0.00711,-0.023224,-0.023,0.011536,0.055507,0.001378,-0.006551,-0.026764,0.013551,-0.011179,-0.01389,0.007575,-0.020154,-0.021007,-0.02408,0.038752,0.076876,0.008135,-0.008557,0.048262,-0.030902,-0.018175
C B R E GROUP INC,-0.00139,-0.013807,-0.01953,0.010199,-0.002969,0.024065,0.006864,0.019988,-0.035569,0.020554,0.08528,-0.012407,-0.023193,-0.005606,0.011828,-0.015514,-0.001776,0.010339,0.003521,0.007566,0.011862,-0.008819,-0.003038,0.004571,0.006067,0.016261,-0.009749,0.003103,0.004587,-0.009451,-0.00075,-0.001717,0.004621,0.023107,0.025931,-0.015593,-0.009111,0.001985,0.009802,0.004131,-0.023241,-0.006633,0.011447,0.000314,0.007123,0.003849,-0.003212,-0.050624,-0.007117,-0.014226,-0.026849,-0.017128,-0.004211,0.0,-0.002819,0.013428,0.012436,-0.003903,0.002881,0.003562,0.006985,-0.01194
FORTIVE CORP,0.051804,0.009607,-0.008913,-0.008872,0.009565,-0.001093,0.005593,0.00532,-0.007457,0.012845,0.012324,-0.003428,-0.006879,0.008001,0.016112,0.004901,-0.001045,0.001163,0.001974,-0.013443,0.005991,-0.009925,-0.007666,0.00107,0.00926,0.000471,-0.002116,0.015671,-0.008585,0.003744,-0.005013,-0.001523,0.001643,0.006092,0.003726,-0.006264,-0.014359,0.005448,0.013311,0.0,-0.016275,0.002363,-0.000943,-0.011447,0.005969,-0.000593,-0.000356,-0.011403,0.003124,-0.012936,-0.009829,-0.006863,-0.010365,-0.000249,-0.008606,0.010945,0.004231,-0.057621,0.002104,-0.003149,0.013558,-0.022468
VISTRA CORP,0.054351,0.02982,-0.026936,-0.002076,0.011558,-0.019653,0.007692,-0.009715,0.032469,0.001584,0.025299,0.004186,0.012506,0.00065,0.031182,0.021,0.002674,0.045744,0.040016,0.028668,-0.000733,0.045688,0.033339,0.034132,0.012808,-0.019293,-0.040337,0.037037,0.015947,0.031884,-0.02456,0.014945,0.022647,0.04821,0.02427,0.010531,0.03054,-0.046489,0.006039,0.019766,0.026992,-0.005312,0.036683,-0.043655,0.067905,-0.01208,-0.065708,0.01769,0.017524,-0.031389,-0.021795,-0.009088,0.015533,-0.04035,-0.003339,0.016144,0.025929,0.029365,0.028669,0.003035,0.072352,-0.027194
CHURCH & DWIGHT INC,0.019329,-0.023679,0.008151,-0.0002,0.005891,-0.00804,-0.011107,-0.00253,-0.007101,-0.006092,0.004021,0.004005,0.002761,0.005711,0.010445,0.007627,0.000199,-0.005278,0.002303,0.0,0.001598,0.006582,0.00961,0.005201,0.0164,0.0,-0.002593,0.006259,0.008804,-0.009865,-0.000383,-0.000767,0.005755,-0.017643,0.008446,0.006931,-0.015392,-0.001456,0.013322,0.00096,0.006807,-0.003618,-0.014144,-0.010275,-0.000979,-0.005,0.003941,0.006772,-0.009748,-0.004922,0.004947,0.01644,0.002324,-0.002802,0.011143,0.015333,0.007173,0.005998,-0.000932,-0.008671,0.005549,0.009167
METTLER TOLEDO INTERNATIONAL INC,0.022394,-0.011348,-0.019122,0.021172,0.000932,0.009677,-0.041193,0.013223,-0.027293,0.020405,0.009753,-0.00441,-0.002585,0.008038,-0.00093,0.014261,-0.01201,0.015018,0.025025,0.002935,0.016645,0.014638,0.00028,0.019232,0.029589,-0.027109,-0.012087,-0.007442,0.01346,-0.00576,0.020275,-0.013802,-0.002695,0.000161,0.027463,-0.008247,-0.005725,-0.003735,0.015794,-0.003406,0.007444,-0.015024,0.007358,-0.034732,0.012681,0.002637,0.024788,-0.023313,0.004634,-0.038445,-0.013885,-0.012271,-0.024644,-0.004566,-0.003371,0.009188,0.034899,-0.004793,-0.001991,0.004201,0.013852,-0.020347
ZSCALER INC,0.010141,0.024952,-0.048975,0.011549,0.042304,0.019415,0.022132,-0.004197,-0.043567,0.043122,-0.000434,-0.00162,-0.014679,-0.141022,0.057171,0.04015,0.027505,0.003269,-0.021444,0.019723,-0.093979,-0.022853,-0.036691,-0.019093,-0.005681,-0.012819,0.010318,0.002491,0.000944,-0.012908,-0.024141,0.009844,-0.003573,0.010551,0.003903,-0.015752,-0.004514,0.008038,-0.01099,-0.004393,-0.002596,-0.017644,-0.012875,-0.02308,0.007307,0.002018,0.026074,-0.024138,0.004512,-0.018238,-0.036161,-0.003031,-0.007802,5.8e-05,-0.021738,0.010401,0.034801,0.003052,-0.014933,0.012814,0.01124,-0.034071
TAKEDA PHARMACEUTICAL CO LTD,-0.015069,-0.006954,-0.02521,0.017241,0.001412,-0.012694,0.017143,0.004916,0.002096,0.013947,-0.008253,0.01387,0.01368,-0.005398,-0.006784,-0.001366,0.012996,0.002026,-0.012803,-0.004096,-0.002056,-0.005495,-0.005525,0.020139,0.011573,-0.006056,-0.013541,-0.013727,0.003479,-0.005548,0.009066,0.00622,-0.010302,0.009716,-0.013059,0.003482,-0.018043,0.016961,0.006408,-0.021142,-0.015839,-0.008778,-0.001476,-0.003696,0.010386,0.003671,-0.001463,-0.005861,0.000737,-0.015464,-0.014211,0.003794,-0.006047,0.00076,0.006079,0.009063,0.001497,-0.011211,-0.012094,-0.00306,0.010745,-0.006834
EBAY INC,0.01534,0.005755,-0.014545,0.03218,-0.007501,-0.007558,0.009757,0.024982,-0.054265,0.025529,0.010432,0.019475,0.003222,0.004818,0.010959,-0.006098,-0.002954,0.011623,0.078847,-0.012738,0.016286,0.017898,0.024126,0.008984,0.004749,-0.002757,0.023427,-0.012415,0.029464,-0.003053,-0.000957,-0.016284,0.009153,0.002895,0.000577,-0.011154,-0.003695,-0.002928,0.016445,0.016564,-0.009663,-0.007844,-0.000193,-0.008679,0.012841,-0.00922,0.007367,0.009623,-0.010865,-0.011178,-0.008186,-0.012576,-0.01592,0.010111,0.008809,0.010915,0.006086,-0.001366,0.003126,0.013245,0.014033,-0.022938
NUTRIEN LTD,0.042511,-0.019235,-0.017062,0.005786,-0.014481,-0.012681,0.001223,0.019344,-0.02497,0.000819,0.03173,0.014286,-0.010759,-0.002571,0.073553,-0.016805,0.006198,-0.00728,-0.007898,-0.009856,0.0,-0.024502,-0.001374,0.030851,0.024781,-0.015997,0.006238,-0.004697,0.013213,-0.010991,0.01262,0.00093,-0.013752,0.010929,-0.000559,-0.025923,0.006127,0.009705,0.02092,0.01268,0.010127,-0.004739,0.029121,0.0,0.010144,-0.018147,0.009151,-0.013514,-0.016042,-0.030592,-0.010582,-0.013178,0.00271,0.016213,0.002469,-0.009094,-0.000574,0.000383,-0.00459,0.009606,0.029115,-0.024223
CLOUDFLARE INC,0.006831,0.038447,-0.022142,0.009527,0.021571,0.083503,0.194995,-0.021312,-0.054346,0.044954,-0.030181,-0.026675,-0.00538,-0.029595,0.046062,-0.010254,0.006399,-0.008377,-0.007837,0.010874,0.014004,0.009608,-0.048672,0.015838,0.033439,-0.027395,-0.009491,-0.003194,-0.008786,-0.017623,-0.027704,0.033188,0.0056,0.029526,-0.016024,0.00166,-0.005074,0.03112,-0.025437,0.0029,-0.012083,-0.007213,-0.003159,-0.015,0.031207,-0.008631,0.017518,-0.022371,0.013182,-0.024147,-0.036476,0.007749,-0.033392,-0.014659,-0.0301,0.007016,0.037667,-0.002276,-0.010493,0.014408,0.018634,-0.025098
W E C ENERGY GROUP INC,0.01263,-0.023478,-0.022915,0.003973,-0.002298,-0.009724,0.001938,0.010574,-0.013717,0.002485,0.017613,0.000897,-0.000897,0.016539,-0.013116,0.007796,-0.029292,0.011888,-0.003357,0.01671,-0.001274,0.016967,0.000125,0.018688,0.004063,0.001594,0.005142,-0.013276,-0.002963,-0.004829,0.004976,0.002971,-0.000247,-0.005432,-0.006455,-0.000375,-0.001375,-0.015645,0.032168,0.011579,-0.006819,0.004046,-0.008182,-0.002339,-0.009256,0.013079,0.007131,-0.026737,-0.00414,-0.00529,-0.001013,-0.013817,0.023522,0.010172,0.013923,0.005027,-0.000122,0.008175,0.002178,-0.01594,0.016076,-0.001932
WEST PHARMACEUTICAL SERVICES INC,0.022706,-0.001258,0.043567,0.001635,0.036985,-0.005085,-0.003066,-0.007348,-0.019772,0.024085,-0.140841,0.032364,-0.032786,0.017191,0.010387,0.02095,-0.011294,-0.013763,-0.002735,0.002939,0.001005,0.000195,-0.019064,0.006705,0.022156,-0.008863,-0.003984,0.057256,0.02053,0.03536,-0.02947,0.020897,-7.6e-05,-0.004018,0.004542,-0.004976,-0.014038,-0.000438,0.015146,0.004085,0.000581,-0.020306,-0.001933,-0.00266,0.020486,-0.00368,-0.000509,-0.006652,-0.005619,-0.019557,-0.003132,0.001769,-0.005587,-7.9e-05,-0.01402,0.008897,0.040096,-0.011456,-0.045498,-0.02105,-0.016702,0.008662
VANGUARD SCOTTSDALE FUNDS,0.003487,-0.009073,-0.006782,0.004438,-0.00136,-0.002212,-0.001194,0.000683,-0.008532,0.003098,0.002402,-0.003423,0.001718,-0.002572,-0.000344,0.00258,-0.001201,-0.001202,0.002579,0.001715,0.00376,-0.00171,0.003597,0.001195,0.002046,0.001021,-0.00136,-0.002893,-0.001707,-0.004787,-0.001374,-0.001032,0.002066,0.002406,0.000343,0.003085,-0.001538,0.000856,0.002565,-0.001535,-0.005701,-0.000517,0.00069,0.002584,-0.005155,-0.001554,0.002768,-0.010868,0.000349,0.002964,-0.003824,-0.002617,0.004024,-0.002614,0.000699,0.000349,0.001571,-0.001568,-0.002792,0.0014,0.002621,-0.003138
KEYSIGHT TECHNOLOGIES INC,0.008221,0.007637,-0.009955,0.011807,0.013913,0.019223,0.00211,-0.015168,-0.037216,0.011361,-0.001485,0.003621,-0.00509,-0.06728,0.034713,0.00624,0.01587,0.002691,0.006481,0.003577,0.017952,0.002738,-0.010984,0.008859,0.001018,-0.018944,-0.01419,-0.000394,-0.000723,-0.006646,-0.007684,-0.000601,-0.000868,0.007354,0.023626,0.000972,-0.011724,-0.002032,0.023445,0.003465,-0.008825,-0.008065,0.01535,-0.008071,0.01537,0.009667,0.008189,-0.018744,0.019675,-0.031472,-0.011477,-0.011218,-0.011016,-0.020276,-0.01205,-0.002618,0.014232,-0.001362,0.005662,0.007597,0.011175,-0.015112
DOLLAR TREE INC,0.038356,0.022709,-0.011174,0.004411,0.014989,0.007652,-0.009936,0.023871,-0.021144,0.000501,0.016228,0.008582,0.020367,-0.005879,-0.004607,0.007737,-0.000754,0.021472,-0.018536,0.003695,0.011999,-0.013608,0.018167,0.000402,0.005901,-0.014065,0.007369,0.004631,-0.142094,-0.02484,0.017488,-0.001334,0.007387,-0.000702,-0.006948,-0.011792,0.0035,0.010939,0.038971,0.004906,0.020729,-0.008682,-0.004008,-0.033162,0.007477,-0.01905,-0.006941,0.010995,0.011808,-0.038848,0.001358,-0.01037,-0.002499,-0.012283,-0.001636,-0.002786,0.007149,-0.001387,-0.005719,0.000411,-0.024068,-0.004713
WILLIS TOWERS WATSON PUB LTD CO,0.003979,0.01282,4e-05,0.071828,0.012442,-0.006181,0.006479,0.001251,-0.004923,0.015875,0.008286,-0.000469,-0.006022,-0.002322,0.008655,0.000685,-0.009187,0.000145,0.000436,-0.009339,-0.005246,0.003356,-0.001323,0.011556,-0.001855,-0.002369,-0.006357,0.011067,-0.000291,-0.003274,-0.007482,0.006876,-0.003214,0.006485,-0.000728,-0.004736,0.001867,0.001534,0.009703,-0.003334,-0.005673,-0.02059,0.005564,-0.011066,0.017348,-0.013103,-0.008564,-0.004791,-0.013342,0.0,-0.006992,-0.005029,0.008087,0.014348,0.005818,0.002457,-0.005619,0.003034,-0.028584,-0.023237,0.005898,-0.00511
RAYMOND JAMES FINANCIAL INC,0.002814,0.017558,-8.9e-05,-0.009518,-0.002784,0.009546,0.024799,0.018715,-0.018115,0.01549,0.014997,0.000422,-0.017217,0.003263,0.013952,0.001013,0.00059,0.008934,0.006015,-0.000913,-0.002078,0.006663,0.005129,-0.002552,-0.002063,-0.006037,-0.011481,0.00101,0.008912,0.0,0.006333,0.001656,0.010169,0.004174,0.02771,-0.004044,0.006927,-0.008382,0.015949,0.011538,0.000779,0.001478,0.006992,-0.016974,0.006907,0.013251,-0.01477,-0.00734,-0.020688,-0.015663,-0.000245,-0.005305,0.000574,0.000164,0.013447,0.01521,0.013229,0.003146,-0.043829,-0.000738,0.010914,-0.00966
TARGA RESOURCES CORP,0.012712,-0.000697,-0.004769,0.007596,0.009627,0.009764,-0.009215,0.016305,-0.000791,-0.001131,0.055807,0.039348,-0.005983,0.011519,0.009131,-0.013522,0.005462,-0.00492,0.003296,0.008624,0.011197,0.01661,0.01515,0.017265,0.004219,-0.008594,0.007416,0.009082,0.008242,-0.007329,0.003124,0.013117,0.0163,-0.000275,0.017693,-0.000991,0.006402,-0.008601,0.003615,0.008465,0.002143,0.009445,0.023921,-0.014138,0.014078,0.0,-0.013452,0.00236,0.005668,-0.005549,-0.003052,-0.002361,-0.01613,-0.00401,0.010199,0.007882,0.019331,0.007672,0.006672,-0.006968,0.009327,-0.026792
ARES MANAGEMENT CORP,0.009384,0.028707,-0.013001,0.02,0.014647,0.051998,0.008558,0.00256,-0.015687,0.013342,-0.011192,-0.001553,-0.017485,-0.007466,0.017703,-0.015304,-0.004549,-0.005636,0.005285,0.010514,0.003694,0.020733,-0.002649,0.001476,-0.001253,-0.010697,-0.01126,0.010936,0.005073,-0.007497,-0.005046,-0.014685,0.015365,0.010063,0.023071,-0.019842,-0.000598,0.001271,-0.005076,-0.002251,-0.004437,-0.01201,0.009021,0.001667,0.014826,0.007454,-0.010062,0.001794,0.000224,-0.020288,-0.015607,0.012297,0.006188,-0.007593,-0.008952,0.019146,0.034013,-0.004029,-0.01633,-0.000823,0.009579,-0.013417
TECK RESOURCES LTD,0.008998,-0.016349,-0.030723,0.005456,-0.006977,-0.012751,-0.024776,0.017838,-0.017525,0.018649,0.014858,0.011765,-0.020672,0.005541,0.013645,0.02511,-0.020202,-0.012371,-0.022182,0.025354,0.020302,0.004847,-0.017517,0.021705,0.040465,0.004861,0.004112,0.017345,0.081696,-0.017673,0.00201,-0.010475,-0.018243,0.032118,-0.005112,-0.025916,-0.010092,-0.001854,0.019499,0.04235,0.010485,0.001513,0.033024,-0.019641,-0.004049,0.004922,0.046423,0.004884,-0.016403,-0.013795,-0.002923,-0.013191,0.001485,0.011017,-0.012364,-0.026947,-0.007196,-0.001977,0.090229,0.016956,0.013696,-0.036812
CARDINAL HEALTH INC,-0.037458,-0.015604,0.001643,0.004246,0.015374,-0.027822,0.02161,-0.012673,0.007141,-0.007762,0.013424,-0.004669,0.008808,0.001993,0.01487,0.008773,0.020168,-0.005985,0.018703,0.002866,0.012413,-0.006439,0.002486,-0.020368,0.027572,0.013196,0.002692,0.001212,-0.039267,-0.010353,0.006186,-0.004068,0.024419,-0.008507,0.00572,-0.013508,0.0,0.005315,0.008423,-0.001239,0.00143,-0.007228,-0.002876,-0.007302,-0.001816,-0.004094,-0.012789,-0.001203,-0.014082,-0.012404,0.018364,0.001308,-0.006065,-0.004882,0.02066,-0.049543,0.005251,0.001645,0.002608,-0.00578,-0.002907,0.001263
FIFTH THIRD BANCORP,-0.013435,0.002072,-0.015953,0.004803,-0.003287,0.000899,0.007787,0.01367,-0.037819,0.021024,0.011638,0.000885,-0.003831,-0.009172,-0.002687,0.003593,-0.007458,0.02104,-0.011481,0.022633,0.000874,0.032296,0.024521,-0.008528,0.009434,-0.000275,0.009623,-0.000817,-0.012538,-0.022357,-0.005082,0.01504,-0.009505,0.033305,0.010926,-0.017293,-0.003299,-0.006069,0.02942,0.012793,-0.013706,-0.019619,-0.003891,-0.015625,0.000567,0.024646,0.006082,-0.043968,0.002012,-0.009466,0.002606,-0.015309,0.000293,0.003519,0.059322,0.008276,0.013954,0.004587,-0.011013,0.002173,0.00271,-0.014595
ZIMMER BIOMET HOLDINGS INC,0.013137,-0.007308,-0.0076,0.017869,-0.000392,-0.035359,-0.001951,0.024837,-0.021375,-0.010718,0.021011,0.002492,0.002165,0.026964,0.00148,0.004979,-0.017805,-0.00402,-0.017726,0.001853,-0.002814,0.012096,-0.005816,0.008415,0.012159,-0.004868,0.010257,0.001328,-0.012636,-0.006794,-0.004454,0.006311,0.005557,-0.001026,0.004268,0.001023,0.005582,-0.000313,0.038946,-0.004751,-0.016897,-0.009865,0.011987,-0.018845,-0.001803,-0.005026,0.021391,-0.012983,-0.001566,-0.023839,-0.003856,-0.015565,-0.006308,-0.016241,0.000838,0.011304,0.006127,-0.00288,-0.011719,-0.00334,0.019774,-0.011749
DOVER CORP,0.0452,0.014053,0.007811,0.005188,-0.002176,-0.002243,0.002623,0.00897,-0.013212,0.006632,0.010877,-0.007255,-0.008547,0.001937,0.016772,0.006255,0.004144,-0.004187,0.004754,0.006206,0.01161,0.003347,-0.003515,0.021821,0.005734,-0.005061,-0.000526,0.025331,0.011126,-0.012132,0.002627,-0.006324,0.004128,0.002341,0.013386,-0.008375,-0.005952,-0.003307,0.01396,-0.000169,-0.009369,-0.010255,0.003569,-0.006596,0.015243,0.001365,0.007213,-0.019848,-0.003164,-0.007041,-0.008079,0.002871,-0.009699,-0.005251,0.007295,0.002591,0.011804,-0.004933,0.044739,0.005918,-0.000722,-0.00411
ICON PLC NEW,-0.001418,0.0,0.020307,-0.001166,0.013485,0.017766,0.016944,-0.001544,-0.01043,0.063856,-0.008814,-0.003826,-0.019202,0.004304,0.100702,0.002617,0.01445,0.011703,0.003039,-0.008719,0.015252,0.017665,0.012769,0.000388,0.013051,-0.015765,-0.006754,0.017991,-0.014363,0.00054,0.003237,-0.006721,0.006857,0.002838,0.004587,-0.015655,-0.006627,0.000334,-0.001243,0.019575,-0.012561,-0.027311,-0.004897,-0.024635,0.018041,0.006681,-0.00567,-0.020775,-0.000384,-0.020455,-0.022484,-0.017017,-0.006836,-0.000685,-0.012302,0.033654,0.028597,0.009757,-0.030248,0.027426,-0.013525,-0.020583
T ROWE PRICE GROUP INC,0.013094,-0.001183,-0.013669,0.006837,0.006882,-0.007473,-0.023689,0.034421,-0.047732,0.015467,0.017864,0.005542,0.005052,-0.000731,0.01436,0.000812,-0.004775,0.003621,0.01344,0.008901,0.001147,0.027053,-0.002488,0.006365,-0.00094,0.009068,-0.002628,0.001785,-0.002121,-0.01233,-0.000435,0.00148,-0.001739,0.027606,0.021525,-0.015928,-0.002445,-0.003718,0.025193,0.00877,-0.013287,-0.014547,-0.000506,-0.01882,0.003269,0.007802,0.017865,-0.025658,0.009779,-0.021492,-0.00816,-0.018731,-0.006422,-0.02397,9.2e-05,0.025476,0.003946,-0.007861,-0.020079,0.047689,-0.017015,-0.022395
EQUITY RESIDENTIAL,0.012793,-0.012959,-0.027589,0.011451,-0.006083,0.00646,-0.005743,0.005776,-0.018074,0.008945,0.028986,-0.005302,0.001499,0.018463,-0.012902,-0.003971,-0.022924,0.011051,0.004204,0.008205,0.008803,0.034903,-0.009227,0.005299,0.005111,0.007628,-0.008674,-0.008431,0.015562,-0.014692,0.010582,-0.010313,-0.002565,0.007393,0.012285,-0.009535,-0.010294,-0.004388,0.021384,0.00863,-0.026303,-0.009927,0.009533,-0.002605,0.008652,0.03253,0.010502,-0.023422,-0.0027,-0.017519,-0.016696,-0.016156,0.012232,0.009601,0.009018,0.01625,0.008794,0.024093,0.004179,0.004007,0.002456,-0.013783
TAKE TWO INTERACTIVE SOFTWR INC,0.008489,0.004028,-0.017904,0.016219,0.0174,0.000177,-0.086616,0.002324,-0.011464,0.014529,0.007963,-0.022808,-0.009388,-0.005463,0.008802,-0.009381,-0.008609,-0.011823,-0.003109,-0.003729,0.023208,-0.026673,-0.016333,-0.000278,0.007714,-0.008827,0.014889,-0.009186,0.002491,-0.00773,0.000974,0.004934,0.004011,0.022245,0.025197,0.001906,-0.041454,0.003627,0.001705,0.010686,0.010169,-0.002867,0.014441,-0.014104,0.009693,0.01728,0.006834,-0.016678,-0.005128,-0.026893,-0.013377,0.001032,-0.015744,-0.017603,-0.000284,-0.004552,0.012575,0.007832,0.004201,0.007251,-0.001384,-0.01012
ISHARES TRUST,0.001484,-0.003164,-0.001953,0.00159,-0.000366,-0.000244,-0.000367,0.000122,-0.003178,0.001471,0.000979,-0.001223,0.000612,-0.000857,-0.000123,0.00049,-0.000735,0.0,0.00098,0.000612,0.001963,-0.00098,0.000735,0.000245,0.001225,0.000489,-0.000856,-0.000979,-0.00049,-0.000858,-0.000613,0.000123,0.000859,0.001594,0.0,0.000734,-0.000489,0.000245,0.001101,-0.000611,-0.002073,0.000492,0.000737,0.000982,-0.001595,-0.000983,0.000984,-0.004055,0.001234,0.000616,-0.000369,-0.000616,0.00074,-0.000493,0.000246,0.000493,0.000862,-0.000369,-0.000738,0.000246,0.000493,-0.001231
M & T BANK CORP,-0.046126,0.013361,-0.003821,-0.005339,-0.013609,0.008814,0.012992,0.025501,-0.029255,0.025842,0.011384,0.004357,-0.006869,-0.001747,0.006272,0.00087,-0.017524,0.022479,-0.004325,0.011656,-0.010949,0.022204,0.027939,-0.015432,0.012214,-0.004394,0.00063,0.002871,-0.000349,-0.019904,0.001354,0.002846,-0.009366,0.025643,0.018577,-0.025369,0.001055,-0.007519,0.025278,0.00442,-0.015264,-0.017945,-0.011376,-0.00676,0.004344,0.013409,0.001352,-0.041915,0.002373,-0.004586,0.047414,-0.025188,0.01201,0.00187,0.029289,0.016041,0.0081,0.00749,-0.007164,-0.00354,-0.005875,-0.007765
AMERICAN WATER WORKS CO INC,0.009837,-0.015011,-0.014916,0.008229,0.001122,-0.000984,0.003037,0.011784,-0.03122,0.005844,0.031375,-0.011589,-0.013516,0.004705,-0.016841,-0.006016,-0.012862,0.005109,-0.001017,0.005343,0.009617,0.016878,-0.020049,0.008804,-0.01413,-0.001433,0.015957,-0.009557,0.011411,-0.01709,-0.01131,0.000768,0.006568,0.000763,0.001016,-0.003891,-0.00518,0.005976,0.031059,0.005844,-0.015629,-0.006151,-0.005269,0.012192,-0.015451,0.012656,0.015248,-0.029052,-0.004142,-0.010609,-0.005061,-0.018624,0.013882,0.016898,0.00997,0.006244,0.005115,0.01243,0.001566,-0.006335,0.012419,0.000327
N V R INC,0.019225,0.015069,-0.020913,0.023151,0.011986,0.008891,-0.005169,0.022724,-0.035212,0.02078,0.004398,-0.019121,0.003974,-0.003032,0.018354,0.006831,-0.002003,-0.003494,0.005552,0.00535,0.008069,-0.004588,-0.007414,0.015032,-0.003498,-0.003555,-0.003918,0.012853,0.003017,-0.024111,0.000839,0.008587,0.021059,0.021422,0.005467,-0.00378,-0.008111,-0.005318,0.014716,0.014938,-0.009098,-0.0216,0.007819,-0.015706,0.015134,-0.004646,0.012921,-0.039474,0.012934,0.007838,-0.007232,-0.013456,0.00169,0.004214,-0.002241,0.015848,0.003628,-0.004701,-0.009397,-0.010092,-0.013998,-0.013415
RESTAURANT BRANDS INTL INC,0.016906,-0.001134,-0.023831,-0.01395,0.00655,0.004555,-0.002202,0.01623,-0.044845,0.023542,-0.006534,0.015391,-0.011012,-0.008122,-0.00449,0.00995,0.003284,-0.011521,0.012848,0.015431,0.000773,0.004504,0.013707,0.026665,-0.007632,-0.011412,0.007779,0.019298,0.010749,-0.014622,-0.031028,0.019871,0.003971,0.006428,-0.005443,-0.014179,-0.007444,-0.000254,0.005849,0.004298,-0.012587,-0.006628,-0.015912,-0.027644,-0.000268,-0.002414,-0.001748,-0.023707,-0.003725,-0.013018,-0.010383,0.004112,-0.001271,0.008907,0.000841,0.026323,0.014325,-0.009818,-0.007471,0.010264,0.000271,0.027221
AXON ENTERPRISE INC,0.014615,0.016977,0.001868,0.007729,0.023164,0.013297,0.007361,-0.015758,-0.008474,0.024163,0.0072,-0.010961,-0.007783,-0.01483,0.029614,-0.003351,0.003547,0.000847,0.137591,-0.005983,0.022384,0.017916,-0.014943,-0.000413,0.000508,-0.007426,-0.005947,0.001415,-0.014741,-0.001141,0.003981,0.0026,0.011931,0.006888,0.005759,0.000728,-0.002687,0.011634,-0.010967,-0.008744,-0.004826,-0.006455,-0.00084,-0.007344,0.010006,0.004227,0.000193,0.022457,0.018318,-0.040976,-0.024131,-0.009891,-0.001632,-0.007438,-0.013391,0.000664,0.026413,0.002819,0.012665,0.006498,0.016449,0.001149
WHEATON PRECIOUS METALS CORP,0.024963,-0.017485,-0.015042,0.009895,-0.006177,-0.016288,-0.008932,0.001319,-0.049835,-0.001386,0.025683,0.001805,-0.004278,-0.078697,-0.027982,0.006566,-0.016809,0.00791,0.006582,0.035966,0.018937,0.018823,-0.000935,0.026217,0.009352,0.010396,0.005144,-0.006676,0.021281,-0.012503,-0.013328,-0.005853,-0.018116,0.041052,0.005538,-0.011016,0.000446,-0.005789,0.036282,0.018587,0.014004,0.032329,0.038837,-0.020748,0.010794,-0.010085,0.018777,0.006078,0.025531,-0.015583,-0.011197,0.000781,0.027507,0.00038,-0.000759,-0.021463,0.018634,0.001524,0.02226,0.005025,-0.008148,-0.026512
TELUS CORP,0.012291,-0.022627,-0.024845,0.007527,0.003448,-0.02291,0.029308,0.003417,-0.030647,0.01171,0.018519,0.008523,0.007887,0.002236,0.006693,-0.002216,-0.019989,0.003399,-0.016375,0.001148,0.006881,-0.013667,-0.00866,0.01922,0.009143,-0.004002,-0.000578,-0.009827,-0.011675,-0.025399,0.003636,-0.002415,-0.002421,0.012743,-0.010785,-0.031496,-0.012508,-0.0057,0.013376,0.006285,-0.007495,0.003147,0.003764,-0.0025,0.003759,0.013109,0.011707,-0.013398,-0.001235,-0.020396,-0.006309,-0.004444,0.005102,0.001269,0.008872,0.009422,0.008712,-0.00802,0.001244,-0.001863,0.003734,-0.00372
CHENIERE ENERGY PARTNERS L P,0.001323,-0.020947,-0.010216,-0.015093,0.001615,0.003628,0.004016,0.023,-0.018964,0.011359,0.014975,0.009707,0.002115,0.012471,-0.029752,0.015234,-0.019815,-0.015702,-0.016152,-0.014593,0.000411,0.005551,-0.003476,0.014362,-0.015777,0.003699,0.002457,-0.008374,-0.008239,-0.006438,0.014423,-0.005976,0.019901,0.021341,0.006567,-0.02412,0.003849,-0.015944,0.006973,0.005906,0.000203,0.004049,0.012298,-0.018124,-0.01785,-0.010739,-0.007098,-0.009882,-0.001699,-0.006594,-0.011777,0.011268,-0.000428,0.044802,0.012105,-0.013582,-0.01418,0.003961,0.005399,0.012185,0.028566,-0.038881
PULTE GROUP INC,0.020754,-0.007121,-0.015287,-0.017058,0.00429,0.002427,-0.00155,0.025024,-0.034822,0.017843,0.006357,-0.029001,0.015673,0.005629,0.01023,0.010126,0.00435,0.006215,-0.004024,0.018322,0.026112,-0.001619,-0.005224,0.008963,0.021177,-0.009842,-0.016241,0.011818,0.018902,-0.038152,0.010755,-0.006492,0.011164,0.023158,0.01816,0.00336,-0.006526,0.002593,0.017415,0.022117,-0.018156,-0.035717,0.012434,-0.015395,0.022049,-0.011173,0.002955,-0.051911,0.010786,0.002803,-0.018938,-0.017741,-0.006644,-0.00179,-0.005002,0.022764,0.04572,-0.004434,-0.008017,0.021911,0.006678,-0.027409
BROWN & BROWN INC,0.004642,-0.001285,-0.001287,0.010569,0.006632,0.012923,0.013133,-0.000741,0.000123,0.015442,0.006448,-0.000484,0.000121,0.001693,0.015452,0.001426,-0.002255,0.000714,0.007966,-0.006723,-0.005581,0.002508,0.001787,0.01201,0.008695,-0.007688,-0.003639,0.012017,-0.00454,-0.006081,-0.000588,0.000824,0.005529,0.014272,-0.007612,-0.000465,-0.001163,0.006054,0.00972,0.003209,-0.013937,-0.009384,-0.000234,-0.018131,0.014415,0.004228,-0.01111,-0.011353,-0.011364,-0.009074,-0.010623,-0.001358,-0.003707,0.006326,0.012819,0.004016,0.005212,-0.009647,0.001826,-0.009966,0.000982,0.0
JOINT STOCK COMPANY KASPI KZ,0.004811,0.002285,-0.013355,0.00088,-0.010445,-0.026222,0.022478,-0.028903,0.007699,0.037747,0.036703,0.012826,0.049817,-0.004187,0.002503,0.033254,-0.001353,0.00871,-0.0071,0.004831,0.021541,0.003389,-0.021484,0.046213,-0.031525,0.006056,-0.01091,0.044504,0.011608,0.033794,-0.019326,0.012428,0.008067,0.035314,0.008569,0.015327,-0.009025,0.025664,0.016386,0.021601,0.01819,0.006566,0.02503,-0.024345,0.006902,-0.06975,-0.043239,-0.016926,-0.000517,-0.019706,-0.006076,0.008721,0.016578,-0.016044,0.031097,-0.004666,0.067807,-0.055208,0.001033,0.032669,-0.033716,0.01456
FRANCO NEVADA CORP,0.023372,-0.031865,-0.017902,0.015285,0.00879,0.005747,0.003134,0.003583,-0.024078,-0.002627,0.03781,-0.011419,-0.009351,-0.007588,-0.008206,0.012787,-0.008262,-0.016568,-0.000952,-0.000953,0.020313,0.02318,0.027862,-0.026751,0.024929,0.024768,-0.010955,-0.003252,0.027868,-0.014976,0.000262,0.018693,-0.019551,0.024751,-0.004694,-0.019208,0.004197,-0.009055,0.030487,0.015943,0.015861,-0.010244,0.005091,-0.010713,0.026694,-0.017742,0.013734,-0.001724,-0.002139,-0.026954,-0.013892,0.005927,0.028779,0.009961,-0.001644,-0.026756,0.009305,-0.002598,0.021427,0.01127,0.003579,-0.024074
WESTERN DIGITAL CORP,0.00262,0.01324,0.00533,-0.000342,-0.008725,-0.014153,-0.005252,0.0088,-0.034543,0.013372,-0.001248,-0.035886,0.002407,-0.013671,0.043267,0.006463,0.018195,0.007008,-0.000348,0.034981,0.081218,0.000311,-0.012904,0.019058,-0.006491,-0.019913,-0.015079,0.014827,-0.007782,-0.026889,-0.016612,-0.008028,0.00843,0.015215,0.049737,0.003138,0.016265,0.048784,-0.007484,0.00887,0.038247,-0.028511,0.040535,-0.01508,0.036433,-0.002189,-0.004112,-0.005506,0.022837,-0.024966,-0.022552,0.008945,-0.012525,-0.026365,-0.033226,0.01514,0.042804,-0.005292,-0.001582,0.02765,-0.02102,0.013885
VERALTO CORP,0.001304,0.000651,-0.013925,0.024416,0.045607,0.01725,-0.005208,0.016681,-0.015689,0.024699,0.028141,-0.005774,-0.003717,-0.00478,0.006795,0.00896,-0.004613,0.017148,-0.002506,-0.013132,0.003934,0.011296,0.008662,0.004181,0.005064,-0.000672,-0.005602,-0.003718,0.007577,-0.009764,-0.019608,0.006127,0.004711,0.007777,0.0202,-0.004894,-0.000671,-0.001566,0.006386,-0.012035,-0.012633,-0.010966,0.007738,-0.006418,0.004614,0.00666,0.017452,-0.011211,-0.008957,-0.000458,0.0285,0.011462,-0.003741,-0.019326,0.001013,0.026325,0.027294,-0.014085,0.015043,0.003519,0.008181,-0.012752
D T E ENERGY CO,0.019446,-0.022239,-0.011039,0.002791,0.009692,-0.009409,0.001727,0.018868,-0.018801,0.009101,0.023165,0.000278,-0.001484,0.014121,-0.019604,0.013362,-0.020839,0.010736,0.007174,0.002313,-0.002215,0.015632,0.00173,0.016092,0.008053,0.00142,0.001152,-0.018327,0.001623,-0.015037,0.001006,0.009218,0.00886,-0.003712,-0.008088,-0.002474,-0.004225,-0.011898,0.038925,0.007547,-0.012574,0.003251,-0.007471,-0.006349,-0.004199,0.003666,0.003379,-0.029398,-0.004782,0.001131,-0.006871,-0.021986,0.020058,0.011494,0.019628,0.014277,0.0,0.012986,-0.003676,-0.014576,0.011961,-0.004602
FIRST CITIZENS BANCSHARES INC NC,-0.016046,0.022803,0.009726,-0.033485,0.000661,-0.003982,0.011291,-0.001873,-0.008117,0.008811,0.027443,-0.012335,-0.003254,0.008695,-0.001339,0.008842,0.022416,0.013467,-0.013961,0.004801,-0.003914,-0.003732,0.025195,-0.018168,-0.00334,-0.008431,-0.030799,0.02863,0.000394,-0.01192,0.007773,0.004239,-0.000929,0.021234,0.020723,-0.008304,0.002068,-0.002364,0.010708,0.011207,-0.017205,-0.003628,-0.01233,-0.001581,0.009989,0.02363,-0.01629,0.001214,-0.004112,-0.019881,-0.020119,-0.00331,0.011413,0.001232,0.009955,0.03534,-1.9e-05,0.010421,0.098022,-0.025467,-0.0268,-0.012135
BROADRIDGE FINANCIAL SOLUTNS INC,-0.012586,0.000546,-0.017399,0.003128,-0.003017,0.003783,-0.000101,-0.006785,-0.020594,0.015034,0.009314,-0.001916,-0.013945,0.007276,0.016584,0.008257,-0.000447,-0.006902,0.0072,0.010573,0.000786,0.008933,-0.02121,0.009046,0.00926,-0.006589,-0.005846,0.008154,-0.005049,-0.01207,0.002353,-0.003596,0.013886,0.009444,0.009257,-0.012327,-0.005749,-0.003114,0.01056,0.005004,-0.007957,-0.003198,-0.015303,-0.004462,0.020948,0.010456,0.011568,-0.017709,-0.013853,-0.009564,-0.015893,-0.010528,-0.000826,-0.00243,0.002073,0.004395,0.00865,-0.004237,0.002461,-0.00721,0.011022,-0.014672
ENTERGY CORP NEW,0.022354,-0.013727,-0.009842,-0.001506,-0.006938,-0.002329,0.005647,0.01123,-0.008077,-0.00173,0.019576,0.0015,-0.001398,0.012499,0.002568,0.009653,-0.024878,0.008204,-0.001985,0.009943,-0.01083,0.015427,0.000196,0.006468,0.001363,0.004959,9.7e-05,-0.005708,0.002141,-0.004855,-0.005171,0.006375,0.00614,-0.002131,0.003397,-0.001935,-0.000775,-0.007178,0.024719,0.007628,-0.008895,0.00506,-0.008264,-0.000766,-0.000863,0.014679,0.005295,-0.016554,-0.006982,-0.008861,-0.006025,-0.016424,0.025644,0.005427,0.029108,0.006369,-0.002513,-0.006718,0.010051,-0.009579,0.006291,-0.004665
IRON MOUNTAIN INC NEW,0.026066,-0.002309,-0.009693,0.007451,-0.016531,0.010911,0.001021,0.002914,-0.026297,0.007908,0.023538,-0.016778,0.006472,0.001608,0.052094,0.040638,0.004532,-0.018177,0.018378,0.043524,0.030392,-0.025916,-0.004561,0.023801,0.00721,0.00432,-0.008357,0.002231,-0.009522,-0.017478,0.007175,0.013612,0.003138,0.003003,0.00948,-0.018164,-0.016235,-0.002814,0.028095,0.000873,-0.008353,-0.009932,0.005841,-0.006439,-0.000762,0.001272,0.005842,-0.044318,0.012155,-0.007701,-0.015522,-0.001737,0.005889,-0.009714,0.009137,0.009987,0.009888,0.020757,-0.011894,0.003365,0.005805,-0.005772
INVESCO E T F TRUST II,0.012295,0.016981,-0.001641,-0.001928,0.010111,0.001968,0.00971,-0.003891,-0.015625,0.011055,0.002972,-0.009112,-0.00756,-0.00415,0.02957,-0.003049,-0.000389,0.002337,-0.005384,0.008371,0.015441,-0.003924,-0.017783,0.006462,0.015055,-0.01445,-0.003652,0.01416,-0.007611,-0.002373,-0.012002,0.00949,0.002445,0.011971,0.004546,0.000927,-0.003214,-0.003279,0.003673,-0.002076,0.002299,-0.008793,0.002259,-0.015337,0.011836,0.000386,0.00353,-0.008629,0.016133,-0.016149,-0.01647,5.6e-05,-0.012065,-0.005536,-0.020831,0.01008,0.014795,0.003373,-0.004787,0.01546,0.004003,-0.018982
BUILDERS FIRSTSOURCE INC,0.03045,0.009664,-0.014219,-0.001291,0.016634,0.02399,0.000432,0.009658,-0.0264,0.024975,0.001018,-0.016745,-0.004842,0.004155,0.025645,0.001593,0.009381,0.014283,0.000569,0.009882,0.024593,0.0043,-0.012647,0.009884,0.019325,-0.021016,-0.035729,0.036118,0.007413,-0.028438,0.000358,-0.000972,0.02171,0.035432,0.021829,-0.002747,-0.008359,-0.008334,0.012751,-0.005389,-0.015056,-0.027555,0.015119,-0.009962,0.016887,-0.017831,-0.006534,-0.060495,0.011703,0.001056,-0.026276,-0.01333,-0.015267,0.016564,-0.028802,0.006666,0.050671,-0.002937,-0.00766,0.012955,-0.001066,-0.024752
HEWLETT PACKARD ENTERPRISE CO,0.004578,0.003255,-0.008436,0.0,-0.001309,0.015727,-0.00129,0.008398,-0.024343,0.0,0.00197,-0.021625,0.005358,-0.006662,0.010731,0.002654,-0.011913,-0.002679,-0.002015,0.024899,0.021668,0.102185,0.055394,0.037017,-0.031433,-0.010451,0.002779,0.000554,-0.00831,-0.013408,-0.045636,0.019725,-0.016413,0.008939,0.016539,0.009297,0.002878,0.0155,-0.001131,0.003396,0.011844,-0.013378,0.027684,-0.013744,0.003344,0.007778,-0.006615,-0.00111,-0.003333,-0.028986,-0.009185,-0.006953,-0.006418,0.000587,-0.014671,0.002382,0.0,0.005942,0.002363,0.011786,0.000582,-0.010477
FIRSTENERGY CORP,0.017448,-0.014202,-0.015493,0.0,0.000559,-0.001116,0.04247,0.012329,-0.02171,-0.000541,0.010019,0.002413,-0.006419,0.018035,-0.013749,0.002681,-0.024599,0.010691,-0.000814,-0.006243,-0.003005,0.021096,-0.006976,0.012159,0.010144,0.006607,0.011552,-0.01661,0.005278,-0.001838,-0.001841,0.006851,0.002355,-0.001044,0.000261,-0.001568,0.003926,-0.014859,0.01773,0.00416,-0.006473,0.002606,-0.008578,0.003409,-0.006794,0.009471,0.002606,-0.016376,-0.005814,-0.005582,-0.000267,-0.015241,0.016834,0.004806,0.01435,0.001048,-0.002355,0.004722,0.00705,-0.011408,0.017047,-0.011346
WEYERHAEUSER CO,0.020751,-0.016442,-0.01611,0.013593,0.001524,0.004565,0.008179,0.007512,-0.020579,0.005786,0.016046,-0.012866,0.002122,0.003025,0.015983,-0.009201,-0.017975,0.003661,0.040426,0.004382,0.015416,0.01289,-0.026018,0.003484,0.000289,0.013675,0.006602,-0.017109,0.002611,-0.008681,0.002043,-0.005243,0.011127,0.022589,0.00623,0.002252,-0.00337,-0.001127,0.01354,-0.000557,-0.009747,-0.003656,-0.01383,-0.008586,-0.001443,-0.004915,0.017722,-0.040822,0.001488,-0.012184,-0.016546,-0.022025,-0.014076,-0.005393,0.003828,0.0,0.007626,-0.005361,-0.002537,-0.013032,0.004187,-0.032393
I C I C I BANK LTD,0.028279,-0.01953,-0.002439,0.00489,-0.00365,-0.040293,0.025869,-0.012815,0.015494,0.01567,0.00406,0.000404,0.029507,0.000785,0.018439,-0.012712,-0.003902,0.001958,-0.009773,0.011054,0.033971,-0.003021,-0.004924,0.003807,-0.004171,-0.003046,-0.00382,0.001917,-0.002679,-0.008442,-0.000774,0.005035,-0.001927,0.010811,-0.007639,0.00077,-0.005,0.00116,0.002703,0.016943,-0.017039,-0.008089,-0.002718,-0.001947,0.004682,0.012816,0.020706,-0.007138,0.000378,-0.011347,-0.021806,-0.003129,0.005492,-0.007803,0.009831,0.016745,0.006894,-0.003804,0.015655,-0.002632,0.035432,0.002184
BALL CORP,0.071416,0.001178,-0.016981,-0.020865,0.021659,0.011113,0.000507,0.022816,-0.011566,0.036443,0.003871,-0.00241,-0.003382,-0.003394,-0.000811,0.02061,-0.008109,0.003687,0.003354,0.022286,0.004061,0.003734,-0.010539,0.003446,0.017484,0.001381,0.010112,-0.006522,-0.003053,-0.009648,-0.009123,0.010924,-0.00247,0.009749,0.004291,0.01053,0.004228,-0.000602,0.010232,0.003277,0.007126,-0.006191,-0.010086,-0.011238,0.007274,0.002106,0.01126,-0.008759,-0.00629,-0.012509,-0.013736,-0.013154,0.002666,0.006412,0.009324,0.00739,0.00107,-0.004733,0.003988,0.066463,0.013181,-0.016261
GENUINE PARTS CO,0.0174,-0.002033,-0.015733,0.00842,0.010331,-0.003292,0.006113,0.013689,-0.018809,0.011446,-0.002291,-0.005428,0.009445,0.001248,0.011491,0.012045,0.003652,0.014486,0.007837,-0.009819,-0.000335,0.005093,-0.0002,-0.000734,0.006608,0.000928,0.00987,0.010233,-0.003376,-0.010555,0.011787,-0.001237,0.010426,0.001548,0.013328,-0.009531,-0.014563,-0.007031,0.017439,-0.001675,-0.004195,-0.003176,-0.004357,-0.027887,0.007659,0.0028,0.000532,-0.014685,-0.014635,-0.004996,-0.004334,-0.001382,-0.003321,0.112168,0.013481,0.004311,0.001778,-0.009671,-0.004512,-0.007078,0.009004,-0.025779
STATE STREET CORP,-0.008393,0.002457,-0.011712,-0.001654,0.008006,-0.008764,0.006216,0.010434,-0.033832,0.005484,0.021399,-0.007394,-0.012967,0.008386,0.003742,0.016018,-0.009649,0.008371,-0.001497,0.004907,0.001627,0.002031,-0.009324,-0.020052,0.005707,0.002491,0.013945,-0.012663,0.004689,-0.01359,0.008906,-0.000138,0.001793,0.016524,0.028583,-0.001185,-0.002505,0.007006,0.009189,0.014698,-0.000905,-0.003236,0.004156,-0.017719,-0.001975,0.007784,0.003273,-0.029619,-0.006185,0.025301,-0.011217,-0.025491,-0.002876,0.003159,0.004518,0.015538,-0.001611,-0.001344,-0.013461,0.001364,0.008175,-0.020273
CORPAY INC,0.015935,0.004753,-0.014766,-0.015742,0.017422,-0.092024,0.031231,-0.008925,-0.008156,0.013507,0.011014,-0.013654,0.004749,0.005093,0.005578,0.019469,-0.010277,0.000862,-0.010375,0.013096,-0.009561,0.01833,-0.003763,0.0165,0.027451,0.003276,-0.001735,0.003918,0.014457,-0.010136,-0.000879,0.012786,0.023278,-0.000457,-0.001469,-0.008306,0.014509,-0.011311,0.004405,0.009885,-0.008556,0.014613,0.018591,-0.035775,0.004494,0.002155,-0.007397,-0.002626,0.006353,-0.019004,-0.01207,0.008235,-0.008235,-0.002126,-0.004566,0.022461,0.018976,0.002642,-0.017371,0.005694,0.004246,-0.009669
INTERNATIONAL FLAVORS & FRAG INC,0.018592,-0.011073,-0.013412,0.007358,0.019438,-0.022225,-0.00708,0.004754,0.002117,-0.013791,0.020912,0.001851,0.010346,-0.064001,0.034905,0.012837,-0.038146,-0.038367,-0.016523,0.03128,0.005033,0.002109,0.008943,0.004953,0.022698,-0.001268,0.029333,0.001727,0.017241,-0.012107,0.015319,0.011587,-0.009068,0.010476,-0.002383,-0.00288,-0.012879,-0.00695,0.051572,0.004087,0.004419,-0.024546,0.014837,-0.019181,-0.006201,0.020998,0.01516,-0.002084,0.004292,-0.034192,-0.0122,0.00448,-0.001326,0.009053,0.004426,0.010956,0.006361,-0.003395,-0.009396,0.003201,0.013592,-0.012943
ROLLINS INC,0.021473,-0.004973,-0.011359,0.011259,0.004317,-0.010634,-0.005717,0.00207,0.006426,0.009122,-0.057175,-0.01606,0.001218,0.010256,0.011119,0.01793,0.00822,-0.005591,0.018271,0.013803,-0.001588,0.024546,-0.017746,0.011969,0.009596,0.004642,0.006161,0.001312,0.010483,-0.007132,0.008925,0.006688,0.007501,-0.003829,-0.00662,0.00043,-0.013752,-0.001307,0.018761,-0.009208,-0.011887,-0.004156,-0.001318,-0.019793,0.017949,-0.006612,-0.001331,0.00311,-0.011296,-0.006496,-0.024126,0.000693,-0.006927,-0.013253,0.001649,-0.001176,0.004475,0.005158,0.032657,0.014231,-0.002895,-0.004691
ARCELORMITTAL S A LUXEMBOURG,0.013469,-0.006466,-0.023861,0.014074,0.001461,0.045223,0.008374,-0.013495,-0.054367,0.005935,0.003319,0.006983,-0.039416,-0.00076,-0.005323,0.009939,-0.012112,0.011494,-0.013636,0.001536,-0.005752,-0.01157,-0.019118,0.009547,0.025217,0.00269,0.0023,0.034417,-0.003327,-0.020401,0.000379,0.001136,0.001512,0.020008,-0.004071,-0.000372,0.007063,-0.002953,0.029619,-0.00827,-0.001088,-0.000363,0.006899,-0.013343,-0.003289,0.021269,0.004668,-0.012866,-0.003259,-0.022158,0.001114,-0.065677,-0.00278,0.001593,0.009543,0.016542,-0.024022,0.000397,0.000794,0.005948,0.014978,-0.028738
ALIGN TECHNOLOGY INC,0.022669,0.001902,0.006134,0.046665,-0.012862,0.036069,0.004644,0.020481,-0.033461,0.03568,0.023187,-0.003228,0.015416,-0.028323,0.039094,0.001011,-0.019061,0.007142,-0.034083,9.9e-05,-0.007969,0.026766,-0.027756,0.014358,0.023075,0.005438,-0.01408,0.008407,0.03222,-0.011756,-0.008109,0.005694,0.003353,0.037642,-0.023911,-0.005758,-0.000438,0.002067,0.02488,6.1e-05,-0.02522,-0.023713,-0.006281,0.015608,0.00835,0.007809,0.031838,-0.007358,-0.008907,-0.030563,-0.032479,0.001181,-0.016257,0.003998,-0.007832,0.006154,0.036766,0.006092,-0.010453,-0.004767,-0.013591,-0.073617
P T C INC,-0.006919,-0.003735,-0.008504,-0.000564,0.017503,0.00738,0.008593,-0.024905,-0.004089,0.016535,0.00686,-0.02088,-0.007296,-0.001526,0.015627,0.008697,0.004034,0.003798,0.010583,-0.006946,0.025955,-0.002876,-0.042891,0.020481,0.018758,-0.004616,0.004962,0.008264,-0.01139,-0.006676,-0.014633,0.010176,0.017424,0.015627,-0.000474,0.00311,-0.008514,0.006785,-0.001211,-0.004059,-0.00434,-0.008027,-0.006752,-0.012949,0.012736,0.006099,0.003916,-0.027894,0.001924,-0.012125,-0.012274,0.004329,-0.006382,-0.010029,0.003813,0.01236,0.010585,0.000333,-0.003435,0.006171,-0.001713,-0.017932
EVERSOURCE ENERGY,0.032091,-0.013581,-0.027355,0.000931,0.00093,0.005205,0.01683,0.008912,-0.017487,0.046973,0.02734,0.004265,-0.022932,0.015647,-0.005306,0.013079,-0.020894,0.028279,-0.011136,0.001536,-0.00494,0.020801,-0.013071,0.006192,0.015727,0.011107,0.009487,-0.01385,-0.011202,-0.001353,-0.002371,0.000679,-0.002714,0.006973,-0.022294,0.0,-0.006391,-0.021384,0.047788,0.013394,-0.01489,0.006624,-0.014172,0.008386,-0.006959,0.016408,0.008239,-0.014843,0.001354,-0.006086,-0.009355,-0.017857,0.022902,0.008204,0.011866,0.01022,0.000829,0.008119,-0.00526,-0.017515,0.016818,0.002646
NETAPP INC,0.002867,0.00446,-0.007286,0.004587,-0.004224,0.019374,0.010459,0.009015,-0.037723,0.005961,-0.005583,-0.017876,-0.002917,-0.010063,0.016903,0.015925,0.000343,-0.002974,0.009866,0.012382,0.181665,-0.018802,-0.006291,0.020647,-0.005248,-0.009496,-0.004745,-0.002335,0.006437,-0.010272,0.002154,-0.005374,0.014833,0.010938,0.006032,-0.003236,0.001814,-0.001906,0.004775,-0.002376,0.000667,-0.003046,0.016807,-0.011082,0.002386,0.00733,-0.015782,-0.014882,0.022027,-0.029086,0.0055,0.001661,-0.015896,-0.007631,-0.021869,-0.000408,0.015422,0.006437,0.008795,0.003864,0.011349,-0.002635
ISHARES TRUST,0.001584,-0.003501,-0.00244,0.002055,-0.000391,-0.001172,0.000196,0.000489,-0.0043,0.002552,0.000979,-0.002054,0.001764,-0.000783,-0.000392,0.000784,-0.00137,0.0,0.000784,0.000196,0.002982,-0.000979,0.001274,0.000685,0.00137,0.000977,-0.00039,-0.001172,-0.000391,-0.00176,-0.000392,0.000196,0.001666,0.001859,0.000195,0.001171,-0.000975,-0.000195,0.002148,-0.000974,-0.002432,0.000196,0.000784,0.000784,-0.00137,-0.001176,0.001178,-0.005685,0.000789,0.000985,-0.002559,-0.000789,0.001382,-0.000592,0.000395,0.001381,0.001379,-0.000983,-0.000788,0.000788,0.000984,-0.000983
SNAP INC,-0.001259,0.074354,-0.017595,0.041791,-0.346132,-0.027169,0.000901,0.047705,-0.042955,0.023339,0.017544,-0.037069,-0.019696,-0.019178,-0.000931,0.006524,-0.007407,0.016791,0.009174,0.001818,0.020871,-0.019556,0.036265,-0.023622,0.061828,0.04557,-0.041969,-0.008425,0.011045,-0.042857,-0.017559,-0.011617,-0.000904,0.013575,-0.003571,0.021505,-0.012281,0.004441,0.012378,0.00262,-0.020035,-0.015111,0.006318,-0.011659,-0.001815,0.01,0.010801,-0.031167,0.044118,-0.044894,-0.047005,0.00677,0.04707,0.066973,-0.040413,-0.001792,0.022442,-0.027217,0.028881,0.276316,-0.004124,0.038647
DECKERS OUTDOOR CORP,0.025367,0.141308,-0.034748,-0.030608,0.009669,-0.001092,0.015377,-0.000651,-0.009471,0.013661,0.02673,-0.008946,-0.002665,0.001139,0.025996,-0.00405,-0.012505,0.00222,0.012646,0.014925,0.008598,0.025784,-0.021283,0.005657,0.000965,-0.000734,-0.011555,0.01485,0.013781,0.00581,-0.024918,-0.001033,0.0,0.006954,0.04126,-0.032006,0.011004,0.005211,0.00048,0.003582,-0.011432,-0.029232,-0.002856,-0.025424,0.002358,0.010172,-0.02366,-0.066466,0.012097,-0.006781,0.00124,-0.001827,0.006524,-0.007202,-0.015886,0.012294,0.02371,0.026862,-0.053082,0.033428,-0.001236,-0.01677
INVITATION HOMES INC,0.015791,-0.012855,-0.024228,0.015518,-0.00489,0.003993,0.011624,-0.005141,-0.019453,0.00217,0.016393,-0.004869,0.002141,0.013122,-0.00241,0.004831,0.000902,0.006605,0.003579,0.012481,0.013795,0.025188,-0.01525,0.001434,-0.008877,0.014736,-0.000285,0.002563,0.000568,-0.009938,0.002581,-0.009725,0.002022,0.004324,0.007463,-0.01453,-0.006071,-0.0032,0.026554,0.020344,-0.015164,-0.007984,-0.001437,-0.009787,0.010756,0.016393,0.006508,-0.01968,-0.007456,-0.019937,-0.010613,-0.015495,0.000908,0.009979,0.00509,0.006256,0.010361,0.005274,0.004955,0.006961,-0.004032,-0.010989
C G I INC,0.029333,0.007124,-0.035542,-0.002594,0.002152,0.024161,-0.000699,-0.008481,-0.016843,0.018208,0.018939,-0.007176,-0.015587,-0.014507,0.024325,0.018226,-0.006368,0.002858,-0.00855,0.000436,0.009665,0.000776,-0.011374,0.004358,0.026208,-0.01074,0.001282,0.00683,0.004409,-0.008864,-0.006388,-0.007201,0.012262,0.008274,-0.033503,-0.025473,-0.015719,-0.001643,0.004936,0.005003,-0.005159,-0.006732,-0.007969,-0.014126,-0.001779,0.002064,0.003183,-0.020252,0.005334,-0.010707,-0.014175,0.007092,0.008103,-0.005742,0.001059,0.018075,-0.005666,-0.003704,-0.016778,0.0,-0.009696,-0.009007
ROBLOX CORP,0.013399,0.034071,-0.032456,0.031766,0.101971,0.002906,-0.010475,-0.014865,-0.032465,0.043006,0.006797,-0.034428,-0.034957,-0.01618,0.040992,-0.0224,-0.0041,-0.011141,-0.01641,-0.006474,0.035589,-0.040174,-0.019919,0.025727,0.00627,-0.004487,0.052579,-0.029258,-0.010292,0.006437,-0.034686,-0.077472,0.007182,0.037301,-0.003437,-0.011409,-0.016103,0.017185,0.015822,0.00792,-0.008905,-0.028541,-0.008705,0.009879,0.027717,0.010577,0.022763,0.018163,-0.013568,-0.022669,-0.044566,-0.000546,-0.007369,-0.022546,-0.005907,-0.010753,0.03833,-0.036639,0.016014,0.01351,0.015274,-0.027352
COTERRA ENERGY INC,-0.01045,-0.002843,-0.014664,0.005374,0.001645,0.005747,-0.008163,0.012757,-0.021536,-0.00706,0.031368,0.000811,-0.002026,0.062119,0.006498,-0.013293,-0.002309,0.002315,-0.016936,0.009397,0.006982,0.020801,0.00717,-0.015362,-0.004566,0.007645,0.003794,0.00189,0.014334,-0.002999,-0.006767,0.00492,0.021469,0.000369,0.009952,-0.004015,0.019421,-0.01294,0.014567,0.000718,0.004663,0.010353,0.002474,-0.000352,-0.00141,-0.010593,-0.004996,0.01076,-0.012065,-0.007184,-0.016281,0.0,0.001103,0.0,0.019471,0.006847,0.0068,0.011731,-0.001054,-0.004924,0.003535,-0.03628
STEEL DYNAMICS INC,-0.007457,0.003089,0.011069,-0.010865,0.036532,0.002248,0.001202,-0.009441,-0.043938,0.011574,0.036496,-0.006204,-0.005919,-0.004567,0.022368,0.017872,0.031966,0.014496,-0.00361,0.010039,-0.000822,-0.025952,-0.01336,0.011362,0.018852,-0.007024,-0.011865,0.01093,0.019872,-0.013363,0.043432,0.015011,0.006501,0.013061,0.007988,0.001043,0.000972,0.004717,0.01809,0.008436,0.006949,-0.009112,-0.001149,-0.006904,0.003817,0.003938,-0.007575,-0.014176,-0.002904,-0.02496,0.002418,-0.008512,-0.00601,-0.020586,0.0061,0.002922,-0.02287,-0.031604,0.023938,0.007592,0.007684,-0.036648
LIVE NATION ENTERTAINMENT INC,0.006078,-0.013313,-0.008957,0.01636,-0.013282,0.003879,0.017386,-0.000335,-0.019553,0.018803,0.049553,-0.006181,-0.012869,-0.009234,0.02511,0.019574,-0.033047,0.014864,0.007911,0.028638,0.001753,0.015955,-0.005066,0.010082,0.013308,-0.007661,0.003208,0.018389,0.023356,-0.008343,0.003481,0.005878,-0.003449,0.003845,0.021452,-0.006282,0.001038,-0.016211,0.02328,-0.009737,-0.014654,0.006333,-0.006484,-0.017178,0.010839,-0.006955,-0.000681,-0.012752,0.013015,-0.016547,-0.012569,-0.075774,-0.004229,-0.023742,0.00357,-0.016785,0.018542,-0.004884,-0.012939,0.015143,0.007904,-0.018003
BAXTER INTERNATIONAL INC,0.012923,-0.005358,-0.011544,0.030626,-0.00831,0.027425,-0.022491,0.019216,-0.017117,0.000505,0.032795,0.006839,0.013343,0.011013,-0.00521,0.012854,-0.012926,-0.003571,-0.006929,-0.008422,0.002199,0.036333,-0.002118,0.013676,0.011631,0.006438,-0.006626,-0.01357,-0.004896,-0.015464,-0.009757,-0.001682,0.00987,-0.002861,0.004303,-0.001666,-0.003576,-0.005982,0.027684,0.001171,0.018952,-0.014696,0.008623,-0.015018,-0.000235,-0.008681,0.013728,-0.019379,0.002857,-0.042498,-0.007191,-0.011738,-0.001264,0.00329,-0.00454,0.023562,0.015347,-0.002194,-0.017102,-0.002486,0.012709,-0.006644
ALEXANDRIA REAL EST EQUITIES INC,0.012986,-0.008247,-0.028404,-0.00322,-0.003485,0.005801,-0.014419,0.01506,-0.043917,0.005055,0.053291,-0.000838,-0.003773,0.021796,-0.002883,0.007103,-0.023128,0.021745,-0.002465,0.02743,-0.003688,0.014002,-0.014999,-0.00419,0.00445,0.024325,-0.002359,-0.007252,-0.006034,-0.013579,0.002105,-0.002505,0.000567,0.021456,0.019261,-0.023797,0.007488,-0.018028,0.038328,0.009633,-0.026453,-0.012191,-0.003791,-0.008016,0.016897,0.017097,0.022808,-0.052778,0.009286,-0.016626,-0.021832,-0.018376,-0.004616,0.000515,-0.007038,0.024894,0.007759,0.001339,-0.019641,-0.009037,0.025034,-0.027528
P P L CORP,0.014122,-0.019571,-0.016507,0.002732,-0.000389,-0.000779,0.008184,0.016622,-0.009506,0.0,0.015739,0.006803,-0.007507,0.01702,-0.001488,-0.001862,-0.022015,0.008394,-0.007189,0.004954,-0.008722,0.022953,0.000748,0.003363,0.010708,0.011161,0.002575,-0.01211,0.001486,-0.014095,0.002257,0.00976,0.004461,0.00111,-0.001848,0.002963,-0.000739,-0.016999,0.030827,0.004012,-0.00109,-0.000727,-0.007278,0.0,-0.002199,0.005878,0.005479,-0.022158,-0.006686,-0.004114,-0.00751,-0.015891,0.015763,0.00757,0.015026,0.012953,-0.00475,0.004772,-0.002558,-0.010256,0.018875,-0.002543
STERIS PLC NEW,0.021283,-0.00635,-0.010307,0.027376,-0.000221,-0.024837,0.018206,0.002987,-0.001867,0.013763,0.023901,-0.00781,-0.008563,0.015703,0.01589,-0.000763,-0.009074,-0.005092,-0.005075,0.006787,-0.000601,0.002148,-0.020963,0.003065,0.017199,0.002918,0.000599,-0.000128,-8.6e-05,-0.009538,-0.006521,-0.000217,0.000609,0.0136,-0.026493,0.008411,-0.036376,0.003852,0.018057,-0.003104,-0.016858,-0.021536,0.001757,-0.015001,0.000375,-0.003888,0.009734,-0.025661,-0.014005,-0.011053,-0.013676,-0.010934,0.006181,0.002847,-0.006474,0.006967,0.025336,-0.015486,-0.006213,0.01171,0.007455,-0.004187
L P L FINANCIAL HOLDINGS INC,0.00531,0.044706,-0.011863,-0.027112,0.009524,4.1e-05,0.017719,0.01334,0.025294,-0.010861,0.009647,0.000777,-0.006986,0.002501,0.023977,0.002703,0.017353,7.5e-05,0.001567,-0.001789,-0.006159,0.005484,-0.012514,0.00889,0.007686,-0.017749,0.001629,0.004354,-0.010141,0.00636,0.015895,0.00488,-0.000148,-0.003152,0.018262,-0.048946,0.008296,-0.008799,0.009108,0.006131,0.008176,-0.009986,-0.001403,-0.026279,0.015171,0.003842,-0.011826,0.005151,0.014564,-0.008355,0.0072,-0.010989,-0.003845,0.002547,0.010856,0.006474,0.009875,-0.008842,0.003327,0.003391,0.0285,-0.017451
MOLINA HEALTHCARE INC,-0.003451,-0.000929,-0.010652,0.017146,0.013945,0.053549,0.018821,0.010189,0.00433,0.014277,-0.00455,0.008992,-0.000573,-0.006127,0.013157,0.006159,-0.012464,-0.003933,0.004149,-0.019588,-0.017009,-0.001705,-0.002509,0.008066,0.00813,0.001991,0.024552,0.000696,0.005813,0.004421,-0.005483,0.014588,0.022371,-0.008176,0.003965,-0.007253,-0.005305,0.014351,0.000382,-0.018562,-0.016138,-0.057595,-0.006353,-0.008454,0.003917,0.012713,-0.004167,-0.007422,-0.000981,-0.000557,-0.041745,-0.009588,0.006883,0.003029,0.01823,-0.015373,0.003731,0.011536,-0.041126,-0.028584,0.004851,-0.005205
ENTEGRIS INC,0.002464,0.012289,0.001423,-0.008695,0.011048,0.040624,0.017475,-0.006381,-0.016096,0.057055,0.034154,0.008551,-0.009429,-0.008707,0.006253,-0.01953,-0.000226,-0.004679,-0.002047,0.020818,0.031259,0.012702,-0.033424,0.026322,0.044325,-0.036871,-0.004571,0.019086,-0.016968,-0.014754,-0.011341,-0.006912,-0.011699,0.025172,0.027551,0.001067,0.008383,-0.011554,0.004918,-0.003192,0.000569,-0.016356,0.01511,-0.036536,0.02639,-0.013972,0.016288,-0.022208,0.022345,-0.044719,-0.009031,-0.005088,-0.013359,-0.016712,-0.038477,0.015057,0.017172,0.013236,0.005476,0.031586,0.026093,-0.022343
S B A COMMUNICATIONS CORP NEW,0.031538,-0.026892,-0.031641,0.004596,-0.007319,-0.003687,0.005782,-0.008278,-0.031347,0.000862,0.013871,-0.02439,0.00116,0.002125,0.017929,0.008333,-0.024324,-0.037684,0.026057,0.019838,-0.004493,0.018052,0.020986,0.002171,0.005323,0.025559,0.000224,-0.015106,0.001861,-0.016697,-0.003007,-0.010303,0.008534,0.002976,-0.003245,0.002093,0.013505,-0.019095,0.018066,-0.006328,-0.012829,-0.004534,0.007936,-0.00396,-0.001824,-0.001828,0.026243,-0.06505,0.003229,-0.015607,-0.00981,-0.024017,0.005947,-0.001376,0.000561,0.003774,0.007622,0.00353,-0.005377,-0.008589,0.028844,-0.078112
PINTEREST INC,0.002936,0.057743,-0.002013,0.034787,-0.005359,-0.002694,-0.094548,-0.036886,0.005632,0.00308,0.021217,-0.035539,-0.004819,0.009399,0.015519,-0.003612,-0.013107,0.019497,0.001109,0.016058,-0.008174,0.0,-0.019506,-0.02998,0.025997,-0.017455,-0.016046,0.015434,-0.007743,-0.015318,0.003522,-0.006142,-0.002649,0.011803,0.001167,-0.012817,0.031868,0.015442,-0.017741,-0.006021,0.018748,-0.005379,0.00427,-0.01729,-0.011249,-0.008751,0.020012,-0.033468,0.015522,-0.014109,-0.028623,0.003683,0.002141,0.004272,-0.015497,0.010185,0.00886,-0.005148,-0.006393,0.040441,-0.0053,-0.009769
HUBBELL INC,0.024257,0.030025,-0.008587,-0.002108,0.013933,0.008673,0.0134,-0.008788,-0.02001,0.02005,-0.00278,0.00053,-0.009836,-0.003377,0.029846,0.002934,0.010361,-0.005655,0.012381,0.026563,0.01077,0.007719,-0.018285,0.019099,0.012992,0.000458,-0.014524,0.024521,0.00655,0.005757,-0.016624,0.011287,-0.007257,0.025056,0.020534,0.007036,-0.011486,0.000508,0.001282,0.002875,0.004216,-0.003023,0.021322,-0.027898,0.010956,-0.003213,-0.015803,-0.005523,-0.001671,-0.011053,0.002116,-0.015674,-0.0134,0.003351,-0.010834,0.00652,0.01905,0.001382,0.009334,0.013076,-0.000834,-0.090056
CAMECO CORP,0.058848,-0.030657,-0.014283,-0.014283,0.00903,-0.069303,-0.014759,-0.009533,-0.040788,0.009317,0.001657,-0.003308,-0.016833,0.00627,-0.016295,-0.02095,0.01692,0.018596,-0.020899,-0.005643,0.035529,-0.015964,-0.010654,0.018845,0.058612,-0.064443,-0.011157,0.029188,-0.056959,0.009603,0.029036,0.020433,-0.018832,0.019922,0.015722,0.012899,-0.028247,0.003097,0.014489,0.014282,0.079178,0.019893,0.045722,-0.030084,0.017577,-0.009348,-0.017436,0.026305,0.026648,-0.017436,-0.02561,-0.00269,0.004565,-0.004958,-0.001453,-0.01684,0.029393,0.001643,0.008203,0.003865,0.001418,-0.07669
DRAFTKINGS INC,0.040973,0.023124,0.008656,-0.005006,0.020604,0.00493,0.013315,0.005302,-0.021096,0.027875,0.013218,0.002474,-0.072919,-0.013795,0.002209,0.010774,-0.022529,0.028005,0.020492,0.023388,0.004848,0.030783,-0.050145,-0.023229,0.02282,-0.019728,-0.002875,0.017299,-0.002362,-0.003078,-0.007837,0.041647,0.005974,0.056875,0.036309,-0.015641,0.002542,0.028741,-0.068406,0.001323,-0.01035,-0.005118,0.001118,0.013628,0.040335,-0.035805,0.000659,-0.012297,0.010227,-0.026849,-0.011307,0.027905,-0.060748,-0.013504,-0.023055,-0.003196,0.016276,-0.008736,0.005875,0.049647,-0.008115,-0.028518
KELLANOVA,0.015705,-0.010068,-0.017072,0.005728,-0.013596,0.023282,-0.026392,0.021686,-0.008051,-0.004058,0.025931,0.001444,0.011898,0.005701,0.009389,-0.009653,0.000177,-0.014352,0.008628,-0.007129,-0.005802,-0.020244,-0.005585,0.008237,-0.004827,0.011381,-0.001107,-0.00554,0.002786,-0.01963,0.011711,0.022592,0.007851,-0.001087,0.017592,-0.00998,0.0018,0.004313,0.013598,0.011297,-0.004015,0.01069,-0.018727,0.017494,-0.002258,0.000522,-0.006263,-0.001926,-0.014734,-0.013352,-0.000361,0.001986,0.010088,0.008382,0.014857,0.010457,0.00276,0.010492,-0.005106,-0.012318,0.008315,-0.006013
BERKLEY W R CORP,-0.019541,0.007349,0.006306,-0.010936,-0.001864,-0.005726,0.007511,0.002858,0.00285,0.012108,0.004272,0.004133,-0.007626,0.018297,0.026713,-0.004667,-0.001641,-0.003405,-0.00377,-0.011353,-0.009569,0.011126,0.005263,0.008209,-0.00649,0.002494,0.006398,0.008123,-0.001635,-0.003041,0.003285,-0.006081,0.011884,0.004186,-0.006253,0.004777,0.005682,-0.002076,0.018835,0.003062,-0.010742,-0.002629,-0.002521,-0.00494,0.007505,-0.004813,-0.035698,0.002269,-0.020732,-0.000487,-0.001826,0.001463,-0.01717,0.003345,0.017535,0.0125,-0.05214,-0.015554,0.000771,-0.016173,0.009524,-0.005298
H D F C BANK LTD,0.021085,-0.032827,0.012226,0.010456,-0.007493,-0.036132,0.002424,-0.013954,-0.012076,0.008021,0.026715,-0.007197,0.018402,-0.012594,0.005545,-0.007353,-0.003148,-0.0013,-0.011347,0.006585,0.028224,-0.009635,0.00826,0.015656,0.003943,-0.002321,0.000358,0.019678,-0.000175,-0.027724,-0.003249,0.014123,-0.009998,0.00523,-0.002332,-0.021939,0.00239,0.000183,0.020539,0.00575,0.004645,0.012271,-0.009136,0.051064,-0.005061,0.007121,-0.006397,-0.009997,-0.007702,-0.01604,-0.009465,0.000354,0.00513,0.009856,0.029104,-0.012701,0.002401,-0.00308,0.001202,0.000171,-0.000171,-0.012515
AMEREN CORP,0.016243,-0.018246,-0.020746,0.006032,0.004534,-0.01121,0.011484,0.006841,-0.013011,0.00498,0.013555,-0.000431,0.005179,0.021898,-0.008263,0.011157,-0.010754,0.006918,0.002384,-0.004196,0.001826,0.018929,-0.007568,0.013866,-0.000547,-0.000958,0.008766,-0.008961,0.001106,-0.014089,0.002802,0.005448,0.001945,-0.000832,-0.00347,-0.001671,-0.003348,-0.006579,0.030717,0.011073,-0.009735,0.007646,-0.008808,-0.003554,-0.002469,0.008665,0.008863,-0.023111,-0.003182,-0.004025,-0.002508,-0.017323,0.022605,0.008063,0.018894,0.006768,-0.00484,0.009322,0.000669,-0.014714,0.009367,-0.006456
ILLUMINA INC,0.01909,-0.010498,-0.01373,0.018702,-0.013459,0.002728,-0.038303,0.01538,-0.044441,0.05234,0.037871,-0.018211,-0.023429,-0.025991,-0.006305,-0.018812,0.02985,0.020369,0.008729,-0.008157,0.004792,-0.019929,-0.021932,0.003341,0.006438,-0.004191,0.026804,-0.045664,0.000527,-0.035246,-0.002888,0.018868,0.023206,0.000225,0.031984,-0.001528,-0.023171,-0.001939,0.036472,-0.009807,-0.033498,-0.031646,-0.006069,-0.013621,0.013889,0.018552,0.026514,-0.017968,-0.003583,-0.027774,-0.04651,-0.02864,0.005098,-0.013526,0.006342,0.024014,0.03501,-0.012775,-0.014812,0.010161,0.020036,-0.013469
TYLER TECHNOLOGIES INC,0.016393,0.002746,-0.008054,0.007323,0.01245,-0.001675,0.013421,-0.013923,-0.007244,0.019527,0.002227,-0.000295,-0.012699,-0.006133,0.00899,0.002016,0.00848,-0.01088,0.005316,-0.003579,0.008601,-0.00626,-0.047839,0.006424,0.005264,-0.003767,0.019835,-0.002006,-0.015913,-0.006815,-0.00471,4.8e-05,0.019384,-0.008907,0.001094,-0.004251,0.00229,-0.00514,0.006004,0.010485,-0.019576,-0.006768,0.002827,-0.000651,0.000989,0.007274,0.011956,-0.02682,0.002452,0.001211,-0.030675,-0.003644,0.009068,0.000273,0.000993,0.019983,0.017088,0.001338,0.093246,0.005829,0.00968,-0.007846
HUNTINGTON BANCSHARES INC,-0.02121,0.010433,-0.015091,-0.002419,-0.001617,-0.002429,0.007305,0.020145,-0.025276,0.030794,0.009434,0.002336,-0.008547,0.008621,-0.000777,0.0,-0.006221,0.018779,-0.009217,0.010853,-0.006902,0.03166,0.022455,-0.008053,-0.001476,-0.002217,-0.002963,-0.001486,0.0,-0.028274,0.011103,-0.002299,-0.001536,0.024615,0.021772,-0.022043,0.004508,-0.002244,0.033733,0.011603,-0.015771,-0.009468,0.000735,-0.006613,0.005917,0.030147,0.002141,-0.032764,-0.006627,-0.013343,-0.003757,-0.016591,0.008436,0.002281,0.007587,0.018825,0.007391,0.009538,-0.013081,-0.002209,0.001476,-0.007369
HORMEL FOODS CORP,0.016134,-0.008425,-0.026144,0.009732,-0.011964,-0.008745,-0.013912,0.018582,-0.02973,0.002786,0.010764,-0.004122,0.015523,0.01019,0.018157,0.007596,-0.001967,0.014778,-0.002265,0.145637,-0.05521,0.011987,0.007403,0.004997,-0.006435,0.004121,0.002345,-0.000877,0.009368,-0.022042,0.012456,0.006151,0.003785,0.00058,-0.006957,0.003503,-0.004654,0.003799,0.014556,0.001148,0.00258,0.007433,-0.014472,0.012669,-0.013364,0.011816,0.005696,-0.015293,0.005177,-0.021102,-0.000589,-0.002949,0.006803,0.009988,0.010471,0.011514,0.0,0.013091,-0.00927,0.001418,0.002831,0.003953
ULTA BEAUTY INC,0.002928,0.003595,-0.005838,-0.000756,0.023984,0.009883,0.006761,0.00465,0.011427,-0.008417,0.006248,0.004171,0.01729,-0.004619,0.009781,0.010514,0.011896,0.009149,-0.004008,-0.018957,0.002589,-0.006255,0.005343,-0.002111,3.7e-05,-0.014773,0.015438,0.012779,0.020897,-0.003068,-0.052101,-0.00681,-0.006105,-0.009677,-0.000783,-0.006074,-0.028441,0.017347,-0.001594,0.018227,0.011724,-0.017637,-0.153364,0.019683,-0.008671,0.018055,0.004461,-0.008465,-0.006741,-0.01248,-0.020528,-0.020935,0.000896,0.001319,-0.027311,0.010834,0.003086,-0.020798,-0.006187,-0.00397,0.008982,-0.012682
FORTIS INC,0.008223,-0.011369,-0.014,0.005578,-0.008321,-0.009916,0.003082,0.009985,-0.024588,0.009615,0.018413,0.003578,0.009677,0.00454,0.001757,-0.013534,-0.019563,0.003369,-0.002324,-0.001294,-0.000518,0.011411,0.000513,0.010764,0.020791,-0.005216,0.0,-0.00799,0.0,-0.008558,0.008378,-0.003776,-0.005307,0.007876,-0.001512,-0.002272,-0.004555,-0.010168,0.011043,0.003556,-0.005062,0.002035,-0.002031,-0.00636,-0.006656,0.009794,0.001531,-0.026504,-0.006545,-0.008696,-0.002126,-0.010655,0.013463,0.010893,0.011038,0.014037,0.002307,0.001535,0.004086,-0.006612,0.013057,-0.007076
APTIV PLC,0.026681,0.0,-0.01521,0.023836,-0.025775,-0.0089,0.00898,0.021458,-0.05598,0.000632,0.003412,-0.005667,-0.015198,-0.001672,0.00219,-0.007326,0.003755,0.016899,-0.000761,0.009141,-0.005535,-0.007084,0.011976,-0.016367,0.008191,-0.007363,0.004093,0.002547,0.012832,-0.044155,0.013648,0.00738,0.001414,0.013989,0.019618,-0.02284,0.0047,-0.03161,0.026766,0.012843,-0.010797,-0.020688,0.005314,-0.029651,-0.007174,0.017931,0.037597,-0.050425,0.010941,-0.020853,-0.015905,-0.014656,-0.036002,-0.000433,0.004472,0.00675,0.00214,0.01637,-0.017787,0.0154,0.016852,-0.019473
PEMBINA PIPELINE CORP,0.001452,-0.009861,-0.018161,0.002088,0.00387,0.00089,-0.005333,0.00983,-0.020649,0.008735,0.01284,0.003243,-0.011167,0.017236,0.005843,0.007552,-0.00173,0.007797,-0.004298,0.001727,0.00632,-0.011704,0.001444,0.014422,0.01052,-0.001688,0.006483,-0.00056,0.006725,-0.010157,-0.002281,-0.002001,0.002864,-0.000286,-0.001999,-0.005438,0.00259,-0.000574,0.007754,0.007125,0.00283,-0.00254,0.005941,0.004218,0.00364,0.001395,-0.010588,-0.009293,-0.002274,-0.011111,-0.006338,-0.008408,-0.001754,0.004394,0.017206,0.006307,0.011111,0.0,0.006199,0.00308,0.007259,-0.02439
APPLOVIN CORP,-0.004133,0.119629,-0.008286,0.012313,0.035838,-0.023904,-0.004296,0.015318,-0.026137,0.022693,0.248133,0.023419,-0.042425,-0.033316,0.042945,-0.007093,0.02788,0.027801,-0.043213,0.029478,0.042532,-0.006264,-0.014708,0.027231,0.009103,0.00364,-0.053453,0.017991,0.032401,0.001585,-0.000949,0.079519,-0.007484,0.042578,0.019711,-0.009456,0.019233,-0.020799,-0.031369,0.005228,-0.001156,0.008389,0.045037,-0.001098,0.027686,0.043519,-0.019603,-0.002352,0.024889,-0.034126,-0.054784,0.01246,-0.019635,-0.028773,-0.029916,0.015719,0.049153,-0.020861,-0.00703,0.066609,-0.011244,-0.033155
VANGUARD SCOTTSDALE FUNDS,0.000813,-0.003254,-0.001546,0.001205,-0.000344,0.0,-0.000516,0.000172,-0.003096,0.00138,0.000861,-0.001377,0.001034,-0.000861,-0.000345,0.000172,-0.000517,0.000345,0.001035,0.000344,0.001768,-0.000862,0.001036,0.0,0.001207,0.000517,-0.000688,-0.001206,-0.000345,-0.00069,-0.000691,-0.000173,0.001209,0.00138,0.0,0.000862,-0.000344,0.0,0.001033,-0.00086,-0.001517,0.000519,0.000519,0.001037,-0.001727,-0.000519,0.000865,-0.004151,0.000695,0.001215,-0.000693,-0.000347,0.000868,-0.000867,0.000521,0.000347,0.000867,-0.00052,-0.000347,0.000173,0.000347,-0.00104
PROSHARES TRUST,0.035334,0.050275,-0.005066,-0.005795,0.029848,0.004116,0.029377,-0.01178,-0.047347,0.031724,0.00837,-0.027444,-0.023167,-0.012482,0.086493,-0.009141,-0.001342,0.006214,-0.016191,0.024092,0.045891,-0.01188,-0.053543,0.018462,0.04457,-0.043783,-0.011655,0.042453,-0.023271,-0.008107,-0.036531,0.02822,0.006904,0.03537,0.012966,0.00208,-0.010219,-0.009356,0.008793,-0.006295,0.006173,-0.0268,0.006636,-0.047133,0.035282,0.000668,0.010351,-0.026272,0.047005,-0.048298,-0.050238,0.000179,-0.03711,-0.017874,-0.061991,0.029103,0.04458,0.009776,-0.016012,0.045979,0.011939,-0.057294
BOOZ ALLEN HAMILTON HOLDING CORP,0.009945,0.001969,-0.004072,0.015366,-0.002707,0.006682,0.01784,-0.005454,-0.010213,0.005055,0.001654,0.001513,-0.003366,-0.001447,0.01829,0.009286,-0.007924,-0.008123,0.005323,0.002715,0.003182,0.005871,0.000939,-0.001944,-0.003425,-0.008424,-0.017398,0.007332,0.003159,-0.006366,-0.002618,-0.002072,0.011627,0.004515,0.009671,-0.004317,-0.010026,0.007185,0.007066,0.001484,0.004177,-0.014826,0.006061,-0.009408,0.00328,0.003337,-0.02593,-0.005505,0.010441,-0.000763,-0.0127,-0.000703,-0.013365,-0.005347,0.018852,0.006121,0.020628,-0.010756,0.006095,-0.000964,0.016881,0.00061
MCCORMICK & CO INC,0.007776,-0.014704,-0.027039,0.018223,-0.021327,0.003048,-0.017776,0.021964,-0.010898,-0.005509,0.008617,0.009153,0.028874,-0.007787,0.00385,0.004278,-0.002938,-0.000589,-0.001621,0.016684,-0.015248,0.009881,0.006133,-0.008563,0.001171,0.002778,0.019102,-0.013307,-0.004205,-0.010048,0.002795,-0.000733,0.01879,-0.009654,0.010912,0.007916,-0.001285,0.105233,-0.01643,0.010259,-0.002474,0.021535,-0.025808,0.002098,-0.006805,0.00212,0.0,-0.011239,-0.018187,-0.02261,0.00209,-0.00153,0.006546,0.00595,0.016781,0.010417,0.004418,0.011064,-0.003823,0.00225,0.007395,-0.003015
MARKEL GROUP INC,-0.068317,0.012386,0.004283,-0.007543,0.026752,-0.025577,0.014548,0.010518,-0.002085,0.019438,0.00047,-0.005552,-0.005727,0.006668,0.007998,-0.002035,-0.019334,0.012716,0.018119,0.003078,0.000858,-0.006701,-0.005257,0.020536,-0.003977,-0.002253,0.002625,-0.001459,0.001768,0.00327,0.011187,-0.008726,0.002153,0.000925,0.005434,-0.002627,-0.004537,-0.014407,0.025095,-0.003843,-0.008347,-0.004189,-0.005458,-0.002824,0.013013,-0.000735,-0.01198,-0.000107,-0.031032,-0.007833,-0.003818,-0.002389,0.003407,0.005334,0.014316,0.010105,0.0056,-0.011685,-0.007802,-0.009945,0.008924,0.006251
LEIDOS HOLDINGS INC,0.00344,0.000722,-0.001803,0.012914,0.008203,0.00168,0.002295,0.009072,0.058659,0.001814,0.005679,0.013422,-0.002665,0.003644,0.006454,0.010501,-0.002935,0.007081,-0.000158,0.010272,-0.003285,0.016321,-0.001699,0.004099,-0.000308,-0.007936,-0.011727,-7.9e-05,0.006523,0.000781,0.001017,-0.012273,0.012109,0.0,0.009931,-7.7e-05,-0.007124,0.008891,0.009122,0.004213,-0.005111,-0.011271,0.000465,-0.002325,-0.000388,0.004508,-0.016558,-0.006924,0.003328,-0.007186,-0.006761,-0.001922,-0.002246,-0.004825,0.009292,0.008966,0.021027,0.00171,0.007603,0.003696,0.009666,0.06534
WESTLAKE CORP,0.010698,-0.009226,-0.002382,0.008321,0.011409,0.013125,-0.004762,0.012806,-0.029248,0.010449,0.021673,-0.000693,-0.078668,0.020104,0.037644,-0.02696,0.004606,-0.000873,-0.006652,0.020752,-0.009588,0.019726,-0.000928,0.008645,0.01013,-0.006452,0.000847,-0.00268,0.019446,-0.011514,0.030033,-0.020778,0.015236,0.030768,-0.000133,-0.000532,-0.002195,0.001067,0.014652,0.002954,0.009555,-0.005056,0.023195,0.000637,0.021191,-0.014458,0.024723,-0.028199,-0.012572,-0.013182,-0.001238,-0.020226,-0.010521,0.002356,0.01222,-0.007164,-0.002138,0.003615,-0.010207,0.007953,0.009696,-0.024106
FIRST SOLAR INC,0.010868,-0.041044,-0.014243,0.009371,0.030827,-0.015743,0.058183,0.037756,-0.031039,0.038729,0.009732,-0.017555,-0.02373,-0.021011,-0.035326,-0.012713,0.011827,0.002836,0.029381,0.031089,0.027032,-0.008542,0.015061,-0.004024,0.012183,0.006236,0.00502,-0.017144,-0.008408,-0.054733,-0.013187,0.013974,-0.01338,0.024003,0.010992,0.004126,0.009523,-0.010403,0.093301,0.008062,0.018187,-0.027346,-0.002632,0.028369,0.018313,0.026461,0.030577,0.003194,-0.004587,-0.010627,-0.03573,-0.016367,0.028484,-0.020898,0.004303,0.007084,0.02167,-0.014548,-0.013861,0.021198,0.01175,-0.025051
VANGUARD SCOTTSDALE FUNDS,0.015392,0.01898,-0.000121,0.001089,0.012929,0.002028,0.01,-0.005893,-0.013635,0.012021,0.002376,-0.006873,-0.010142,-0.002652,0.030457,-0.000821,-0.002348,0.001294,-0.003173,0.006012,0.010898,-0.004289,-0.015949,0.005087,0.0133,-0.01057,-0.004579,0.017101,-0.003942,0.000698,-0.011284,0.008942,0.006297,0.010778,0.000971,0.000803,-0.003898,-0.003453,0.003465,-0.002417,-0.000462,-0.007849,0.002327,-0.014045,0.013774,0.000348,0.001045,-0.00719,0.014251,-0.01382,-0.017751,0.000476,-0.009388,-0.004199,-0.019636,0.009462,0.01546,-0.000839,-0.005399,0.017732,0.002015,-0.017743
PRINCIPAL FINANCIAL GROUP INC,-0.01732,0.003731,-0.006409,0.011352,-0.003699,-0.004481,0.005658,0.009463,0.004054,-0.007192,0.028593,-0.011119,0.003248,-0.008095,0.008663,-0.001245,-0.00162,0.007115,-0.001487,0.003724,-0.010017,0.00787,0.003842,-0.00321,-0.009414,0.0,0.009754,-0.003123,0.013532,-0.004698,0.025339,-0.003634,0.008875,0.012413,0.005714,-0.011362,0.011373,0.000118,0.018701,0.002788,-0.003476,-0.00779,0.005039,-0.013641,-0.001064,0.001302,-0.02139,-0.018597,-0.012551,-0.005358,-0.01115,-0.008615,0.002939,0.006116,0.018744,0.011313,0.001967,0.007975,-0.013389,-0.023933,0.016557,-0.016039
ISHARES TRUST,0.000663,-0.000272,9.1e-05,0.000272,0.000181,0.000454,9.1e-05,9.1e-05,-0.000181,0.000363,0.000544,0.0,0.000181,9.1e-05,0.000362,0.000181,0.0,0.000181,9.1e-05,0.000543,0.000251,9.1e-05,0.000136,0.000227,0.000363,9.1e-05,9.1e-05,0.000181,9.1e-05,0.000454,0.000181,9.1e-05,9.1e-05,0.000272,0.000362,0.000272,0.0,0.000181,0.000634,9e-05,6.3e-05,0.000136,9.1e-05,0.000636,9.1e-05,9.1e-05,9.1e-05,-9.1e-05,0.000454,9.1e-05,9.1e-05,9.1e-05,0.000181,0.000453,0.000181,9.1e-05,0.000181,0.000181,0.000272,0.000181,9.1e-05,9.1e-05
CARLISLE COMPANIES,0.01521,0.006112,-0.020094,0.00976,0.076509,0.002428,0.009833,0.012713,-0.019343,0.010735,-0.003713,-0.009731,0.014623,0.001499,0.0156,0.009664,-0.016785,-0.008821,0.007143,0.000915,-0.008286,0.015529,0.008454,0.014544,0.013143,-0.028929,0.006172,0.012773,0.003679,0.001433,0.022206,-0.011683,0.014218,0.018504,0.024786,-0.004194,0.000749,0.003072,0.000309,0.008311,0.005257,-0.006905,0.012117,-0.013942,0.022003,0.003759,-0.020849,-0.023588,-0.013737,-0.011916,-5.4e-05,0.003002,-0.014429,-0.003877,0.0,0.007839,0.024413,-0.010624,0.017932,0.048504,-0.008888,-0.02204
DOMINOS PIZZA INC,0.017151,-0.026457,-0.009501,0.008444,0.000878,0.010973,-0.003493,0.005175,-0.013551,0.00707,0.000565,-0.006757,-0.011141,0.008654,0.017231,0.013177,0.058457,-0.027734,0.000224,0.004436,-0.002498,0.006171,-0.000889,-0.005227,0.000291,-0.005275,-0.002494,0.019554,-0.000221,-0.016155,-0.0055,0.003558,0.004765,0.015329,0.009187,0.005594,0.014594,0.038464,0.018903,0.009652,-0.005957,0.006762,0.017295,-0.045467,0.021414,0.017802,-0.007032,0.016812,-0.004558,-0.018255,-0.014718,-0.002807,-0.009452,-0.000809,-0.016838,-0.004794,0.020964,0.013613,0.014476,0.008691,0.056225,0.00406
CENTERPOINT ENERGY INC,0.015748,-0.015152,-0.015027,0.002906,-0.001449,-0.005078,0.003646,0.007991,-0.011171,0.004009,0.019013,0.000359,-0.003228,0.017632,-0.014498,0.001435,-0.021856,0.012821,-0.006148,0.000728,-0.002182,0.018222,-0.00179,0.014701,0.000353,0.000706,0.006707,-0.013675,-0.004621,-0.003929,-0.000717,0.002512,0.00859,-0.002839,-0.003915,-0.005716,-0.008264,-0.013406,0.038928,0.00707,-0.002457,0.000704,-0.010197,-0.001776,-0.001779,0.006061,0.002126,-0.032178,0.007673,-0.004351,-0.002185,-0.006569,0.017634,0.009025,0.020751,0.008763,-0.001737,0.011834,0.009288,-0.016701,0.012825,-0.002738
WILLIAMS SONOMA INC,0.018564,0.017058,-0.003244,0.025039,0.004055,0.050311,0.019133,0.03082,-0.020858,0.001621,0.002338,0.014265,-0.010084,-0.017246,0.025186,0.004922,0.013768,0.016149,-0.002999,0.011988,0.004713,0.004268,0.011277,-0.00258,0.032456,-0.050871,0.006173,0.019886,0.177639,0.00627,-0.006582,0.005251,0.028395,0.005761,0.061278,-0.001597,-0.004446,-0.009093,0.01819,0.011178,-0.008188,-0.014702,-0.004254,-0.008415,0.00989,-0.003749,0.002401,-0.050973,0.004195,-0.019085,-0.001108,-0.020726,-0.001345,-0.005351,-0.001181,0.003653,0.017308,0.001543,-0.013415,0.001704,0.015027,0.001327
CLOROX CO,0.019208,0.056201,-0.012407,0.002267,0.004975,-0.008487,-0.006614,0.00359,-0.004488,-0.005553,0.003942,-0.011518,0.007878,0.002824,-0.000458,0.001573,-0.011973,0.005827,0.010468,-0.001108,-0.008023,-0.007496,-0.00689,0.004203,0.021524,0.012291,-0.000771,0.00958,-0.002738,-0.031545,-0.009891,-0.008724,0.031844,-0.020184,-0.018805,0.020926,-0.001526,-0.00392,0.018742,0.002422,-0.009536,-0.019387,-0.012642,-0.001907,-0.004162,-0.010895,-0.002286,0.00243,0.002979,-0.019475,-0.010213,0.013876,-0.000983,0.006042,0.002444,0.011076,0.013987,0.0124,-0.001895,-0.006915,0.016658,-0.007051
WATERS CORP,0.021214,-0.011435,0.012814,0.017023,-0.020703,0.009736,-0.011846,-0.008116,-0.026921,0.019064,0.016849,0.007247,-0.003874,0.017194,0.003126,0.002118,-0.01274,0.017185,0.015121,-0.00077,0.025547,0.002081,-0.009661,0.016278,0.034384,-0.014017,-0.005844,-0.001583,-0.004444,-0.0232,0.027156,-0.015954,0.004867,-0.001719,0.011741,-0.014584,-0.013216,-0.01348,0.02097,-0.002781,0.000813,-0.013875,0.004033,-0.020053,0.005026,0.009228,0.017668,-0.022839,0.002195,-0.045074,-0.009515,-0.018367,-0.030409,-0.032711,0.006356,0.010571,0.047021,-0.009735,-0.006124,0.009567,0.012175,-0.019201
DARDEN RESTAURANTS INC,0.028601,-0.004246,-0.012071,0.008571,0.000723,0.012889,-0.003092,-0.013778,-0.018506,-0.007024,0.007633,0.000493,0.017543,0.006836,0.012197,0.006173,0.000177,-5.9e-05,0.005427,0.001525,0.003398,0.016113,0.002068,0.008486,-0.015351,-0.009354,0.001399,0.002968,0.013057,-0.016039,0.001106,0.005292,0.007057,0.002815,-0.064956,0.011456,-0.014596,0.004917,0.021223,0.001078,0.000539,-0.019493,-0.006098,-0.027427,-0.013627,0.01017,0.010637,-0.015223,-0.005709,-0.012644,0.006599,0.000519,-0.00759,-0.004445,0.001379,0.013443,0.008735,0.004554,-0.000447,-0.002811,-0.003908,-0.013377
ALNYLAM PHARMACEUTICALS INC,0.011625,-0.010633,-0.013637,0.00867,-0.020792,0.005338,0.003127,-0.004058,-0.043345,0.013272,-0.101858,-0.002917,0.018299,0.033736,0.052152,-0.031693,0.006407,0.002143,-0.023711,-0.02667,0.01006,-0.01684,-0.002399,-0.000134,0.001336,-0.000267,-0.004806,-0.016432,0.01207,0.000741,0.004982,-0.012461,0.005156,-0.001215,-0.009257,-0.00075,0.03795,-0.000658,0.015924,-0.031997,0.025962,-0.014935,-0.00139,0.004309,0.013731,0.01615,-0.000897,-0.022386,-0.0021,-0.023604,-0.005387,-0.006635,-0.009542,-0.001101,-0.005167,0.009556,0.001921,-0.015541,-0.000626,-0.002783,0.02826,-0.023141
OMNICOM GROUP INC,-0.006307,0.00167,-0.012895,0.002252,-0.030112,0.003591,-0.023548,0.021988,-0.015153,0.007635,0.014454,0.005515,0.009713,0.002943,-0.003498,0.003284,0.00553,0.000786,-0.011889,0.003292,0.000566,0.008593,-0.00157,0.017292,0.02362,-0.003774,0.029665,0.00466,0.008645,-0.031776,-0.003994,0.005311,0.006469,0.009748,0.00053,-0.003605,-0.006385,-0.006319,0.025652,0.016814,-0.00186,-0.01315,-0.005246,-0.017614,-0.005583,0.004967,0.009239,-0.023206,0.008936,-0.021495,-0.000441,0.004528,0.016381,-0.010276,0.012241,0.012416,0.004799,0.01868,0.007606,-0.008479,0.0,-0.031807
TERADYNE INC,-0.015012,0.012928,-0.001245,0.015584,-0.002455,0.009845,0.038997,0.005865,-0.038869,0.026893,0.010928,-0.00312,-0.020247,-0.00589,0.029122,-0.022834,0.020072,-0.018404,0.000798,0.032287,0.022106,-0.000472,-0.01956,0.028817,0.030351,-0.035185,0.002167,0.017395,-0.025416,-0.015173,-0.007607,-0.001941,0.006028,0.035079,0.040519,-0.006281,-0.016704,-0.006979,0.031441,0.011565,0.001064,-0.024878,-0.011712,-0.026642,0.012459,0.005127,0.031256,-0.043079,0.028759,-0.032797,-0.013696,0.004884,-0.027256,-0.018321,-0.042216,0.018652,0.021379,0.008513,0.081529,0.047929,0.03645,-0.016654
NOVARTIS A G,0.017976,-0.015285,-0.00241,0.002609,-0.002699,-0.020298,-0.003256,-0.004949,-0.014623,-0.000101,0.005856,0.005621,0.025252,-0.001558,0.00234,0.0107,-0.006256,-0.000969,-0.009016,-0.012229,0.010795,-0.000882,0.001275,0.005289,0.010031,0.007805,0.006554,-0.015784,-0.007718,-0.008788,-0.008764,-0.013879,0.00417,-0.002803,0.000312,0.001561,-0.005196,-0.004805,0.006403,0.008865,-0.008891,-0.015229,-0.000424,0.026703,-0.011353,-0.003236,0.003456,-0.014925,-0.000424,-0.008692,0.009517,-0.012817,-0.001288,-0.005479,0.019337,0.008054,0.022708,0.010999,0.007219,-0.016354,-0.003592,0.000412
ISHARES TRUST,0.006949,-0.006297,-0.014151,0.001937,0.001143,0.001053,0.00114,0.012701,-0.019895,0.005119,0.01721,-0.003021,-0.001212,0.006155,8.6e-05,0.00336,-0.010904,0.009288,-0.000602,0.002238,0.000258,0.009786,0.004336,0.005079,0.005474,0.001759,0.005518,-0.003825,0.003589,-0.01023,0.001765,0.001342,0.005948,0.010743,0.005665,-0.007517,0.00233,-0.006643,0.023489,0.006044,-0.007063,-0.004987,-0.001397,-0.005431,0.000993,0.007025,0.003283,-0.023315,-0.002932,-0.012601,-0.006381,-0.009076,0.005357,0.004555,0.015572,0.008172,0.004596,0.005823,-0.005954,-0.003494,0.007263,-0.010361
CINCINNATI FINANCIAL CORP,-0.002076,0.014923,-0.00401,0.002953,-0.045228,0.005326,0.011989,0.015061,-0.008233,0.012042,0.01325,-0.004893,-0.008225,0.002794,0.00773,0.006244,-0.005053,0.009622,0.003353,0.002639,-0.004035,-0.009864,-0.004092,0.052072,-0.004754,0.000512,0.000767,0.008179,0.004817,0.007569,0.000751,-0.007256,-0.002961,0.006193,0.002024,-0.011949,0.028445,-0.003975,0.025025,0.007138,-0.016107,-0.004256,-0.002959,-0.008327,0.010309,0.003127,-0.016571,0.008008,-0.01382,-0.004615,-0.015343,0.002312,-0.015119,0.019254,0.020677,0.00842,-0.001075,-0.007531,-0.012342,-0.06383,0.02408,0.018846
C M S ENERGY CORP,0.029391,-0.018185,-0.020599,-0.001944,-0.001063,-0.002482,0.005776,0.015514,-0.014223,0.004988,0.014179,0.000874,-0.004191,0.012274,-0.01022,0.009801,-0.019064,0.012898,-0.005407,0.006138,0.013422,0.014276,0.005596,0.016863,-0.003648,0.002996,0.003485,-0.017364,-0.010434,-0.008673,-0.008063,0.008302,0.001887,0.002054,0.006151,0.001359,-0.006105,-0.006142,0.02867,0.007009,-0.005966,0.003501,-0.014454,-0.000843,-0.010461,0.007502,0.002539,-0.018569,-0.004472,-0.003801,-0.000867,-0.012498,0.023906,0.003948,0.018297,0.007557,-0.000833,0.005505,0.003318,-0.018849,0.014493,0.006811
TELEDYNE TECHNOLOGIES,0.02177,0.012068,-0.005384,0.008434,-0.004493,-0.003286,0.007802,-0.016036,-0.01611,0.017468,0.009239,0.001808,-0.00347,-0.009936,0.010458,0.004479,-0.015339,-0.00312,0.001247,0.004325,-0.005313,0.008118,-0.01223,0.005198,0.006417,-0.005045,-0.002535,-7.1e-05,-0.008544,-0.013484,-0.001059,-0.00106,0.016446,0.005219,-0.000378,0.001157,-0.004764,0.003412,0.01313,0.000723,-0.010226,-0.005789,-0.003645,-0.009693,2.4e-05,-0.005493,0.003594,-0.03264,0.002932,-0.012833,0.003789,0.002525,-0.00182,-0.000325,0.003049,0.006777,0.007375,-0.109468,0.039945,-0.006207,0.022021,-0.003683
SEAGATE TECHNOLOGY HOLDINGS PLC,0.013072,0.008295,-0.02308,0.008187,0.006497,0.010604,0.019731,-0.003467,-0.021773,-0.004016,0.015551,-0.00726,-0.008569,-0.021551,0.036749,-0.000454,0.007729,0.023009,0.010033,0.015719,0.04417,0.012557,0.002541,-0.045524,-0.003505,-0.011939,-0.010249,-0.006867,-0.026781,-0.032818,0.002915,-0.007209,0.013819,0.017905,0.011782,0.006331,-0.008988,0.073801,-0.001478,-0.016177,-0.013649,-0.016888,0.015516,-0.009495,-0.008484,-0.009334,0.004262,-0.017201,0.008978,-0.040437,-0.015378,-0.002384,0.006214,-0.009026,-0.011745,0.032986,0.015849,0.006703,0.001722,-0.013981,0.000465,-0.001975
JACOBS SOLUTIONS INC,0.016176,0.009858,-0.0094,0.021241,0.026231,-0.002856,0.016414,0.0,-0.016905,0.008598,0.020861,0.001629,-0.014708,-0.005572,0.011552,0.007195,-0.00347,0.00553,-0.001086,-0.003263,-0.000205,0.003547,-0.000136,-0.001359,0.01232,-0.012103,0.006262,0.008996,0.009787,-0.008696,-0.002411,-0.007048,0.012507,0.005609,0.005378,-0.00918,0.000333,0.001999,0.016957,0.005231,-0.016262,-0.010051,0.001069,-0.004871,-0.00818,-0.012169,0.004106,-0.016221,0.010739,-0.0085,-0.004632,0.006945,-0.013864,0.003707,0.0023,0.001947,0.003608,-0.004494,0.001389,0.005063,0.006487,-0.015907
WARNER BROS DISCOVERY INC,0.043912,-0.020077,-0.017561,0.0,-0.031778,0.008205,-0.019329,0.033195,-0.042169,0.019916,0.042138,-0.030572,0.006104,-0.032356,-0.001045,-0.099373,-0.006969,0.017544,0.001149,0.009185,-0.013652,-0.064591,0.003699,0.03317,0.039239,-0.001144,0.038946,-0.023153,-0.001129,-0.036158,0.001172,-0.007026,0.002359,0.028235,-0.002288,-0.03211,0.00237,-0.009456,0.031026,0.010417,0.006873,-0.035267,0.029481,-0.033219,-0.014218,0.024039,0.019953,-0.042578,0.026442,-0.023419,0.002398,-0.026316,0.011056,0.009721,0.01083,0.008333,-0.003542,-0.007109,-0.01074,-0.021713,0.004932,-0.096933
VANECK E T F TRUST,0.009146,0.019459,0.019506,-0.011336,0.020183,0.01424,0.022163,-0.003875,-0.018517,0.02007,-0.003345,-0.004294,-0.019678,-0.006421,0.068292,-0.00624,0.008293,-0.0029,-0.011109,0.021889,0.040528,0.016097,-0.015306,0.025786,0.034548,-0.039202,-0.017823,0.031632,-0.019783,-0.0179,-0.007382,0.00202,-0.002199,0.016024,0.022685,0.005877,-0.00246,-0.009292,-0.000356,0.000445,0.013112,-0.012854,0.004,-0.026648,0.012506,0.001886,0.004662,-0.008702,0.023228,-0.029167,-0.015044,0.008281,-0.030845,-0.01775,-0.045152,0.019126,0.023545,0.001155,0.019996,0.025636,0.0034,-0.019645
VENTAS INC,0.018107,-0.018421,-0.033865,0.006921,-0.000222,0.009536,0.00022,-0.005491,-0.017889,0.025635,-0.030695,-0.010179,-0.016453,0.024164,0.000227,0.001588,-0.026947,-0.00768,-0.003752,-0.004473,0.040435,0.002273,-0.025624,0.010938,0.002302,0.020211,0.002476,-0.020211,-0.005272,-0.018664,-0.002583,0.006827,0.014262,0.006685,0.005496,-0.012526,-0.016375,-0.007034,0.030224,0.008251,-0.015618,-0.002567,0.010292,-0.012271,0.01008,0.009283,0.011957,-0.036583,0.01816,-0.007876,-0.013775,-0.013258,0.013196,0.009709,0.011492,0.0,0.00997,0.001148,-0.005733,0.01476,0.015227,-0.008731
ATMOS ENERGY CORP,0.016237,-0.017445,-0.017491,0.000268,0.001073,0.008934,0.001594,0.007868,-0.019737,0.011007,0.011418,-0.0028,-0.002282,0.008796,-0.00436,-0.005473,-0.01011,0.008153,-0.000622,0.004001,-0.001594,0.017298,-0.001918,0.006465,0.003385,0.00199,0.010188,-0.004103,-0.002489,-0.011443,-0.003046,0.007508,0.003206,0.006219,0.002833,-0.002225,-0.004032,-0.007321,0.026117,0.005158,-0.008581,-0.000679,-0.006793,-0.007181,0.000861,0.00086,0.002665,-0.013375,-0.006083,-0.00341,-0.008159,-0.006457,0.019852,8.7e-05,0.022955,0.007509,-0.003472,0.008413,-0.004129,-0.010493,0.014624,-0.006237
