asset_name,2024-05-01,2024-05-02,2024-05-03,2024-05-06,2024-05-07,2024-05-08,2024-05-09,2024-05-10,2024-05-13,2024-05-14,2024-05-15,2024-05-16,2024-05-17,2024-05-20,2024-05-21,2024-05-22,2024-05-23,2024-05-24,2024-05-28,2024-05-29,2024-05-30,2024-05-31,2024-06-03,2024-06-04,2024-06-05,2024-06-06,2024-06-07,2024-06-10,2024-06-11,2024-06-12,2024-06-13,2024-06-14,2024-06-17,2024-06-18,2024-06-20,2024-06-21,2024-06-24,2024-06-25,2024-06-26,2024-06-27,2024-06-28,2024-07-01,2024-07-02,2024-07-03,2024-07-05,2024-07-08,2024-07-09,2024-07-10,2024-07-11,2024-07-12,2024-07-15,2024-07-16,2024-07-17,2024-07-18,2024-07-19,2024-07-22,2024-07-23,2024-07-24,2024-07-25,2024-07-26,2024-07-29,2024-07-30,2024-07-31
APPLE INC,-0.006047,0.022032,0.059816,-0.009107,0.003797,0.001864,0.010014,-0.006881,0.017645,0.006173,0.012218,0.000632,0.000158,0.006162,0.006857,-0.007538,-0.021058,0.016588,5.3e-05,0.001579,0.005255,0.005019,0.009259,0.001649,0.007821,-0.007097,0.012392,-0.019148,0.072649,0.028578,0.005491,-0.008168,0.019672,-0.010985,-0.021513,-0.010444,0.003133,0.004468,0.019993,0.003986,-0.016254,0.029105,0.01624,0.005811,0.02162,0.006539,0.003775,0.018804,-0.023221,0.013051,0.016743,0.001792,-0.025296,-0.020535,0.00058,-0.00156,0.004688,-0.028754,-0.004805,0.002161,0.001285,0.002566,0.014991
MICROSOFT CORP,0.014409,0.007343,0.02217,0.016918,-0.010156,0.002932,0.004336,0.005869,-0.002459,0.006865,0.017452,-0.00494,-0.001853,0.012208,0.008699,0.00345,-0.008176,0.0074,0.000372,-0.002672,-0.033786,0.001109,-0.003878,0.006167,0.019083,0.001203,-0.001578,0.009484,0.011242,0.019368,0.001179,0.002242,0.013105,-0.004528,-0.001434,0.009154,-0.004691,0.007327,0.002683,0.001526,-0.013029,0.021882,0.005583,0.003244,0.014736,-0.002823,-0.01437,0.014602,-0.024772,-0.002529,0.000904,-0.009781,-0.013348,-0.007102,-0.007403,0.013338,0.004312,-0.035855,-0.024481,0.01642,0.003433,-0.008928,-0.010806
NVIDIA CORP,-0.0389,0.033429,0.034632,0.037741,-0.017213,-0.001568,-0.018416,0.012744,0.005797,0.010586,0.035838,-0.002864,-0.019924,0.024881,0.006394,-0.004571,0.093196,0.025723,0.069804,0.008112,-0.037666,-0.007846,0.048954,0.012496,0.051556,-0.011777,-0.000909,0.007461,-0.007143,0.035481,0.035224,0.017514,-0.006824,0.03512,-0.035404,-0.032192,-0.066841,0.067564,0.002459,-0.019067,-0.003629,0.006152,-0.013114,0.045733,-0.019099,0.018835,0.024805,0.026869,-0.055667,0.014443,-0.00619,-0.016194,-0.066239,0.026273,-0.026096,0.047571,-0.00769,-0.068032,-0.017243,0.006947,-0.013002,-0.070436,0.128121
AMAZON COM INC,0.022857,0.031955,0.008066,0.013372,0.000318,-0.004026,0.007979,-0.01066,-0.004854,0.00268,-0.005773,-0.012689,0.005827,-0.00628,-0.002125,-0.000109,-0.011358,-0.001657,0.007745,-0.000714,-0.014834,-0.016061,0.010769,0.005607,0.010818,0.020521,-0.003784,0.014976,0.000909,-0.001816,-0.016373,-0.000925,0.002178,-0.006791,0.017997,0.016013,-0.018564,0.004149,0.039015,0.0219,-0.02325,0.02044,0.014199,-0.01205,0.012197,-0.00355,0.000251,0.002257,-0.023725,-0.002871,-0.009101,0.001557,-0.02637,-0.022242,-0.003374,-0.003167,0.021145,-0.029934,-0.005419,0.014735,0.003836,-0.008133,0.029002
META PLATFORMS INC,0.020968,0.00567,0.023275,0.030357,0.005497,0.009312,0.005967,0.001641,-0.017199,0.008205,0.020536,-0.017257,-0.002789,-0.006505,-0.00898,0.00678,-0.004276,0.026708,0.003555,-0.011585,-0.01541,-0.000471,0.022835,-0.001047,0.037883,-0.002626,-0.00162,0.019555,0.00969,0.0027,-0.009315,0.001111,0.004899,-0.014093,0.004425,-0.013793,0.008347,0.023431,0.004935,0.012551,-0.029525,0.000912,0.009551,0.000903,0.05873,-0.019614,0.001285,0.008849,-0.041127,-0.026975,-0.005432,-0.012839,-0.056759,0.030001,0.001975,0.022253,0.002647,-0.056109,-0.01704,0.027106,2.1e-05,-0.005411,0.02513
ALPHABET INC,0.006635,0.016844,0.003721,0.005142,0.018739,-0.01092,0.003424,-0.007708,0.002905,0.007095,0.012739,0.009681,0.010794,0.004885,0.005257,-0.008265,-0.016045,0.008297,0.008058,-0.002834,-0.021546,0.002266,0.003884,0.00358,0.009322,0.007525,-0.012844,0.004299,0.009199,0.006624,-0.014793,0.009306,0.002545,-0.012131,0.006911,0.018888,-0.002282,0.026839,-0.000815,0.008321,-0.017583,0.004612,0.012296,0.003131,0.025724,-0.008237,-0.000265,0.011641,-0.029344,-0.002694,0.007889,-0.013992,-0.015768,-0.018396,-0.000169,0.022571,0.000661,-0.050388,-0.030991,-0.001674,0.01515,0.004483,0.00734
ALPHABET INC,0.005649,0.017455,0.003146,0.004971,0.018548,-0.010521,0.002454,-0.007518,0.003582,0.006027,0.011342,0.008914,0.010603,0.006599,0.006052,-0.008577,-0.016517,0.007255,0.009584,-0.003483,-0.021646,0.002305,0.002644,0.004071,0.011078,0.007229,-0.013457,0.005001,0.008832,0.007688,-0.015705,0.009223,0.002299,-0.013033,0.007141,0.014349,0.00294,0.026495,-0.001132,0.008038,-0.01841,0.005834,0.011491,0.00418,0.024388,-0.00771,-0.00021,0.011657,-0.027821,-0.002776,0.007549,-0.014294,-0.015526,-0.018618,0.000949,0.022075,0.001364,-0.050272,-0.029879,-0.002838,0.014525,0.004266,0.007506
LILLY ELI & CO,-0.005569,-0.02683,-0.027702,0.043145,0.014465,-0.003561,-0.004452,-0.01497,-0.003026,0.008288,0.03186,-0.020203,-0.001452,0.017117,0.025524,-0.000324,0.0069,-0.001262,0.000533,0.004543,0.00435,0.006478,0.013312,0.0016,-0.000997,0.006649,0.015168,0.017659,0.000948,0.001709,0.018483,-0.005525,0.007468,0.007288,-0.006136,-0.002382,0.007048,0.01629,-0.003703,0.008632,-0.004026,0.00993,-0.008377,-0.009496,0.018339,0.00375,0.015795,0.007807,-0.006001,0.015265,0.002172,-0.009322,-0.038243,-0.0626,0.010095,0.009913,0.014227,-0.020961,-0.044995,-0.020178,0.00394,-0.021763,0.017793
BROADCOM INC,-0.044152,-0.003452,0.031924,0.025194,-0.005495,0.017082,-0.014864,0.020779,0.003534,0.03179,0.04068,-0.016739,-0.011925,0.013431,-0.010488,-0.004974,0.000754,0.010443,0.003275,-0.01542,-0.01912,-0.026047,-0.005005,0.006748,0.061819,-0.008365,0.003832,0.02405,0.014273,0.0236,0.122687,0.033383,0.054079,-0.014408,-0.037703,-0.043775,-0.03688,-0.007172,0.007091,-0.003354,0.011893,0.021968,0.010166,0.043283,-0.014984,0.024981,-0.007188,0.006565,-0.022205,-0.003095,0.007956,-0.01193,-0.079085,0.029106,-0.019748,0.023578,0.016826,-0.075899,-0.013744,0.015878,-0.009299,-0.044601,0.119565
TESLA INC,-0.017951,0.000111,0.006555,0.019703,-0.037616,-0.017378,-0.01574,-0.020352,0.0203,0.032928,-0.020051,0.004885,0.014985,-0.014144,0.066591,-0.03478,-0.035367,0.031657,-0.013892,-0.003168,0.014757,-0.003971,-0.010052,-0.008622,0.001316,0.0168,-0.002585,-0.020791,-0.01801,0.038849,0.029218,-0.024442,0.052975,-0.013764,-0.017797,0.007931,-0.00235,0.026126,0.048145,0.005347,0.00233,0.060542,0.101973,0.065424,0.020821,0.005646,0.037123,0.003545,-0.084441,0.029872,0.017766,0.015516,-0.031416,0.002938,-0.040244,0.051463,-0.020397,-0.123346,0.019723,-0.002043,0.05596,-0.040845,0.042449
JPMORGAN CHASE & CO,0.000626,-0.001042,-0.006,0.007821,-0.001302,0.020339,0.009456,0.00643,-0.000201,0.013989,0.002978,0.001781,0.011458,-0.044973,0.020145,-0.006065,-0.007009,0.019246,-0.006029,-0.006967,0.006158,0.016556,-0.003997,-0.01318,-0.00954,-0.001774,0.015439,-0.0017,-0.026301,-0.014561,0.011121,0.00062,0.006193,0.01036,0.008477,-0.011929,0.013143,-0.004073,-0.003231,0.008813,0.015514,0.015772,0.016452,-0.00067,-0.013178,0.001856,0.01199,0.000819,-0.001684,-0.012099,0.024934,0.016996,0.015214,-0.03177,-0.000952,0.002383,0.000238,-0.008273,0.000384,0.017108,-0.006549,0.020583,-0.011107
BERKSHIRE HATHAWAY INC DEL,0.004663,0.005068,0.000674,0.010103,0.003013,0.000566,0.006029,0.007901,-0.002014,-0.002383,0.006143,0.000872,0.009247,-0.00945,0.003317,-0.000917,-0.01959,0.00377,-0.008615,0.00047,0.011186,0.01417,0.000941,-0.012681,0.000781,0.003001,0.006422,-0.007034,-0.005623,0.000661,-0.006972,-0.000936,0.004389,0.001547,0.002941,0.001149,0.010644,-0.007271,-0.001728,-0.005631,-0.002819,-0.003958,0.004714,-0.003267,0.013308,-0.005083,0.00352,0.007966,0.012059,0.013516,0.023513,0.010313,0.015288,-0.008505,-0.016636,0.003476,-0.004519,-0.002788,0.001132,0.010086,0.001485,0.00673,-0.006255
WALMART INC,-0.008425,0.014613,0.001842,0.000836,0.012527,-0.005279,0.005763,0.000662,-0.001157,-0.009104,-0.000501,0.069865,0.009998,-0.00727,0.015114,0.001535,-0.006284,0.008328,-0.0052,-0.001845,-0.000462,0.013407,0.000912,0.011851,0.007357,0.000894,-0.018913,0.016394,-0.003435,-0.006294,0.005881,0.004798,0.005968,0.00267,0.006065,-0.00147,0.014578,-0.021481,0.012904,-0.006004,-0.002504,-0.003397,0.008743,0.002497,0.026378,-0.00514,0.003157,0.007296,-0.008664,-0.008023,0.005344,0.005459,0.014859,-0.002956,-0.000988,-0.00523,0.003836,-0.000708,-0.008215,-0.003428,-0.002293,-0.006176,-0.007949
EXXON MOBIL CORP,-0.01894,0.00181,-0.002065,0.006466,-0.004968,-0.000172,0.019716,-0.004053,-0.000424,0.006021,0.007734,-0.005988,0.015017,-0.008108,-0.00691,-0.02011,-0.017059,-0.000793,0.012696,-0.010709,0.003168,0.028687,-0.023964,-0.015553,0.003994,0.007514,-0.010705,0.002927,-0.008047,-0.011055,-0.008023,-0.008451,-0.006874,0.009413,0.021576,-0.00877,0.029704,0.002806,0.00035,0.004283,0.001915,-0.00139,-0.006785,0.00508,-0.012112,-0.010497,-0.011054,0.008834,0.011884,0.000177,0.017127,0.007204,0.013788,0.009861,-0.02298,-0.006892,-0.016136,0.014108,0.021042,-0.000852,-0.010483,0.01783,0.003554
UNITEDHEALTH GROUP INC,0.000848,0.018302,-0.001055,0.003919,0.01331,0.004491,0.007591,0.0114,-0.002087,0.004182,0.007142,0.007188,0.006446,-0.014105,0.012219,-0.004202,-0.00867,-0.016756,-0.008836,-0.037643,-0.006334,0.028485,0.004179,0.016183,-0.004689,-0.002385,-0.022374,0.008784,0.002465,-0.006348,0.008579,-0.000362,-0.011647,-0.01672,0.007213,-0.003983,0.015313,-0.011184,-0.000949,0.004958,0.046912,-0.028689,0.007258,-0.016759,-0.003838,0.002725,0.005661,0.017923,0.006847,0.014216,0.007507,0.065002,0.044473,-0.015595,0.001754,-0.012028,-0.006857,0.009104,-0.000125,0.017939,-0.005213,0.016903,-0.000295
VISA INC,-0.004802,0.001085,0.003288,0.015569,0.0139,0.002641,0.00487,0.007898,-0.004809,-0.005906,0.013538,-0.00405,0.000929,-0.005569,-0.009298,-0.001341,-0.004899,0.000948,-0.012787,-0.007824,0.009075,0.004276,-0.007634,0.007545,0.007635,0.009253,0.005884,-0.013026,-0.001345,-0.015837,0.003218,-0.001954,0.001884,0.009035,0.011695,-0.00578,0.003924,-0.010025,0.000256,-0.025621,-0.015454,0.002934,0.018956,0.002833,0.005093,-0.014647,-0.003604,-0.009192,-0.001711,0.01215,0.010198,0.00298,0.012813,-0.013018,-0.01371,0.008476,-0.010907,-0.040107,-0.001692,0.022543,0.008248,0.005734,0.009768
MASTERCARD INC,-0.020235,-0.002194,0.005622,0.013053,0.008212,0.003774,0.001583,0.003271,0.001707,-0.007777,0.008366,0.0019,0.003051,-0.001325,-0.001218,-0.00562,-0.011632,-6.6e-05,-0.01352,-0.005864,-0.000836,0.011242,-0.008679,0.003565,0.004249,0.004522,0.002474,-0.001201,-0.000467,-0.013451,0.004515,-0.000831,0.007827,0.004463,0.005332,0.005171,0.004639,-0.002867,-0.007177,-0.021287,-0.003591,-0.008047,0.016087,0.007939,0.002923,-0.00723,-0.001972,-0.024871,0.006411,0.008455,0.008839,-0.001059,0.017203,-0.005408,-0.01121,0.009579,-0.013886,-0.020986,-0.00659,0.019972,0.00712,0.013936,0.036339
ORACLE CORP,0.007736,0.002879,0.007307,0.021934,-0.003465,-0.004579,-0.006389,0.000257,-0.002571,0.03867,0.006288,0.004358,0.010969,0.008259,0.000883,-0.000241,-0.004093,-0.009509,0.012855,-0.006025,-0.053742,0.000854,0.017834,0.006623,0.021321,0.007095,0.019595,-0.011277,-0.00498,0.133193,-0.003775,-0.012299,0.023022,0.023565,-0.011961,-0.009866,-0.011378,-0.005147,-0.006754,0.014107,0.007276,0.013385,0.001328,0.007677,0.003117,0.001381,-0.029994,0.009881,0.007672,0.01408,-0.011743,-0.003215,-0.023491,-0.008832,0.00384,0.01162,0.020975,-0.030326,-0.006846,0.008634,-0.005036,-0.019088,0.027862
JOHNSON & JOHNSON,0.045577,-0.008334,-0.004336,-0.004623,0.000942,0.001547,0.006042,0.0004,0.008739,0.001058,0.008522,0.010546,0.002333,-0.013774,-0.000198,0.014943,-0.024756,-0.018236,-0.017623,0.000416,0.005816,0.009568,0.007295,0.000406,-0.012382,0.003083,0.004508,0.00034,-0.002515,-0.009199,0.000275,0.000619,0.002817,-0.002056,0.014624,0.006564,0.002487,-0.012943,-0.002514,-0.006947,0.002469,0.001916,-0.0028,-0.002328,0.005422,-0.006827,0.010792,0.016185,0.001807,0.001202,-0.00427,0.01186,0.036885,-0.007408,-0.004697,-0.002909,-0.012254,0.025796,0.0215,0.006264,-0.012948,0.01747,-0.021571
PROCTER & GAMBLE CO,0.001225,0.002693,0.003784,-0.000122,0.008027,-0.004163,0.005876,0.004878,-0.005874,-0.000663,0.004525,0.008108,-0.001311,-0.001969,0.006216,-0.003208,-0.013825,-0.000967,-0.013428,-0.008951,0.005753,0.012056,0.000669,0.014333,-0.005748,0.014574,-0.008369,0.001736,0.000777,-0.013733,0.007446,0.002283,0.004257,0.006328,-0.00528,0.003519,0.001129,-0.009498,0.003596,-0.004957,-0.010203,-0.01334,0.007252,-0.000427,0.008423,0.007929,-0.005165,0.006882,-0.007554,0.006464,-0.012184,0.0144,0.014915,-0.005902,0.003126,0.001727,-0.009688,0.008282,-0.006548,0.013242,0.004849,-0.048432,-0.005813
BERKSHIRE HATHAWAY INC DEL,0.004337,0.007164,-0.005629,0.00961,0.004046,0.001377,0.006102,0.010011,-0.001608,-0.002818,0.005757,0.003669,0.006839,-0.009732,0.003049,-8e-05,-0.020445,0.005847,-0.011203,-0.000302,0.014576,0.01572,0.005913,-0.021668,0.000915,0.003236,0.003695,-0.007378,-0.003126,-0.000288,-0.006647,-0.000981,0.004845,0.001857,0.003658,-0.003643,0.014766,-0.005259,-0.006007,-0.003356,-0.004486,-0.002909,0.000341,0.001158,0.011728,-0.006661,0.007446,0.005665,0.01056,0.016564,0.021106,0.011318,0.016494,-0.012603,-0.016264,0.004938,-0.005616,-0.002302,-0.0002,0.011124,0.001339,0.006177,-0.004401
HOME DEPOT INC,-0.006732,0.010724,0.021816,-0.001633,-0.004674,-0.00546,0.025411,-0.002907,-0.01579,-0.001349,0.023994,-0.017036,0.004318,-0.018564,-0.004944,-0.01654,-0.011192,-0.005476,0.011074,-0.008488,0.016937,0.017285,-0.020486,0.000762,0.006093,0.002543,-0.012292,0.01691,0.009502,0.025081,0.010868,-0.00299,0.007669,0.012504,-0.001215,0.006677,-0.013828,-0.035796,0.010345,-0.000965,0.008053,-0.023385,-0.003629,-0.00397,0.002817,0.015004,-0.007391,0.021033,0.027922,0.016903,-0.003641,0.029738,0.007504,-0.015623,-0.00743,-0.000303,-0.009993,-0.025888,0.008507,0.017606,0.006008,0.005585,0.012291
COSTCO WHOLESALE CORP NEW,-0.000941,0.014151,0.015646,0.016871,0.019644,-0.010242,0.020474,0.010462,-0.015295,0.003548,0.01175,0.007662,0.003455,-0.003531,0.01,0.001161,-0.006884,0.016814,0.004248,-0.008178,0.010936,-0.006684,0.006791,0.014717,0.008352,0.009996,0.003489,0.003264,0.001143,-0.001766,-0.002182,0.011478,0.014305,0.003272,-0.009543,-0.016384,-0.000177,0.008666,0.001555,-0.007259,-0.000741,-0.005082,0.016188,0.00384,0.026673,-0.005453,0.006823,-0.002864,-0.042655,-0.004359,0.006917,0.002404,-0.005278,-0.008165,-0.001477,0.011084,0.005534,-0.024985,-0.017898,0.003444,-0.002495,-0.006781,0.014777
ABBVIE INC,-0.005657,-0.005627,0.018531,-0.006472,-0.001106,-0.012919,-0.000312,0.002182,0.003297,0.001922,0.013615,0.003419,0.012595,-0.011177,-0.009905,-0.020377,-0.008458,-0.007582,-0.010951,-0.003541,0.00982,0.03154,-0.006512,0.012173,0.020353,0.018919,0.005042,0.006139,-0.016192,-0.0096,0.00283,0.012188,0.006465,0.009901,0.004493,-0.010109,0.013792,-0.01152,0.002343,-0.01262,0.014971,-0.006705,-0.025885,-0.012774,0.020813,-0.004365,0.009188,0.000536,0.010527,0.002178,-0.004111,0.006963,0.035875,-0.023564,0.006895,0.007486,-0.00265,0.017673,0.033823,0.016413,-0.01739,0.026602,-0.007817
BANK OF AMERICA CORP,-0.001621,-0.001894,0.010033,0.011812,0.00398,-0.003436,0.015115,0.004441,-0.006242,0.007328,0.010912,0.007967,0.001785,-0.011962,0.021381,0.002774,-0.014839,0.013531,-0.009572,-0.015259,-0.002324,0.035206,-0.002751,-0.005015,0.007056,-0.006506,0.00806,-0.002765,-0.020418,0.014153,-0.003806,-0.000509,0.006881,0.012149,0.0,-0.012503,0.013421,-0.015992,-0.00965,0.00641,0.013248,0.006035,0.022994,-0.000733,-0.011981,0.005197,0.019695,0.007726,0.001677,-0.005262,0.007213,0.053473,-0.003399,-0.022056,-0.002557,-0.013986,0.0026,-0.005187,-0.012088,-0.00024,-0.013919,0.004624,-0.023498
CHEVRON CORP NEW,-0.010169,0.006891,-0.002986,0.012793,0.00228,-0.000799,0.017903,0.002236,-0.00778,-0.005592,-0.003423,-0.002024,0.009808,-0.009406,-0.007261,-0.015003,-0.003998,0.005161,0.008177,-0.013456,0.008668,0.025528,-0.029821,-0.008447,-0.007366,0.00613,0.000962,0.004229,-0.001595,-0.014506,-0.008948,-0.001766,0.004064,0.000914,0.021587,-0.008682,0.025953,-0.005335,-0.01584,0.002373,0.00064,0.000639,0.001469,-0.000255,-0.015315,0.00013,-0.008748,0.014054,0.000838,0.002125,0.015747,-0.001708,0.021931,0.00459,-0.017411,-0.013572,-0.018473,0.00636,0.015928,0.001904,-0.007856,0.018966,0.00564
COCA COLA CO,0.00259,0.000969,0.002904,0.002895,0.00433,0.003673,0.000477,0.006043,0.005059,-0.00755,0.000475,0.00301,-0.00458,-0.007298,0.005434,0.001431,-0.014444,-0.00145,-0.002903,-0.001941,0.004376,0.015491,0.0,0.01605,-0.000313,0.003598,-0.003741,-0.005007,-0.000629,-0.010543,0.001749,0.000714,0.001119,0.00016,-0.007185,0.009489,0.019117,-0.002032,0.00329,-0.002186,-0.004068,-0.005813,-0.002054,0.00285,0.00679,-0.012547,-0.004288,0.002233,0.004297,0.009509,-0.004553,0.013563,0.014626,-0.000307,0.001534,-0.007965,0.002933,0.013085,0.003951,0.014833,-0.003281,0.012719,-0.013889
MERCK & CO INC NEW,-0.00325,-0.004193,-0.005847,0.000471,0.022027,-0.006366,0.005249,-0.001305,-0.00592,-0.004873,0.023861,-0.006453,0.002369,-0.001524,-0.001756,0.0026,-7.6e-05,-0.012205,-0.026257,-0.001507,-0.010882,0.008111,0.022941,0.002258,0.005749,0.008266,0.001149,0.006275,0.002662,-0.012439,-0.006375,0.00085,-0.009345,0.003843,0.013126,0.008098,0.017136,-0.000301,-0.010683,-0.012776,-0.046372,0.033118,-0.001407,-0.014641,0.004768,-0.005299,0.002067,0.009997,0.013119,-0.009382,0.002818,-0.020918,0.003587,-0.013027,0.012233,-0.000636,-0.010423,0.012381,-0.000556,-0.004688,0.020118,-0.098059,-0.018395
INVESCO QQQ TRUST,-0.007231,0.012763,0.020098,0.010953,0.000159,-0.000591,0.002182,0.002358,0.002307,0.006432,0.01563,-0.002031,-0.000487,0.006973,0.001956,-0.000197,-0.004498,0.009456,0.003778,-0.007048,-0.010713,-0.00186,0.005369,0.002737,0.02016,-0.000345,-0.000885,0.004039,0.006863,0.013098,0.00542,0.005181,0.01225,0.000309,-0.007708,-0.002679,-0.011368,0.011436,0.002065,0.002581,-0.005191,0.005865,0.0105,0.008337,0.010427,0.002378,0.000865,0.010427,-0.02193,0.005875,0.002688,0.000383,-0.029355,-0.004733,-0.008864,0.014898,-0.003525,-0.03587,-0.011028,0.010256,0.002009,-0.013731,0.029594
NETFLIX INC,0.001943,0.024361,0.025108,0.030431,0.015126,0.005726,0.004299,-0.001993,0.009364,-0.004752,-0.000228,-0.00489,0.017329,0.03175,0.015277,-0.015585,-0.007494,0.017431,0.003479,0.008659,-0.010632,-0.009326,-0.012204,-0.003424,0.029527,-0.002691,-0.010871,0.004724,0.006284,0.002328,0.004923,0.024676,0.009636,0.01456,-0.009684,0.010441,-0.024923,0.005067,0.007852,0.009813,-0.013824,-0.001882,0.008863,0.004311,0.011927,-0.007109,0.0,-0.011797,-0.036745,-0.00789,0.013666,-0.000198,-0.0135,-0.006827,-0.015085,0.022358,-0.00732,-0.010533,-0.002987,-0.00429,-0.006985,-0.006986,0.009268
SALESFORCE INC,-0.00093,0.012803,0.005622,0.007199,0.005623,0.006458,-0.013622,0.005451,0.003072,-0.002594,0.038801,-0.009947,0.003267,0.005112,-0.01153,0.000211,-0.018498,-0.022544,-0.009035,0.006634,-0.197371,0.075364,0.009299,-0.007438,0.007111,0.026339,-0.003749,-4.1e-05,-0.003515,-0.021536,-0.028711,0.012706,-0.006295,0.005771,0.043096,0.013482,-0.020893,0.007585,0.00575,0.039893,0.016808,-0.003462,-7.8e-05,0.01858,0.008584,-0.022113,-0.01764,0.000634,-0.00582,0.011349,-0.004371,0.012537,-0.018787,-0.015405,0.001132,0.026047,0.007793,-0.024526,0.026984,0.024131,-0.015683,-0.002552,0.003373
ADOBE INC,0.014174,0.015296,0.020165,0.015241,-0.002674,-0.008471,-0.011166,-0.000746,0.0017,-0.014821,0.01975,-0.005089,0.001139,0.002606,-0.005859,0.004317,-0.001281,-0.016304,0.00631,-0.001735,-0.066436,-0.002489,-0.012906,0.021297,0.016571,0.005112,0.015934,-0.011796,0.005979,-0.006095,-0.002457,0.145115,-0.012507,0.006766,0.00134,0.020059,-0.017378,0.00517,0.003378,0.034238,0.016058,0.008046,0.01375,0.004298,0.014365,-0.005084,-0.016302,-0.002597,-0.012258,0.002546,0.011913,0.001467,-0.00609,-0.011082,-0.010506,0.006933,-0.015879,-0.027417,0.00209,0.019337,-0.010748,0.003914,0.02402
PEPSICO INC,-0.00432,0.001713,0.00399,-0.001873,0.012513,-0.003427,0.003664,0.009716,0.006174,-0.005694,-0.002279,0.020339,-0.005024,-0.010319,0.00427,0.005578,-0.015487,-0.00714,-0.0259,-0.012862,-0.003915,0.014195,-0.009659,0.015535,-0.0023,-0.001672,-0.004648,-0.030051,-0.005003,-0.007512,-0.003052,0.002939,0.014224,0.002046,0.001201,0.0036,0.004782,-0.004343,-0.003645,-0.002879,-0.008,-0.012369,0.004236,-0.005991,0.011009,-0.013809,-0.001357,0.010439,0.002201,0.014822,-0.015146,0.005492,0.031136,0.002825,-0.005928,-0.010038,-0.008231,0.011366,0.016947,0.010116,0.002663,-0.000173,-0.002945
THERMO FISHER SCIENTIFIC INC,0.011025,-0.006504,0.001978,0.002044,-0.001186,0.001344,0.007479,0.026128,-0.003929,0.006941,0.007095,-0.003122,-0.003098,-0.002167,-0.006549,0.001152,-0.009766,-0.001675,-0.019656,-0.009204,-0.008003,0.009276,0.002817,0.000158,0.009848,0.007927,0.002156,0.000671,-0.009613,-0.000347,-0.005315,-0.000332,-0.00708,0.00206,-0.021013,0.013262,0.002391,-0.016662,0.002965,-0.01324,0.004031,-0.020398,-0.01438,0.003146,0.008383,-0.007054,-0.00826,0.00942,0.010841,0.00995,-0.006222,0.019718,-0.000648,-0.026015,-0.011598,0.022588,0.010651,0.040725,0.034399,0.021262,-0.004974,0.018109,-0.002796
ADVANCED MICRO DEVICES INC,-0.08909,0.0131,0.030378,0.034396,-0.008666,-0.005245,-0.008007,-0.003084,-0.008952,0.017269,0.042505,0.018476,0.011376,0.011309,-0.01004,0.005223,-0.030752,0.036963,0.031558,-0.037702,0.009749,0.0009,-0.020072,-0.021767,0.038627,0.003671,0.006536,-0.044856,-0.008607,0.008052,-0.002122,-0.001688,-0.007705,-0.0238,0.046239,-0.0034,-0.006078,0.0,-0.016911,0.012251,0.017182,-0.027865,0.041981,-0.002495,0.04881,0.0395,-0.008898,0.038735,-0.010981,-0.001814,-0.009801,-0.012679,-0.102056,-0.022957,-0.026899,0.028302,-0.011997,-0.060844,-0.043629,0.012073,-0.001714,-0.009374,0.043629
LINDE PLC NEW,0.003765,-0.051963,0.009485,0.007129,0.007923,-0.005326,0.005027,0.010538,0.000898,-0.006141,-0.002985,-0.002623,0.006586,0.000208,0.005617,-0.000575,-0.005727,0.007564,-0.012972,-0.008699,0.009221,0.012578,-0.002732,-0.004144,0.009139,-0.002827,-0.000346,-0.00392,0.008056,-0.003008,0.012967,-0.00648,0.008422,-0.001384,0.005932,0.000271,0.000881,-0.004446,-0.006233,0.004106,-0.003203,-0.022493,0.002681,0.006627,0.006421,4.6e-05,-0.010419,0.008697,-0.000138,0.01336,-0.005718,0.01723,0.007987,-0.007234,-0.002892,0.003035,0.002937,-0.008158,-0.001645,0.01887,-0.003168,0.001978,0.005878
T MOBILE U S INC,0.007919,-0.003384,-0.00188,-0.013548,-0.001109,0.003946,0.011362,-0.002915,-0.005177,-0.005755,0.001662,0.005532,0.002568,-0.00061,0.002807,0.006936,-0.003202,0.006244,0.007892,0.009384,0.010777,0.028764,-0.010745,0.027906,0.013265,-0.002774,0.000278,0.004838,-0.012674,-0.025841,0.007595,0.005025,0.007898,0.001297,-0.006587,0.001644,0.006903,-0.001798,-0.007431,0.006296,-0.006989,0.016461,0.005026,-0.008445,0.004371,-0.000391,-0.00067,0.00821,-0.009473,0.004083,0.012309,0.006768,0.00317,-0.006919,-0.001317,-0.025323,-0.004959,0.001869,-0.009893,0.002227,0.007634,-0.008537,0.039462
ACCENTURE PLC IRELAND,-0.007477,0.005625,0.011221,0.007738,0.01503,0.004281,-0.017244,-0.000913,0.003526,-0.001496,0.005115,-0.001685,-0.014318,0.00695,-0.006739,0.011428,-0.003842,-0.016148,-0.010831,-0.013301,-0.030534,-0.008813,-0.001878,0.022359,0.010276,0.002474,-0.011449,0.007039,0.01305,-0.028856,-0.011934,0.01555,-0.004116,-0.00063,0.072928,0.009211,-0.005729,-0.00013,-0.008302,-0.004694,0.000726,-0.002835,0.004231,0.006319,-0.021619,0.001103,-0.004708,-0.00879,0.012998,0.042418,0.023307,0.022431,0.001846,0.007678,0.003322,0.007048,-0.00356,-0.004995,0.004381,-0.005028,-0.006881,0.009197,0.004313
WELLS FARGO & CO NEW,0.003372,0.005208,0.001838,0.004171,0.001163,0.016097,0.006533,0.009954,-0.010179,0.010284,0.007271,-0.020533,0.000328,-0.006221,0.012521,-0.008623,-0.020515,0.008881,-0.012124,-0.012273,0.00783,0.011991,-0.00968,-0.010785,-0.000341,-0.01619,0.010913,-0.007368,-0.01381,0.002976,-0.000524,0.00227,0.014634,0.013908,-0.001524,-0.014586,0.015663,-0.030673,-0.003322,0.007192,0.034309,0.020205,0.006272,-0.005084,-0.017145,-0.010232,0.014743,-0.002672,0.007368,-0.060173,0.021047,0.043478,0.011122,-0.027418,-0.000169,-0.00152,0.008962,-0.003855,0.004374,0.011558,-0.013247,0.007048,-0.011165
QUALCOMM INC,-0.010491,0.097435,-0.002554,0.012302,-0.009348,0.00222,-5.5e-05,0.00853,0.011698,0.02584,0.029846,-0.006886,0.003053,0.020118,0.015625,0.010356,-0.005766,0.042625,0.01293,-0.022621,-0.012532,-0.003662,0.009115,-0.007479,0.036845,-0.011609,-0.013465,0.013213,-0.003965,0.032947,0.011235,-0.011386,0.031997,0.021915,-0.051169,-0.013645,-0.055004,0.006622,-0.02394,-0.011048,0.020651,0.004268,0.00065,0.018235,0.009519,0.010401,-0.003704,0.008111,-0.042864,0.01291,0.028405,0.007013,-0.086052,-0.000731,-0.027421,0.047044,-0.008309,-0.063512,-0.031369,0.026569,-0.007831,-0.065495,0.083922
DANAHER CORP,0.001095,-0.000203,0.006239,-0.003946,0.005497,0.003176,0.007534,0.007756,-0.006986,0.030404,0.0162,0.005238,0.003625,0.004929,-0.002097,0.002401,-0.02167,0.005279,-0.015488,-0.010746,-0.012464,0.016064,0.017835,0.00746,0.017165,0.000485,-0.018285,0.006044,-0.012922,0.012861,-0.03628,-0.000627,-0.002825,0.0133,-0.034756,0.025748,0.00706,-0.010204,-0.002164,-0.007216,-0.006514,-0.021373,-0.016768,-0.001705,-0.003125,0.005852,-0.003574,0.010051,0.016804,0.001746,-0.001905,0.024002,-0.00353,-0.025712,-0.005106,0.03018,0.052971,0.005981,0.016293,0.014144,-0.008251,0.013032,0.006868
CISCO SYSTEMS INC,-0.00298,-0.001067,0.007053,-0.000212,0.003609,0.015229,-0.004375,0.00565,0.012901,0.005546,0.014709,-0.026777,-0.003517,-0.02159,-0.004031,0.010439,-0.0175,-0.003863,-0.003016,-0.004321,0.000868,0.008239,0.003226,0.016506,-0.029523,0.004563,-0.008436,0.000218,-0.001745,-0.003277,-0.002192,0.003515,0.000219,0.006128,0.016315,0.0122,-0.000212,0.002115,-0.010975,0.012591,0.001264,0.000211,-0.005051,-0.004019,-0.000849,-0.012647,-0.005645,0.010262,0.01059,0.013259,0.000422,0.000422,0.023197,-0.009893,-0.014988,-0.010566,-0.009825,0.010569,0.008325,0.013548,0.002297,0.003126,0.00644
MCDONALDS CORP,0.005091,-0.00419,-0.010831,-0.003773,-0.006684,0.003701,-0.002011,0.026311,-0.013382,-0.002433,0.01186,-0.001314,-0.004131,-0.016558,-0.007466,-0.000376,-0.029499,0.000698,-0.017706,-0.016447,0.010827,0.027056,0.009772,0.011434,-0.010391,0.002808,-0.017298,-0.009367,0.001852,0.000787,-0.003065,-0.000473,-0.000276,-0.010729,0.012002,0.022025,0.003817,-0.011522,0.001748,0.001319,-0.012899,-0.019032,-0.0088,0.008919,0.00436,-0.012904,-0.00819,0.018998,0.017206,-0.003532,-0.009334,0.02282,0.014498,-0.005671,-0.008631,0.008784,-0.021153,-0.002677,-0.007538,0.002147,0.037381,0.019203,-0.003903
TEXAS INSTRUMENTS INC,-0.006915,0.003425,0.017691,0.015427,0.01266,0.007007,0.007448,0.009335,0.004117,0.017623,0.023021,-0.002864,0.000256,0.021434,-0.000954,0.017738,-0.025921,0.00958,0.002109,-0.023497,0.00395,-0.003424,-0.006615,-0.002168,0.014382,0.000816,-0.00321,0.010276,-0.000911,0.0078,-0.013569,-0.012126,0.005157,0.006927,-0.017784,0.01437,-0.008285,0.002888,-0.007045,0.001709,0.005687,0.00036,0.01963,0.002621,-0.000754,0.013482,-0.006502,0.017286,-0.017827,0.0094,-0.000545,0.024088,-0.011422,0.007882,-0.032885,0.034053,-0.036866,-5e-05,-0.005699,0.02455,-0.000545,-0.004409,0.020499
GENERAL ELECTRIC CO,-0.013101,0.01841,0.009038,0.023521,0.004822,0.000474,-0.008054,-0.024597,-0.023748,0.003135,0.021688,-0.014376,-0.007634,-0.003815,0.010799,-0.00118,0.027672,0.012526,0.007351,-0.029426,0.003667,0.005725,-0.022284,-0.000495,0.00725,-0.011873,0.008094,0.005682,-0.01523,0.004303,-0.033282,0.00122,0.047152,0.01066,0.000182,-0.004606,-0.022528,-0.005045,0.005697,-0.000872,-0.009533,0.0,0.0156,0.009601,-0.015337,0.018879,-0.002446,0.015754,-0.021123,-0.017972,0.003459,0.020619,-0.038011,0.013596,0.002141,0.022812,0.056771,-0.056395,0.014603,0.031214,0.000353,-0.01407,0.016241
ABBOTT LABORATORIES,0.00302,-0.003481,-0.000189,-0.002455,0.005017,-0.011585,-0.002573,0.000669,0.000286,-0.007254,0.005576,0.002677,-0.007438,-0.008454,-0.002422,0.018065,-0.005629,-0.002686,-0.01924,-0.011967,0.010027,0.004423,0.006654,0.005444,-0.001934,0.010075,0.031745,-0.000837,-0.015629,-0.013515,-0.00891,0.002223,-0.002218,0.00522,0.02481,-0.007976,-0.003973,0.001804,-0.005783,-0.002193,-0.007071,-0.006833,0.0,-0.00843,0.016515,-0.018266,-0.0047,0.013873,0.010966,0.000384,-0.006813,-0.002331,0.019081,-0.044039,0.019586,0.016564,0.001928,0.03214,-0.01212,-0.006795,-0.004466,0.00525,0.005887
INTUIT INC,-0.016656,-0.001886,0.024803,0.008534,0.010258,-0.013601,-0.008807,0.008694,-0.008097,0.013122,0.031019,-0.002687,0.011953,0.013567,-0.003477,0.003669,-0.01195,-0.083457,-0.011483,-0.0029,-0.059019,0.023927,-0.015995,0.008533,0.003863,-0.002821,0.002183,-0.011605,-0.000952,0.045033,0.004053,0.001816,0.011449,0.011883,0.010497,0.026084,-0.013082,0.010563,0.011119,0.021899,0.008857,-0.009799,0.008375,0.005608,0.013411,-0.013712,-0.013888,-0.025645,-0.00542,0.019924,0.025282,0.012109,-0.010869,-0.032539,-0.001427,0.012505,-0.011513,-0.026464,0.009803,0.01124,0.004737,-0.00088,0.018166
AMERICAN EXPRESS CO,-0.010982,0.004493,-0.007441,0.015427,0.001408,0.006733,0.012276,0.013214,-0.015064,0.012068,0.000704,-0.001572,0.006216,-0.002142,0.003219,-0.012301,-0.019284,0.011552,-0.003905,-0.005522,0.005425,0.011719,-0.013,0.001562,-0.01079,-0.00571,-0.002914,-0.000989,-0.03403,-0.002182,-0.008257,0.011837,0.015346,0.004556,0.003925,0.000738,0.004731,-0.003802,0.00039,-0.009884,0.013792,0.00976,0.009238,-0.001102,0.00263,-0.004753,0.013816,0.004963,-0.000753,-0.000503,0.022503,0.023074,0.001322,-0.003041,-0.027368,0.009778,0.008784,-0.023937,-0.003361,0.023774,0.008134,0.018516,0.002218
PHILIP MORRIS INTERNATIONAL INC,0.011692,0.013118,0.000925,0.000513,0.000821,0.007382,0.012316,0.002011,-0.003713,0.005539,0.007312,0.000895,-0.008246,-0.002404,0.006426,0.008381,-0.01405,0.00281,0.001201,-0.004498,-0.001908,0.019817,0.015585,0.008061,0.002698,0.001634,-0.006044,0.000676,0.00135,-0.01127,-0.006527,0.002157,-0.001468,-0.007937,-0.000395,0.000198,0.019516,0.001669,-0.000784,-0.003825,-0.002363,-0.00079,0.003852,-0.002165,0.006902,0.004602,-0.008968,0.010721,0.021798,0.009048,-0.008306,0.009803,0.020829,-0.007848,-0.003164,0.000934,0.021824,0.01716,0.015793,0.001413,0.009174,0.002622,0.004011
AMGEN INC,0.012521,0.003677,0.11818,-0.037939,0.002738,0.023343,0.01806,-0.008662,-0.005481,0.009596,0.024502,-0.006488,-0.007149,0.006625,0.000986,-0.017278,-0.009405,-0.002153,-0.018474,-0.012725,0.015622,0.016113,0.005133,-0.000163,3.3e-05,-0.005498,-0.002192,-0.000984,-0.013192,0.001264,-0.008569,0.000402,0.015605,0.008936,0.012746,-0.005583,0.032418,0.003646,-0.020325,0.002781,-0.003953,-0.004609,-0.000772,-0.004473,0.004848,0.001866,0.014288,0.018233,0.010632,0.017657,-0.002055,0.009057,0.007594,-0.014002,0.000967,0.014127,-0.008126,0.007112,-0.003903,0.001645,-0.006988,0.002316,-0.00243
TAIWAN SEMICONDUCTOR MFG CO LTD,-0.017475,0.00956,0.039125,0.008971,-0.012042,0.017646,-0.005641,0.045311,-0.019094,0.037839,0.02389,-0.021532,-0.003613,0.012329,0.000781,0.016139,0.00602,0.018524,-0.003687,-0.031805,-0.008941,-0.012552,0.025887,-0.016005,0.068538,-0.005217,0.014315,0.022933,-0.014569,0.043872,0.002742,-0.002313,0.027419,0.013823,-0.023986,-0.008097,-0.035353,0.028544,-0.003071,-0.002557,0.012702,-0.008515,0.019556,0.038646,0.00822,0.014349,-0.011306,0.035389,-0.034284,0.015447,-0.011369,0.004427,-0.079768,0.003914,-0.035492,0.021596,0.002775,-0.059004,0.003004,0.010357,-0.011918,-0.034185,0.072862
INTERNATIONAL BUSINESS MACHS COR,-0.01065,0.001581,0.006193,0.0175,-0.001364,0.009027,-0.011536,0.005293,0.002453,-0.001194,0.005378,0.00422,0.000355,0.005265,0.020892,0.001268,-0.017387,0.001289,-0.007198,-0.015384,-0.0085,0.007366,-0.00941,0.003207,0.009469,0.004899,0.010761,0.002176,-0.006221,-0.00189,0.00071,0.000532,0.001714,0.006195,0.01976,-0.008395,0.014786,-0.013771,-0.00423,-0.005935,0.012291,0.012431,0.012564,-0.008855,0.00165,0.009203,-0.00653,0.007706,0.002643,0.025349,0.000273,0.016021,0.008826,-0.011897,-0.010636,0.004911,-0.000271,-0.000435,0.043256,-0.001198,-0.001304,-0.002402,0.005758
APPLIED MATERIALS INC,-0.023458,0.020207,0.031226,0.023372,-0.007373,0.000193,-0.004967,0.016478,-0.014781,0.015438,0.036555,-0.015909,-0.009111,0.037109,-0.000682,-0.005687,-0.000917,0.013489,0.001947,-0.010257,-0.011459,-0.006742,-0.004045,-0.00929,0.05254,-0.007253,-9e-05,0.028999,0.007933,0.033396,-0.000421,-0.002189,0.024596,0.020465,-0.031635,-0.019084,-0.023661,0.019274,-0.008964,0.001551,0.01488,0.006017,0.014532,0.010172,-0.002959,0.015252,0.021032,0.013918,-0.053771,0.00887,0.008833,0.001181,-0.104824,-0.010997,-0.033954,0.062827,-0.017094,-0.059731,-0.020384,0.020512,-0.004359,-0.042954,0.078581
PFIZER INC,0.06089,0.019132,0.003971,0.012585,-0.013849,0.018005,0.011673,-0.006033,0.015352,-0.00211,0.015504,0.00347,-0.009682,-0.003841,0.001051,0.036415,-0.030743,0.006622,-0.020083,-0.016961,0.013659,0.016312,0.02268,0.006141,0.002035,-0.025381,-0.007639,-0.017845,-0.001425,-0.0132,-0.000362,-0.00434,-0.019978,0.015938,0.012039,0.0,0.02235,-0.013047,-0.020364,0.013859,0.006475,0.008578,-0.01382,-0.004671,0.012635,-0.004278,-0.007519,0.022727,0.010935,0.009072,0.006224,0.013746,0.017966,-0.010656,0.008751,-0.012346,-0.003378,0.016271,0.006671,0.033466,-0.001625,0.02181,-0.027079
DISNEY WALT CO,-0.005581,0.01937,0.009235,0.024723,-0.095132,0.000474,0.003414,-9.5e-05,0.000378,-0.004536,-0.02449,0.005838,-0.001161,-0.00339,0.001069,9.7e-05,-0.022908,0.010928,0.006682,-0.015229,0.008128,0.021731,-0.010971,0.005449,-0.01771,-0.002857,0.003261,0.011818,-0.018201,-0.000694,-0.007044,-0.001199,0.015505,-0.000197,0.00335,0.004222,-0.002836,0.002157,-0.000196,-9.8e-05,-0.028188,-0.012589,-0.00051,0.006327,-0.006287,-0.001735,-0.003286,-0.000824,-0.003816,0.005487,-0.002677,0.016517,-0.01178,-0.005344,-0.010848,-0.016816,-0.033889,-0.012536,-0.00657,0.008071,0.024575,0.017908,-0.001066
VERIZON COMMUNICATIONS INC,-0.007344,-0.006888,-0.001028,0.011314,-0.000509,0.004325,0.007852,0.015331,0.003465,-0.001233,0.0,-0.005927,-0.00472,0.001498,-0.012463,0.004291,-0.009048,0.007862,-0.009562,-0.006606,0.031458,0.020332,-0.004131,0.014153,-0.005053,-0.000484,-0.009436,-0.012946,0.000247,-0.016081,0.000251,-0.002765,-0.005294,0.015712,0.003992,0.0,0.023111,-0.002186,-0.001461,-0.004876,0.010289,0.012124,-0.015333,0.000487,0.003648,0.0063,-0.005538,0.010775,0.005355,0.003148,-0.015448,0.01618,0.013993,0.000952,-0.010697,-0.060788,-0.005116,0.020057,0.007058,0.003504,-0.001497,0.00025,0.011988
CATERPILLAR INC,-0.010461,0.0132,0.003905,0.015887,0.008477,-0.001449,0.021132,0.008557,0.005327,0.004205,0.005193,-0.025886,0.015825,0.018189,-0.010145,-0.008717,-0.014722,-0.005133,-0.006965,-0.024129,0.003372,-0.002152,-0.021151,-0.011438,0.005739,-0.003521,0.00198,0.002037,-0.006978,0.004338,-0.00721,-0.014983,0.002893,0.008499,0.012272,-0.003919,0.006589,-0.007879,-0.002046,0.002234,0.017224,-0.012069,-0.004011,0.008695,-0.006836,0.002162,-0.009117,0.007422,0.008067,0.013469,0.030335,0.042832,-0.00771,-0.004947,-0.023594,0.004746,-0.010636,-0.023622,0.02458,0.01795,-0.016977,-0.008156,0.01311
SERVICENOW INC,-0.011135,0.014746,0.030084,0.013828,-0.018209,0.010795,0.002649,0.009475,0.000452,-0.011642,0.053976,-0.003366,0.009287,0.011934,0.003707,-0.008005,-0.01645,-0.025905,-0.013067,0.003101,-0.120131,0.021204,0.004841,0.018012,0.047783,-0.001349,-0.006186,0.014797,0.004075,0.013286,-0.016272,0.026516,-0.004227,0.006437,0.00567,0.020455,-0.012998,0.020579,-0.001192,0.02682,0.016199,0.002911,0.006528,-0.010313,0.026148,-0.049934,-0.028961,-0.001156,0.00806,0.012481,0.01234,-0.009195,-0.032493,0.003668,0.016825,0.007055,0.011923,-0.045263,0.133977,-0.001424,-0.034497,-0.000325,0.019517
MORGAN STANLEY DEAN WITTER & CO,0.007706,0.012126,0.010685,0.012281,0.01055,-0.001566,0.025826,0.001733,0.002849,0.00832,0.011471,-0.009351,0.006427,0.001098,0.011961,-0.007781,-0.018066,0.000505,-0.003031,-0.014189,-0.000411,0.006274,-0.004395,-0.008521,0.000828,0.001966,0.002994,-0.007721,-0.00996,0.002305,-0.0046,0.003046,0.016126,0.005462,-0.001332,-0.013136,0.009775,0.007209,-0.009305,-0.01156,0.014827,0.02027,0.004941,0.005519,-0.006088,0.010041,0.020082,0.008284,0.011405,-0.005256,0.01124,0.00912,0.006967,-0.020101,-0.025952,0.003428,0.010348,-0.014783,0.015593,0.006083,-0.016412,0.01249,0.003614
GOLDMAN SACHS GROUP INC,0.000562,0.013163,0.012969,0.012529,0.000293,0.007098,0.019264,-0.001822,-0.002573,0.010826,0.016621,-0.003368,0.006889,-0.01022,0.016136,-0.01707,-0.009148,0.006614,-0.002971,-0.005741,-0.009165,0.013971,-0.003373,0.000703,0.014013,-0.007754,-0.006964,-0.00299,-0.020461,0.009971,-0.005237,0.000246,0.008332,0.016105,0.001355,-0.017182,0.026456,-0.010193,-0.003323,-0.021717,0.014261,0.025071,0.004206,0.004961,-0.006775,0.000151,0.017232,0.012817,0.00071,0.001356,0.025736,0.021921,-0.00167,-0.031801,-0.002633,0.004351,0.010492,-0.011074,0.010294,0.014887,-0.012645,0.026283,0.006645
COMCAST CORP NEW,0.002362,0.004188,0.008603,-0.005169,0.0,0.014549,-0.01306,0.019979,0.009921,0.0,-0.011335,0.003057,-0.00254,-0.001528,0.0,-0.008161,-0.0054,-0.003619,0.0,-0.015568,0.024512,0.029843,-0.011242,-0.000505,-0.010617,-0.001788,-0.002815,-0.004363,-0.012117,-0.012787,-0.006609,-0.003725,-0.003472,-0.010989,0.025745,0.016645,0.0,-0.002079,-0.004688,0.00157,0.022989,-0.025281,-0.000262,0.005241,-0.004993,-0.013999,0.004822,-0.002133,0.008549,0.014305,0.016976,0.017206,0.024741,-0.011087,-0.001495,-0.013723,-0.025803,-0.010906,0.003938,0.037918,0.024943,0.003196,0.011272
INTUITIVE SURGICAL INC,0.002914,0.016008,0.009824,0.004432,0.01462,-0.021305,0.013356,0.003243,-0.01505,0.00869,0.039564,-0.007411,0.006029,0.003034,0.0052,-0.003009,-0.006261,0.016215,-0.009436,-0.006558,0.012525,-0.003148,0.004327,0.006809,0.026143,0.002181,-0.001291,0.001844,0.000956,0.022255,-0.012147,0.00681,0.009911,0.011628,-0.005632,2.3e-05,-0.008138,0.03093,0.000565,0.005762,-0.000584,-0.019355,0.005891,-0.009116,0.020584,0.001735,-0.005017,0.005517,-0.002788,0.001488,-0.015558,0.001738,-0.026894,-0.023673,0.093406,0.013428,-0.013142,-0.002285,-0.03806,0.010441,0.005348,-0.024726,0.027549
ROYAL BANK CANADA MONTREAL QUE,0.00568,0.018895,0.019653,0.006425,-0.007857,0.008216,0.012175,0.001164,0.013565,-0.002963,0.011409,0.00474,0.007548,-0.008896,0.000378,0.000756,-0.012741,0.006596,-0.002469,-0.020849,0.053962,0.008026,-0.006132,-0.010313,-0.003443,0.004761,-0.011429,-0.001504,-0.008002,0.001139,-0.010521,-0.004311,-0.003367,0.002124,-0.004142,0.002418,0.024993,0.001318,-0.007146,0.005019,0.002356,-0.00376,0.014531,0.013951,-0.002018,0.003585,0.003663,0.010676,-0.004424,0.008525,-0.003597,-0.002437,0.013298,0.000625,-0.008476,0.004229,-0.009767,-0.00181,0.002804,0.009855,-0.004066,0.008347,0.005399
NEXTERA ENERGY INC,0.024489,0.003498,0.018736,0.015826,0.009825,0.012509,0.023748,-0.010593,0.010706,0.011263,0.021612,-0.008306,-0.004188,-0.002891,0.014235,-0.008187,-0.013103,0.017127,0.012009,-0.010964,0.019692,0.023405,-0.022432,-0.007206,-0.001296,-0.004543,-0.01708,0.020958,-0.054957,-0.006599,0.012732,-0.00164,-0.010266,-0.025861,0.028677,0.00483,0.014284,-0.011781,0.005344,0.00477,-0.039474,-0.012851,0.008155,0.019299,0.00362,0.000277,0.000139,0.010815,0.024691,0.017403,-0.066184,0.013104,-0.013908,0.01086,0.004604,0.0125,-0.010837,0.045764,-0.026124,0.011166,0.001077,-0.000807,0.028406
R T X CORP,-0.002955,0.006619,-0.004809,0.00503,0.012953,0.006878,0.017318,0.005485,-0.004891,-0.000945,-0.003311,-0.004556,-0.000576,0.008063,0.003904,0.008347,-0.008466,0.008159,-0.007058,-0.009003,0.010997,0.019769,-0.004081,0.004936,0.005005,-0.002398,-0.000647,-0.009435,-0.001587,-0.001403,-0.016297,-0.007617,0.002303,0.002872,0.002863,0.005139,-0.034561,-0.003825,-0.003052,-0.00632,-0.002286,-0.008367,0.008639,0.003286,-0.003673,-0.00269,0.01009,-0.004253,0.01033,-0.004326,0.003357,0.020272,0.012635,-0.010953,-0.009919,0.009338,0.011564,-0.001334,0.082419,0.00423,0.0043,0.021321,0.005219
S & P GLOBAL INC,0.00089,0.001826,0.019714,0.001364,0.006576,0.001517,0.007176,-0.001666,-0.008249,4.7e-05,0.017919,0.005325,0.008812,-0.009369,0.004866,0.005524,-0.013611,0.004493,-0.016521,-0.011903,-0.00793,0.014042,0.004093,0.00601,0.010305,-0.003736,-0.01362,0.002939,-0.002767,0.026679,-0.006951,-0.006382,-0.002532,0.005885,0.006562,0.001163,0.013091,0.008562,-0.000936,0.001227,-0.006482,0.000718,0.009253,-0.002242,0.008522,0.00578,0.009673,0.012383,0.015494,0.010777,0.008843,0.012931,0.00221,-0.010574,-0.010006,0.015589,0.016909,-0.028049,0.003467,0.013428,2e-05,-0.002695,-0.007738
UNION PACIFIC CORP,-0.009276,0.011619,0.011233,-0.004784,0.013252,0.014523,0.002887,0.003203,-0.006952,-0.003012,0.006532,-0.002596,-0.003782,-0.00547,-0.035587,-0.001064,-0.008521,-0.002836,-0.013101,-0.013668,0.014875,0.021288,-0.019328,-0.003066,-0.000923,0.003958,-0.001489,0.004299,-0.006726,-0.004134,-0.019208,-9e-05,-0.003242,0.005421,0.011636,0.004175,0.001106,-0.010161,-0.002008,-0.000626,0.012485,-0.006188,0.002846,0.00031,-0.001773,-0.007905,-0.007207,0.011859,0.019206,0.006558,0.025063,0.029959,0.003415,-0.003608,-0.002839,0.00392,-0.015497,-0.008852,-0.008552,0.021287,0.007447,0.013545,0.005297
LOWES COMPANIES INC,-0.002062,0.009054,0.011107,-0.001852,-0.001036,0.002635,0.017495,-0.004658,-0.008722,-0.006009,0.019432,-0.016181,-0.004951,-0.008394,-0.018807,-0.016588,-0.016506,-0.010438,0.000743,-0.005107,0.005554,0.027058,-0.020606,-0.000923,0.013578,-0.004648,-0.008148,0.0066,0.001146,0.030547,0.008177,-0.015472,0.015312,0.00441,-0.001054,0.004659,-0.000875,-0.048776,0.007043,0.004662,0.003003,-0.031298,0.000656,-0.001872,0.002766,0.015242,-0.003776,0.020386,0.040817,0.018847,-0.00816,0.037903,0.00859,-0.0151,-0.003551,0.007337,-0.008158,-0.023037,0.013381,0.017464,0.003893,0.006672,0.017026
A T & T INC,0.001776,-0.00591,0.001784,0.008309,0.005297,0.001756,0.004091,-0.000582,0.005242,0.002317,0.001734,-0.001731,0.00578,0.006897,-0.014269,0.013318,-0.001714,0.001717,-0.013143,-0.008686,0.029206,0.034052,-0.011526,0.018878,-0.002725,-0.001093,-0.009847,-0.01326,0.0,-0.013998,0.003407,-0.001698,0.001701,0.021505,0.003324,0.016013,0.013587,0.002145,0.003745,-0.000533,0.0192,-0.006803,-0.00843,-0.007439,0.004818,0.002131,-0.000532,0.011569,0.006403,-0.002651,-0.012228,0.014532,0.016446,-0.000522,-0.001567,-0.029812,-0.018329,0.052169,0.001566,-0.00938,-0.005786,0.004233,0.014226
UBER TECHNOLOGIES INC,0.022937,0.011506,0.009625,0.032934,-0.015103,-0.05722,0.023042,-0.013838,-0.01448,-0.010603,0.019902,-0.008556,-0.005753,-0.015532,-0.010518,0.023605,-0.028711,0.010377,-0.011516,0.022198,-0.012475,0.006862,-0.011927,0.011914,0.019675,0.046794,0.005951,-0.010244,0.014432,0.051157,-0.031306,-0.01129,0.006138,-0.00227,-0.000427,-0.00128,0.0047,0.011908,-0.007425,-0.007198,0.033267,-0.021739,-0.006048,0.008915,-0.003366,0.002674,0.000982,-0.028744,0.061499,-0.01496,-0.001933,0.027805,-0.076447,-0.034392,0.015847,0.00624,-0.003101,-0.020438,-0.006048,-0.020383,-0.009938,-0.010508,0.021874
HONEYWELL INTERNATIONAL INC,0.013335,-0.0085,0.011206,-0.004137,0.009487,0.006096,0.013027,0.011414,0.004337,-0.002895,0.009104,0.012874,-0.003146,-0.006554,-0.005425,-0.003489,-0.016815,0.001505,-0.002554,-0.010593,0.019485,0.006371,0.001335,0.02356,0.009844,-0.003918,0.001583,0.009388,-0.005979,-0.004678,0.000624,-0.000479,0.016401,0.004341,0.005966,0.004436,0.003719,-0.00667,-0.004756,0.004451,-0.003918,-0.012129,0.010808,-0.003611,-0.001035,-0.002874,-0.004867,0.018471,0.001678,0.00121,0.002836,0.012748,0.007965,-0.011535,-0.014058,0.010997,0.00189,-0.017159,-0.052422,0.001432,-0.00661,0.006157,0.010413
INTEL CORP,-0.003282,0.00461,0.012783,0.006311,-0.009364,-0.022164,0.003,-0.007976,0.022111,0.017699,0.007085,0.024304,-0.006244,0.008483,-0.011215,-0.010082,-0.042648,0.021277,0.011068,-0.029942,0.001991,0.021862,-0.018152,-0.008584,0.024975,-0.011696,0.010519,0.00553,0.000324,-0.005175,-0.009753,-0.000328,0.017406,-0.011298,-0.000326,0.015349,-0.016726,0.005561,-0.006506,0.001637,0.012422,-0.004198,0.007458,0.00515,0.025296,0.061524,0.017652,0.008095,-0.039289,0.029552,-0.00087,-0.003482,0.003494,0.011898,-0.054201,0.011825,-0.012586,-0.037936,-0.018928,0.008039,-0.016587,-0.022705,0.020246
BLACKROCK INC,-0.004055,0.007211,0.009128,0.014046,0.008107,-0.003317,0.013876,0.009555,-0.007958,0.015981,0.015866,-0.009795,0.005584,-0.008655,-0.000323,-0.006609,-0.018834,-0.003378,-0.013416,-0.019225,0.006979,0.013349,0.006917,0.010188,0.004572,-0.01312,-0.006088,-0.003278,-0.011146,0.016472,-0.000519,-0.000494,0.015273,0.00329,-0.001046,0.006093,0.014411,-0.005707,-0.008736,-0.008026,0.007924,-0.006414,0.008769,-1.3e-05,0.001875,-0.000519,0.0153,0.012115,0.01585,0.003758,-0.006051,0.025493,-0.003377,-0.014374,0.002051,0.015096,0.00172,-0.020173,0.010741,0.023502,0.006949,0.012109,0.004481
CONOCOPHILLIPS,-0.01019,-0.016809,-0.000164,0.010799,-8.1e-05,-0.003885,0.002682,-0.005673,-0.002625,-0.004523,-0.002809,-0.007208,0.015689,-0.006737,-0.003971,-0.018437,-0.004569,-0.0034,0.014584,-0.031187,-0.01449,0.025533,-0.022407,-0.014051,-0.000356,-0.000267,-0.001783,0.011607,0.002913,-0.012673,-0.011588,-0.013527,0.001371,-0.001187,0.017549,9e-05,0.034399,-0.001563,-0.012001,0.003169,0.003597,-0.000175,-0.002099,0.005696,-0.019343,-0.002843,-0.009267,0.012051,0.012974,-0.007457,0.012639,0.005412,0.007726,0.004566,-0.019381,-0.017753,-0.013266,0.002436,-0.00063,-0.001531,-0.015696,0.00724,0.011737
LOCKHEED MARTIN CORP,-0.006883,0.003184,-0.002785,0.001883,0.008427,-0.001114,0.004784,0.001046,0.003583,-0.007183,-0.006636,0.001616,0.002947,0.001888,0.002633,0.002989,-0.005599,0.000578,-0.018979,-0.012563,0.018157,0.020393,0.000872,0.002759,-0.007806,0.007287,0.003222,-0.005679,-0.009969,-0.007973,-0.001198,-0.00048,0.001462,0.002157,0.013783,0.002702,0.008362,-0.007296,-0.002307,0.0003,-6.4e-05,-0.001413,-0.001586,0.000709,-0.008304,-0.000865,-0.003162,0.001543,-0.001367,0.007277,0.000323,0.010132,0.015985,-0.000147,-0.002269,-0.000695,0.056259,0.027748,0.012034,0.006521,0.005412,0.01899,0.007923
VERTEX PHARMACEUTICALS INC,0.023752,-0.004924,0.002299,0.00354,0.01923,0.020915,0.000406,0.009046,0.016912,-0.003117,0.020766,0.0072,0.010371,0.001482,-0.00868,0.012511,0.007307,0.013643,-0.022037,-0.012867,0.004352,0.02774,0.032591,0.010145,0.017033,0.005155,-0.005128,0.000497,-0.003621,-0.01192,0.00681,0.003549,-0.014644,-0.013532,0.008774,-0.005664,0.013313,-0.002379,0.00038,-0.003143,-0.008021,0.005398,0.005369,-0.007387,0.009122,0.015425,0.008508,0.011585,0.001037,-0.006888,0.004317,-0.00381,-0.001248,-0.000512,0.007068,0.008829,-0.011272,0.000979,0.002975,0.006094,0.005835,0.008933,-0.013689
T J X COMPANIES INC NEW,-0.00287,0.011618,0.002107,0.024603,0.004823,0.005923,0.004162,-0.001011,-0.000607,0.002937,-0.001868,0.004468,0.01385,-0.024928,-0.00092,0.035005,-0.009494,0.019768,-0.007049,0.000197,0.019026,-0.002612,0.022697,0.004078,0.018135,-0.007978,0.00477,-0.001117,-0.002236,9.3e-05,0.010925,0.002217,0.015853,0.000363,0.001088,0.005708,0.00036,-0.003422,-0.001175,9e-05,-0.004071,0.00436,-0.003436,0.001724,0.011324,0.005106,-0.000535,0.007312,0.008586,0.00316,-0.004287,0.010632,-0.009129,-0.008248,-0.011324,0.013065,0.001855,-0.019132,0.00018,0.005033,0.006528,0.006041,-0.001943
PROGRESSIVE CORP OH,0.017047,-0.013078,-0.001483,0.032532,-0.000232,0.002042,-0.010097,0.009545,-0.015527,0.005932,-0.020686,-0.010705,0.010676,-0.010707,0.011595,-0.014519,-0.015315,0.003593,0.006228,-0.009894,0.018607,0.020538,-0.008523,0.01237,0.003019,0.002728,-0.003096,-0.010587,-0.008512,-0.029018,0.00573,0.001572,0.021185,0.012053,0.000475,-0.007873,0.007123,-0.011392,-0.000432,0.015179,-0.017223,0.008425,0.007925,-0.003552,-0.000428,-0.002236,-0.001049,0.002387,0.008715,0.006987,0.017815,-0.032704,0.054048,0.014366,-0.02307,-0.013905,-0.001849,-0.002131,-0.012393,0.013677,-0.009505,0.009596,-0.007233
STRYKER CORP,-0.024903,-0.004541,0.005572,-0.008982,0.020399,-0.008611,0.004798,-0.000846,-0.01821,-0.000801,0.023713,0.005994,0.002096,-0.01479,0.002366,0.014856,-0.015801,0.016418,0.011236,0.005393,-0.001818,0.001674,-0.004984,0.00769,0.011667,0.010521,-0.000858,-0.003321,-0.005084,2.9e-05,-0.009786,0.005714,-0.000812,0.011517,-0.020994,0.003779,-0.010419,0.001416,0.002827,8.8e-05,0.001498,-0.011021,-0.006538,-0.00682,0.015752,-0.009311,0.00437,0.005275,0.002223,0.003786,-0.031853,0.014822,0.003629,-0.01019,0.029345,0.004224,-0.001928,-0.003833,-0.038129,0.012918,0.004854,-0.009181,-0.008388
BOOKING HOLDINGS INC,-0.010542,0.016767,0.030081,0.005879,0.001945,0.015141,0.032795,0.006804,-0.015963,0.007437,0.005216,-0.015167,-0.007138,0.016253,0.014255,0.000722,-0.018933,0.011371,-0.001378,-0.01473,0.005444,0.005788,-0.003366,0.010022,0.007808,-0.005476,0.003092,-0.006391,-5e-06,0.02315,-0.005229,0.000768,0.02435,0.005087,-0.000277,0.004285,-0.00198,0.008334,-0.007971,0.006785,-0.011947,-0.019341,0.008065,0.000174,0.003385,0.013862,-0.001794,0.00316,-0.013444,0.022869,0.015292,0.007605,-0.031427,-0.014808,0.009335,-0.014582,0.002507,-0.02894,-0.038337,0.011233,0.014629,-0.009092,-0.001607
CITIGROUP INC,0.000326,0.003097,0.008287,0.020969,-0.012896,0.012097,0.009084,0.003316,-0.002046,0.002997,0.010222,-0.001557,-0.001091,-0.014203,0.025016,-0.014211,-0.012535,0.008886,-0.017773,-0.007046,-0.00129,0.006136,-0.006259,-0.014373,0.012125,0.002752,-0.002583,-0.005665,-0.037278,0.014711,0.003666,-0.014943,0.012304,0.011988,-0.002632,-0.010393,0.022504,0.003913,-0.005359,0.004898,0.031032,-0.000473,0.019707,-0.003401,-0.006671,0.011089,0.027958,0.006461,-0.018961,-0.01811,0.009609,0.032699,0.005054,-0.040231,0.003853,-0.009825,0.002481,-0.015466,0.011153,0.012584,-0.013501,0.024417,-0.01503
ELEVANCE HEALTH INC,-0.007076,0.001467,0.002569,0.005636,0.011775,-0.00526,0.009806,0.001114,-0.00076,-0.007684,0.010026,0.007222,0.007023,-0.011119,0.007367,0.004014,-0.007046,-0.04142,-0.004258,-0.02633,0.0036,0.061379,0.007874,-0.004219,-0.000777,0.001907,-0.003881,-0.001967,0.001268,-0.011771,0.015341,-0.007313,-0.000804,-0.01323,0.014185,-0.000692,0.013641,-0.011851,-0.001812,0.002714,0.011367,-0.013491,0.002563,-0.010319,-0.000151,-0.00709,0.005109,0.010109,-0.00144,0.003222,-0.009112,0.042362,-0.058231,-0.031117,-0.009114,0.007538,-0.002917,0.019307,0.00373,0.026205,0.004474,0.012079,-0.007888
EATON CORP PLC,-0.019575,0.010384,0.019571,0.02103,0.000581,0.009071,0.008656,-0.008072,-0.006232,0.005905,0.022727,-0.023021,0.000182,0.009115,0.010443,-0.001633,0.006663,0.007299,-0.010355,-0.01325,0.003935,-0.00404,-0.025207,-0.02555,0.032957,-0.040203,0.004371,0.025887,-0.011796,0.025065,0.003607,-0.028415,0.019779,0.006947,-0.013279,-0.009838,0.006311,0.002111,-0.023206,-0.004219,-0.001242,-0.003763,0.002913,0.016407,-0.003298,0.00501,-0.000784,0.026231,0.005351,0.005048,-0.010439,0.016604,-0.063045,-0.007801,0.009124,0.027029,0.005057,-0.069392,-0.02243,0.016765,-0.003963,-0.03159,0.061099
MICRON TECHNOLOGY INC,-0.02886,0.023975,0.021099,0.047341,-0.007658,0.000923,-0.012655,0.029115,0.014517,0.014715,0.024037,0.000626,-0.02033,0.029611,-0.011628,-0.009569,-7.9e-05,0.025501,0.024558,-0.008216,-0.040204,-0.010215,0.02536,-0.011937,0.055828,-0.027223,0.006689,0.029632,0.001854,0.042052,0.016981,-0.012435,0.04577,0.038017,-0.060345,-0.032249,-0.003798,0.015179,0.008787,-0.071158,-0.005294,-7.6e-05,0.008136,0.031903,-0.038152,-0.006041,0.003443,0.040034,-0.045165,0.025493,-0.020067,-0.025827,-0.062672,-0.017155,-0.027161,0.008927,-0.008935,-0.034748,-0.025662,0.018241,-0.014258,-0.04905,0.070788
LAM RESH CORP,-0.029416,0.017947,0.028121,0.017622,-0.010416,-0.001782,-0.006285,0.008683,-0.012705,0.009681,0.038585,-0.005117,-0.032697,0.032859,0.023311,0.001836,-0.007911,0.012984,0.000711,-0.018553,-0.002665,-0.019207,0.003421,-0.013788,0.053092,-0.009807,0.000551,0.041913,-0.00331,0.03789,0.000838,-0.002427,0.034479,0.01855,-0.025946,-0.010327,-0.024687,0.027801,0.002716,6.6e-05,0.008543,-0.003963,0.011493,0.009247,0.004673,0.012695,0.009931,0.013258,-0.059754,0.009321,-0.000664,0.006435,-0.100661,-0.015584,-0.037256,0.065368,-0.017778,-0.051913,-0.028301,0.011899,-0.002571,-0.042002,0.07765
BOEING CO,0.021568,0.0431,0.005256,-0.008009,-0.009195,0.020599,0.00499,-0.015117,-0.000392,0.013002,-0.020856,0.033731,0.010877,0.008975,-0.009807,0.008118,-0.075531,0.013414,0.003209,-0.019591,0.006408,0.028133,0.039187,0.021943,0.006521,0.00827,-0.006164,-0.000631,-0.0243,-0.015256,-0.010785,-0.018982,0.006318,-0.019059,0.007486,0.001475,0.014386,-0.022334,0.019417,0.022465,-0.00274,0.025768,-0.006856,-0.005986,0.002821,0.005464,-0.013991,0.002674,0.00098,-0.0087,-0.017553,0.038747,-0.006504,-0.024941,-0.003107,-0.004286,0.04237,-0.034374,0.023769,0.013778,-0.007812,0.007712,0.020015
REGENERON PHARMACEUTICALS INC,0.014394,0.037776,0.02068,0.001714,0.011819,-0.01465,0.012807,0.005992,0.003245,0.007861,-0.00653,-0.010458,0.014783,0.00507,0.006766,-0.010212,-0.003283,0.004538,-0.01204,-0.006854,0.003539,0.010568,0.009509,0.003851,0.012665,-0.00505,0.002158,-0.001216,0.008795,0.016951,-0.00109,0.009712,0.008538,-0.005988,0.005081,0.008378,0.010208,0.006862,-0.001895,-0.017116,0.000162,0.005699,-0.011693,-0.019691,0.009901,0.017424,0.001692,0.016214,0.008542,0.01831,-0.016308,0.011903,-0.008557,-0.016912,-0.003429,0.005773,-0.013246,0.005012,0.003139,0.013569,-0.001335,0.000566,0.00129
PROLOGIS INC,-0.001666,0.026011,0.013011,-0.011521,0.029521,-0.017446,0.021439,-0.006103,0.001768,0.005572,0.015792,0.007273,0.006409,0.004933,-0.012941,-0.012477,-0.032778,-0.008425,0.002387,0.0,0.024476,0.027145,-0.027966,0.012756,-0.000276,0.011679,0.001727,0.008802,0.003688,0.011023,-0.003812,-0.000801,-0.000445,-0.011053,-0.008087,0.002199,0.020384,-0.016125,0.005281,0.008514,0.008621,-0.003205,0.011255,0.000795,0.010238,-0.000437,0.00035,0.018261,0.033208,-0.002159,0.00824,0.002889,0.014158,-0.004789,0.009215,0.023515,-0.007737,-0.020687,-0.021531,0.018683,0.010352,0.017265,-0.000317
SCHWAB CHARLES CORP NEW,0.008384,0.010192,0.009425,0.010784,-0.017174,0.011385,-0.009293,0.008881,-0.018526,0.031727,0.02089,-0.008134,0.009482,-0.001523,0.003051,-0.046008,-0.038927,-0.000968,-0.020479,-0.003673,0.019141,0.019477,-0.012418,-0.005251,0.033338,-0.001882,-0.00431,0.002435,-0.008906,0.001498,-0.002311,-0.001908,-0.006007,0.000412,-0.001922,0.008803,0.016226,-0.008453,-0.00866,0.004095,0.001767,-0.003664,0.009943,-0.00027,-0.012546,0.000546,0.017613,0.001342,0.019429,-0.009201,-0.004112,-0.101772,-0.053834,-0.023981,-0.003051,0.043009,0.006023,-0.016273,0.033708,0.005435,-0.01952,-0.005972,0.004314
ANALOG DEVICES INC,-0.033498,0.01341,0.015981,0.018484,0.00123,0.006337,-0.000342,0.011719,0.005744,0.017084,0.017977,-0.007555,-0.000187,0.015882,-0.003862,0.108567,-0.023318,-0.00874,0.004,-0.022661,0.008109,0.019522,-0.009723,-0.002842,0.021897,0.007341,-0.01112,0.002556,0.003951,0.009056,-0.018495,-0.012135,0.005191,0.012866,-0.024938,0.00671,-0.01121,0.008229,-0.010854,-0.005091,0.00697,-0.013493,0.013589,0.007799,0.003782,0.010611,-0.0057,0.02724,-0.019259,0.020621,-0.003521,0.023599,-0.031727,0.014346,-0.032512,0.038146,-0.040493,-0.024748,-0.016472,0.024941,0.004284,-0.012401,0.030279
VANGUARD BOND INDEX FUNDS,0.003592,0.00396,0.005071,0.000981,0.00196,-0.002376,0.002661,-0.002794,0.000841,0.00294,0.00642,-0.001664,-0.0025,-0.000975,0.002091,-0.001252,-0.002925,0.001118,-0.004744,-0.003645,0.004362,0.003643,0.005569,0.003759,0.002774,0.000138,-0.008022,-0.001534,0.00405,0.00459,0.00443,0.001516,-0.003716,0.003454,-0.001927,0.000276,0.000552,0.000551,-0.004683,0.001799,-0.004697,-0.005264,0.002939,0.005721,0.004579,0.0,-0.000414,0.000829,0.00497,0.00261,-0.003152,0.003849,0.000959,-0.002599,-0.002606,-0.000413,0.000137,-0.002889,0.002207,0.003992,0.001234,0.001232,0.00547
CHUBB LTD,0.005188,0.00128,-0.006833,0.014123,-0.000397,-0.00127,0.009578,0.003149,-0.001177,-0.005422,-0.000751,0.047081,0.035488,-0.03697,0.003256,0.009208,-0.016303,0.006386,-0.008007,-0.004226,0.013842,0.021384,-0.015435,-0.006863,-0.00253,-0.001477,0.013156,0.001759,-0.014083,-0.003334,0.000646,-0.01079,0.004856,0.00886,0.013116,-0.007055,0.005744,-0.010634,-0.012458,0.007769,-0.026524,-0.001019,0.002943,-0.00583,-0.006179,0.001901,0.001383,0.011763,0.006515,0.001357,0.0072,0.005573,0.022244,0.000748,-0.029103,0.008196,0.004733,-0.012194,0.006037,0.0323,0.006073,0.018255,-0.003615
K L A CORP,-0.03373,0.024038,0.021318,0.031281,-0.005568,0.003878,-0.009036,0.010694,-0.005736,0.024113,0.040826,-0.013479,-0.002402,0.033597,-0.009912,0.008587,-0.008565,0.018246,0.009088,-0.017529,-0.002887,-0.013764,-0.007083,-0.00476,0.045846,-0.007274,-0.013205,0.033044,0.004758,0.037148,0.002682,-0.006253,0.029145,0.016999,-0.039059,-0.015719,-0.027641,0.030303,-0.005794,0.00193,0.01183,0.003978,0.013675,0.016947,0.002203,0.01326,0.009636,0.019945,-0.044153,0.005592,0.000466,0.010558,-0.098515,0.006792,-0.031141,0.061583,-0.002285,-0.064247,0.009315,0.032223,-0.01124,-0.02524,0.084571
K K R & CO INC,0.022027,0.021131,-0.021826,0.034102,0.01313,0.001306,0.025585,0.010614,-0.028023,0.021947,0.051054,-0.032693,0.004705,0.002294,0.015351,-0.006761,-0.016923,0.023562,-0.009302,-0.021244,0.006105,-0.009535,0.003209,-0.018029,0.02063,-0.037814,-0.015077,0.111848,0.011565,0.011614,-0.019105,-0.001646,0.009068,0.002814,-0.003892,-0.011177,-0.012406,-0.000465,-0.015267,0.000756,-0.005857,-0.006936,0.013587,0.001227,0.000189,-0.009521,0.004854,0.036655,-0.005482,0.017363,0.038107,0.014875,-0.024771,0.009931,0.002089,0.023621,0.000764,-0.018905,0.008468,0.015423,0.000759,0.01172,0.028836
MARSH & MCLENNAN COS INC,0.001705,-0.002052,-0.000451,0.011291,0.010867,-0.000589,0.00614,0.003466,0.0,-0.002335,0.006144,0.013619,0.003969,-0.003858,0.003681,0.00424,-0.013424,-0.000481,-0.018856,-0.009854,0.012082,0.015558,-0.005155,0.009588,-0.001727,0.000625,0.008307,-0.00181,0.001002,0.003146,-0.004656,-0.002959,0.012639,0.005673,0.010718,-0.002791,0.006297,-0.016362,-0.006738,0.000712,-0.001043,-0.00223,0.008276,0.004293,0.004791,0.001589,-0.011481,0.014495,0.011495,0.004647,0.00055,0.002014,0.007994,-0.014683,-0.003082,0.010519,4.6e-05,-0.007122,-0.002782,0.00884,0.007662,0.012657,0.000674
BOSTON SCIENTIFIC CORP,0.004731,-0.002493,0.011384,-0.004118,0.01213,-0.009669,0.018977,-0.005533,-0.011942,0.009339,0.013063,0.001343,0.001341,0.009511,0.004114,-0.003965,-0.013135,0.016806,-0.006082,-0.002528,0.000267,0.0076,-0.000926,0.005563,-0.000395,0.003031,0.013006,0.00402,-0.003487,0.00337,-0.005813,-0.002599,-0.007426,0.001575,0.009042,0.009221,-0.012868,0.010429,-0.00529,-0.001297,0.00013,-0.007791,0.001832,-0.005748,0.00381,-0.003796,0.005256,0.007842,-0.002853,0.010405,0.004248,0.001538,-0.009342,-0.024028,0.026605,0.009154,0.004088,-0.010561,-0.04501,0.008888,0.008943,-0.020638,-0.002026
ARISTA NETWORKS INC,-0.005262,0.026057,0.047888,0.016108,-0.017323,0.064528,0.015086,0.060661,-0.013247,0.012231,0.039438,-0.018219,-0.000625,-0.001563,-0.007514,-0.001546,-0.047646,0.017019,0.003066,0.002667,-0.015082,-0.019792,-0.004233,-0.01083,0.01494,-0.003327,0.000742,0.002662,0.024162,0.021524,0.065333,-0.009558,0.035251,0.000765,-0.000441,-0.008319,-0.024158,0.01616,0.000508,0.039528,0.007329,0.017747,0.000869,0.023557,0.00197,0.013465,-0.014337,-0.005468,-0.011436,0.006424,-0.004089,-0.006076,-0.060157,-0.012029,-0.006223,0.035334,0.012886,-0.059945,-0.036057,0.016204,0.004198,-0.028482,0.112806
AUTOMATIC DATA PROCESSING INC,0.02249,-0.021429,-0.000578,0.003514,0.009805,-0.008894,0.009076,0.006996,0.003808,-0.009282,0.004562,0.013949,0.009078,-0.00218,0.00143,0.007456,-0.00996,-0.010299,-0.022499,-0.013194,0.003415,0.016645,-0.003675,0.006762,0.000448,0.00891,0.017543,-0.0216,-0.001175,-0.001825,-0.007557,-0.001024,0.009645,-0.002245,0.006751,0.007762,0.00496,-0.00321,-0.041787,-0.003025,0.005858,-0.012652,0.004074,0.001183,-0.005698,-0.009,0.00544,-0.002386,0.006321,0.010143,0.01941,0.013106,0.013953,-0.007422,-0.001738,0.00413,0.001452,-0.005033,0.010036,0.012381,0.010053,0.009913,0.018934
PALO ALTO NETWORKS INC,-0.012204,0.027772,0.003014,0.014719,0.016469,-0.008215,-0.024224,0.006088,0.016069,-0.002349,0.03575,0.01428,0.003378,0.018625,-0.037403,-0.009883,0.009268,0.032623,-0.042258,-0.003604,-0.044705,0.005901,-0.001458,-0.014908,0.018339,0.00176,0.020174,0.023683,0.012619,0.021857,-0.000407,-0.007352,0.007185,-0.008042,-0.018863,0.029868,-0.011395,0.018947,0.007996,0.047839,-0.005311,0.005575,-0.001349,0.002232,0.002608,-0.013008,-0.004324,0.002618,-0.01786,0.016493,0.013106,-0.007069,-0.018789,-0.024869,0.021644,0.008492,0.005574,-0.033735,-0.012676,0.020867,-0.014534,-0.014128,0.022739
TORONTO DOMINION BANK ONT,-0.01062,-0.010394,-0.058884,0.005671,0.006367,0.012473,0.002143,0.00873,0.002473,-0.000705,0.002997,-0.000176,0.006329,-0.007512,0.00088,-0.013366,-0.01943,0.028177,-0.018211,-0.015667,0.005488,0.017467,-0.01073,0.005604,0.006112,0.001429,-0.008207,-0.006836,-0.007607,0.006936,-0.015769,-0.001105,-0.00719,0.006871,-0.003689,0.0,0.022214,-0.009417,0.0,0.003108,0.00164,-0.007642,0.013568,0.007598,-0.008438,0.007424,0.004673,0.011949,0.008599,0.007993,0.008811,0.020262,0.000685,-0.006159,-0.003271,0.005354,-0.002749,-0.009991,0.007308,0.005528,-0.007731,0.022161,-0.000169
MEDTRONIC PLC,0.008101,0.000371,0.009516,0.000857,0.001712,-0.004273,0.014838,0.000967,0.008209,0.009339,0.004982,0.010859,0.003269,-0.016411,0.00781,0.006927,-0.051073,0.011182,-0.003524,-0.00622,-0.010922,0.009553,0.009217,0.014004,-0.011529,0.000364,0.021011,-0.011062,-0.014313,0.003417,-0.006932,-0.007592,-0.01345,-0.002502,0.005266,0.018336,-0.007349,-0.007774,-0.004477,-0.008994,0.001008,-0.020201,0.003242,-0.002585,0.005702,-0.009921,0.000521,0.002341,0.013107,-0.001537,-0.011161,0.013233,0.040461,-0.000615,-0.021303,-0.002265,0.001261,0.007179,-0.018882,0.003059,0.016519,0.010125,-0.006064
AMERICAN TOWER CORP NEW,0.030776,0.015834,0.01169,-0.016782,0.014494,0.000276,0.027795,-0.010087,0.002764,0.010595,0.027065,0.015207,-0.002206,-0.014138,0.012359,-0.014372,-0.024773,-0.003591,-0.004841,0.001567,0.029463,0.025999,0.006284,0.017465,-0.011077,0.006559,-0.026217,0.002368,-0.007447,0.002846,0.015272,0.009503,-0.024108,0.0026,0.00721,0.003502,0.007903,-0.018891,-5.2e-05,0.013754,-0.004813,-0.001852,-0.00902,0.013107,0.004364,0.002709,-0.00107,0.004133,0.053006,0.016458,-0.008404,0.006273,0.014133,-0.01159,-0.002421,-0.003664,0.000716,-0.00062,0.002531,0.018102,0.005662,0.03778,-0.011881
DEERE & CO,-0.00999,0.021832,0.012628,0.002195,0.009282,-0.00037,0.00883,-0.002714,0.000245,0.011741,0.003004,-0.047317,0.006566,-0.013954,-0.012108,-0.001888,-0.017539,-0.011286,-0.015175,-0.011618,0.009233,0.017402,-0.017718,0.003396,0.004386,0.000755,-0.007245,-0.00076,-0.008607,0.013584,0.021238,0.000132,0.003228,0.009335,-0.003214,-0.01701,0.008346,-0.023006,0.018351,0.001435,-0.004485,-0.03383,0.01097,-0.005919,-0.007608,-0.013971,-0.017352,0.007711,0.028646,0.010315,0.017354,0.015713,0.020185,-0.011658,-0.006778,0.003148,-0.020382,-0.005733,0.033298,0.012733,-0.025301,-0.013271,0.000565
BLACKSTONE INC,0.007547,0.012767,-0.008404,0.027291,0.002393,-0.013992,0.026962,0.008209,-0.015398,0.031442,0.042391,-0.026121,-0.017282,0.0,0.016233,-0.008065,-0.028181,0.004305,-0.019654,-0.041911,0.027555,0.009805,-0.010705,-0.00109,0.022086,-0.020869,-0.013007,0.017684,-0.005764,0.03714,-0.009884,-0.007855,0.007505,0.006058,0.014483,-0.004491,0.009185,-0.006706,-0.00209,-0.000322,-0.002578,-0.012682,0.008018,0.001542,-0.005511,-0.01589,0.004223,0.024571,0.018912,0.021404,0.023585,0.035053,-0.015765,0.011568,0.015981,0.018688,0.017283,-0.041707,0.017365,0.014141,-0.001408,0.002554,0.005731
CIGNA GROUP,0.000392,-0.0355,-0.008708,0.002665,0.012529,0.001875,0.010422,-0.007351,0.002153,-0.007791,-0.009064,-0.011711,-0.001621,-0.015766,0.009029,0.000268,0.004042,-0.015452,0.001804,-0.00087,-0.005767,0.041148,-0.009082,-0.008873,-0.008544,0.011162,0.000562,0.001627,-0.002097,-0.005593,-0.005654,-0.002574,0.00183,0.002695,0.0092,0.006215,0.009295,-0.012648,-0.003601,-0.010161,-0.010714,-0.013008,-0.001103,-0.001473,-0.01939,0.014603,0.014176,0.00469,0.011064,0.003688,-0.010066,0.025014,0.014866,-0.012299,-0.013744,-0.000149,0.001132,0.017967,-0.003098,0.007299,0.008439,0.017978,-0.011622
U B S GROUP A G,0.00149,0.024055,0.01305,0.015826,0.07029,-0.024035,0.004856,0.025199,-0.000673,0.016173,0.016578,-0.020874,0.01066,-0.00791,0.009967,-0.011513,0.004659,0.022524,0.0,-0.011662,0.023599,0.020813,-0.00596,-0.014831,0.002242,0.012784,-0.002209,-0.011385,-0.012796,0.009073,-0.023121,-0.000657,0.019408,0.006131,0.000641,-0.030769,0.011905,-0.026144,-0.019799,0.008559,0.002716,0.013541,0.002672,0.01066,0.003296,-0.001643,-0.003949,0.015527,0.009434,0.006768,-0.005442,0.011265,-0.013049,-0.013544,-0.005557,0.008547,-0.004563,-0.017682,0.005667,0.012595,-0.018985,0.001335,0.005665
BRISTOL MYERS SQUIBB CO,0.006145,-0.011536,0.006636,-0.002046,0.003189,-0.008402,0.024502,0.00447,0.00267,-0.007767,-0.003579,-0.009877,-0.001814,-0.015217,-0.025138,0.001656,-0.018895,-0.007222,-0.018186,-0.005927,0.0,0.02087,0.016549,-0.000479,-0.012216,-0.008729,0.014677,0.026278,0.010571,-0.01418,-0.021929,-0.00675,-0.005583,-0.003905,0.005636,0.021686,0.007155,-0.000947,0.007348,-0.023294,0.000482,-0.005538,-0.020581,-0.009642,0.004992,0.008321,0.021755,0.006363,-0.008998,-0.007117,-0.007662,0.026152,0.04733,-0.017613,0.005898,0.000704,0.007265,0.039088,0.013659,0.114425,-0.029138,0.001429,-0.030377
UNITED PARCEL SERVICE INC,-0.010578,0.008909,-0.005366,0.001639,0.002864,0.004623,0.001962,0.006349,0.021918,-0.017663,0.0,0.011626,-0.002806,-0.011056,-0.014703,-0.011346,-0.032482,-0.003163,-0.007789,-0.023041,0.018228,0.015125,-0.003671,-0.020156,0.014304,-7.3e-05,0.000582,0.000291,-0.002397,-0.006698,-0.011288,0.005634,0.001474,-0.012146,0.019896,-0.001973,0.014641,-0.030592,0.028208,-0.016793,0.007509,-0.006577,-0.00765,0.004744,0.005902,-0.006014,-0.009223,0.010203,0.019093,0.029731,0.012645,0.02206,0.000339,-0.017777,0.002901,0.0,-0.12054,0.006657,-0.011281,0.013771,-0.001708,0.003266,0.010385
GILEAD SCIENCES INC,0.004755,-0.002748,-0.008419,0.011732,-0.001221,-0.008249,-0.005237,0.021369,0.023954,0.001629,-0.00946,0.012685,-0.002063,0.002658,-0.008984,0.007579,-0.024041,-0.007405,-0.026492,-0.006881,0.009134,0.002965,-0.01307,0.011509,-0.004364,-0.00047,0.013312,0.008501,-0.005517,-0.008476,-0.012123,0.035714,-0.012143,-0.017426,0.084561,0.03183,0.000849,-0.015835,-0.00431,-0.006925,-0.003196,0.000437,-0.003496,-0.026462,0.001502,0.012896,0.003109,0.01461,0.017746,-0.000143,0.01215,0.011722,0.023172,0.002865,-0.012924,-0.002067,-0.017125,0.032739,0.040952,0.006535,0.009349,0.004117,-0.025497
FISERV INC,-0.024956,0.002082,0.000335,0.009181,0.016269,0.001634,0.009003,-0.002909,-0.006484,0.003002,0.008654,-0.013999,-0.00085,-0.008971,0.009449,-0.001309,-0.015534,0.000932,-0.012771,-0.004043,0.000406,0.012713,-0.008614,-0.003233,0.008919,0.008372,0.005712,-0.01202,-0.010695,0.000135,0.001621,0.004587,0.005304,-0.001603,0.00301,-0.001,0.003205,-0.00925,0.005844,-0.004474,-0.000268,-0.012748,0.015292,-0.004016,0.01156,0.003123,0.000729,-0.014561,0.015851,0.012893,0.014295,0.011262,0.005218,-0.001709,-0.010464,0.016598,-0.008889,0.02506,-0.031956,0.025191,0.017319,0.002458,0.00282
H C A HEALTHCARE INC,-0.001227,-0.001939,-0.003497,0.007473,0.014159,-0.015996,0.040301,0.014788,-0.028991,0.010467,0.020156,-0.012999,0.000465,0.006783,-0.01209,-0.008439,-0.009704,0.010719,-0.000126,0.020304,0.030665,0.013876,-0.020751,-0.002104,0.014789,-0.000267,0.001841,0.011321,-0.014505,0.013381,0.000264,-0.008126,-0.005926,0.015411,-0.006664,0.001625,0.007229,-0.002695,8.8e-05,0.008253,-0.064115,-0.019173,0.014534,0.021426,-0.01914,-0.012769,0.002214,-0.004923,0.00685,0.021448,-0.022632,0.006089,0.012762,-0.00387,0.001337,0.009995,0.045455,0.011083,0.025731,0.005641,0.011134,0.007304,0.004705
SOUTHERN CO,0.013878,0.01087,0.006903,-0.00501,0.01961,0.008837,0.007987,-0.001406,0.007167,0.000127,0.007369,0.001135,0.011086,-0.0044,0.00745,-0.013663,-0.019316,0.007516,-0.002701,-0.004385,0.011399,0.026383,0.00312,0.003981,-0.015983,-0.009695,-0.009027,0.013215,-0.005952,-0.000764,0.003187,-0.000508,-0.012333,0.003347,0.011932,-0.005198,0.011216,-0.016637,0.002435,-0.002174,-0.006023,-0.007348,0.007143,0.002192,0.004117,-0.003075,0.004113,0.004096,0.018103,0.001628,0.00075,0.013367,0.006287,-0.00392,0.001107,0.005528,-0.006109,0.016226,-0.012217,0.006245,0.01071,0.003973,0.001679
MONDELEZ INTERNATIONAL INC,-0.017376,-0.002688,-0.008652,0.000572,0.013728,-0.006489,-0.003266,0.014245,0.007865,0.002369,-0.008341,0.008271,-0.009594,-0.013478,0.00555,-0.006227,-0.01951,-0.007988,-0.010688,-0.009472,0.014343,0.009427,-0.017219,0.010987,-0.001615,0.003089,-0.005573,-0.007521,0.00416,-0.0219,0.0,-0.003782,0.003493,0.001362,-0.001662,0.006812,0.028717,-0.008331,-0.017833,-0.0006,-0.011036,-0.003056,0.012109,0.004695,0.009647,-0.012243,-0.013906,0.010576,-0.009252,0.000612,-0.015453,0.022999,0.019596,-0.00298,-0.007023,0.001354,-0.007965,0.005908,-0.000151,0.000452,0.010238,-0.000745,0.019388
PDD HOLDINGS INC,-0.005512,0.104828,0.019194,-0.010986,-0.007141,0.01097,-0.019977,-0.000807,0.031188,-0.013023,0.018819,0.014721,0.019598,0.003967,-0.008994,0.011275,0.044463,0.025646,-0.049819,0.010353,0.005024,-0.0148,-0.019095,-0.007079,-0.021113,0.007213,0.000487,0.031828,-0.010439,0.0277,0.000464,-0.013835,-0.004564,-0.027782,-0.000277,-0.001943,-0.016196,-0.01081,-0.012643,-0.045504,0.007655,0.000226,0.006768,0.025844,-0.008373,-0.011088,0.022572,0.002541,0.008474,0.022838,-0.031105,-0.015581,-0.029594,0.001972,0.007268,0.00902,-0.008641,-0.009092,-0.016152,0.00817,-0.024541,-0.034721,0.046525
NIKE INC,-0.020811,0.022914,-0.002814,0.013131,0.004499,-0.002026,-0.002137,-0.026234,0.019573,0.000755,-0.01207,0.001091,0.004468,-0.004448,0.011442,-0.003448,-0.011892,0.003829,0.002725,-0.003587,0.019418,0.017122,-0.002946,0.003602,-0.004433,0.014843,0.008671,-0.005697,-0.001354,-0.022844,0.005337,-0.008388,0.01724,-0.002316,0.008335,0.016846,-0.000103,-0.024905,-0.007282,0.001382,-0.199809,0.019371,-0.010283,-0.010521,0.002525,-0.031552,-0.008077,0.001104,0.011718,0.000409,-0.028739,0.021035,0.003571,-0.009443,0.004421,0.029711,-0.019503,-0.031472,0.004501,0.016104,0.013644,0.010469,0.007266
SHERWIN WILLIAMS CO,0.01245,0.003692,0.022466,0.011854,0.011937,0.000784,0.004545,0.001279,-0.015552,-0.005762,0.007387,-0.005168,-0.005159,-0.009539,0.001745,-0.00884,-0.013443,0.005774,-0.010202,-0.014251,0.015533,0.005794,-0.005826,0.012615,0.007815,-0.013529,-0.039828,0.003973,0.00986,0.011115,0.003876,-0.011516,0.019731,-0.008783,0.003864,-0.000299,-0.002357,-0.019531,0.007398,0.000472,0.004815,-0.008846,-0.003854,0.008722,-0.005114,0.015387,-0.004463,0.021612,0.028163,0.014014,0.000314,0.0249,-0.001838,-0.001044,-0.011092,0.001554,0.068714,-0.036226,0.032287,0.018907,0.009536,-0.002014,-0.002956
STARBUCKS CORP,-0.158775,0.006582,-0.024289,-0.002872,-0.005487,0.013793,0.02966,0.005682,0.00092,-0.00722,0.000926,0.001982,0.034139,-0.003982,0.002321,0.0386,-0.029918,0.007215,-0.017624,-0.007744,0.024454,0.018537,0.023186,0.00865,-0.019688,0.00382,-0.000491,0.002088,-0.020956,-0.006384,0.010834,-0.007353,0.021092,-0.013894,-0.005985,0.002383,-0.002253,-0.005644,-0.00164,0.001074,-0.01748,-0.009249,-0.003889,-0.007419,-0.002754,-0.019461,-0.024407,-0.003299,0.010895,0.020873,-0.027796,0.037938,-0.00543,-0.012117,0.068473,-0.034313,-0.003788,-0.020719,-0.018211,0.009956,0.01553,0.009841,0.026468
A S M L HOLDING N V,-0.022499,0.020449,0.036023,0.016958,-0.009488,0.003578,0.002271,0.018335,-0.014028,-0.002409,0.024469,-0.019074,0.005905,0.015644,-0.015083,-0.003177,0.012924,0.023516,0.037261,-0.034249,0.008602,-0.005972,0.005342,-0.015195,0.095214,0.010823,-0.022981,0.012923,-0.005472,0.031708,-0.01511,-0.023568,0.023903,0.008466,-0.010025,-0.013457,-0.033369,0.021287,-0.006586,0.011224,-0.005136,0.010521,0.013933,0.022445,0.002865,0.002708,-0.016169,0.036775,-0.033168,0.021421,-0.019931,0.004287,-0.127445,-0.008481,-0.031142,0.051253,-0.008977,-0.064386,-0.011596,0.029862,-0.018232,-0.011843,0.088882
INTERCONTINENTALEXCHANGE GRP INC,-0.000621,-0.01663,0.031294,0.005977,0.018586,-0.002468,0.011695,-0.007114,-0.001866,0.00486,0.025895,-0.005512,0.009408,-0.010477,0.002337,-0.002768,-0.010885,0.006942,-0.01951,-0.012941,0.009777,0.004953,-0.001867,0.008305,0.004304,-0.003547,-0.007934,0.000673,0.005303,0.010848,-0.002499,0.003031,0.003907,0.001322,0.005353,0.005324,0.006384,-0.01002,0.000437,0.000582,-0.004219,0.000292,0.028409,0.002414,-0.002621,0.002699,0.009138,0.013688,0.018974,0.008495,-0.003908,0.007441,0.00329,-0.011044,-0.000541,0.010564,-0.004489,-0.007135,0.010304,0.013219,0.00106,0.000926,0.001718
SYNOPSYS INC,-0.01585,0.002298,0.025909,0.016017,0.007461,0.001601,-0.001108,0.012421,0.001221,0.004019,0.036756,-0.018838,-0.004462,0.013499,-0.004962,0.002799,0.022979,0.001876,0.000919,-0.013148,-0.02668,-0.006959,0.000678,0.00098,0.047016,-0.024297,-0.004182,0.008277,0.006474,0.018934,-0.007362,0.006257,0.038139,0.012387,-0.016331,-0.007621,-0.016399,0.007623,-0.002699,-0.005881,0.000101,0.011243,0.013145,-0.004379,0.023575,-0.009351,-0.012267,0.019114,-0.017464,0.008723,0.003192,-0.00487,-0.069542,-0.017532,0.00489,0.043668,0.001055,-0.05949,-0.026404,0.014219,0.002086,-0.039505,0.061667
MERCADOLIBRE INC,-0.001501,0.033972,0.082716,0.014283,0.021066,0.016634,-0.012454,-0.000843,-0.009817,0.003917,0.020542,0.012016,0.005761,0.022045,-0.00876,-0.019915,-0.016916,-0.0081,0.00852,0.001089,-0.005796,0.015077,-0.018799,-0.036908,-0.015791,0.010088,-0.012911,0.001075,-0.013659,0.012241,-0.011761,0.001019,-0.01448,0.009088,0.007392,0.009476,-0.010744,0.03754,0.022335,-0.010763,-0.010531,-0.027869,-0.000701,-0.003157,0.042427,0.014943,0.022747,-0.010743,0.002994,0.030767,-0.009783,-0.013509,-0.02926,-0.02804,0.016467,0.022661,0.002874,-0.029358,-0.010593,0.016331,-0.018339,0.00293,0.026289
DUKE ENERGY CORP NEW,0.015469,-0.00471,0.009566,0.001596,0.018323,0.001173,0.006251,-0.003397,0.002143,-0.005637,0.010165,0.004983,0.01021,-0.002214,0.006946,-0.009006,-0.015951,0.003733,-0.00969,-0.007511,0.008763,0.022409,-0.001545,0.011508,-0.013384,-0.003295,-0.002333,-0.000975,-0.001561,-0.01016,-0.000592,0.010863,-0.01524,-0.007639,0.0007,-0.002597,0.016727,-0.012905,-0.002495,0.006403,-0.003579,-0.00878,0.00463,0.000301,0.007212,0.000796,0.002981,0.018724,0.015851,0.008903,-0.000664,0.011489,0.009293,-0.005673,9.3e-05,0.005799,-0.003906,0.013816,-0.009576,0.00437,0.006017,0.011226,-0.005733
ALTRIA GROUP INC,0.000228,0.003651,-0.008868,-0.002294,0.008278,0.010034,0.009483,0.00425,0.003118,0.010213,0.007692,0.002181,0.002829,-0.003906,0.009368,-0.000216,-0.014681,-0.003287,-0.00022,-0.007256,0.006423,0.017826,0.006486,0.006015,-0.003417,0.000429,0.000214,-0.004497,-0.001936,-0.011423,-0.002616,-0.009836,0.008574,0.002237,0.014063,0.006824,0.015523,-0.000646,-0.001292,-0.019413,0.00198,0.010538,0.000435,-0.002172,0.003264,-0.001735,0.014776,0.004925,0.003196,0.013806,-0.000209,0.006496,0.028316,-0.001215,0.002433,-0.001011,-0.005668,0.006107,0.007689,0.012651,0.001983,0.000396,-0.030465
SOUTHERN COPPER CORP,-0.012857,-0.018668,0.021147,0.022788,-0.015023,-0.018163,0.035759,0.014784,0.016168,0.025856,-0.00727,-0.022215,0.043192,0.031193,-0.019728,-0.079315,-0.000943,0.008237,0.029019,-0.011826,-0.006779,-0.000421,-0.024277,-0.048121,0.015157,0.017971,-0.043562,0.01304,-0.023568,0.003249,-0.018507,0.002168,-0.009784,0.026126,0.023424,-0.012846,0.007881,-0.007092,-0.003755,-0.009744,9.3e-05,0.008353,0.011966,0.055394,0.006205,-0.00257,-0.012538,0.01174,-0.015042,0.005323,-0.022743,-0.006928,-0.017084,-0.053781,0.003078,0.005753,0.007531,-0.014287,0.001536,0.010351,-0.014798,-0.026093,0.053979
MOODYS CORP,0.006913,0.009413,0.011052,0.018762,0.016172,0.005,0.014118,-0.002939,-0.007169,0.011623,0.019398,0.007246,0.004611,-0.003262,0.000921,0.005182,-0.019442,0.008796,-0.01169,-0.014588,-0.010953,0.003767,0.011738,0.012075,0.008881,-0.008022,-0.007669,-0.004558,0.003633,0.02167,-0.003495,-0.006088,0.010267,0.018845,0.006261,-0.00194,0.008889,0.00444,-0.018408,-0.00062,0.003648,0.00133,0.010724,-4.7e-05,0.014719,0.000555,0.007977,0.003074,0.013629,0.006159,0.001614,0.012671,0.008157,-0.015832,-0.014905,0.018591,0.003397,-0.04001,0.007838,0.026395,0.003142,0.017549,-0.003449
ZOETIS INC,-0.004647,0.055079,-0.000957,-0.006704,0.015065,-0.020956,0.019464,0.005412,-0.006685,0.005717,0.026115,0.002482,0.002015,0.001896,-0.009175,-0.004283,-0.006684,-0.004857,0.007232,-0.002919,-0.007963,0.000708,0.016572,-0.002843,0.022923,0.00546,0.000792,0.010796,-0.001622,-0.015067,-0.025761,-0.004495,0.002052,-0.007256,-0.008723,0.017303,0.004384,-0.022463,0.017383,0.032534,-0.017568,-0.004499,0.012922,0.004519,-0.003645,0.002686,-0.006783,-0.004304,0.024497,0.007314,-0.00592,0.0277,-0.004702,-0.013117,-0.003627,0.012207,-0.007634,0.001561,0.006123,-0.00509,0.011065,0.0,-0.009844
GENERAL DYNAMICS CORP,-0.001951,0.002897,0.002714,0.011245,0.00683,-0.002147,0.011034,0.001588,-0.009817,0.001806,0.001802,0.003938,0.011057,0.004047,-0.010559,0.003198,-0.005,0.010455,-0.00761,-0.012982,0.008859,0.012463,-0.005037,-0.003152,0.007164,-0.003941,0.002917,-0.01491,-0.006889,0.005775,-0.006183,-0.00253,0.007026,0.014192,0.00547,-0.004606,0.000939,-0.010887,-0.00254,-0.006892,-0.008068,-0.007824,-0.007156,-0.003254,-0.006248,-0.004296,-0.003423,0.008586,0.007946,-0.000915,0.005389,0.021617,0.001372,0.004384,-0.01722,0.010374,0.01116,-0.033247,0.022166,-0.001993,-0.003134,0.012159,0.019453
WASTE MANAGEMENT INC DEL,-0.006057,0.001935,0.003476,0.012892,-0.000285,-0.002375,0.002381,0.004703,-0.003168,-0.004554,-0.004098,0.015311,-0.008294,-0.009361,-0.000672,0.007632,-0.002048,-0.003246,-0.011254,-0.01114,0.010237,0.021721,-0.044749,0.011575,0.001326,-0.006866,-0.005926,0.005784,0.002082,-0.006234,0.001742,0.012027,0.013455,0.007317,0.004233,0.001054,0.016508,-0.001789,0.002877,0.0,0.00315,-0.018656,0.000525,0.003485,0.000618,0.001379,-0.002849,0.005523,0.002794,0.00935,0.010526,0.022639,0.011001,-0.000985,-0.001345,0.002917,-0.021123,-0.006172,-0.08032,-0.014806,0.018176,0.002793,0.007757
COLGATE PALMOLIVE CO,-0.000218,0.01099,-0.000323,0.00323,0.009659,-0.006484,0.006526,0.010842,-0.00673,0.001165,-0.000423,0.0,-0.004231,0.002762,0.008264,-0.004308,-0.01087,-0.004588,-0.014577,-0.00707,-0.003943,0.022325,-0.005271,0.014491,-0.001599,0.003417,-0.000958,0.000107,0.000639,-0.007769,0.016411,-0.001477,0.014056,0.011048,-0.000619,0.003301,0.017683,-0.00293,-0.004762,-0.000611,-0.011511,-0.015458,0.006071,-0.002393,0.012097,0.005461,-0.005534,0.003607,0.003799,0.003171,-0.008361,0.001542,0.020431,-0.008854,0.000711,-0.001326,-0.014293,0.000518,-0.001139,0.030055,0.014991,-0.003866,-0.012937
BROOKFIELD CORP,0.021187,0.016598,0.023529,0.024631,0.001145,0.005946,0.00591,-0.000452,-0.0052,0.014773,0.004479,-0.004682,-0.00336,0.007193,-0.005133,-0.005159,-0.003382,0.013122,-0.027468,-0.035591,0.015714,0.019456,0.004599,-0.024949,0.011972,-0.018557,-0.018672,0.00289,-0.012488,0.019212,-0.019566,-0.001463,0.002686,0.007063,-0.013059,-0.005881,0.020705,-0.00169,-0.011853,0.017381,-0.000481,-0.014685,0.027608,0.023538,-0.011847,0.004231,0.00632,0.025587,0.019732,0.023354,0.001739,0.02864,-0.014554,-0.011344,-0.002814,0.01802,0.003412,-0.025505,0.010251,0.020294,0.005502,0.006944,0.018809
MCKESSON H B O C INC,-0.011374,-0.001563,-0.002659,0.008603,0.023134,-0.003921,0.021173,0.008629,-0.009466,-0.005463,-3.6e-05,0.007615,0.015762,-0.000921,-0.020585,0.009033,0.001166,0.004838,-0.020455,0.017533,0.003704,0.015384,0.007356,0.000995,0.010231,0.011232,0.001348,0.007463,1.7e-05,-0.010993,0.010739,-0.001895,0.012713,0.009172,0.000514,-0.000265,0.007843,-0.005577,-0.008041,-0.010608,-0.015442,0.003938,-0.002575,-0.002531,0.00756,0.003011,-0.004614,1.7e-05,-0.019751,0.002486,0.002775,0.00984,-0.003237,-0.006236,0.002939,0.004947,0.0047,0.007256,0.009729,0.007436,0.010914,0.004961,0.011973
ENBRIDGE INC,0.001407,0.023321,-0.002197,0.009081,0.004363,0.010861,0.003492,0.011777,0.000794,-0.004519,0.0,-0.006218,-0.000272,0.000816,0.0,-0.004622,-0.017482,0.007506,-0.003587,-0.011908,0.002242,0.022931,-0.004101,-0.01098,0.006939,-0.002481,-0.011882,-0.002517,-0.005607,0.005075,-0.007854,-0.007068,-0.007688,-0.001435,-0.001437,-0.001439,0.012104,-0.003417,0.009714,-0.002264,0.009359,-0.008991,0.015311,0.002234,-0.007802,-0.006459,0.0,0.011023,0.000839,0.00838,-0.008587,0.006147,0.006387,0.000828,0.007444,0.005473,-0.007621,0.003017,-0.006563,0.009083,0.000546,0.014449,0.005644
CANADIAN PACIFIC KANSAS CITY LTD,-0.010965,0.025654,0.002137,0.022451,-0.002821,0.004675,0.010653,0.004725,-0.010853,-0.009631,-0.005785,0.012009,0.003915,0.007068,-0.017304,-0.011329,-0.012579,0.006937,-0.026055,-0.01582,0.013722,0.023076,-0.019279,-0.008095,0.008938,0.00719,-0.015551,-0.006474,-0.000912,-0.002739,-0.003401,0.009713,0.016249,-0.007035,0.014041,-0.000635,0.013601,-0.00627,0.005679,-0.009035,-0.001282,-0.015623,0.017548,0.023459,-0.006071,-0.003615,-0.018391,0.03505,0.025366,0.000841,0.0024,0.008738,-0.004272,-0.007508,0.003362,0.000718,-0.019493,-0.011343,-0.001357,0.016306,0.000122,-0.001945,0.020701
AMPHENOL CORP NEW,-0.012503,0.01459,0.013554,0.017531,-0.000561,0.015154,0.007898,-0.000313,-0.003214,0.01101,0.026447,-0.001895,0.001518,0.010992,0.015297,-0.00613,0.013599,-0.001173,-0.016588,-0.006792,0.0,-0.00526,-0.004457,-0.013128,0.024837,-0.018157,-0.001681,0.024495,0.004408,0.021945,0.004367,-0.010436,0.013037,0.009832,-0.0185,0.004237,-0.021243,0.010257,-0.011772,0.004914,-0.001778,0.002226,0.000592,0.003404,0.003245,-0.000294,0.009266,0.020402,-0.006998,0.004746,-0.002147,0.010042,-0.087914,0.02507,-0.022482,0.029371,0.000302,-0.064443,-0.00371,0.034003,-0.00736,-0.022874,0.037456
CINTAS CORP,0.007975,-0.001959,0.017742,0.017299,0.010325,-0.003233,0.008269,0.005774,-0.014509,-0.001536,0.006834,-0.001473,0.001099,0.007686,0.00357,0.002629,-0.008151,-0.01905,-0.018277,-0.010159,0.008606,0.01306,-0.005044,0.011756,0.004938,-0.005395,2.9e-05,0.002932,0.004063,0.00805,-0.000751,0.00539,0.01689,0.005046,-0.006329,0.002831,0.003514,0.005527,-0.010421,0.00588,-0.015991,-0.008797,0.014753,-0.002371,0.012879,-0.000962,0.000373,0.00627,0.000168,0.008214,-0.009574,0.014828,-0.007816,0.054447,-0.00054,0.017784,-0.020737,-0.002632,0.001048,0.008677,0.004557,0.001713,-0.002911
CANADIAN NATURAL RESOURCES LTD,-0.011475,-0.001201,-0.002805,0.017683,0.006187,0.008634,0.005577,-0.013027,-0.001437,-0.007067,0.002109,-0.00342,0.017157,0.002465,-0.001553,-0.022297,-0.000663,0.016452,0.011226,-0.030205,0.008652,0.013856,-0.046596,-0.020887,-0.001673,0.002654,-0.020059,0.00796,0.002679,-0.005063,-0.035906,-0.003812,0.003095,0.022262,0.01568,-0.014294,0.035093,-0.007005,-0.004515,0.010771,-0.001683,0.008427,0.003064,0.009442,-0.008803,-0.00111,-0.01556,0.016935,0.014432,-0.027907,0.032649,-0.019896,-0.008065,-0.000841,-0.012907,0.005685,-0.01922,-0.007781,0.0,-0.000291,-0.009587,0.00264,0.038034
C V S HEALTH CORP,-0.168365,-0.0206,0.013599,0.001252,-0.004109,-0.014891,0.014023,0.002514,0.011645,-0.008323,0.004643,0.022396,0.002782,-0.004854,-0.001394,0.002093,-0.031163,-0.001977,-0.03439,0.000746,0.044159,0.063526,0.010235,0.00083,0.007302,0.003954,0.013784,-0.02428,-0.004645,-0.000167,0.017336,-0.013272,0.014447,-0.00131,-0.000164,0.006066,0.005866,-0.020898,0.003144,-0.03744,0.011995,-0.015408,-0.010834,-0.014256,-0.001411,0.004769,0.012832,-0.001562,0.01182,0.013572,-0.005593,0.023692,0.025641,-0.027435,-0.005675,-0.009652,-0.006172,0.009833,0.001879,0.040068,0.009344,0.026149,-0.045109
TRANE TECHNOLOGIES PLC,-0.007437,0.005746,0.007892,0.020201,0.000461,0.005247,0.016239,-0.002824,-0.016085,0.01047,0.006756,-0.022781,0.012072,0.006907,0.014113,-0.006109,-0.001829,0.015019,-0.028439,-0.019006,0.009097,0.007569,-0.018201,-0.006128,0.011642,-0.014818,0.004428,0.018964,0.000123,0.021561,0.004336,-0.011782,0.017201,0.030032,-0.027361,-0.005388,0.012032,-0.007512,-0.017402,0.011796,-0.014147,-0.023014,0.010798,0.019887,0.001177,0.005548,0.00066,0.021214,0.010974,-0.002177,-0.008173,0.015601,-0.031416,-0.015115,-0.000696,0.021082,0.023317,-0.035135,-0.031907,0.023245,0.00646,-0.009071,0.016574
EQUINIX INC,-0.022191,0.004847,0.002118,-0.009212,0.026149,-0.026915,0.115084,-0.019096,0.025354,0.016643,0.025145,-0.012573,0.000413,-0.005689,0.001534,-0.013607,-0.017826,-0.001837,0.003381,-0.011305,0.000803,0.00309,-0.015099,0.017592,-0.007938,0.005563,-0.012375,0.012132,-0.002951,0.001539,0.006763,-0.000443,-0.005064,0.015032,-0.013233,0.001833,-0.016732,-0.012417,-0.001333,0.013601,0.00617,0.004071,-0.004344,-0.009757,0.00733,0.003221,0.013093,0.011906,0.028146,0.008824,-0.000224,0.009892,-0.011666,-0.010048,-0.010376,0.015302,0.005145,-0.010984,-0.031279,0.004056,0.005334,-0.010019,0.027928
VANGUARD STAR FUNDS,-0.000849,0.017162,0.008854,0.005465,-0.000659,-0.001318,0.006023,0.001394,0.001638,0.006214,0.010076,-0.003379,0.004359,0.0,-0.002893,-0.007577,-0.00666,0.008013,-0.000324,-0.016715,0.006272,0.00492,0.004243,-0.006501,0.008997,0.003243,-0.011312,0.002615,-0.008966,0.010528,-0.010418,-0.005593,0.003474,0.004616,-0.000656,-0.005854,0.007326,0.0,-0.00595,0.001829,0.00083,0.001161,0.00381,0.011881,0.005055,-0.002921,-0.00179,0.011738,0.004673,0.008661,-0.008268,0.005612,-0.007653,-0.00964,-0.006652,0.009146,-0.005988,-0.012537,-0.004946,0.012593,-0.004255,0.000493,0.016426
CHIPOTLE MEXICAN GRILL INC,-0.006627,0.001061,0.004262,0.013856,-0.001694,-0.003266,0.015619,0.001936,-0.013531,-0.005862,-0.002635,-0.007076,0.021473,-0.011527,-0.00113,-0.006121,-0.004788,0.004254,0.000701,-0.02568,0.010736,0.007624,-0.016952,0.000835,0.02239,0.020229,-0.013277,-0.012351,0.000102,0.012958,0.029804,0.001975,0.028655,0.018467,-0.062198,-0.001223,-0.005217,0.027961,0.003034,-0.052384,0.003846,-0.013408,-0.006633,0.002932,0.019,-0.051634,-0.034112,0.014266,-0.012865,0.002085,-0.01838,0.019961,-0.042432,-0.034545,0.002997,0.000374,-0.018857,-0.014653,-0.01854,-0.019481,0.022878,0.031391,0.033289
FERRARI N V NEW,0.000577,0.020724,0.013496,-0.006112,-0.062339,0.013018,0.002979,-0.005964,0.001803,0.013038,0.01506,0.005657,0.006507,-0.013379,0.004128,-0.007936,-0.003662,0.00636,-0.00966,-0.014437,0.006869,0.004939,-0.004745,0.004132,0.028388,-0.012973,-0.00957,0.001332,-0.006143,0.039957,-0.024991,-0.016079,0.01483,-0.004086,0.013829,-0.01295,0.016954,0.005075,-0.026662,-0.007418,-0.002662,0.004579,0.010092,0.020126,-0.000781,0.011814,-0.00255,0.020549,-0.015125,0.015614,-0.015167,0.00154,-0.019827,0.004088,-0.014488,0.026134,-0.00941,-0.02245,-0.018735,0.019413,-0.005075,-0.003473,0.006679
SHOPIFY INC,0.002849,0.022727,0.034167,0.039081,-0.004136,-0.185853,-0.004464,-0.056205,-0.002715,-0.012759,0.012752,-0.016335,0.012455,0.006492,-0.032083,0.029463,-0.018058,-0.011624,0.021415,0.003093,0.002912,0.01042,0.009298,0.016415,0.009394,0.003429,0.002115,0.023056,0.012855,0.025854,-0.011914,0.045911,-0.016849,-0.034125,-0.005759,0.018003,-0.011072,0.007308,0.010343,0.014057,-0.004821,-0.021499,0.022126,0.010142,0.013487,-0.004288,-0.017969,-0.007863,-0.004573,-0.006431,-0.010479,0.085812,-0.070425,-0.026231,0.000792,-0.007441,-0.000479,-0.054102,0.002868,0.008412,-0.001168,-0.011191,0.033784
FEDEX CORP,-0.004011,0.004986,-0.005267,-0.001381,-0.00315,-0.005627,0.015697,0.014005,0.004365,-0.029413,0.001081,-0.002082,-0.005912,-0.009874,-0.009344,-0.00103,-0.011029,-0.006819,0.001818,-0.011813,0.018237,0.01755,-0.021027,-0.010739,0.008538,0.00895,-0.010149,0.02418,-0.005084,-0.015173,0.0,-0.008729,0.01473,-0.007878,0.017857,0.004514,0.016676,-0.000507,0.155277,-0.002431,0.01479,-0.003869,-0.00154,-0.015123,0.000987,0.005204,-0.009474,0.001845,0.02138,-0.001736,0.020066,0.027867,-0.009856,-0.012273,-0.001011,0.003656,-0.021566,-0.008378,0.001039,0.005191,-0.003032,0.005514,0.004553
ILLINOIS TOOL WORKS INC,-0.007538,-0.000949,0.007767,0.005207,0.007953,0.001052,0.009418,0.002403,-0.00016,-0.003636,-0.001163,0.00273,0.003323,-4e-05,-0.007223,-0.000161,-0.029308,-0.005715,-0.01108,-0.010109,0.011872,0.020816,-0.011864,0.003335,0.003033,-0.001781,-0.002282,-0.004367,-0.004721,0.00659,0.003294,-0.022569,0.016074,0.006445,0.011809,-0.012041,0.00911,-0.019127,0.003908,-0.006237,0.004086,-0.014981,0.008997,0.002038,-0.012077,0.003303,0.000641,0.007904,0.018143,0.023898,0.003253,0.027398,0.001578,-0.018118,-0.026756,0.011417,-0.009495,-0.015469,0.01893,0.015011,0.002142,0.005322,-0.008262
CADENCE DESIGN SYSTEMS INC,-0.003918,0.006884,0.018774,0.012641,-0.004032,-0.005175,0.009591,0.007712,-0.010505,-0.003972,0.034483,-0.014227,-0.000415,0.012673,-0.008103,0.009445,0.006317,-0.001391,0.006558,-0.015226,-0.011827,-0.00673,-0.000559,0.003425,0.032355,-0.002294,-0.004463,0.005978,0.0157,0.036133,-0.013346,0.014827,0.031977,0.013723,-0.02441,-0.000439,-0.029052,0.007731,-0.007062,-0.004558,-0.000552,0.010301,0.018847,-0.004135,0.017878,-0.011678,-0.006617,0.014401,-0.017917,0.005094,-0.000127,-0.012356,-0.075739,-0.035714,0.007631,0.025469,-0.014247,-0.058836,-0.029887,0.001587,0.001005,-0.02293,0.057485
THOMSON REUTERS CORP,0.002515,0.075786,0.010923,0.014144,-0.000838,0.00012,0.005511,-0.000536,-0.001728,0.00203,0.014836,0.007304,0.0,0.001637,0.010508,-0.002715,0.000521,0.017774,-0.018772,-0.019943,0.002839,0.015219,-0.020684,0.010501,0.007868,0.003437,-0.008708,-5.9e-05,-0.00369,0.001293,-0.012036,-0.005645,-0.000717,-0.003469,0.00162,-0.010066,0.000968,0.016749,0.000654,0.013253,-0.011262,-0.002966,0.001666,0.000297,0.004869,-0.007978,-0.005063,0.004011,-0.015087,-0.000606,-0.006301,0.005975,-0.006,-0.005548,-0.002698,0.018443,-0.003984,-0.009091,-0.007095,-0.003942,0.002412,-0.009007,0.008031
EOG RESOURCES INC,-0.016499,0.014236,-0.013505,0.003538,-0.001686,-0.003301,0.005623,-0.003523,-0.005381,0.000232,-0.002627,-0.009063,0.015791,-0.000616,-0.007393,-0.02211,-0.016025,-0.006128,0.02093,-0.031228,0.002707,0.018814,-0.039422,0.001337,0.004257,0.007481,-0.008415,0.011648,0.003619,-0.009014,-0.015133,-0.007221,0.007104,0.003527,0.020837,0.000492,0.026628,0.001995,-0.007726,-0.000241,0.010598,0.005323,0.000869,0.000947,-0.014436,0.005523,0.000318,0.004377,0.015449,0.006086,0.028693,-0.008519,0.013458,-0.001133,-0.022537,-0.018027,-0.015916,0.001601,0.015508,0.000866,-0.015494,0.007749,0.005153
CANADIAN NATIONAL RAILWAY CO,-0.003541,0.007851,0.012955,0.021451,-0.007211,0.00455,0.011124,0.001336,-0.006357,-0.001501,-0.008147,0.009411,0.006084,0.006832,-0.011856,0.006551,-0.009175,0.004432,-0.022299,-0.007334,0.007307,0.026276,-0.011152,-0.003971,0.005103,0.004681,-0.015022,0.001531,-0.009171,-8.1e-05,-0.011855,0.00115,-0.00911,-0.018885,-0.003799,-0.010424,0.013188,-0.003635,0.003054,-0.002114,0.001187,-0.01219,0.007627,0.012842,-0.009824,-0.010346,-0.009683,0.025872,0.007169,0.006783,0.011313,0.017026,-0.004933,-0.015686,-0.003633,0.012596,-0.018087,-0.034839,-0.020553,0.017898,-0.00589,0.003572,0.004949
TRANSDIGM GROUP INC,0.001034,0.017978,0.017314,0.006052,0.006738,0.00351,0.002935,-0.006346,-0.022839,-0.003741,0.010527,-0.002234,0.004377,0.016108,0.018343,-0.007967,0.003416,0.014721,-0.023972,-0.004287,0.007285,0.016174,-0.003008,0.001225,0.016013,-0.020297,-0.018469,-0.003061,-0.009273,0.021834,0.00115,-0.021826,0.018652,0.015596,-0.007324,-0.006453,0.005268,-0.00579,-0.014791,-0.009363,-0.008567,-0.019482,0.02026,0.004225,-0.006973,-0.001859,-0.001352,0.001747,-0.013389,-0.010616,-0.000298,0.031048,-0.03048,0.003585,-0.006301,0.014361,0.024908,-0.032359,-0.013698,0.005242,0.00102,0.022684,0.023779
PARKER HANNIFIN CORP,-0.003578,-0.022617,0.010364,0.027248,-0.001107,0.008597,0.013354,0.000785,-0.017999,-0.002958,0.007044,-0.024907,0.010417,0.005302,-0.002062,-0.001463,-0.03571,0.006191,-0.00621,-0.006362,0.002427,0.013462,-0.034693,-0.001228,0.020978,-0.015252,0.001786,0.019103,-0.005703,0.019044,-0.007618,-0.048402,0.005424,0.001581,0.002289,-0.007539,0.012159,-0.009779,-0.005284,0.003163,0.003153,-0.00949,0.018004,0.005274,-0.014082,0.006469,-0.000177,0.028486,0.009538,0.018442,0.012716,0.043948,-0.018886,-0.018407,-0.005514,0.013715,-0.000833,-0.040605,0.029985,0.01739,-0.010981,0.004904,0.018051
P N C FINANCIAL SERVICES GRP INC,0.004698,0.01104,0.003469,0.001344,-0.00179,0.006788,-0.000573,0.002928,0.002983,0.008542,0.012171,-0.002789,-0.003356,-0.020019,0.008973,-0.01293,-0.023834,0.009753,-0.012447,-0.007746,0.018259,0.022544,-0.015122,-0.005483,0.002854,0.002393,0.005872,-0.020465,-0.01598,0.015907,-0.005831,-0.004349,0.011185,0.011127,-0.008415,0.000131,0.011097,-0.019367,-0.000592,0.00079,0.023366,0.004245,0.017292,-0.00661,-0.008112,0.01444,0.017258,0.017275,0.024346,0.001545,0.012221,0.047095,0.015426,-0.020255,-0.003181,0.009344,0.008298,-0.00683,0.014656,0.006722,-0.001159,0.005414,-0.004836
AON PLC NEW,0.006383,-0.013107,-0.000428,0.019645,0.010089,-0.015745,0.013284,0.019195,-0.015421,-0.002287,-0.000452,0.014698,0.001473,0.001744,-0.010172,-0.018381,-0.018795,0.005192,-0.005307,-0.012318,0.003952,0.017081,-0.001349,0.01152,0.003796,0.000455,-0.009065,0.01321,0.023845,0.004358,0.001492,-0.000102,0.01564,-0.007533,-0.003896,0.002933,0.003362,-0.018897,-0.013831,0.013956,0.002664,-0.000307,0.007087,-0.002707,0.003698,0.007605,-0.016605,0.007675,0.004705,0.004481,-0.002751,0.00148,0.009068,-0.002563,-0.011712,0.00996,-0.002307,-0.000771,0.002515,0.080448,-0.011486,0.029597,-0.0007
APOLLO GLOBAL MANAGEMENT INC NEW,-0.005628,0.0399,-0.023289,0.018454,0.015249,0.001237,-0.009972,-0.001159,-0.020346,0.009929,0.040137,-0.018449,0.003105,-0.00115,0.015494,-0.007498,-0.008433,0.023388,0.000693,-0.021021,0.031811,-0.005224,0.003357,-0.022909,0.021075,-0.028466,-0.0054,0.057049,-0.017344,0.014309,-0.01774,-0.003526,0.003625,0.008857,0.009461,-0.005488,0.004245,0.001606,-0.003461,-0.000508,0.000593,0.005675,0.010948,-0.001999,-0.008848,-0.023749,0.006556,0.021683,0.015854,-0.004624,0.01626,0.012245,-0.022742,-0.007014,0.001496,0.028877,0.006855,-0.024992,-0.000493,0.00411,-0.000819,0.004752,0.021771
NORTHROP GRUMMAN CORP,0.002763,-0.023377,-0.012442,-0.00049,0.01043,-0.004517,0.003859,0.002894,0.003896,-0.005413,-0.009324,0.002214,-0.000999,-0.002722,0.006312,0.005912,-0.015758,0.00274,-0.023433,-0.02,0.000291,0.009518,-0.003195,-0.002092,-0.013426,0.005448,-0.010657,-0.009704,-0.013654,-0.006212,-0.008732,0.001582,0.013417,-0.009191,0.020313,-0.005501,-0.003286,-0.005085,0.007025,0.007926,0.002391,-0.002179,0.005448,-0.00064,-0.005399,-0.010305,-0.015154,0.005924,0.01356,0.000509,-0.00074,0.007501,0.011513,-0.001272,-0.003799,0.000365,0.009587,-0.000407,0.064349,0.020677,-0.006267,0.019778,-0.004951
3M CO,0.019998,-0.016558,0.003512,-0.005764,-0.010871,0.008478,0.010171,0.016439,0.007076,0.004517,0.011591,0.035757,0.003815,-0.000475,-0.019675,-0.015998,-0.012612,0.001608,-0.009933,-0.01135,0.00656,0.019756,-0.003795,-0.011528,0.004563,-0.00848,0.026878,-0.001983,0.006557,-0.001086,0.003261,-0.006303,-0.003667,0.002387,0.008832,0.007181,0.00586,-0.009127,-0.00588,0.016954,-0.009499,-0.015461,0.010039,0.0,-0.002952,-0.002171,-0.013947,0.019862,0.015344,0.007847,-0.012687,0.005744,0.012874,-0.005925,-0.000961,0.010104,-0.002286,-0.014132,0.001356,0.229906,-0.015728,0.012704,0.006312
U S BANCORP DEL,0.010337,-0.001949,0.01074,0.009901,-0.005739,0.002645,-0.003598,0.007463,-0.008602,0.011087,0.006436,-0.013501,-0.005282,-0.013034,0.007092,-0.009956,-0.018396,0.012744,-0.018752,-0.018356,0.008709,0.029711,-0.020222,-0.019381,0.00308,-0.001535,0.0,-0.00692,-0.007742,0.021586,-0.000509,-0.010953,0.006696,0.005116,-0.000255,0.010693,0.021411,-0.01307,-0.007746,-0.000755,0.012853,-0.011587,0.018604,-0.011509,-0.011896,0.010758,0.01039,0.023326,0.027696,0.004054,0.005938,0.022196,0.045507,-0.01878,0.007881,0.006256,0.011323,-0.017124,0.007148,0.008206,-0.00198,0.002204,-0.012976
C M E GROUP INC,-0.007489,-0.002836,0.000819,0.001686,0.001635,0.0168,0.008355,-0.024109,0.007004,0.004192,-0.012049,0.021464,0.001927,-0.008774,-0.004355,0.005372,0.00279,0.013439,-0.029872,-0.012518,-0.004808,-0.00937,-0.00606,0.010062,-0.016145,0.004988,-0.004864,-0.004314,0.001008,-0.014947,-0.00046,0.007616,-0.002739,-0.000305,0.009973,-0.020203,0.003085,-0.005024,0.005667,0.001691,0.005472,-0.005595,0.008082,-0.005176,0.001734,-0.007281,-0.001795,-0.005344,0.011468,-0.012104,0.018508,0.001827,0.020723,-0.004219,-0.003788,0.00015,-0.012207,-0.000962,0.010799,0.005818,-0.008078,-0.008647,-0.017698
BECTON DICKINSON & CO,-0.003751,0.028367,-0.023591,0.008096,0.002409,-0.015054,0.006079,0.002851,0.005431,-0.00823,0.009745,-0.002824,-0.001352,0.003512,-0.009573,-0.001746,-0.017488,-0.006772,-0.008698,-0.007628,0.007598,0.022886,0.029616,-0.001424,-0.009224,0.016378,0.001915,-0.000707,-0.019081,-0.004044,-0.008633,0.007587,-0.004193,0.004211,0.01998,-0.000461,-0.009988,-0.008647,-0.009621,-0.002936,0.011995,-0.018998,-0.000131,-0.001745,-0.004719,-0.009747,-0.018046,0.010837,0.00478,0.018538,-0.013225,0.020435,0.014521,-0.00987,-0.004315,0.001517,0.014021,0.012845,-0.019213,0.019418,0.002276,0.016398,-0.002813
TARGET CORP,-0.028264,0.010804,-0.000506,0.001962,0.013009,-0.005112,0.029639,-0.007242,-0.01367,-0.005221,-0.009122,0.019935,-0.003237,-0.021358,-0.005935,-0.080306,0.007957,0.005678,0.012876,0.004351,0.014417,0.04197,-0.020044,-0.016206,-0.021255,-0.015066,0.005995,0.01726,-0.015688,0.004036,-0.014307,-0.02433,0.026991,-0.016762,0.005893,0.01918,0.024362,-0.019507,0.002725,-0.003058,0.008997,-0.015536,-0.002402,-0.004058,0.00587,0.021078,-0.007531,-0.010095,0.036206,0.009577,-0.010141,0.024521,0.005935,-0.024626,-0.015517,0.008616,-0.004966,-0.025421,-0.001093,0.018525,-0.014631,0.007696,0.016627
SCHLUMBERGER LTD,-0.00674,0.008906,0.001681,0.006295,0.004379,-0.006435,0.012954,0.000413,0.005155,-0.002667,-0.006376,0.002277,0.003511,-0.007409,0.001244,-0.037482,-0.003442,-0.001727,0.006272,-0.019127,-0.001096,0.00658,-0.03966,-0.014976,0.001497,0.010648,0.020385,0.009652,-0.000445,-0.005561,-0.02013,-0.018489,0.014651,0.018565,0.022952,0.004399,0.03986,0.000842,-0.027147,0.016872,0.003616,-0.012717,0.002361,0.013279,-0.024731,0.002167,-0.022491,0.00177,0.020097,0.004979,0.033175,0.015847,0.003695,-0.003681,0.019499,-0.004631,-0.007888,-0.020795,0.004164,0.01244,-0.019865,-0.005224,0.014283
SPOTIFY TECHNOLOGY S A,0.01462,0.033844,0.006459,0.011518,-0.004775,0.002013,3.4e-05,-0.013594,-0.016599,0.001415,0.044533,-0.016236,0.015766,0.017799,-0.010642,-0.020234,0.005858,0.025457,0.006912,-0.008927,-0.009203,-0.025961,0.056742,0.041643,-0.005908,-0.016136,-0.035367,0.002563,0.003236,0.01771,-0.030048,0.022908,-0.00575,-0.004241,0.012875,0.012265,-0.008655,0.019969,-0.007221,-0.011224,-0.005042,0.000159,0.005449,-0.002377,0.006512,-0.00991,-0.006885,-0.021056,-0.013148,0.004286,-0.000397,-0.01208,-0.012596,-0.015539,0.016991,0.00122,0.119614,0.017322,-0.022495,-0.021493,0.005779,0.020418,0.041138
C S X CORP,-0.000602,0.011145,0.008341,-0.005022,0.008314,0.007656,0.008182,-0.003478,0.004072,-0.017092,-0.002653,0.00266,-0.012084,-0.003282,-0.010177,0.028425,-0.014996,0.008358,-0.008881,-0.007168,0.001805,0.017117,-0.016889,-0.012357,0.008544,-0.001815,-0.007275,0.005496,-0.007896,0.002755,-0.007021,-0.010759,0.013362,0.012879,0.008477,0.003002,-0.005986,-0.015056,0.009171,0.000606,0.012716,0.004185,0.005061,-0.00622,-0.007452,0.002703,-0.027254,0.013547,0.024909,0.001482,0.023972,0.021098,0.003397,-0.01213,-0.009423,-0.005189,-0.02521,-0.01308,0.012048,0.021429,0.002331,0.018023,0.002284
WELLTOWER INC,-0.009656,0.018228,-0.00281,0.010124,0.007026,0.009645,0.007724,0.002824,0.006577,-0.006635,0.02206,-0.000495,0.003368,-0.004443,0.002578,0.007616,-0.018749,0.009104,-0.000397,-0.001884,0.015004,0.01488,0.003762,0.004132,0.004977,-0.003428,-0.008027,-0.002697,-0.000676,-0.005703,0.009721,0.001637,-0.002403,0.001445,-0.008755,-0.006891,0.006353,-0.019812,0.008917,0.014927,0.008708,-0.002398,0.018942,-0.005851,0.010726,-0.019346,0.003926,-0.002671,0.000956,-0.0043,0.010941,0.005696,0.008023,-0.007866,0.01378,0.011358,0.008837,-0.000365,-0.009676,0.011891,0.017034,0.005284,-0.00882
PAYPAL HOLDINGS INC,-0.026207,0.0127,-0.01911,-0.00137,0.004725,-0.032008,0.01003,-0.023584,0.016209,0.009851,-0.01053,0.00313,0.005928,0.004497,-0.010344,-0.029797,-0.009809,0.000974,0.008598,-0.018015,0.023915,0.007679,0.007461,-0.002048,0.003158,0.054935,0.004178,-0.00312,-0.03458,-0.020689,-0.029797,-0.014706,-0.008328,-0.016797,0.011502,0.013545,-0.018479,-0.00269,-0.018035,0.001888,-0.005825,-0.003791,0.020066,0.011362,0.002012,-0.011212,-0.001523,-0.001695,0.018506,0.004667,0.003318,0.02216,-0.009222,-0.020248,-0.011167,0.024271,-0.017443,-0.027466,-0.014638,0.0187,0.011151,0.08585,0.027813
N X P SEMICONDUCTORS N V,-0.026387,0.019364,0.01412,0.006903,-0.003775,0.006031,0.002267,0.003566,0.008406,0.014133,0.016215,-0.008787,-0.00701,0.021851,0.003107,0.01607,-0.021913,0.016317,0.008875,-0.020742,-0.008765,0.002468,-0.007938,-0.013485,0.035299,-0.013384,-0.000441,0.018243,0.003901,0.018206,-0.02299,-0.024032,0.008964,0.000516,-0.024761,0.023991,-0.013873,0.009915,-0.006483,-0.011784,0.015396,-0.012709,0.023977,0.000919,0.004591,0.013453,-0.008333,0.027136,-0.027588,0.020431,0.009208,0.028327,-0.049832,0.010786,-0.035736,0.05392,-0.07579,-0.030118,-0.027083,0.024686,0.008635,-0.016145,0.045614
EMERSON ELECTRIC CO,-0.01234,-0.000376,0.001222,-0.002816,0.010919,0.048883,0.026099,-0.000346,-0.006318,-0.004093,0.00411,-0.012846,0.000532,0.007264,0.0,0.008619,-0.019097,0.008267,-0.012079,-0.010085,-0.00018,0.011362,-0.027907,-0.019811,0.013194,-0.021334,0.018968,0.006946,-0.010301,0.008271,0.000276,-0.019073,0.008548,0.012201,-0.004969,0.002497,0.008394,-0.013264,-0.016223,0.020449,0.017269,-0.019154,0.011291,0.002654,-0.000913,0.004659,-0.003456,0.017429,0.023767,0.003855,0.02077,0.016244,-0.005216,-0.014461,-0.007379,0.018586,-0.001782,-0.030097,0.004471,0.019635,0.008216,-0.017827,0.012187
MOTOROLA SOLUTIONS INC,-0.009288,0.000714,0.051927,-0.011479,0.024397,0.002373,0.003036,0.007609,-0.013366,0.00852,0.011023,0.003781,0.003794,0.001713,0.003556,0.003597,-0.020805,0.00344,-0.012918,-0.007725,0.007225,0.014513,0.004083,0.007697,0.003873,-0.000486,0.001593,0.007384,0.008293,0.0065,-0.006959,-0.000849,0.019738,0.002038,0.002607,0.003744,0.005492,0.005668,-0.015703,0.005648,-0.000906,0.000829,0.001009,-0.002482,0.002773,0.009564,0.000384,0.000845,-0.006035,0.003782,0.010842,0.00426,-0.005959,0.001905,-0.010825,0.015275,0.00101,-0.015004,-0.012673,0.0209,0.004343,-0.000228,0.009081
ECOLAB INC,-0.005174,0.007912,0.003263,0.006374,0.01734,0.001331,0.001501,-0.000257,-0.00758,0.000647,0.004528,-0.001374,0.004428,0.004408,0.001321,-0.005532,-0.002439,0.005062,-0.023089,-0.012101,0.011365,0.015304,0.003101,0.011163,0.015583,0.00556,-0.00553,-0.001756,0.007706,0.004447,-0.000621,-0.006128,0.013122,0.002714,0.002466,0.00041,0.002664,-0.014143,-0.002198,-0.004571,-0.00647,-0.010504,0.000637,0.000849,0.009922,0.01969,-0.002594,0.004211,0.005056,0.006626,-0.017349,0.01381,-0.007627,-0.004315,0.003715,0.013077,0.001502,-0.005229,-0.007212,0.006484,0.010928,-0.07688,0.007996
O REILLY AUTOMOTIVE INC NEW,-0.008043,0.001114,0.006678,0.0031,0.004547,-0.000362,0.010173,-0.011051,-0.006455,-0.005905,0.003586,-0.004355,0.006044,-0.016531,0.000261,-0.004168,-0.015704,0.011364,-0.029839,0.000407,0.005992,-0.000394,-0.006904,0.014311,0.006761,0.005692,-0.003787,-0.003637,0.025525,0.00421,-0.008424,0.011579,0.035679,0.012845,0.022638,0.001129,0.001599,-0.023747,-0.006561,0.006252,-0.001286,-0.037631,0.020407,-0.01593,0.006154,-0.003925,-0.00701,0.012377,0.004668,0.006893,0.002211,0.001065,0.000105,-0.01489,0.014367,0.013655,-0.007653,0.001621,0.040163,0.015921,0.007097,0.02031,-0.012762
FREEPORT MCMORAN INC,-0.000601,-0.022641,0.034235,0.010704,0.007845,-0.027826,0.022418,0.009984,0.008723,0.027671,0.002431,-0.029286,0.042083,0.011617,-0.009843,-0.056885,-0.000586,0.006445,0.040753,-0.016036,-0.008717,0.008029,-0.013086,-0.044965,0.015895,0.015053,-0.038634,0.014816,-0.0132,-0.002837,-0.024594,0.002501,-0.017668,0.009099,0.035018,0.004052,0.016546,-0.009925,-0.00822,-0.023246,0.005795,-0.003909,0.006197,0.039828,0.017177,-0.00757,-0.006454,0.015551,-0.001551,-0.004465,-0.013846,-0.006942,-0.031356,-0.053196,-0.000435,0.002396,-0.016083,-0.024078,0.007922,0.010555,-0.013778,-0.011942,0.035576
ALIBABA GROUP HOLDING LTD,0.008818,0.063833,0.012449,0.002705,-0.026732,-0.011465,0.012745,0.007299,0.056972,-0.060165,0.018614,0.070503,0.021223,-0.002937,-0.024354,-0.040056,-0.022738,0.005693,-0.008368,-0.018863,0.00721,-0.0162,-0.005616,0.00706,0.017591,0.002255,-0.019998,0.011351,-0.017655,0.001797,-0.00897,-0.030788,0.01636,-0.001207,-0.001477,-0.009146,0.015203,-0.013371,0.00515,-0.024269,-0.005113,0.0025,0.020781,0.025652,-0.013894,-0.013688,0.029932,0.004095,0.033022,0.014391,-0.02059,0.004743,-0.017096,-0.00649,-0.016593,0.018201,-0.007046,-0.003942,-0.005277,0.014987,0.02731,-0.007886,0.010897
MARRIOTT INTERNATIONAL INC NEW,-0.009613,0.007269,-0.004118,0.009506,-0.003505,-0.002712,0.009305,0.012293,-0.01231,-0.006863,0.000551,0.012542,-0.005147,0.010937,-0.00853,-0.008897,-0.014694,0.019521,-0.010356,-0.024259,0.002189,0.009652,-0.012069,0.009327,0.009804,-0.003179,-0.004008,0.007183,-0.000516,0.01685,0.016529,-0.004242,0.021925,-0.006743,0.003826,-0.001844,0.008746,-0.003379,-0.013561,0.003064,-0.001981,-0.009348,0.001962,0.000792,0.003373,-0.004648,-0.009756,0.021051,-0.011298,0.012553,0.015981,0.034216,-0.029634,-0.013977,-0.000737,-0.003977,-0.002593,-0.030003,-0.005488,0.012193,0.007819,0.001342,-0.048038
ENTERPRISE PRODUCTS PARTNERS LP,-0.012108,0.011175,0.001783,0.009609,-0.000705,0.001411,0.008454,0.005938,-0.001042,0.006257,-0.0038,-0.007975,-0.001748,0.003151,0.001047,-0.008717,-0.007738,0.0,-0.004254,-0.001424,0.002139,0.013874,-0.009474,0.003188,0.001059,0.002469,-0.002463,0.006702,-0.004205,-0.000704,-0.002817,0.000353,0.001412,-0.002467,0.009894,-0.00035,0.014351,0.004831,-0.003434,-0.004135,0.002768,0.000345,0.001725,0.000689,-0.001721,0.004136,0.00206,-0.001028,0.001029,0.007194,0.006803,0.000338,0.003377,0.004039,0.005699,-0.000667,0.000334,-0.00967,-0.004714,0.012855,-0.008016,-0.004714,-0.00592
MARATHON PETROLEUM CORP,-0.015133,0.022238,-0.002186,0.00126,-0.010176,5.5e-05,0.011054,-0.018422,-0.009468,-0.018835,-0.005931,0.012279,0.028037,-0.019981,0.00284,-0.003171,0.003068,0.007023,0.007649,-0.037397,-0.002609,0.026743,-0.010532,0.002918,-0.007646,0.010407,-0.003585,-0.00434,0.000688,-0.032672,0.01037,-0.00258,0.009761,0.004193,0.007017,-0.005701,0.007645,0.006897,-0.00508,-0.007975,0.003296,0.007551,-0.003719,0.004881,-0.024287,-0.019152,-0.027169,-0.004542,0.01301,0.007122,0.007555,0.005758,-0.012584,-0.006282,0.00389,0.00448,-0.011634,0.021833,0.023575,0.006706,-0.003996,0.036811,-0.007123
GALLAGHER ARTHUR J & CO,0.017513,-0.001089,0.000755,0.017971,0.008271,-4.1e-05,0.010408,0.013169,-0.005263,0.00489,0.004228,0.014854,0.008414,-0.004968,0.005655,-0.000737,-0.025965,0.004383,-0.014798,-0.012121,0.015368,0.017022,-0.001184,0.008655,-0.008346,-0.005729,0.009895,0.006469,0.003723,0.010776,0.007339,-0.00974,0.011307,0.002719,0.010654,-0.000227,0.00223,-0.019948,-0.024625,0.026154,-0.003152,-0.000347,0.010725,0.002405,0.007768,-0.000491,-0.002306,0.014663,0.008663,0.003443,-0.002177,-0.010501,0.015806,-0.004856,-0.000961,0.005513,0.005372,0.004026,-0.001276,0.035077,-0.014846,0.020153,-0.005298
PHILLIPS 66,-0.020948,0.026104,-0.001807,0.010515,0.00062,0.011914,0.005308,-0.014351,-0.003571,-0.001585,0.009389,-0.002462,0.016318,-0.018085,-0.001939,-0.008603,-0.004968,0.003446,0.000561,-0.032012,0.001447,0.026881,-0.022377,-0.013964,0.00292,0.007133,-0.002168,0.000362,0.001231,-0.016487,0.012205,-0.00661,0.003875,-0.010489,0.015532,0.000942,0.003331,0.012198,-0.00328,-0.002719,0.012697,-0.0017,-0.003264,-0.000712,-0.014034,-0.017702,-0.023097,0.008734,0.02202,0.012562,0.010315,-0.00207,0.006868,-0.0216,0.005592,0.011844,-0.021697,0.008025,0.031411,-0.002105,-0.012657,0.048145,-0.011483
CARRIER GLOBAL CORP,-0.006017,0.000164,0.018871,0.031728,0.003122,0.000778,0.014461,0.003985,-0.017863,0.009793,0.012931,-0.012158,0.003539,0.011498,0.003637,-0.013138,-0.015302,0.020202,-0.014928,-0.024741,0.004281,-0.002368,-0.01899,-0.011615,0.03101,-0.010923,0.003681,-0.002711,-0.008634,0.038387,-0.006058,0.005626,0.011966,0.009214,-0.022824,-0.017907,0.027831,-0.010831,-0.016737,0.005886,-0.002372,-0.018706,0.015024,0.010027,-0.003467,-0.001739,-0.013306,0.021031,0.044183,-0.006174,0.020606,0.037411,-0.032914,-0.007843,-0.012081,0.02657,0.003971,-0.033397,-0.017578,0.029924,0.01273,-0.00281,0.010085
AIRBNB INC,-0.015198,0.013896,0.008716,0.014338,-0.013519,-0.011952,-0.068714,-0.004964,0.019205,-0.016295,-0.006135,0.009534,-0.010395,0.004874,-0.015509,-0.009646,-0.011702,0.024319,0.017582,-0.002721,-0.007435,-0.004055,0.009108,0.005675,-0.008839,0.008369,-0.002313,0.009614,-0.002161,0.010626,-0.021564,-0.00089,0.024183,-0.014783,0.004006,0.011428,-0.007889,0.016982,-0.00603,0.010733,0.000132,0.0,0.017872,-0.010432,-0.001506,-0.003541,0.003224,-0.004001,-0.038462,0.005342,0.002998,0.027442,-0.021552,-0.007568,0.007557,0.014798,-0.009522,-0.030387,-0.02912,0.0005,0.001356,-0.009266,0.004101
BANK MONTREAL QUE,0.003695,0.002677,0.014907,0.01995,-0.01064,0.00869,0.003554,0.006009,0.00384,0.004144,0.007937,-0.008399,0.008153,-0.010817,0.004671,-0.001585,0.000741,0.00973,0.006704,-0.094995,0.007473,0.016889,-0.001908,-0.015853,-0.008111,-0.00334,-0.018144,-0.006003,-0.011012,0.016523,-0.005065,-0.010418,0.002393,0.004416,-0.003208,-0.00143,0.017309,-0.004928,-0.004599,-0.01315,0.006603,-0.00811,0.013587,0.007948,-0.014711,0.006331,0.004154,0.00792,0.004926,0.011086,0.000923,0.011993,-0.005811,-0.005731,0.002305,0.006096,-0.000229,-0.013835,0.008464,0.004024,-0.001145,-0.041387,0.022182
REPUBLIC SERVICES INC,-0.029734,0.002366,-0.004988,0.006469,0.009908,-0.006523,0.004271,0.0059,-0.005337,-0.004728,-0.001975,0.003904,0.002451,-0.011586,0.002688,0.001555,-0.002356,0.002576,-0.017665,-0.010463,0.002643,0.017136,0.000702,0.011008,0.00379,-0.005317,-0.000642,0.004119,-0.0057,0.003322,0.000854,0.006456,0.016168,0.000835,-0.000104,0.000104,0.014647,-0.000822,-0.002108,0.003761,-0.002464,-0.007513,0.004225,0.001967,0.006975,0.002052,0.000154,0.007987,0.009244,0.007801,0.004694,0.014862,0.006073,-0.004138,-0.005426,0.007962,-0.029452,0.003165,-0.051735,0.00507,0.009774,0.001041,0.010189
TRUIST FINANCIAL CORP,0.013316,0.007884,0.013038,0.014672,-0.007864,0.007159,0.005839,0.009463,-0.007347,0.00536,0.020056,-0.000747,-0.004483,-0.023518,0.013067,-0.016439,-0.016714,0.004184,-0.016927,-0.007682,-0.009076,0.016972,-0.016954,-0.012396,-0.000546,-0.005733,-0.006864,-0.004147,-0.009439,0.03167,-0.012225,-0.026128,0.011014,0.021508,0.001641,0.004368,0.018211,-0.010945,-0.004318,0.025752,0.026691,0.010296,0.007898,-0.017442,-0.016722,0.000785,0.017255,0.008995,0.028783,0.002971,0.02197,0.025121,0.015551,-0.015313,-0.000707,0.032304,0.008451,-0.012231,0.011695,0.0068,0.000901,0.010796,-0.005563
CONSTELLATION ENERGY CORP,-0.007422,0.008778,0.046622,0.014575,0.014466,0.037096,0.038029,-0.004539,-0.006235,0.01943,0.025581,-0.031212,-0.01493,0.009197,0.034965,-0.011142,0.00477,0.04282,0.002775,-0.044007,0.019118,-0.034273,-0.041381,-0.024585,0.030472,-0.03215,-0.022705,0.08399,0.017146,-0.000824,0.008252,-0.022871,-0.013402,0.039572,0.00862,-0.018803,-0.009306,0.029014,-0.054234,-0.026295,-0.022024,0.023868,0.005365,0.019015,0.005808,0.021014,0.001066,0.016623,-0.012344,0.001384,-0.019619,-0.03758,-0.088881,0.003268,0.010786,0.005917,-0.002888,-0.077895,-0.026559,0.027049,-0.013483,-0.023106,0.125141
C R H PLC NEW,-0.003487,0.031108,0.011188,0.020885,-0.014248,-0.014453,0.006769,0.042953,-0.019697,0.005236,0.037432,-0.032228,-0.011583,-0.000854,-0.009041,-0.010603,0.006355,0.019028,-0.032829,-0.014385,0.023685,0.022511,-0.034002,-0.026083,0.019241,-0.013265,0.005946,0.02056,-0.015613,0.019187,-0.005899,-0.033582,0.028348,-0.010671,-0.024525,-0.002633,-0.02204,-0.013765,-0.004926,0.024477,0.006443,-0.026941,-0.012473,0.018043,0.004363,0.007602,0.022363,0.015549,0.032957,-0.002387,0.002015,0.038075,-0.022031,-0.014358,0.003014,0.026042,0.003783,-0.031486,-0.001381,0.025013,0.012876,0.017676,0.01951
D R HORTON INC,0.002035,0.020915,0.020762,0.018723,0.000926,-0.024174,0.011913,0.003144,-0.020738,0.007762,0.06473,-0.041947,0.003511,-0.011287,-0.002737,-0.032066,-0.012241,0.012603,-0.012239,-0.010291,0.029071,0.015877,-0.005886,-0.020826,0.015431,-0.01636,-0.024217,0.014263,-0.018703,0.02988,-0.001878,-0.00474,0.003362,-0.026944,0.012554,0.008785,0.011658,-0.025061,-0.000854,0.006271,-0.001912,-0.027744,-0.01321,0.006065,-0.003455,0.004574,-0.001322,0.026397,0.072641,0.026782,-0.010277,0.066377,-0.029274,0.101009,0.002422,0.019098,-0.003387,-0.031094,0.009528,0.024551,0.010003,0.00968,-0.002826
AIR PRODUCTS & CHEMICALS INC,0.004866,0.026106,0.008946,0.007036,0.004241,-0.009572,0.017623,-0.000239,-0.001157,-0.006793,0.012231,0.021622,0.02202,0.013361,-0.005822,-3.8e-05,-0.006235,0.006122,7.6e-05,-0.016476,0.000884,0.0238,0.015786,-0.002252,0.000111,-0.002256,0.036371,0.009945,-0.005313,0.007977,0.007984,-0.035645,-0.007378,0.005822,-0.009574,0.003087,-0.007365,-0.014064,-0.012692,-0.002389,-0.019082,-0.034644,0.014798,0.007968,-0.001304,0.008826,-0.000785,0.003769,0.009153,0.012829,-0.005626,0.029595,0.010989,-0.014345,-0.013804,-0.05462,0.029974,0.016406,-0.005995,0.009047,0.018239,-0.005682,-0.001438
ROPER TECHNOLOGIES INC,0.006452,-0.007654,0.012509,-0.003229,0.009156,0.001518,0.004376,0.000325,-0.003324,-0.001782,0.020371,0.013849,0.005735,0.008267,-0.009096,0.011175,-0.005169,7.3e-05,-0.021371,-0.003902,-0.008212,0.011736,0.006382,0.013504,0.006478,0.00629,0.006668,0.004458,-0.001402,0.004445,-0.019742,0.004167,0.007535,0.01176,-0.001571,0.004059,0.001888,0.000782,-0.00968,0.008107,0.002847,-0.001827,0.000853,-0.004724,0.003765,-0.008906,-0.011369,0.004705,0.005189,0.004407,0.001379,0.014164,0.007407,-0.00014,-0.006793,0.016287,-0.003955,-0.073659,0.016768,0.014125,-0.005178,-0.001613,-0.00011
VANGUARD CHARLOTTE FUNDS,0.001843,0.002066,0.003504,0.001438,0.002051,-0.001024,-0.00041,-0.00246,0.000205,-0.001438,0.006584,-0.001226,-0.002661,-0.000821,0.001232,-0.002256,-0.001645,0.000618,-0.002881,-0.004334,0.003109,0.001447,0.00363,0.00206,0.002467,-0.000615,-0.004104,-0.003091,0.002687,0.00268,0.003289,0.003074,-0.002247,0.002457,-0.001634,0.001023,-0.000613,0.000818,-0.0047,0.000821,-0.001641,-0.003224,0.002065,0.002885,0.002055,0.00041,-0.00082,0.002257,0.001842,0.001022,0.001021,0.00367,-0.000406,-0.00122,-0.001221,-0.000815,0.000816,-0.002038,0.002246,0.002852,0.002641,0.001418,0.003642
MARVELL TECHNOLOGY INC,-0.03171,0.044657,0.027599,0.019121,-0.016328,-0.008299,-0.006313,0.011673,0.008033,-0.014489,0.031314,0.041768,-0.015873,0.035456,-0.015711,0.005184,0.018187,0.022128,0.021518,-0.032555,0.01412,-0.104619,-0.00872,-0.026829,0.051522,-0.024355,-0.001615,0.021768,0.013387,0.042045,-0.006679,0.005489,-0.01979,0.018379,0.001367,-0.018433,-0.05731,0.00723,0.000146,0.006738,0.017023,0.015737,0.008451,0.00838,-0.001662,0.039262,-0.014284,0.014085,-0.036058,0.020366,0.000136,0.027174,-0.101455,0.004048,-0.024852,0.037588,-0.008984,-0.059073,-0.005594,0.027036,-0.018868,-0.026055,0.066561
CAPITAL ONE FINANCIAL CORP,-0.01248,0.0012,0.004231,0.00646,-0.005372,0.001894,-0.00238,0.004702,-0.002525,0.006189,0.008876,-0.022861,0.005388,-0.008392,-0.001422,-0.00705,-0.013914,0.000945,-0.007266,-0.0071,0.003907,0.010648,-0.003706,-0.019253,0.007436,0.006569,0.025152,0.007868,-0.04088,0.014504,-0.014661,-0.010289,0.02543,0.00175,0.005752,-0.009846,0.006653,-0.020482,0.014163,-0.020034,0.032978,0.009029,0.005583,-0.014664,-0.017483,-0.001397,0.008689,-0.002774,0.017422,-0.004173,0.044794,0.03423,-0.000602,-0.005018,-0.00975,-0.014667,0.002688,0.006254,0.011475,0.008576,-0.002009,0.021401,-0.005583
BANK OF NOVA SCOTIA,0.008279,0.000432,0.011879,0.012167,-0.006326,0.014431,0.002929,0.001669,0.001458,-0.001664,0.010623,-0.005565,0.002902,-0.007026,0.00999,-0.018957,-0.007141,0.010789,-0.002302,-0.028529,0.011877,0.01003,-0.002113,-0.000423,0.005719,-0.003159,-0.007818,-0.011925,-0.001724,0.022021,-0.006337,-0.014668,0.000647,-0.002803,-0.020541,-0.003974,0.019725,-0.004782,-0.006552,0.001759,0.003292,-0.005687,0.007479,0.008576,-0.004623,0.000221,0.010836,0.013564,0.011656,0.004054,0.001912,0.017603,-0.01188,-0.001687,-0.012466,-0.003209,-0.009873,-0.008454,-0.004154,0.006367,0.0024,0.008923,0.006687
PALANTIR TECHNOLOGIES INC,0.006828,0.019439,0.03459,0.080583,-0.15113,0.007477,-0.019481,-0.025544,0.016505,0.023878,0.010728,-0.000923,0.005081,-0.006434,-0.017576,-0.003296,-0.021257,0.013996,0.001904,-0.005226,0.037727,-0.002301,-0.016605,0.036585,0.038914,0.03615,-0.020177,-0.007722,0.031129,-0.003354,-0.021035,0.012892,0.061519,0.031974,-0.01007,-0.067293,0.013423,0.016556,-0.01873,0.046473,0.004362,0.021713,-0.001932,0.000774,0.053385,0.01726,-0.011191,0.037605,-0.027446,0.015557,0.021375,0.0,-0.015696,0.014883,-0.002095,-0.004199,0.012298,-0.076709,0.001128,0.020653,-0.003679,-0.026219,0.019719
ISHARES TRUST,0.007342,0.004291,0.010119,0.003896,0.006098,-0.006061,0.004879,-0.005627,0.002552,0.005645,0.013647,-0.000977,-0.006738,-0.002954,0.005158,0.001201,-0.006434,0.002963,-0.014336,-0.012102,0.009665,0.00679,0.016123,0.011681,0.007338,-0.0015,-0.018346,-0.006667,0.010342,0.007514,0.0147,0.008415,-0.009929,0.009175,-0.00666,0.0,0.004044,0.001696,-0.014286,0.003972,-0.018606,-0.017203,0.007786,0.013133,0.008279,0.002161,-0.00442,0.00314,0.009715,0.004276,-0.011497,0.014107,0.000212,-0.007644,-0.005884,-0.002906,-0.001403,-0.010809,0.008195,0.007803,0.005377,0.003851,0.010229
NOVO NORDISK A S,0.007014,-0.040167,-0.007821,0.012515,0.021671,-0.004714,0.01555,-0.001865,0.03107,0.003852,0.013091,-0.01203,-0.008644,0.007734,0.016929,-0.008361,0.01149,0.003467,-0.014408,-0.010442,0.000905,0.018675,0.002513,0.031706,0.007719,0.009929,0.003371,0.005249,-0.012811,0.010368,-0.005375,7e-05,-0.014947,0.003063,0.001349,0.00688,0.002254,0.032542,-0.022054,0.005708,-0.012112,0.018775,-0.016779,-0.028745,0.025203,0.004917,-0.018453,0.01645,-0.020667,0.016382,-0.004856,-0.003678,-0.038688,-0.040097,0.011924,0.012468,0.000751,-0.012605,-0.02842,-0.008838,0.010416,0.009215,0.02631
NORFOLK SOUTHERN CORP,0.001129,0.01982,0.007485,-0.021567,0.008027,-0.000775,-0.025028,0.017497,0.002996,-0.004503,0.006176,0.005144,-0.004644,-0.004925,-0.0244,0.026301,-0.018732,0.002475,-0.017852,-0.017055,0.007625,0.01867,-0.004493,-0.009294,0.007172,0.00627,-0.002804,0.004641,-0.0008,-0.003557,-0.010217,-0.008745,0.004548,0.004708,0.011535,0.001648,-0.027527,-0.024282,-0.004124,-0.012189,0.02282,-0.002934,0.006961,0.003479,-0.002034,-0.007459,-0.002334,0.005053,0.028441,0.001856,0.028959,0.030866,-0.001448,-0.01736,-0.010548,0.000351,-0.016445,-0.013109,0.007048,0.109107,0.001658,0.0084,-0.000601
NEWMONT CORP,-0.001476,0.011582,-0.009501,0.017954,0.001208,0.002413,0.031295,-0.00817,-0.000706,0.002591,0.014564,-0.008104,0.021008,0.016004,-0.009001,-0.037466,-0.027365,0.018191,0.010005,-0.017925,0.006004,0.001194,-0.001192,-0.026498,0.014064,0.034063,-0.050353,0.02329,-0.015738,0.008364,-0.01049,0.00641,0.002205,0.021511,0.024408,-0.012848,0.008045,-0.016432,-0.01074,0.009409,0.000717,-0.005254,0.001441,0.041717,0.024396,-0.008537,-0.005439,0.035771,0.037616,0.007208,-0.003368,0.020486,-0.001035,-0.015745,-0.010735,0.00617,-0.004652,0.013384,-0.041929,0.022538,0.01177,0.00275,0.035014
ENERGY TRANSFER L P,-0.015893,0.01938,0.006971,0.010699,0.004359,0.00744,-0.001231,0.001694,-0.007528,0.003161,0.00126,-0.003776,0.008212,0.010652,-0.012399,-0.012555,-0.020343,0.001947,0.003238,-0.003873,0.007129,0.008366,-0.018507,-0.00065,0.000651,0.004551,0.001942,0.014212,-0.00828,-0.00578,-0.011628,-0.00915,0.010554,0.010444,0.014212,0.001274,0.012087,0.005657,-0.005,0.00691,0.011853,0.008631,0.002445,-0.004268,-0.009186,-0.005562,0.001865,0.009926,0.001843,-0.003679,0.008615,-0.00183,-0.015281,0.014898,0.005505,-0.00365,0.001221,-0.013415,-0.00309,0.00868,-0.015366,0.01186,0.003702
METLIFE INC,0.011255,-0.022816,0.003986,0.017229,0.000983,0.005613,0.01228,0.002619,-0.0044,0.012429,-0.002455,0.004649,0.010208,-0.01792,-0.004116,0.003857,-0.016742,0.012422,-0.021505,-0.007608,0.009512,0.017719,-0.013127,-0.015542,0.000285,-0.004123,0.000143,0.003141,-0.017219,-0.000579,-0.005216,-0.001602,0.012108,0.006918,0.014171,0.005928,0.011927,-0.009845,-0.003221,-0.004496,-0.009455,-0.004417,0.00229,0.001713,-0.009407,-0.001295,0.007348,0.024314,0.011449,0.013114,0.014171,0.016526,0.006873,-0.01037,-0.008091,0.006151,-0.000664,-0.008911,0.010735,0.009028,-0.006579,0.016556,0.001303
CHARTER COMMUNICATIONS INC NEW,0.014691,0.008856,0.015,0.020833,-0.012782,0.017836,-0.032444,0.044027,-0.003266,0.012671,-0.022867,0.021231,-0.016286,0.006666,0.000982,-0.014612,-0.009886,0.011363,-0.000147,-0.000258,0.017542,0.039875,-0.003135,-0.019635,-0.008909,0.004531,-0.009056,-0.002745,0.002753,-0.006394,-0.003236,0.007623,0.035076,-0.029131,0.022981,0.022359,-0.015499,0.017317,0.002717,0.008642,0.016491,-0.009834,0.025269,-0.007414,0.001793,-0.037211,0.01153,0.000136,0.034666,0.022687,0.043564,0.008719,0.008796,-0.026249,-0.004104,-0.022915,0.02259,-0.02306,0.00822,0.166196,0.026495,0.015132,-0.008745
AFLAC INC,0.010998,-0.006267,-0.009876,0.018267,-0.00059,0.001771,0.006484,0.008199,-0.00244,0.005008,0.013673,-0.003887,0.014115,-0.007695,0.004561,0.000799,-0.010039,0.010486,-0.004904,-0.000917,0.009176,0.021482,-0.010682,-0.009785,0.003862,-0.000339,0.00498,-0.004392,-0.009389,0.00708,-0.009979,-0.003092,0.01057,0.01171,0.008653,-0.001003,0.008476,-0.004644,-0.008777,-0.000672,0.001682,-0.002799,0.004155,-0.003802,-0.000449,-0.005952,0.004632,0.014393,0.024498,0.00238,0.00788,0.001928,0.005452,0.002445,-0.014636,0.017113,-0.001905,-0.001908,-0.000212,0.007437,-0.002953,0.008674,0.00021
CROWDSTRIKE HOLDINGS INC,0.009913,0.027417,0.021974,0.0245,-0.016551,0.003871,0.013322,0.00887,-0.004926,0.03249,0.041177,-0.011833,0.020262,0.008152,0.001634,-0.011165,-0.008888,0.026639,-0.01323,0.007785,-0.096132,-0.007122,-0.015877,-0.010075,0.119772,-0.004939,0.025346,0.072898,0.026858,0.007124,-0.011772,0.006857,0.012959,-0.002356,-0.018921,-0.003951,-0.007094,0.023364,-0.016522,0.018193,-0.010586,0.023383,-0.018105,0.005532,0.006457,0.002643,-0.012362,-0.029621,-0.010736,0.002403,0.016293,-0.022047,-0.038233,-0.033499,-0.111033,-0.134608,0.018832,-0.039943,-0.015457,0.007909,0.010345,-0.097214,-0.007233
OCCIDENTAL PETROLEUM CORP,-0.025552,0.003258,-0.004176,0.009784,0.000769,-0.021362,0.008794,-0.01043,-0.010382,0.002384,0.005075,-0.008204,0.00875,0.002523,-0.003461,-0.010892,-0.011171,-0.000161,0.004197,-0.017521,0.001473,0.021075,-0.03088,-0.011227,-0.000835,0.004011,-0.009987,0.020511,0.002149,-0.005115,-0.008292,0.000669,0.006016,0.017608,0.019262,-0.024343,0.038247,-0.002372,-0.003645,-0.002863,0.005424,-0.00238,-0.00827,-0.000641,-0.008504,-0.013594,0.001148,0.006391,0.00114,-0.004554,0.013072,0.001935,0.016581,0.009184,-0.009415,-0.030414,-0.01307,-0.005628,0.007658,0.000165,-0.005946,0.001496,0.009126
HILTON WORLDWIDE HOLDINGS INC,0.002332,-0.001062,5.1e-05,0.01296,-0.001949,0.003405,0.01542,0.022607,-0.009564,-0.003833,-0.003556,0.006697,-0.007775,0.006758,0.001119,-0.006657,-0.021523,0.016048,-0.015942,-0.0176,0.000254,0.020709,-0.012164,0.011506,0.010677,-0.00696,0.005021,0.013058,0.005175,0.02346,0.004414,-0.006237,0.020445,0.00643,0.00838,-0.008861,0.005373,-0.009031,-0.009438,0.009481,0.014553,-0.018194,0.006395,0.002412,-0.007912,0.000746,0.003169,0.021371,-0.0136,0.0178,0.010285,0.023319,-0.036812,-0.003594,0.000868,0.00438,0.002317,-0.027463,-0.006617,0.011399,0.01025,0.004315,-0.018696
AUTOZONE INC,-0.003244,0.005185,-0.003339,0.00525,0.007733,-0.009406,0.00828,-0.002588,-0.013896,-0.005613,0.002992,-0.009958,0.005691,0.002242,-0.035297,-0.017084,0.001767,0.00553,0.002542,-0.02175,0.012216,-0.000945,0.000968,0.006622,-0.005267,-0.004175,0.013025,-0.007052,0.010817,0.002455,-0.001608,0.007969,0.036325,0.010181,0.013299,-0.005944,-0.001642,-0.016423,-0.002285,0.008772,0.002944,-0.0443,0.013135,-0.008753,-0.010503,0.007602,-0.006818,0.013947,0.008945,0.013509,0.007063,0.014914,-0.000409,-0.019356,0.008218,0.002484,-0.012239,0.006914,0.030336,0.019578,-0.005711,0.011632,0.008136
AUTODESK INC,-0.010054,-0.003607,0.024958,0.007017,-0.009599,-0.003122,0.021874,-0.003934,-0.005143,-0.003785,0.020433,0.000863,0.003539,0.000859,-0.005059,-0.001453,-0.021822,-0.001255,-0.020662,-0.009218,-0.041149,0.008353,0.045734,0.005597,0.020189,-0.001896,0.000834,0.009951,-0.030706,0.054468,0.000359,0.012416,0.064816,0.01501,-0.002499,-0.004928,-0.012959,0.014049,0.003092,0.001644,0.015471,-0.006547,0.008258,-0.006294,0.006374,0.000363,-0.016132,0.012666,0.006962,0.018813,-0.001105,0.002567,-0.014341,-0.029459,-0.001483,0.01159,0.003955,-0.027535,0.01161,-0.005656,0.007141,0.003133,0.017178
AMERICAN INTERNATIONAL GROUP INC,0.006639,0.030207,0.004866,0.018986,0.003876,-0.004858,-0.000125,0.002879,-0.013981,0.005697,-0.006798,-0.002028,0.02286,-0.021728,-0.001396,0.002923,-0.016855,0.0058,-0.008586,0.002715,0.008766,0.007284,-0.006344,-0.021323,-0.009785,-0.003689,0.00529,0.0,-0.02381,0.006333,-0.007633,-0.003913,0.007627,0.002027,0.010117,0.000134,0.014955,-0.019734,-0.000268,0.006444,-0.009737,0.003367,0.011277,-0.002389,-0.0169,0.012588,0.012565,0.002772,0.013165,0.002339,0.006223,0.008632,0.003704,-0.006618,-0.046631,0.022306,0.010515,-0.021072,-0.000133,0.026445,0.009581,0.013209,0.002784
WILLIAMS COS,-0.012252,0.017155,0.003373,0.010085,0.00128,0.005369,0.006612,0.001516,0.000505,0.01765,0.002725,0.011861,0.007814,0.004119,0.008205,-0.025371,-0.01498,0.000499,0.013456,-0.014015,0.013466,0.021408,-0.012768,0.008297,0.006292,-0.003848,-0.005915,0.018673,-0.002171,0.004351,-0.000722,-0.00843,0.002186,0.01333,0.014112,-0.008019,0.024964,-0.005103,-0.013989,-0.001182,0.006155,-0.002588,-0.002123,0.01182,-0.007477,-0.00306,0.000945,0.002595,0.004,0.007265,-0.009772,-0.004934,0.007084,0.014771,0.016636,0.0175,-0.015412,-0.036071,-0.015769,0.016738,0.009643,0.000466,-0.000233
AMERICAN ELECTRIC POWER CO INC,0.024643,0.001134,0.003966,0.00237,0.011936,0.0079,0.0138,0.007257,-0.000982,-0.007976,0.012997,0.006198,0.001405,-0.000863,0.000324,-0.012308,-0.024049,-0.003472,-0.003934,-0.012977,0.007888,0.023707,-0.001884,0.00333,-0.015822,-0.002811,-0.00451,0.002831,-0.001581,-0.00509,-0.000682,0.001138,-0.002841,-0.002279,0.003769,-0.009445,0.012522,-0.014182,0.003107,0.013079,-0.006342,-0.005243,0.003896,-0.000685,0.003426,-0.008536,0.006658,0.006386,0.029348,0.001321,-0.00022,0.010007,0.018182,-0.000321,-0.003744,0.012991,-0.007525,0.014737,0.00863,0.006365,0.006428,0.011023,-0.000204
VALERO ENERGY CORP NEW,-0.026334,0.010793,-0.003178,0.008671,-0.009671,0.002553,0.01146,-0.017247,-0.001281,0.0,0.011416,0.005009,0.047697,-0.01373,-0.008487,-0.002402,0.003457,-0.000861,0.00708,-0.048175,-0.023894,0.041352,-0.020364,0.009354,-0.008624,0.011231,-0.008603,0.001036,-0.006404,-0.033984,0.009705,0.001669,0.00693,-0.007743,0.016873,-0.014823,0.003462,0.020301,-0.001365,0.002995,0.017658,0.007783,-0.000127,0.003419,-0.036088,-0.031549,-0.011219,-0.009569,0.012008,0.008729,0.005611,0.000538,0.008197,-0.015128,0.003722,0.004652,-0.014428,0.013277,0.054966,0.013503,-0.010495,0.038298,-0.010766
PUBLIC STORAGE,0.002698,0.01453,0.006934,0.012906,0.014897,-0.0153,0.023679,0.001997,0.003515,0.010545,0.024372,0.001291,0.005749,-0.009596,-0.010039,-7.1e-05,-0.030564,-0.00718,-0.006975,-0.024733,0.016831,0.02084,0.002045,0.016692,-0.00656,-0.003608,-0.008402,0.00073,0.002263,0.014929,0.024879,0.0023,0.001942,0.026956,0.001784,-0.003151,0.004329,-0.009374,-0.005007,-0.005449,0.003839,-0.015714,0.007982,0.006833,0.008109,0.002658,-0.004992,-0.005502,0.032116,0.020227,-0.00195,0.011952,0.014167,-0.020518,-0.006488,0.009183,-0.008048,-0.02126,-0.002132,0.019734,0.00685,0.005185,-0.027762
PACCAR INC,0.002168,0.001128,-0.015687,0.003435,0.01379,0.004221,0.017468,0.002387,-0.021341,0.014694,-0.00037,-0.019893,0.000661,-0.005472,0.001707,0.025852,0.004985,0.005144,-0.013525,-0.025104,0.004846,0.016549,-0.018698,0.004266,0.038418,-0.008272,-0.013107,-0.002229,-0.013311,0.006792,0.003561,-0.003548,0.009651,-0.000464,-0.004364,-0.011844,0.008777,-0.003836,-0.020567,-0.003068,-0.009907,-0.010686,-0.009132,0.010802,-0.017451,0.010577,0.000592,0.001579,0.017044,-0.001162,0.013966,0.041511,0.002939,0.007051,-0.019731,0.011595,-0.109664,0.018538,-0.013145,0.016803,-0.00927,-0.012917,0.016589
SUNCOR ENERGY INC NEW,-0.01414,0.010624,0.004993,0.016736,0.001543,0.002568,0.028176,-0.001246,-0.011225,-0.011352,0.005614,0.009135,0.008046,-0.005987,0.030113,-0.013642,-0.009138,0.004487,0.008685,-0.023124,0.004029,0.023828,-0.048506,-0.020348,0.002922,0.01642,-0.010162,0.003948,-0.001311,-0.000788,-0.029953,-0.009209,-0.005741,0.017597,0.003513,-0.012386,0.032988,-0.004223,-0.011397,0.019035,0.002368,0.00315,0.01439,0.006706,-0.032027,0.0045,-0.012912,0.011479,0.008973,0.001046,0.015417,-0.012095,0.011982,-0.000772,-0.007728,0.00675,-0.017793,-0.001313,0.011567,0.00052,-0.005455,0.003134,0.039313
SEMPRA ENERGY,0.004467,0.012787,0.000686,-0.00288,0.017604,0.016759,0.012495,0.01326,-0.000777,-0.006354,0.01827,-0.004614,0.006437,-0.001023,0.00397,-0.013648,-0.01901,-0.000264,-0.006329,-0.017649,0.005268,0.035071,-0.004154,0.006127,-0.00907,-0.006407,-0.008685,-0.003319,0.007858,-0.000264,0.006477,-0.002233,-0.014874,0.003474,0.00506,-0.002782,0.015677,-0.013211,0.008881,0.005913,0.00158,-0.014331,0.002668,0.0,0.012771,-0.012479,0.005321,0.00688,0.012221,0.00026,-0.013368,0.004604,0.017677,0.000643,-0.002572,0.005414,-0.003334,0.017882,-0.013271,0.006148,0.009039,0.012112,-0.001995
MONSTER BEVERAGE CORP NEW,0.001684,-0.002802,0.030156,-0.014182,0.008299,-0.006768,0.016575,0.00471,-0.013343,-0.004386,-0.004405,-0.002766,0.00037,-0.009795,-0.003733,-0.005245,-0.008663,0.00114,-0.019924,0.009293,-0.017073,0.013271,-0.000578,0.005781,-0.003641,0.008654,0.004576,-0.032074,0.003137,-0.02717,-0.021097,-0.014163,0.022902,-0.014452,0.00537,0.008422,0.008148,0.013134,0.006382,0.00218,-0.01226,-0.001001,-0.011223,-0.003648,0.012002,0.008643,-0.007573,0.001004,0.008626,0.010939,-0.019083,0.012635,0.004555,0.005718,-0.002352,-0.010415,-0.000993,-0.014311,0.010284,0.017964,0.005294,0.005851,-0.002327
COPART INC,0.002394,-0.000735,0.014706,0.009783,0.003409,-0.013767,0.001813,-0.00941,-0.00274,-0.00348,0.016728,-0.013198,-0.001466,0.007706,0.000182,-0.017841,-0.00797,0.009342,-0.02388,-0.011189,0.00748,0.01009,-0.007727,0.006458,0.01906,-0.009815,0.005424,-0.003162,-0.005971,0.011451,-0.015219,0.002827,0.021425,0.009384,-0.015494,0.004259,0.012168,0.00674,-0.01158,0.00238,-0.010957,-0.014956,0.025117,-0.014628,0.006124,0.010513,-0.006388,-0.005694,0.013117,0.012764,-0.014764,-0.013158,-0.018704,-0.025288,0.001162,0.015858,-0.003998,-0.022171,-0.014269,0.012294,0.0,0.013124,0.011794
UNITED RENTALS INC,-0.021303,0.016535,0.003145,0.02502,-0.010888,0.005295,0.016774,0.012942,-0.002091,-0.003158,0.025775,-0.04384,0.006827,0.022368,-0.009328,-0.017262,-0.023191,0.010168,-0.013065,-0.029876,0.022236,0.015442,-0.047654,-0.009898,0.01532,-0.01615,0.020428,0.002642,-0.026539,-0.004538,0.004319,-0.018508,0.004998,0.041338,-0.008792,0.002441,0.007163,-0.007624,-0.016582,-0.010781,0.038023,-0.009107,0.007865,0.012495,-0.030583,0.005474,-0.015704,0.028339,0.032704,0.019946,0.040952,0.050325,-0.026137,0.006716,-0.013467,0.027427,0.007571,-0.037799,0.053701,-0.002718,-0.009838,-0.010379,0.027161
SIMON PROPERTY GROUP INC NEW,-0.002491,0.008418,0.011106,0.010565,0.024301,-0.000473,0.008453,-0.009455,-0.005077,0.017487,0.004748,-0.010582,0.000874,-0.016265,0.010931,-0.01203,-0.010466,0.022259,-0.004734,-0.000543,0.009109,0.019334,0.001917,0.005739,0.006427,0.002151,6.5e-05,0.001647,-0.008287,0.015785,-0.008423,-0.020017,-0.007794,-0.005079,-0.004628,-0.000547,0.029351,-0.017149,-0.001894,0.015042,0.013284,-0.034783,0.008599,0.003248,-0.014636,0.005339,0.004766,0.005895,0.002425,0.00457,0.00388,0.009663,0.022375,-0.011556,0.002221,0.027957,-0.005832,-0.044191,-0.00387,0.02103,0.002493,0.012956,-0.00885
REALTY INCOME CORP,0.007097,0.018361,0.006374,0.003438,-0.007755,-0.00418,-0.00292,0.006956,-0.000909,-0.001638,0.004374,0.001452,-0.001087,-0.002721,0.001819,-0.024691,-0.026247,-0.002485,-0.01169,-0.007756,0.011335,0.025314,0.009659,0.021009,-0.007349,0.004257,-0.017324,-0.01144,-0.008917,0.008614,0.010059,0.002818,-0.005621,0.000565,-0.001695,0.002641,0.009219,-0.013423,-0.004535,-0.004746,0.007438,-0.00373,0.001337,0.000381,0.012202,0.001319,-0.007524,0.015542,0.026502,0.013636,0.004126,0.006967,0.022352,0.001735,-0.002598,-0.000347,-0.001216,-0.004001,0.001746,0.012378,0.002411,0.002749,-0.016104
GENERAL MOTORS CO,-0.001347,0.004497,0.004253,0.004458,0.004882,-0.00508,0.006881,-0.003307,-0.000885,-0.003099,0.010216,0.008353,-0.002398,-0.014205,-0.004212,-0.021149,-0.005458,0.00869,-0.023124,-0.010443,0.018058,0.036397,0.01667,-0.010494,0.007954,-0.000219,0.005043,0.040464,0.013454,0.013483,-0.024765,-0.018468,0.01347,0.000844,0.006956,-0.001047,0.008173,-0.035336,-0.01379,-0.004151,0.019307,0.004735,0.005784,-0.005112,-0.004068,0.000645,-0.00623,0.005837,0.030088,0.022533,0.005917,0.009533,0.002612,-0.00501,-0.02719,0.026087,-0.064165,0.002372,-0.050764,-0.000227,0.00068,0.001812,0.002035
STELLANTIS NV,0.008072,-0.04137,0.014385,0.00366,-0.007293,-0.015611,0.014925,0.006434,0.034703,0.029126,-0.006861,-0.014249,-0.010951,-0.010629,-0.011191,0.000453,-0.008145,0.017792,0.005379,-0.027196,0.019707,0.000899,-0.013022,-0.012284,0.02211,-0.009914,-0.005462,-0.001373,-0.014665,0.010698,-0.029913,-0.041271,0.016823,-0.007299,0.004412,0.000488,0.009756,-0.005314,0.006799,-0.04631,0.004047,0.004534,-0.014042,0.010682,-0.015602,-0.00409,-0.00154,0.033419,0.00796,0.002468,-0.003939,-0.000989,0.006433,0.00885,-0.015107,0.02474,-0.029454,-0.024876,-0.077041,-0.02377,-0.037939,-0.014126,-0.003582
TRAVELERS COMPANIES INC,0.004666,0.005724,-0.002426,0.009633,0.004909,0.001705,0.00957,-0.004193,-0.008787,0.004663,-0.01489,0.02272,0.002235,-0.018707,0.003015,0.001341,-0.019858,0.005136,-0.013875,-0.001426,0.01152,0.015107,-0.024849,-0.003328,-0.005867,0.006238,0.01545,0.005166,-0.016854,-0.010267,-0.000917,-0.005892,0.011076,0.001826,0.016594,-0.010237,0.006149,-0.011227,-0.014278,0.005881,-0.017444,-0.00182,0.0034,0.000147,-0.008935,0.011691,-0.005337,0.019937,0.008495,0.012683,0.008507,0.020572,0.013821,-0.000906,-0.077607,0.009534,0.01514,-0.003836,0.007221,0.022081,0.000374,0.030337,-0.018056
G E VERNOVA INC,-0.013272,0.014242,0.080803,0.017322,-0.010524,-0.020077,0.014634,0.005228,-0.034316,0.025382,0.013524,-0.008757,-0.022716,-0.010269,0.018515,-0.000488,-0.013305,0.097483,0.00372,-0.004324,-0.012633,0.004684,-0.031438,-0.043024,0.00276,-0.019451,0.011041,0.028134,0.009542,0.055222,-0.007605,-0.034058,-0.008286,0.064056,-0.01331,-0.008184,0.013714,0.018581,-0.007991,-0.020667,-0.027059,-0.023264,0.01367,0.016901,0.020558,-0.010554,-0.007972,0.039022,-0.016859,0.021222,-0.016681,0.029869,-0.092536,-0.026171,0.011456,0.020938,0.022368,-0.044519,-0.017802,0.081938,-0.006123,-0.054345,0.095513
DIGITAL REALTY TRUST INC,-0.005692,0.015653,0.048876,-0.021973,0.005982,-0.030284,0.023458,-0.014491,0.011523,-0.008596,0.019597,0.002074,-0.007658,-0.003337,0.006348,-0.007694,-0.006287,0.003656,0.007004,-0.016276,0.018454,0.009025,-0.015825,0.014541,0.015436,-0.001629,-0.005234,0.018722,0.005299,-0.001935,0.001136,0.009215,-0.00607,0.003691,-0.011166,0.00311,-0.009033,-0.003877,0.003073,0.012458,0.022391,0.000526,0.005127,-0.007848,-0.00178,0.014659,-0.002343,0.015199,0.013494,0.003931,0.007262,0.017743,-0.033882,-0.014219,0.003687,0.002513,-0.003021,-0.022116,-0.028287,-0.011671,0.010573,-0.014607,0.030681
BANK OF NEW YORK MELLON CORP,-0.000531,0.00248,0.007067,0.008421,-0.001392,0.001916,0.014606,0.001542,-0.010096,0.008643,0.007712,-0.00051,0.012421,-0.009244,0.002205,-0.001862,-0.010853,0.013029,-0.014385,-0.008242,0.011427,0.02037,-0.000671,-0.011751,0.00034,0.01732,0.006677,0.00713,-0.032598,-0.002553,-0.001877,-0.008205,0.002585,0.008767,0.002727,-0.00034,0.011221,-0.011601,-0.002041,0.014829,0.005878,0.003673,0.006488,-0.000496,-0.009757,-0.005678,0.011253,0.008138,0.012685,0.052383,0.015768,-0.010501,-0.014303,-0.009518,-0.012445,0.01659,0.005849,0.004243,0.014241,0.008332,-0.01163,0.010064,-0.002606
ONEOK INC NEW,-0.027806,0.00039,0.003639,0.010877,0.003843,0.009825,0.011246,0.0005,0.006619,0.0134,-0.000857,0.00772,0.004742,0.000968,0.003627,-0.016263,-0.018002,0.00823,0.001361,-0.016922,0.004398,0.01326,-0.018025,-0.006286,0.001518,-0.002653,-0.0038,0.017419,-0.004749,0.006906,-0.017833,-0.00838,0.012164,0.012777,0.012366,-0.014436,0.012644,0.001607,-0.006048,0.002732,0.009907,0.002085,0.007465,0.005709,-0.006643,-0.00304,0.005122,-0.001213,0.007046,0.02123,0.000236,0.004487,0.003645,-0.022608,0.00036,0.011501,-0.014213,-0.012856,-0.00925,0.007617,0.002195,0.007178,0.006523
VANGUARD SCOTTSDALE FUNDS,0.003597,0.005744,0.005838,0.001703,0.000189,-0.002015,0.001262,-0.002899,0.000632,0.0024,0.007245,-0.000813,-0.001377,-0.000878,0.001443,-0.001692,-0.003389,0.002015,-0.004148,-0.004039,0.004942,0.00435,0.004824,0.003261,0.002375,-0.000374,-0.007361,-0.001257,0.003272,0.005394,0.004117,0.000124,-0.003479,0.003366,-0.002361,0.000685,0.000809,-0.000249,-0.004105,0.001874,-0.003491,-0.004395,0.004414,0.006027,0.004493,0.000124,-0.001242,0.001617,0.004844,0.002966,-0.00345,0.003586,0.000493,-0.003079,-0.002471,0.000372,0.0,-0.003342,0.00236,0.004337,0.001604,0.001109,0.005168
CANADIAN IMPERIAL BANK COMMERCE,0.004069,0.009172,0.012048,0.010443,-0.008061,0.012503,0.010702,0.005905,-0.002024,-0.006085,0.00449,-0.005689,0.009399,-0.009312,0.002656,-0.013858,-0.004546,0.007681,-0.000206,-0.030085,0.074995,-0.020949,0.007671,-0.008814,-0.00384,-0.001217,-0.004875,-0.004491,-0.015378,0.013744,-0.013353,-0.01041,-0.000842,0.00758,-0.009404,0.001266,0.02086,0.000413,-0.007015,0.008103,-0.006653,-0.005469,0.015652,0.009163,-0.003921,-0.000207,0.005388,0.009687,0.007144,-0.018444,0.02994,0.007017,-0.004778,0.0008,-0.000799,0.013403,-0.000197,-0.010464,0.00818,0.013457,-0.006053,0.007466,0.007995
WORKDAY INC,0.00094,0.024045,0.019653,-0.022949,-0.001921,0.000802,-0.014702,0.001545,0.003004,-0.000809,0.017944,0.02093,0.005301,0.006087,-0.002466,0.00394,0.003925,-0.153277,-0.024761,-0.017917,-0.019567,0.019331,-0.002932,0.001375,0.006347,0.01172,0.002838,-0.013129,0.006581,-0.014944,-0.018253,0.01159,0.014226,-0.022451,0.033223,0.02097,-0.00178,-0.006036,-0.00276,0.030353,0.000895,0.005189,0.009078,-0.005336,0.015872,-0.011304,-0.015229,-4.5e-05,0.01672,0.014153,0.010651,0.013593,-0.016976,-0.004533,-0.013401,0.006594,-0.012883,-0.02442,0.029748,0.00687,-0.006604,-0.002862,0.002826
JOHNSON CONTROLS INTL PLC,-0.070693,0.00463,0.026831,0.016031,0.01704,0.012101,0.007664,-0.002282,0.007166,0.012413,0.019438,0.00132,0.010986,0.023182,0.031719,0.004529,0.000956,0.008736,-0.016509,-0.021739,0.00647,0.004891,-0.003477,-0.008094,0.01224,-0.03294,0.005318,0.012009,-0.00339,0.008788,-0.007728,-0.016851,-0.001728,-0.00303,-0.013169,-0.000293,0.014229,-0.016722,-0.025288,0.016993,-0.008354,-0.014292,0.01221,0.008142,-0.001047,0.006588,-0.001339,0.00983,0.028024,0.004017,0.000429,0.030996,-0.03228,-0.004438,-0.008484,0.018129,-0.015385,-0.022859,-0.012141,0.030725,0.007707,-0.003896,0.036361
GRAINGER W W INC,-0.00114,0.003912,0.008702,0.008692,0.006223,0.003203,0.007682,0.004727,-0.009826,0.001359,0.007995,-0.010792,-0.002268,0.008185,0.003535,0.007463,-0.009555,0.012255,-0.028229,-0.030401,-0.003405,0.015417,-0.035704,-0.001621,0.003551,-0.012625,0.015039,0.005727,0.003265,0.016228,0.006744,-0.015504,0.011756,0.007673,-0.009951,-0.000251,0.000481,-0.00592,-0.001418,-0.005557,-0.00166,-0.006706,0.024303,-0.00268,-0.003233,0.00526,-0.009571,-0.005822,0.000897,0.015894,0.026479,0.048039,-0.01341,-0.017911,-0.012044,0.006111,-0.000326,-0.019626,0.023075,0.016968,-0.003638,-0.000465,0.010814
CROWN CASTLE INC,0.015462,0.012706,0.009851,-0.015094,0.002398,0.012064,0.02641,-0.003704,0.005326,0.010196,0.024342,0.00483,-0.010863,-0.022062,0.001292,-0.005261,-0.012073,-0.008989,-0.004281,0.00174,0.017983,0.028807,0.005951,0.004946,-0.011967,-0.007228,-0.010035,-0.007653,0.004106,-0.005885,0.001605,0.008364,-0.027851,-0.01038,0.011223,0.000933,0.009637,-0.01827,0.002927,0.015219,0.003183,-0.017605,-0.007189,0.014377,-0.006104,0.005725,0.004554,0.007624,0.046421,0.011823,-0.004153,0.007564,0.016651,-0.005586,0.000381,-0.010849,0.003367,0.011315,0.000569,0.018857,0.005673,0.01193,0.006032
ROSS STORES INC,-0.013354,-0.001095,0.024749,0.012534,-0.006793,0.008968,0.015893,-0.010306,0.000899,-0.005539,0.001054,0.010075,-0.014962,-0.006121,0.005931,-0.005971,0.002661,0.077886,-0.031591,0.010607,0.00532,-0.000572,0.010447,-0.001983,0.024124,-0.001316,0.000867,0.003362,0.001295,-0.001314,0.008726,0.001922,0.030494,-0.011238,-0.008878,0.013028,-0.000268,-0.005293,0.001886,-0.017884,-0.005203,-0.000551,-0.005784,-0.00277,0.010764,0.007832,0.000954,0.008173,0.018713,0.006167,-0.024056,0.005335,-0.008531,-0.021003,-0.00692,0.009895,-0.007866,-0.011754,-0.006897,-0.001417,0.007097,0.005919,0.003362
MANULIFE FINANCIAL CORP,0.01072,0.005516,0.01308,0.017909,-0.008183,0.009488,0.051492,0.012437,-0.01382,0.012456,0.005383,0.009178,0.011368,-0.008992,0.008082,-0.003792,-0.004949,0.015302,-0.012811,-0.021756,0.001171,0.011691,-0.003082,-0.002705,0.000387,0.001937,-0.000773,0.015087,-0.017912,0.001164,-0.024031,-0.003177,0.015538,0.002354,0.007436,-0.001942,0.019074,0.011459,-0.022281,0.023561,0.004528,-0.012021,0.004943,0.015134,-0.007082,0.013138,-0.001853,0.008537,0.000736,-0.001839,-0.002211,-0.012186,-0.010841,-0.012094,-0.007269,0.01079,-0.003431,-0.01798,0.005454,0.007362,-0.003846,0.007722,0.020307
P G & E CORP,0.017534,0.006893,0.002282,0.005692,0.003396,0.006204,0.003363,-0.003911,0.002243,0.007834,0.016657,0.007646,0.00813,0.002688,0.014477,-0.010042,-0.018687,0.004353,-0.013001,-0.006586,0.009945,0.014223,-0.016181,0.004386,-0.005459,-0.000549,-0.008786,0.021607,-0.00705,-0.009285,0.012679,-0.006532,-0.025753,0.0,0.002812,-0.009535,0.002831,-0.006211,-0.001136,-0.005688,-0.000572,-0.016609,-0.005242,0.008197,0.000581,-0.002902,0.009313,0.017301,0.018141,0.008909,-0.024835,0.00283,0.012415,-0.005017,0.008403,0.013889,-0.004932,0.004956,-0.012603,0.000555,0.013866,0.002735,-0.004364
MICROCHIP TECHNOLOGY INC,-0.034682,0.007546,0.021239,0.02627,-0.018131,-0.00076,-0.005544,0.000219,0.011366,0.014264,0.015981,-0.011745,0.000955,0.02258,-0.002364,0.038735,-0.013569,0.000917,0.006006,-0.032989,0.008058,0.009343,-0.016559,-0.016942,0.003192,-0.009968,-0.005463,0.015617,-0.008165,0.010585,-0.018091,-0.015731,-0.003613,0.026697,-0.047405,0.028758,-0.026207,-0.000336,0.010095,-0.006885,0.023147,0.000984,0.005132,0.016511,-0.015388,0.012155,-0.009865,0.03942,-0.040529,0.005647,-0.005615,0.029536,-0.034701,0.0,-0.030048,0.049003,-0.03662,-0.035002,-0.017789,0.021169,0.013014,-0.016144,0.025884
CENCORA INC,-0.041205,-0.019459,-0.003515,0.000402,0.012052,-0.011599,0.002186,0.002276,-0.00748,-0.004396,-0.000586,0.00018,0.001217,-0.005042,-0.017738,-0.00152,0.014164,-0.004231,-0.012244,0.013182,0.006711,0.027389,0.01739,0.000694,0.004769,0.021142,-0.00507,-0.003822,-0.008313,-0.010661,0.009081,0.001292,0.009332,0.010652,-0.006408,0.004243,0.011323,-0.004303,-0.004406,-0.039279,-0.011669,-0.007856,-0.004563,-4.5e-05,0.000809,0.004536,-0.005901,0.000225,-0.001888,0.002703,-0.001797,0.014312,-0.000976,-0.00644,-0.000492,0.005009,-0.002047,0.00767,0.005,0.002246,-0.001933,0.016947,0.02965
HESS CORP,-0.004572,0.011418,0.001892,0.003399,-0.005709,-0.005237,0.014525,0.002813,-0.004925,-0.00708,-0.011106,-0.002616,0.011516,-0.01442,-0.007829,-0.021215,-0.006939,0.007386,0.00436,-0.020848,0.008933,0.025897,-0.031408,-0.008174,-0.00689,0.00653,-0.002973,0.00183,0.001285,-0.014257,-0.014669,0.000957,0.000906,-0.001741,0.026582,-0.006524,0.028663,-0.002993,-0.01841,0.002582,-0.000135,0.004067,0.005401,0.00188,-0.01555,-0.001702,-0.005797,0.013033,0.000406,0.004332,0.015029,-0.000531,0.025776,0.006671,-0.018206,-0.015661,-0.0229,0.001567,0.019319,0.002669,-0.009917,0.019696,0.011405
KINDER MORGAN INC,-0.002735,0.012617,0.005959,0.002154,0.008598,0.002131,0.010633,0.003682,0.003669,0.013577,0.006698,0.003071,0.005102,0.007107,-0.00504,-0.017731,-0.015988,-0.000524,0.0,-0.00839,0.004759,0.02579,0.000513,0.008205,0.006612,0.001011,-0.009591,0.009174,-0.000505,0.004548,-0.006036,-0.008603,0.004084,0.003559,0.003039,-0.004545,0.020294,-0.000497,-0.017911,0.001013,0.005567,-0.004026,-0.003537,0.01217,-0.003507,0.001006,0.004018,0.005503,0.002985,0.001488,-0.000991,0.00347,0.014328,0.025329,0.020903,0.016752,-0.010526,-0.026365,0.00095,0.014238,-0.003744,0.020197,-0.013927
T E CONNECTIVITY LTD,-0.014348,0.004016,0.014213,0.001549,0.007172,0.010891,0.008978,0.000616,0.011287,0.009808,0.014536,-0.002443,-0.000529,0.004503,0.000725,-0.000922,-0.00666,0.0058,-0.003115,-0.016024,0.001757,0.009781,-0.003941,-0.00617,0.012147,-0.0044,-0.001071,0.003352,-0.000735,0.007756,-0.001062,-0.02132,0.019206,0.006659,-0.004498,0.009967,-0.005921,-0.010655,-0.011038,0.005885,0.011566,-0.013029,0.009901,-0.007736,0.004369,0.008231,-0.005974,0.02504,0.008143,0.006785,0.002375,0.022282,-0.016347,-0.003566,-0.037063,0.014931,-0.010069,0.035997,-0.014728,0.011906,-0.003901,-0.018104,0.009023
KEURIG DR PEPPER INC,-0.010683,0.006599,0.008045,-0.007981,0.007449,-0.003253,0.008605,0.001177,0.002645,0.001465,-0.010536,0.00976,-0.011424,-0.002074,0.008314,0.009128,-0.008462,0.00618,-0.014039,-0.001483,0.00713,0.010324,0.003504,0.013093,-0.001149,-0.007763,0.003477,-0.013572,-0.00966,-0.006503,0.013389,-0.000587,0.019095,-0.005765,-0.008118,0.004969,0.008435,-0.007499,-0.001453,-0.006985,-0.014801,-0.016767,-0.001827,-0.00183,-0.001834,-0.011329,-0.01053,0.0,0.015024,0.005859,0.001533,-0.000306,0.01286,0.001814,-0.004828,-0.004548,-0.006092,0.004291,0.013427,0.015959,0.012448,-0.001171,0.004689
ALCON INC,0.012245,-0.001401,0.014665,0.010557,0.006964,-0.007657,0.013815,0.006752,-0.013291,0.106579,0.007729,-0.010115,-0.002582,-0.008218,0.00681,0.023112,-0.010909,-0.003676,-0.013418,-0.009747,0.011217,0.008829,0.005722,0.00859,0.009402,0.008328,-0.006955,0.000657,-0.008858,0.017985,-0.009863,-0.007334,-0.024592,0.009949,0.001231,-0.003578,0.008977,-0.001334,-0.001336,0.000335,-0.007023,-0.011338,0.008175,-0.007433,0.014978,0.001118,-0.006254,-0.003484,0.020974,0.013254,-0.019403,0.003335,-0.002881,0.0,0.000111,0.008777,0.001432,0.016276,-0.006168,0.01666,-0.001178,0.001716,0.006209
PAYCHEX INC,0.00505,-0.00804,0.01393,0.004413,0.009616,-0.004927,0.008994,0.010305,0.018115,-0.008496,0.005335,0.006593,0.003674,-0.000637,0.002628,0.008578,-0.010395,-0.01138,-0.031876,-0.012638,-0.002863,0.014779,-8.3e-05,0.011819,0.000576,0.001562,0.006156,-0.005221,0.01632,-0.008957,-0.001221,-0.005543,0.022297,0.006014,-0.003029,0.007035,0.000953,-0.008328,-0.061105,0.003833,0.00611,-0.013158,0.011795,-0.008025,0.000937,-0.011656,0.007317,-0.000427,0.000769,0.010593,0.028149,0.021787,0.020357,-0.020267,-0.012556,0.002445,0.005936,-0.003799,0.006005,0.014277,0.008111,0.009072,0.000782
ASTRAZENECA PLC,0.006985,-0.007983,0.007256,-0.007728,0.007392,0.008517,0.008315,-0.005541,0.003239,-0.005037,-0.000909,0.000909,-0.001817,0.002731,0.026845,-0.004799,-0.007868,0.004605,-0.024446,-0.007048,0.009069,0.016282,0.012433,0.01304,0.003749,0.00635,-0.010021,0.002374,-0.012218,0.010602,-0.006744,0.000754,-0.003518,-0.011222,0.001785,0.004073,0.006212,0.004788,-0.008401,-0.011381,-0.00243,-0.000641,-0.012189,-0.002468,0.007031,-0.002715,-0.005964,0.014086,0.002444,0.016679,-0.014134,0.006016,0.014888,-0.021314,0.008327,0.005717,0.000126,0.006821,-0.014929,-0.004967,0.002944,-0.00587,0.016046
WASTE CONNECTIONS INC NEW,-0.000185,0.008022,0.00502,0.014801,-0.004952,-0.000604,0.004474,0.007464,-0.007707,-0.002589,0.000604,0.00549,0.00552,-0.011994,-0.002597,0.002543,-0.0061,0.00553,-0.015773,-0.014921,0.007293,0.016832,-0.006999,0.019305,0.013889,0.002076,-0.020358,0.013592,-0.006139,0.000959,0.000959,0.009157,0.025028,0.001273,0.004912,0.004083,0.005555,-0.003189,-0.007428,0.011858,-0.002389,-0.008212,0.006555,0.014052,-0.001521,0.001523,0.003436,0.010554,-0.005777,0.008717,-0.002991,0.013056,5.5e-05,-0.005813,-0.005185,0.00682,-0.004901,-0.005424,-0.023538,0.001026,0.001366,0.002615,0.007995
MODERNA INC,0.010425,0.126772,-0.004698,-0.02296,-0.008679,0.006773,0.006563,-0.04385,0.071264,0.021087,0.005767,0.028049,0.001658,0.061023,0.019006,0.136683,0.004163,0.015853,-0.080487,-0.034465,0.024135,-0.059014,0.03697,-0.016777,0.065364,-0.000969,-0.02379,-0.016025,-0.001346,-0.004515,-0.016856,-0.035805,-0.015211,-0.033575,0.008479,-0.00744,0.026987,0.00438,-0.110102,-0.010372,-0.020053,-0.023579,0.009659,-0.009567,0.02044,-0.015805,-0.003263,0.011803,0.045811,-0.011073,0.000165,0.030128,-0.00867,-0.022047,-0.001484,0.011227,-0.010204,-0.025237,0.018699,0.014203,0.000491,-0.027257,0.003198
COINBASE GLOBAL INC,0.030207,0.089295,-0.02447,0.016484,-0.05548,-0.01465,-0.003551,-0.045284,-0.007018,0.017744,0.083034,-0.094311,0.042326,0.08473,0.00262,0.025379,-0.054641,0.085854,0.030928,-0.034082,-0.007986,-0.037656,0.024212,0.055361,0.029484,0.022593,-0.050257,0.023141,-0.022457,0.044062,-0.02871,-0.01268,0.002454,-0.037332,-0.003899,-0.039016,-0.059993,0.044275,-0.032159,0.0439,-0.007902,0.050128,-0.02511,-0.011296,-0.005602,-0.013949,-0.002675,-0.001864,-0.022454,0.015795,0.113889,0.035578,-0.009503,-0.063669,0.105256,0.02855,-0.028361,-0.048791,-0.055252,0.049283,-0.035936,-0.041588,-0.000446
KIMBERLY CLARK CORP,-0.000439,0.00022,-0.003004,-0.000882,7.4e-05,-0.000368,0.00537,7.3e-05,-0.00278,-0.008731,-0.007328,0.004176,-0.002822,-0.004989,0.000898,0.000972,-0.015164,0.000759,-0.021146,-0.007665,0.011782,0.027994,0.011928,0.018534,-0.004003,0.001169,-0.009489,0.007362,0.001329,-0.003391,0.031363,0.00043,0.006882,0.008686,-0.010941,-0.004639,0.001649,-0.009162,0.005418,0.001293,-0.008253,-0.00275,0.001233,-0.003406,0.005599,0.007159,0.001077,0.009754,0.001634,0.003616,-0.003674,0.010283,0.007651,0.003553,-0.002985,0.003551,-0.057305,0.034074,0.003986,0.005246,-0.00677,-0.031736,-0.009752
ALLSTATE CORP,0.00882,-0.013873,-0.005911,0.011298,-0.011112,0.012426,0.00693,0.00729,-0.016386,-0.004709,-0.016619,0.0169,0.002543,-0.009734,0.001966,-0.01201,-0.013059,0.005122,-0.001031,-0.007105,0.009052,0.020972,-0.020296,-0.004265,-0.000734,-0.001102,0.011893,-0.007573,-0.013491,-0.006002,0.001245,-0.023379,0.010632,0.008315,0.015807,-0.012793,0.011837,-0.006588,-0.01847,0.010419,-0.002187,0.005512,-0.002242,-0.00462,-0.006335,0.007006,-0.00514,0.007876,0.01294,0.010183,0.019671,0.005392,0.017222,0.035091,-0.013074,0.002581,-0.007035,-0.007258,-0.040269,0.022793,0.000355,0.025764,-0.014229
OLD DOMINION FREIGHT LINE INC,0.004293,0.004987,0.009051,-0.02637,0.025586,-0.016722,0.008035,0.010264,-0.016321,-0.00044,0.010883,-0.009515,0.00494,-0.022396,-0.019612,-0.016927,-0.005334,0.008684,0.001445,-0.011598,0.010158,0.012772,-0.03378,0.016595,0.022191,-0.033352,-0.007713,0.015368,0.016304,0.00506,-0.010756,-0.000983,0.006831,-0.003565,0.00779,0.001374,0.006747,-0.006929,0.006806,-0.009486,0.012789,0.011891,0.019418,-0.001647,0.004949,-0.009356,-0.014636,0.020795,0.025478,0.018527,0.026443,0.043995,-0.025314,-0.016207,5.1e-05,-0.000819,-0.007475,0.003972,0.056932,-0.013466,-0.007047,0.017519,0.025118
PRUDENTIAL FINANCIAL INC,0.016474,-0.008994,0.008716,0.026724,0.008416,0.003958,0.010798,0.007461,-0.008668,0.009168,0.006057,0.002759,0.011507,-0.019042,0.001189,0.014002,-0.013725,0.012813,-0.013656,-0.002039,0.008937,0.015269,-0.006066,-0.01371,-0.002119,-0.004417,0.005375,-0.003988,-0.026157,0.005774,-0.008612,-0.007546,0.012377,0.01013,0.011844,0.005895,0.012146,-0.004784,-0.008179,-0.002466,-0.001193,0.002901,0.008679,0.0,-0.014424,0.001712,0.013585,0.014836,0.01653,0.007272,0.018415,0.007806,0.006323,-0.015866,-0.012291,0.006868,-0.001445,-0.008439,-0.00235,0.00853,0.001611,0.013029,-0.005081
FERGUSON PLC,0.007289,0.008797,0.018191,0.006861,0.001418,0.002557,0.00451,0.00458,-0.008306,-0.004279,0.009051,-0.040502,-0.005147,0.008828,-0.003058,-0.008353,-0.012896,0.004098,-0.013876,-0.009056,0.008303,0.002534,-0.013901,-0.02918,0.023253,-0.008336,-0.005904,0.006996,0.008647,0.034737,-0.002011,-0.029416,-0.00273,0.00647,-0.028929,-0.002597,-0.002502,-0.017045,-0.00552,0.012986,0.000982,-0.018797,0.004316,-0.004507,0.004474,-0.000839,-0.013952,0.019149,0.020407,0.043425,0.008529,0.050501,-0.024615,-0.00555,-0.010828,0.015769,0.007406,-0.018096,0.022989,0.025287,-0.001556,0.002475,0.017875
IQVIA HOLDINGS INC,0.005048,-0.046364,0.005537,0.01643,0.00925,-0.005499,0.005792,0.021292,-0.021531,0.009169,0.011032,0.005606,-0.016255,-0.004715,-0.003086,-0.014605,0.00469,0.011053,-0.012587,-0.007543,-0.011333,-0.015105,-0.011959,0.00328,0.00792,0.007264,-0.005715,-0.015509,-0.001483,0.009048,-0.016095,-0.005655,0.002679,-0.002297,0.00639,0.009618,-0.009988,-0.012471,-0.001135,0.007434,-0.006157,-0.013952,-0.004892,-0.003181,0.006238,0.004037,0.019671,-0.005022,0.035192,0.021555,0.007673,0.031343,-0.011504,-0.023622,-0.001245,0.091998,-0.026261,-0.000167,-0.027058,0.031771,-0.010097,0.035069,0.002688
DOMINION ENERGY INC,0.003335,0.000195,0.004691,0.000195,0.013811,0.000576,0.013231,0.004353,-0.000565,-0.003771,0.007192,0.001503,0.003752,0.005234,0.002975,-0.008157,-0.017944,0.004758,0.001894,-0.008508,0.020214,0.020327,-0.004637,-0.007267,-0.014264,-0.00476,-0.015879,0.000389,0.00136,-0.014167,-0.002165,-0.005129,-0.019433,-0.000607,0.007892,-0.012046,0.014022,-0.014229,0.00122,0.00731,-0.012296,-0.020204,0.011039,0.013803,-0.002032,0.00448,0.003041,0.005457,0.037789,0.006585,-0.018087,0.005095,0.014623,-0.009032,-0.003103,0.007586,-0.020849,0.0278,0.003261,0.007648,0.003985,0.00567,0.004698
NU HOLDINGS LTD,0.001842,0.007353,0.065694,0.027397,-0.000833,0.000834,-0.0175,-0.002545,-0.032313,0.014939,0.046753,-0.031431,-0.00427,0.000858,0.029992,-0.026622,-0.011111,0.013829,0.038363,-0.038588,0.039283,-0.023829,-0.010943,-0.028936,0.026293,0.036721,-0.020593,-0.005887,-0.013536,-0.006861,0.003454,0.012048,0.005952,-0.011834,0.033362,0.014073,-0.031837,0.053963,0.0144,0.018927,-0.002322,-0.041117,-0.000809,0.006478,0.031376,0.00156,0.024143,0.004563,0.003028,0.012076,-0.00522,0.017991,-0.02651,-0.008321,0.02746,-0.035635,-0.009238,-0.025641,-0.013557,0.003234,-0.01531,-0.016367,0.009151
CONSTELLATION BRANDS INC,0.001933,0.004489,0.007871,0.004803,0.004586,-0.000503,0.009057,0.004795,-0.01214,-0.018472,-0.006693,0.012288,0.000157,-0.019066,0.001676,-0.008128,-0.015345,0.01383,-0.012152,-0.006192,0.010739,0.014761,0.00036,8e-05,-0.001238,0.00032,0.003279,0.002989,-0.002583,0.005896,0.008356,-0.004399,0.034872,0.004994,-0.00311,0.002549,0.006186,-0.013013,-0.002331,-0.019765,0.005353,-0.003848,0.01034,-0.033097,0.035028,-0.020452,-0.006894,0.003927,0.024854,0.001735,-0.039604,-0.005771,0.000564,0.000121,-0.011319,-0.009126,0.011389,0.003659,0.010126,0.016441,-0.028839,-0.011659,0.007645
FORTINET INC,0.00554,0.026287,-0.096933,-0.001189,0.010542,0.003365,-0.025491,0.00086,0.025275,0.009559,0.008804,0.008398,0.003103,0.014814,-0.016522,0.004241,-0.010395,0.006893,-0.03097,0.00471,-0.028964,0.022759,-0.008766,-0.002721,0.018247,0.00067,-0.000502,0.006196,-0.005825,0.014731,-0.006434,0.009132,0.001974,-0.028736,-0.020457,0.010701,-0.004781,0.007035,-0.009882,0.033213,0.003831,-0.006969,0.019382,-0.004589,0.005928,-0.016042,0.002828,-0.011447,-0.013425,0.012927,0.005877,-0.007012,-0.006221,-0.016579,0.006021,-0.000513,-0.008725,-0.022437,0.011829,-0.005409,0.006842,0.001917,0.009391
T C ENERGY CORP,-0.003347,0.019032,0.033233,0.0,-0.00319,0.009867,0.008714,0.011257,0.0,0.00233,0.00594,0.004365,-0.005368,0.003855,0.00256,-0.008427,-0.018285,0.007083,-0.002084,-0.018794,0.007715,0.017951,-0.004668,0.005993,0.030821,0.008543,-0.019183,-0.008128,-0.008963,0.010078,-0.003837,-0.004879,-0.014194,-0.002356,0.001312,0.008648,0.016108,0.002301,-0.017092,0.000519,0.001324,-0.008971,0.005059,0.011126,-0.00786,-0.010298,0.000267,0.025874,0.00988,0.004377,0.004102,0.019403,0.003256,0.00649,0.019097,0.014602,-0.006956,0.0,0.002174,0.011569,-0.001906,0.001194,0.011207
SNOWFLAKE INC,0.006057,0.010439,0.009824,0.027366,-0.028043,-0.008234,-0.012106,0.008212,0.016799,0.00726,0.021249,0.004076,-0.019268,0.01804,-0.012562,0.003872,-0.05363,0.010221,-0.034708,-0.016917,-0.048856,-0.033842,0.005507,0.000511,-0.019781,-0.016755,-0.006286,-0.033915,0.013569,0.014399,-0.033991,0.010087,0.027522,-0.023494,-0.00768,0.009319,-0.023474,-0.004728,0.03961,0.037094,0.008737,0.056851,-0.005954,0.006623,0.00112,-0.010138,-0.029032,0.000291,0.004945,-0.017586,-0.014954,0.018621,-0.008149,-0.038934,7.7e-05,0.010012,0.011056,-0.05264,0.031603,-0.004553,0.004419,-0.005325,0.011639
HUMANA INC,0.040121,0.021546,-0.001371,-0.004087,0.016916,-0.001509,0.032517,0.002719,0.01189,0.014489,0.007692,0.02316,0.002844,-0.002751,0.001154,0.002728,-0.012283,-0.00829,-0.000258,-0.011168,0.005995,0.030917,0.016978,-0.009143,0.00036,-0.015429,-0.010213,-0.006993,0.006956,0.001734,0.016233,0.002318,-0.010253,-0.016045,0.022515,-0.005428,0.007202,-0.006256,0.014868,0.005234,0.031834,-0.000428,0.003561,-0.031935,0.016453,0.004365,0.00791,0.015562,0.001477,0.006557,0.005206,0.029645,0.016608,-0.033021,-0.003883,-0.006247,0.002364,0.001114,0.000259,0.016123,-0.001299,0.031623,-0.106076
M P L X L P,-0.005024,0.008656,0.000487,0.003648,0.009692,0.0024,-0.002873,-0.003361,-0.007709,-0.017966,-0.001236,0.0,0.001238,0.010136,0.000979,-0.013936,-0.002232,-0.000746,0.00572,-0.004698,-0.000994,0.011689,-0.0059,0.006924,-0.000246,0.001228,0.007115,0.004385,-0.00194,0.000486,-0.000972,-0.000486,-0.002433,-0.004877,0.008821,0.006072,0.020522,0.003785,-0.000707,-0.001179,0.005667,0.006809,-0.003731,0.003745,-0.009095,-0.003766,-0.005197,-0.006649,-0.000478,0.002392,0.010737,-0.003069,0.011366,0.002576,0.006773,0.004639,-0.006927,-0.009068,-0.004927,0.016034,-0.002553,0.003025,-0.006727
L3HARRIS TECHNOLOGIES INC,-0.010745,-0.001936,0.004259,0.011826,0.005402,-0.000463,0.017052,0.000501,0.004463,0.002493,0.004341,0.0,0.006664,0.000224,0.007289,0.000311,-0.009808,0.000627,-0.019619,-0.016585,0.018259,0.025825,0.008095,0.005295,-0.011205,-0.009413,-0.000631,-0.002163,-0.00542,-0.005676,0.00105,-0.007892,0.014807,0.007975,0.007417,0.006292,-8.9e-05,-0.004346,-0.004588,-0.001342,0.006273,-0.011666,0.007389,0.004383,-0.002271,0.008613,-0.000177,0.005797,0.013508,0.003039,0.015149,0.02507,-0.009026,-0.002057,-0.012576,0.014355,0.007895,-0.011957,0.025807,-0.056974,-0.020182,0.013169,-0.003732
LENNAR CORP,0.005606,0.017971,0.01862,0.018533,0.000435,-0.016325,0.015271,0.012679,-0.005647,0.001975,0.052486,-0.03307,0.004116,-0.013323,-0.005865,-0.041977,-0.008725,0.012037,-0.009144,-0.005744,0.019278,0.021143,0.002245,-0.018667,0.010526,-0.020393,-0.013451,0.00909,-0.020525,0.018196,0.000258,0.000387,0.009091,-0.049773,0.003967,0.015002,-0.005873,-0.009824,-0.001609,0.001208,0.00503,-0.02629,-0.015898,-0.002298,-0.001047,0.0,-0.000911,0.022597,0.06938,0.02599,-0.004378,0.065586,-0.018512,0.021324,0.005352,0.009126,0.00087,-0.022357,0.014752,0.031703,0.008319,0.01274,-0.019507
FIDELITY NATIONAL INFO SVCS INC,-0.010601,0.033185,0.01858,-0.003818,0.054791,-0.003499,-0.004592,0.012617,0.014871,0.008449,0.014269,0.001032,0.010315,-0.008167,0.005018,-0.011138,-0.01204,0.019395,-0.034195,-0.008652,-0.005371,0.024298,0.002109,0.000395,-0.001446,0.005398,0.014927,0.001806,-0.01889,0.01477,0.001559,-0.006488,-0.005877,0.012218,-0.007398,-0.006799,-0.005398,-0.004633,-0.002793,-0.004801,0.009782,-0.014464,0.012926,0.00771,-0.005144,-0.007558,-0.015097,0.002713,0.022457,0.011114,-0.004057,0.010511,0.004551,-0.015791,-0.010389,0.00093,-0.002921,0.003063,-0.010885,0.015703,0.000529,0.013471,0.001173
AMERIPRISE FINANCIAL INC,0.004007,0.007353,0.009484,0.014345,-0.000212,0.002518,0.009602,0.008185,-0.003713,0.007848,0.009326,-0.007761,-0.004266,-0.00235,0.002263,0.009008,-0.008767,0.015709,-0.013606,-0.01607,0.005911,0.014169,-0.012757,-0.015057,0.007302,-0.005004,0.002632,0.004313,-0.015054,0.014905,-0.003269,-0.007144,0.020502,0.01045,0.011783,-0.00303,-0.001202,-0.005041,-0.0097,-0.008159,-0.00732,-0.002575,0.018259,0.0003,-0.004263,-0.011778,0.014588,0.016871,-0.00177,0.014665,-0.001053,-0.037573,-0.017457,-0.008469,-0.016986,0.022196,0.003286,0.006787,0.041061,-0.004823,-0.017041,-0.000417,-0.004168
DOORDASH INC,-0.013925,-0.10317,-0.004374,0.033213,-0.017263,-0.02198,0.027871,-0.011449,0.014542,-0.015707,0.013952,-0.001032,0.010933,-0.02955,-0.010004,-0.010548,-0.011108,0.022104,-0.003457,-0.006226,-0.010739,-0.00389,0.006448,0.004331,-0.006469,0.031561,-0.007013,-0.009005,0.006682,0.018142,-0.011126,-0.015118,0.005712,0.001952,-0.023913,0.0333,-0.027924,0.012466,-0.008922,-0.004501,-0.016278,-0.002482,-0.009769,0.001582,0.031035,-0.017304,-0.000825,-0.027077,-0.005472,-0.003984,0.00619,0.029248,-0.051315,-0.027918,0.058038,-0.01508,0.012057,-0.031203,-0.016397,0.039294,0.011934,0.011511,0.03274
KRAFT HEINZ CO,-0.060347,0.012128,-0.010076,-0.016781,0.001959,0.002234,-0.005015,0.014842,0.006898,-0.008222,-0.009395,0.006137,-0.001941,-0.006111,0.003913,0.012806,-0.015943,0.001397,-0.022315,-0.011127,-0.000288,0.020779,-0.007634,0.0151,-0.026944,0.008653,-0.005207,-0.024426,0.002981,-0.021694,-0.011543,-0.004917,0.016677,-0.007594,-0.000918,0.009498,0.007891,-0.012346,-0.014634,-0.001547,-0.001549,-0.011173,0.004394,0.002813,0.0,0.000312,-0.005296,-0.000313,0.008145,-0.003418,0.00686,0.017033,0.032278,-0.003835,-0.019248,-0.009058,-0.000609,0.007622,0.007262,0.002103,0.001798,0.012567,0.040485
M S C I INC,0.009103,-0.004957,-0.001411,0.018093,-0.008602,-0.001379,0.02496,0.005513,0.000845,0.005231,0.003995,0.018467,0.015718,0.013714,-0.013138,-0.003363,-0.026656,0.005302,0.005477,-0.012023,-0.000449,0.011562,-0.009451,0.005484,0.010381,-0.010475,-0.002839,-0.01562,0.000971,0.007142,-0.007501,-0.007743,0.008844,-0.017039,0.013158,0.007312,0.00584,-0.000756,-0.003846,-0.000205,-0.010394,-0.005065,0.025266,-0.000834,0.008615,-0.006017,-0.00648,-0.000143,0.009509,0.016915,-0.000996,0.012961,-0.007874,-0.010814,-0.005335,0.020428,0.079029,-0.02163,0.007507,0.004348,0.003848,0.00669,-0.010069
FORD MOTOR CO DEL,0.004115,0.023771,-0.004804,0.005632,-0.0144,-0.001643,-0.001646,-0.011542,0.028357,0.008921,-0.01045,0.005686,-0.008078,-0.010586,0.0,-0.009877,0.00665,0.004129,-0.039474,-0.010274,0.018166,0.030586,0.004946,-0.013126,0.003325,0.0,0.006628,0.01893,-0.021809,-0.002477,-0.011589,-0.019263,0.011956,-0.005907,0.013582,-0.008375,0.032939,-0.011447,0.001654,0.009909,0.025348,0.017544,0.008621,0.0,-0.002331,0.010903,-0.006163,0.02093,0.022779,0.041574,0.014255,0.011244,0.006254,0.004834,-0.039175,0.010014,-0.020538,-0.011569,-0.183614,0.002688,-0.016086,-0.015441,-0.001845
MONOLITHIC PWR SYS INC,-0.02501,0.092401,-0.007954,0.036523,-0.042057,0.015878,-0.0075,-0.00774,0.000726,0.015163,0.038713,-0.01786,0.002678,0.035381,0.001138,0.005127,-0.018708,0.009365,0.00823,-0.017352,-0.003349,-0.011117,-0.00522,-0.007147,0.042736,0.00132,-0.009188,0.037172,0.005644,0.040371,0.00168,-0.012766,0.025813,0.030421,-0.031939,0.001018,-0.033928,0.027226,-0.004171,-0.007043,0.015086,-0.002775,0.011411,0.012633,0.002896,0.012083,-0.006598,0.017265,-0.034688,0.029749,0.017811,0.021323,-0.081059,0.031919,-0.041068,0.06005,-0.012818,-0.069151,0.002564,0.04036,0.006668,-0.054892,0.103907
CHENIERE ENERGY INC,-0.005006,0.022926,-0.019237,-0.00457,-0.003252,0.005246,0.006905,-0.0045,-0.014834,0.017319,-0.008258,0.011658,0.014056,-0.002248,0.000313,-0.006006,-0.011203,-0.000827,-0.005096,-0.014791,0.010398,0.014922,0.017872,0.001619,-0.005408,0.003687,-0.006227,-0.010151,-0.003798,0.006926,0.004796,-0.020977,-0.005068,0.038816,0.017504,0.006039,0.006306,0.023018,0.007598,0.006605,0.015273,-0.01001,0.007915,-0.002178,0.000632,0.007004,0.003307,-0.006023,0.008518,0.006519,0.000563,0.005741,0.016174,0.002533,-0.000549,-0.005662,-0.022222,-0.011138,0.008233,0.002098,0.005432,0.023638,0.004179
AGILENT TECHNOLOGIES INC,0.01204,-0.008436,0.014034,0.008318,0.004694,0.01083,0.016387,0.031831,-0.013355,0.023822,0.018509,0.001493,-0.000518,0.002658,-0.006273,-0.005206,-0.015176,0.000731,-0.016262,-0.01842,-0.096646,-0.007685,0.007591,-0.004186,0.020711,-0.005541,0.001205,0.000376,-0.006916,0.007948,-0.01945,-0.005514,0.015248,0.023288,-0.016086,0.003918,0.013734,-0.002887,-0.011879,-0.017206,-0.008945,-0.017203,-0.010863,0.002783,0.001903,-0.002374,-0.005156,0.013156,0.029511,0.010778,-0.009226,0.038547,-0.018815,-0.011461,-0.00144,0.012445,-0.020762,0.026866,0.006112,0.017336,0.000437,0.015359,0.013693
SHELL PLC,-0.009908,0.01635,0.003606,0.005665,0.002611,-0.00466,0.012667,0.007342,0.00108,-0.001483,-0.010262,-0.011896,0.002509,-0.004588,-0.002654,-0.012745,-0.001702,0.006395,0.012991,-0.004042,0.0,0.018614,-0.027068,-0.010168,-0.003995,0.006303,-0.011388,0.017135,-0.004955,0.001707,-0.009232,-0.010895,0.002174,0.005495,0.007191,-0.001285,0.021161,0.00182,-0.009644,0.008185,0.010358,0.009559,0.002333,-0.000411,0.003287,-0.007235,-0.001925,0.004822,0.000548,0.001507,-0.001642,-0.003838,0.008255,-0.000409,-0.013652,-0.000554,-0.012464,-0.001823,0.012784,-0.000555,-0.002915,0.00181,0.017368
SUPER MICRO COMPUTER INC,-0.140312,0.032805,0.026465,0.060879,-0.01332,0.004089,-0.027886,-0.001501,-0.019712,0.050603,0.158068,-0.050359,-0.018255,0.018077,-0.00552,-0.028567,-0.029647,0.043074,-0.010363,-0.040013,-0.014028,-0.052456,-0.017744,0.001324,0.040059,-0.030654,-0.011325,0.023079,-0.024464,0.009289,0.124377,-0.03049,0.050761,0.036736,-0.002581,-0.013486,-0.086472,0.019517,-0.014185,0.071226,-0.079754,-0.00858,0.030591,0.011742,-0.000496,0.062321,-0.004148,0.004879,-0.011956,0.023324,-0.013495,-0.023082,-0.069159,-0.018008,-0.006025,-0.013178,-0.003892,-0.091494,-0.022416,0.023835,-0.020304,-0.045032,0.053038
FASTENAL CO,0.003533,-0.00132,0.004993,-0.024697,-0.004944,0.005571,0.012579,0.003845,-0.007661,-0.00193,-0.003719,-0.002538,-0.005837,0.003613,-0.005251,0.005278,-0.012901,0.003343,-0.019085,-0.004787,0.006362,0.017268,-0.025311,0.000466,0.013211,-0.018101,-0.001875,-0.007982,-0.001736,0.019915,-0.003719,-0.019288,0.02157,0.008384,0.002617,0.003378,-0.004591,-0.009379,-0.015831,-0.001262,-0.007737,-0.011935,0.010791,-0.001115,0.007497,-0.005225,-0.004297,0.015185,0.010392,0.019791,0.036522,0.017691,0.013907,-0.016574,-0.013657,0.005745,-0.005565,-0.008689,0.025999,0.024616,0.005968,0.001413,-0.001975
INGERSOLL RAND INC,-0.003429,-0.001613,-0.06602,0.020295,0.015484,0.010017,0.002755,0.002857,-0.004602,0.007706,0.013874,-0.01498,0.013676,0.016082,0.01126,0.011345,-0.012256,0.004206,-0.021361,-0.025359,0.00999,0.011413,-0.032348,-0.023101,0.020123,-0.015045,0.008486,0.023112,0.002084,0.03677,-0.003061,-0.031657,0.020118,0.013719,-0.014802,-0.003112,0.000323,-0.032393,-0.001223,0.013029,-0.001429,-0.014311,0.012508,0.004302,0.003624,0.007989,-0.004125,0.028017,0.012725,0.018639,0.014186,0.017028,-0.023121,-0.001122,-0.010724,0.031902,0.003002,-0.044888,0.012428,0.018156,0.000405,0.001317,0.015475
CENTENE CORP DEL,-0.011087,0.028789,0.006458,0.004411,0.010115,-0.000659,0.023731,0.001803,-0.008227,-0.003629,0.015871,-0.012165,0.011926,-0.006277,0.0107,0.000383,-0.014025,-0.034915,-0.025593,-0.030528,-0.021844,0.038138,-0.006425,-0.013918,-0.006273,0.010617,-0.008944,0.00043,-0.008305,-0.02238,0.018757,-0.000725,-0.010591,-0.02654,0.016418,0.006669,0.001619,-0.005732,0.001035,-0.005168,-0.015882,-0.01448,0.013009,0.008612,-0.005842,-0.002712,-0.006799,0.013995,0.008851,0.009071,-0.027409,0.047121,-0.018955,-0.031121,0.008373,-0.00151,-0.018899,0.018955,0.019359,0.08457,0.005198,0.049265,-0.002335
ROYAL CARIBBEAN CRUISES LTD,-0.015111,-0.001018,0.006042,0.036466,-0.011588,0.000636,0.000424,-0.004939,-0.001418,-0.000284,-0.001136,0.015785,-0.00658,0.040727,0.02065,-0.022421,-0.007193,0.01449,0.011453,-0.014454,-0.003177,0.001288,0.022278,0.027754,0.007541,-0.011386,0.000129,0.00537,-0.014221,0.028004,-0.01397,-0.043663,0.004175,0.015826,-0.008384,0.006058,0.022499,0.040189,0.004168,-0.007373,-0.004869,-0.018566,0.000895,-0.007854,0.00901,0.025832,0.014301,-0.002759,0.003074,0.019733,0.007933,0.025996,-0.044282,-0.001642,0.024971,0.001426,0.013054,-0.036432,-0.075922,0.01013,0.010289,0.011602,-0.001402
TRADE DESK INC,0.030899,0.031729,0.005334,0.031268,-0.018827,-0.040384,0.030807,-0.015902,0.003094,-0.015423,0.047227,0.032576,0.017062,0.028698,-0.018974,-0.00345,-0.02948,0.024214,0.003588,0.003786,-0.018229,-0.009924,0.003557,0.014714,0.031012,-0.002259,-0.031073,-0.016141,-0.004965,0.057165,-0.01888,0.000418,0.021116,0.016073,-0.019849,0.00442,-0.019957,0.020572,-0.000205,0.00522,-0.0056,0.003072,0.003777,0.011491,0.004323,-0.008208,0.024627,-0.016745,-0.012523,0.009232,0.006132,0.008592,-0.056563,0.00504,0.00303,0.046141,0.00458,-0.114767,0.017465,0.017056,-0.00238,-0.025702,0.000445
AMETEK INC NEW,-0.003893,-0.061157,0.019714,0.008946,0.009104,-0.002595,0.004493,0.005297,-0.004098,-0.00923,0.006527,-0.01014,-0.006611,0.010791,0.003144,0.029563,-0.008097,0.005442,-0.030807,-0.009506,0.005878,0.011271,-0.019873,0.003971,0.010667,0.000237,0.007766,0.017647,-0.002717,0.006839,0.001209,-0.038063,0.008981,0.014123,-0.013926,0.00089,0.016541,-0.01598,-0.012684,-0.00066,0.001442,-0.006838,0.003201,0.001204,-0.003909,-0.006942,-0.002249,0.010601,0.0208,0.001181,0.015278,0.02266,-0.005568,-0.018854,-0.014965,0.022523,-0.00636,-0.028626,0.009404,0.022253,-0.002148,0.002618,0.006556
CUMMINS INC,0.004885,-0.012611,0.001605,0.010152,0.011707,0.007494,0.019096,0.013681,-0.023978,0.012798,-0.010299,-0.014685,-0.007956,-0.002521,0.003932,0.003672,-0.004982,0.003558,-0.023341,-0.014088,0.017424,0.009351,-0.023107,-0.007667,0.020871,-0.016463,-0.00857,0.004782,-0.005381,0.00184,-0.006686,-0.014424,0.012872,0.014375,0.016509,-0.004923,0.025348,-0.002958,-0.005121,-0.004189,-0.012692,-0.016755,-0.017408,0.016931,-0.020031,0.011214,-0.003486,0.020136,0.021708,0.017212,0.014288,0.036341,-0.014461,0.010607,-0.02374,0.003778,-0.029427,-0.007333,0.005682,0.025462,0.002824,-0.007418,0.009549
ELECTRONIC ARTS INC,0.010724,0.002497,0.008249,0.007718,-0.002451,-0.038391,0.015011,0.000157,-0.004405,7.9e-05,0.008137,0.012067,-0.010917,0.004305,0.004287,0.048816,-0.005476,0.004911,-0.022286,0.000833,-0.005607,0.012573,0.000828,0.026393,0.010696,-0.004059,-0.004221,-0.004458,0.003524,-0.007755,0.001769,0.00081,0.011399,0.004363,-0.002027,0.008778,0.015605,-0.004248,-0.000427,-0.00747,-0.001362,-0.014426,0.01136,-0.001512,-0.002957,0.010054,0.00666,0.024968,0.008398,0.002615,-0.004668,0.011517,0.00225,-0.003265,-0.043134,0.021755,-0.008796,-0.005705,0.004392,0.023836,0.018391,0.00859,0.012205
PUBLIC SERVICE ENTERPRISE GP INC,0.010567,0.003008,0.006141,0.012633,0.008971,0.008058,0.014333,0.005571,-0.007026,0.003402,0.009628,-0.003089,0.004312,-0.003086,0.011304,-0.010912,-0.010494,0.020258,-0.006663,-0.017977,0.0097,0.02503,-0.016104,-0.002683,0.006995,-0.00561,-0.012896,0.007684,0.003132,-0.008552,0.002327,-0.007786,0.00592,0.003011,0.003957,-0.007747,0.023832,-0.015786,-0.006253,0.000137,0.007932,-0.00095,-0.000679,0.005572,0.001081,0.00702,0.013273,0.009394,0.003146,-0.003267,-0.022811,0.0,0.008184,-0.016234,0.009604,0.015809,-0.003034,0.004763,-0.022515,0.023842,0.012235,0.013777,0.022692
FAIR ISAAC CORP,0.006529,0.021583,0.023735,0.041592,-0.001618,0.008721,0.02824,0.032508,0.00295,0.01606,0.01051,0.02651,0.004927,0.024749,-0.049423,-0.005935,-0.009849,0.023249,0.000354,-0.020814,-0.039549,-0.009772,0.003016,0.006894,0.037099,-0.015684,-0.014708,-0.00013,0.003954,0.04792,0.000472,0.008397,0.013929,0.008397,-0.006358,0.016528,0.003753,0.010954,0.008722,0.005109,0.007547,0.005273,0.021964,0.000445,0.014045,-0.013851,0.024836,-0.021664,0.021792,0.013397,0.000951,0.015559,-0.007413,-0.011255,0.003805,0.026012,-0.002481,-0.042307,0.011345,0.018396,-0.010723,-0.000138,0.00724
KROGER CO,-0.011015,0.005843,-0.005627,0.008397,0.001267,0.001266,-0.006862,0.016364,-0.012522,0.006703,-0.016281,0.001103,-0.004408,-0.00572,-0.004268,0.004845,-0.011313,-0.006003,-0.012833,-0.008029,0.001734,0.007503,-0.009738,0.003471,-0.006918,0.005224,0.000577,-0.006541,-0.005229,-0.02336,0.006976,-0.002771,0.013299,0.018217,-0.032705,-0.001392,-0.003784,-0.003998,-0.008832,-0.000203,0.011343,0.012618,-0.002571,0.006345,0.021478,0.001929,-0.00154,0.02179,-0.004529,-0.004929,-0.007049,0.028396,0.022388,0.000183,-0.005474,0.006421,-0.018593,0.006315,-0.016058,0.018008,-0.00129,0.009225,-0.003656
I D E X X LABORATORIES INC,-0.050166,0.016623,0.010046,-0.007761,0.014281,0.007009,0.02823,0.017971,-0.013338,0.035963,0.052619,-0.013837,0.00464,-0.024621,-0.021941,-0.000964,-0.003553,0.000775,-0.021491,-0.013949,0.002849,-0.005643,-0.009096,-0.002782,0.009734,0.004034,-0.000663,0.021608,-0.004053,0.015962,-0.015867,-0.004189,0.000655,-0.001447,-0.015171,-0.000464,-0.008553,-0.000834,-0.00503,0.010949,-0.013685,-0.022168,0.001742,0.000545,0.017822,-0.004671,-0.012073,0.011509,0.009082,0.010169,-0.020376,0.034846,-0.006106,-0.051826,-0.005396,0.015143,-0.010267,0.001977,-0.0014,-0.002061,0.006217,0.004359,0.003012
CORTEVA INC,-0.004064,0.056947,0.003159,-0.013996,0.020582,-0.01217,0.017776,-0.006052,-0.003132,0.004363,-0.007298,-0.01978,0.008036,0.005137,-0.001586,0.005825,-0.024746,-0.00108,0.002702,-0.024973,0.017874,0.012672,-0.006614,-0.030772,0.006704,0.015908,-0.036781,-0.022495,-0.001354,0.005809,-0.006931,-0.007755,0.016804,-0.002882,0.00925,0.010502,-0.000189,0.002457,0.011312,0.000186,0.005405,-0.016129,-0.005653,-0.005496,-0.000762,-0.01373,-0.019335,0.005915,0.0245,0.015879,-0.003766,0.024575,0.024723,-0.006122,-0.007609,-0.000183,-0.006938,-0.01048,0.027127,0.00199,0.001264,0.001262,0.010265
NUCOR CORP,0.000831,0.010968,0.019939,-0.016674,0.004502,-0.011584,0.026914,0.000574,-0.004184,-0.006446,0.020797,-0.015777,-0.007553,-0.006914,0.006962,-0.005926,0.002513,-0.001516,-0.016816,-0.01063,0.00042,0.01308,-0.012082,-0.033751,0.003164,0.010205,-0.014326,-0.022919,-0.011951,-0.006369,-0.002072,0.003698,0.01739,-0.01112,0.007582,0.00491,-0.012819,-0.026228,0.020333,0.000971,0.025273,-0.006832,-0.003439,-0.000256,-0.016494,-0.008905,-0.01456,0.020699,0.036515,0.013463,0.023402,0.007703,-0.012881,0.010183,-0.019134,0.005169,-0.010959,-0.041845,0.014407,0.024647,-0.009199,0.000125,0.022016
HOWMET AEROSPACE INC,0.000449,0.154537,0.023217,0.016352,-0.004365,0.019917,0.008106,-0.014141,-0.008038,0.008227,0.023121,-0.002659,0.004847,0.013626,0.008684,-0.015686,-0.012461,0.027906,0.00661,-0.014189,0.001903,0.004986,-0.000236,-0.02765,0.028436,-0.01607,0.006125,-0.001552,-0.005619,0.003006,-0.007551,-0.046618,0.013428,0.0025,-0.008603,0.007924,-0.018842,-0.005469,0.01023,0.007595,-0.024749,-0.004251,0.009961,0.016139,-0.006681,0.021193,-0.002858,-0.000748,-0.006485,-0.005398,-0.004165,0.031432,-0.043254,0.011816,-0.00952,0.028451,0.026916,-0.034219,0.034552,0.004129,0.002056,0.132287,0.020147
NASDAQ INC,0.000501,0.003173,0.013318,0.011993,-0.011364,-0.016256,0.004507,0.007976,-0.000659,-0.003464,0.01556,0.014344,0.008517,-0.004939,-0.00016,0.00016,-0.014892,0.011541,-0.032621,-0.005814,-0.013367,-0.000339,-0.004913,0.011747,0.004711,-0.007536,-0.0081,0.008847,-0.004722,0.00898,-0.005877,-0.006081,0.000512,0.00614,0.004068,0.017221,-0.00249,-0.003161,-0.002504,0.007028,0.001329,-0.012944,0.00807,0.003002,0.003991,0.000994,0.006122,0.013485,0.009249,0.008039,0.004785,0.004762,0.003002,-0.015908,0.00048,0.008319,0.001587,-0.006336,0.072214,-0.00446,0.014337,0.01811,-0.021258
QUANTA SERVICES INC,-0.009862,-0.003945,0.005216,0.051379,-0.009722,-0.007119,0.019586,0.004849,-0.022285,-0.007799,0.028212,-0.02574,0.002198,0.01233,0.016401,-0.003492,0.020103,0.024878,-0.013372,-0.005972,0.00644,-0.013655,-0.014387,-0.00717,0.021887,-0.031349,0.007632,0.008354,-3.7e-05,0.019259,-0.000325,-0.012324,0.012038,0.016704,-0.025711,0.000109,0.000839,-0.004595,-0.023446,0.001838,-0.048566,-0.025149,0.000687,0.027524,-0.00813,0.008435,0.00051,0.012088,0.024315,0.01768,-0.043042,0.00828,-0.055635,0.080714,-0.023233,0.035388,-0.01214,-0.047417,-0.012345,0.031832,-0.001987,-0.018031,0.05477
G E HEALTHCARE TECHNOLOGIES INC,0.026495,-0.005495,0.021072,0.004153,0.020426,-0.00393,0.019973,0.008099,-0.028417,-0.006294,0.017263,-0.007325,0.006764,-0.001344,0.002324,-0.016109,-0.016001,0.006555,-0.013776,-0.00381,0.00153,-0.007255,-0.010897,0.004796,-0.007224,0.00052,-0.008571,-0.007336,-0.013724,0.016457,0.013426,-0.006494,0.013858,0.009284,0.014948,-0.003399,-0.004042,-0.000507,-0.010278,0.010513,-0.011418,-0.021304,0.000918,0.011922,-0.00233,-0.009214,0.006811,0.02953,0.010109,0.004253,-0.001121,0.030552,-0.002057,-0.018067,-0.006298,0.009821,-0.005047,-0.013982,0.002886,0.007257,0.019255,0.007313,0.023956
GARTNER INC,0.023752,-0.007931,0.02291,0.018057,0.001719,-0.006543,0.005711,0.00577,0.001867,-0.007998,0.012781,0.012733,0.005538,0.013414,-0.015231,0.005742,-0.013807,-0.014921,-0.009885,-0.016011,-0.031,0.012522,0.010341,0.009693,0.018289,-0.008602,0.005183,0.004281,-0.005615,0.004402,-0.007091,-0.001063,0.024248,0.008155,0.009366,0.003663,-0.0023,-0.002616,-0.007579,-0.003875,0.009645,-0.017236,0.010876,0.003654,0.009514,-0.006349,-0.002338,0.000937,-0.001984,0.017336,-0.000791,0.024351,-0.013517,-0.001153,-0.001568,0.028656,-0.008883,-0.021562,0.009991,0.01933,-0.00017,0.05932,0.004852
BAKER HUGHES CO,-0.022379,0.001254,0.006264,0.002506,0.004375,-0.007467,0.027586,-0.013423,0.002164,0.006788,0.009194,0.002733,0.013325,-0.01046,-0.002718,-0.028165,-0.008725,0.017605,0.001236,-0.01481,0.017225,0.030788,-0.039725,-0.016174,0.003794,0.0,-0.003465,0.025284,-0.006165,0.0,-0.018921,-0.017072,0.030235,0.003434,0.025825,-0.001213,0.044944,0.012787,-0.010904,-0.001451,0.02179,-0.00654,-0.007155,-0.006342,-0.007253,-0.001461,-0.021656,0.012264,0.019799,-0.00029,0.035072,0.016522,-0.003857,-0.007467,0.001115,-0.007515,-0.00028,-0.021038,0.019484,0.058179,0.02178,-0.005979,0.012552
AGNICO EAGLE MINES LTD,0.014049,0.013699,-0.001229,0.016759,-0.00378,0.006072,0.027459,0.004405,-0.009503,0.013137,0.006702,-0.004197,0.018893,0.009556,-0.009325,-0.030091,-0.010146,0.005793,0.018018,-0.022342,0.017807,0.000292,0.006157,-0.052601,0.01661,0.039183,-0.071189,0.022571,-0.008584,0.014842,-0.024528,0.003436,0.0,0.005603,0.022597,-0.012714,0.006592,-0.011727,0.007243,0.015606,-0.014763,-0.005505,0.009686,0.036242,0.025716,0.001862,0.003861,0.043875,0.018286,0.006701,-0.004925,0.023278,-0.013204,-0.007154,-0.010275,0.007955,0.008962,-0.010606,-0.021305,0.004929,0.015259,0.008588,0.026743
IMPERIAL OIL LTD,-0.022625,0.010091,-0.000294,0.016312,-0.001301,0.006226,0.007626,-0.00257,-0.003293,-0.008187,0.002317,0.000578,0.011264,-0.004569,-0.001865,-0.022133,-0.001029,0.015742,0.024623,-0.022759,0.001736,0.018051,-0.049926,-0.02119,-0.000921,0.010911,-0.01657,0.017468,-0.002735,0.001219,-0.019172,-0.003103,0.004513,0.014253,0.019093,-0.01244,0.043406,-0.004073,-0.010808,0.02008,-0.012158,-0.01348,0.020496,0.01339,-0.012351,-0.007998,-0.007916,0.019799,0.016372,0.004134,0.013771,-0.011623,0.001559,-0.01061,-0.007292,0.010802,-0.012254,0.011396,0.006989,0.006091,-0.027735,0.008543,0.027423
DOW INC,0.0058,-0.006989,0.003695,0.005259,0.017789,0.004798,0.013813,-0.000673,-0.000842,0.004885,-0.009891,-0.006096,0.008347,0.000845,-0.005571,-0.022237,-0.011806,0.014758,0.004848,-0.017919,0.006842,0.016379,-0.027069,-0.016408,0.009791,-0.00018,0.000898,0.005742,0.001784,0.001781,-0.003378,-0.018552,0.003817,0.003802,-0.022186,-0.004058,0.011669,-0.02673,0.000752,-0.004511,0.001699,-0.007917,0.00152,0.003225,-0.012292,0.010913,-0.023106,0.00252,0.013537,0.00954,0.006804,0.026844,0.01298,-0.01155,-0.015885,0.009647,-0.006431,-0.013871,-0.008815,0.000189,0.0,0.015702,0.014528
SYSCO CORP,-0.017088,0.016427,0.01495,0.001592,0.004372,-0.015697,0.007103,0.013573,-0.008008,0.004367,0.001054,0.003554,-0.004328,-0.011198,0.003464,-0.034387,0.001925,0.001098,-0.00658,-0.013799,0.002519,0.016329,0.005081,-0.006695,-0.006327,0.005814,0.0,-0.005643,-0.007336,-0.008226,-0.001265,-0.004927,0.031829,-0.003565,0.000963,0.008247,0.016769,-0.001609,-0.029278,0.002629,-0.014903,-0.021152,0.01016,-0.00765,0.002998,-0.00129,-0.007178,0.00694,0.029437,0.006695,-0.005127,0.017131,0.02766,-0.009194,-0.009952,0.0,-0.005977,-0.027057,0.012921,0.010122,0.005628,0.043407,0.002747
EDWARDS LIFESCIENCES CORP,-0.00437,0.009015,0.002234,-0.001877,0.008814,-0.008737,0.027383,-0.008007,-0.023293,0.020779,0.042794,-0.000555,-0.010765,0.00718,0.006237,-0.001439,-0.030484,0.005946,-0.010684,-0.000115,0.009882,-0.011378,0.011164,-0.005122,-0.00389,0.007006,0.005246,-0.023145,0.010453,0.008851,-0.001139,-0.004334,-0.004812,0.018994,0.003615,0.023188,-0.008031,0.010092,0.00527,0.019441,-0.010392,-0.022951,0.010859,-0.001644,0.013614,-0.005199,0.017857,0.003209,-0.009917,-0.020032,-0.016375,-0.019777,-0.004787,-0.01718,0.008041,0.017225,-0.010683,-0.001149,-0.313398,0.044724,0.021966,-0.001569,-0.009271
ISHARES TRUST,-0.001359,0.017387,0.009065,0.005596,-0.001025,-0.000586,0.006308,0.001166,0.002038,0.005812,0.010257,-0.002431,0.004444,-0.000428,-0.003141,-0.007734,-0.005918,0.007405,-0.000288,-0.016148,0.005862,0.004079,0.004933,-0.006353,0.009154,0.002736,-0.010482,0.002177,-0.0087,0.010528,-0.010565,-0.005191,0.003876,0.005346,-0.000295,-0.006501,0.007139,0.000295,-0.006348,0.00208,0.001631,0.000444,0.003403,0.011943,0.005391,-0.002609,-0.001598,0.011207,0.00403,0.009174,-0.008097,0.005728,-0.008116,-0.009905,-0.00638,0.009047,-0.006508,-0.011936,-0.005451,0.012146,-0.004391,0.000735,0.016304
OTIS WORLDWIDE CORP,0.002522,0.003719,0.003814,0.01053,0.008594,0.00671,0.017033,0.010091,-0.005252,0.004969,0.00206,-0.00329,0.002382,0.002996,0.011022,0.005604,-0.015907,0.00453,-0.023778,-0.004829,0.016879,0.029152,-0.00373,0.003845,0.015825,-0.013594,-0.007545,-0.009224,-0.012788,0.009845,-0.000103,-0.003182,0.003501,-0.009952,0.001036,-0.007039,0.009904,-0.012491,0.000941,0.002611,0.002708,-0.013609,0.010532,0.005836,0.003834,0.005368,-0.011191,0.005815,0.024466,0.009774,-0.007684,0.00181,-0.006926,-0.002224,-0.009928,0.017804,-0.010958,-0.070644,0.0175,0.004837,-0.004814,0.008492,0.007248
COGNIZANT TECHNOLOGY SOLS CORP,-0.00472,0.013768,-0.000302,0.002566,0.018669,0.000887,-0.013585,0.002695,0.013288,-0.001326,0.015934,0.021348,-0.018058,0.011926,-0.011354,0.00378,-0.0084,-0.002191,-0.02137,-0.011068,-0.020266,0.021149,-0.005593,-0.006537,0.002601,0.012057,-0.00558,0.019867,-0.004164,-0.010005,-0.02549,-0.005417,0.019608,0.004426,0.035405,0.002935,0.004975,0.003203,-0.008708,-0.008346,0.003986,-0.003824,0.012843,-0.004518,-0.004392,-0.006618,-0.009771,0.014053,0.034056,0.019818,0.012582,0.018777,0.012332,0.017001,-0.021588,0.011166,-0.016897,-0.01624,0.007154,0.018577,-0.000402,0.017172,-0.001846
GENERAL MILLS INC,-0.00667,0.00943,-0.010474,-0.011014,0.011137,-0.005436,0.010499,0.006262,-0.000849,0.002973,-0.014397,0.022483,-0.002241,0.002667,-0.0112,-0.003964,-0.017911,-0.011434,-0.023719,-0.002849,0.002406,0.031508,-0.014546,0.005756,-0.009979,-0.001038,0.001039,-0.008301,0.001196,-0.025231,0.004901,-0.001677,0.012061,0.005582,0.00045,0.005848,0.014759,-0.0119,-0.045941,-0.007168,-0.007063,0.000632,-0.002054,-0.001425,-0.003171,-0.006043,0.00304,0.009092,0.008139,-0.002216,-0.002697,0.000636,0.038792,0.002755,-0.017399,0.003417,-0.009443,0.023754,0.004885,0.007443,0.009952,0.015975,-0.013373
CENOVUS ENERGY INC,-0.0107,0.011308,-0.003889,0.009273,-0.003385,0.006793,0.000964,-0.011555,-0.005358,-0.011263,-0.000991,-0.005004,0.011517,-0.00198,0.005456,-0.0148,-0.001502,0.018556,0.032004,-0.015267,-0.002422,0.01117,-0.060519,-0.018916,-0.003648,-0.003138,-0.00787,0.023797,-0.004132,-0.005705,-0.038602,-0.003202,0.000548,0.022466,0.006967,-0.007451,0.032172,0.004156,0.001035,0.016538,-0.000508,0.006612,0.020718,-0.00396,-0.02336,-0.003562,-0.016343,0.020768,0.01119,0.001006,0.037688,-0.010654,0.003916,-0.015115,-0.013861,0.003514,-0.026013,-0.002568,0.017508,0.0,-0.011134,0.001023,0.029141
YUM BRANDS INC,-0.041912,-0.001921,-0.005405,0.013697,-0.001983,0.007726,0.007228,-0.002392,-0.00901,0.008139,0.006182,0.023999,0.0,-0.014048,-0.002649,-0.00122,-0.015238,0.009561,-0.013004,-0.008759,0.001262,0.019208,0.013825,0.015862,-0.007136,0.002135,-0.006107,-0.015432,-0.005805,0.002117,0.005171,-0.00884,0.00095,-0.010955,-0.009378,0.001044,-0.002234,-0.012389,-0.002796,0.004926,-0.001131,-0.020837,0.002544,-0.003461,-0.00355,-0.009139,-0.010005,0.019817,0.00271,0.01382,-0.026045,0.008054,0.00318,-0.007887,-0.010755,0.013236,-0.016717,-0.004033,0.009369,0.007237,0.018586,0.013341,0.004994
VERISK ANALYTICS INC,0.068132,0.004081,0.015272,0.019087,0.021252,-0.009838,0.001676,0.013593,-0.007934,0.002395,0.003685,0.014687,0.000557,0.00314,-0.003605,0.008509,-0.017308,0.009348,-0.010772,-0.007835,0.009922,0.013675,0.003837,0.017734,0.011733,-0.004899,0.015385,-0.00197,0.004516,-0.004194,-0.005008,0.00961,0.012558,0.004147,-0.002641,0.008318,0.005364,0.00184,-0.008852,0.003669,-0.0048,-0.005342,0.015852,0.003378,0.004281,-0.004555,0.007979,0.007771,-0.008756,0.008325,0.000433,0.013117,-0.007043,0.006305,-0.014559,0.00643,-0.001759,-0.005645,-0.00235,0.014752,0.013609,0.007788,-0.084758
EXELON CORP,0.006919,0.001321,-0.012668,0.003742,0.009587,-0.002374,0.013485,-0.007305,0.012211,0.007081,0.008594,-0.00284,-0.001036,-0.00311,0.00156,-0.016096,-0.022955,-0.009182,0.002453,-0.016313,0.015202,0.022325,-0.009321,0.004301,-0.015257,-0.007339,-0.009584,0.001106,0.0,-0.04032,0.018993,0.003671,-0.010411,-0.007961,0.001433,-0.004579,0.015814,-0.014435,-0.000574,-0.002874,-0.002594,-0.001734,-0.000579,0.005792,-0.012093,-0.00204,0.005549,0.007552,0.018161,-0.002265,0.003121,0.004809,0.025619,-0.005215,-0.003035,0.003321,-0.010483,0.016727,0.000274,0.007401,0.00381,0.008946,-0.000537
MARTIN MARIETTA MATERIALS INC,0.006456,-0.001523,0.001814,0.014822,-0.001634,-0.003624,0.010995,0.011986,-0.003899,-0.003158,0.010806,-0.050581,-0.001616,0.004046,-0.00307,-0.013865,0.000366,0.00994,-0.015263,-0.011397,0.005871,0.008728,-0.013862,-0.013507,0.005542,-0.013599,-0.000744,0.002669,-0.011605,0.019874,0.019792,-0.001673,0.012437,-0.026625,-0.032473,0.006753,-0.00544,-0.01142,0.00129,0.004872,0.006521,-0.017996,0.005225,-0.002823,0.006413,-0.012595,0.001302,0.02723,0.0195,-0.002213,0.003697,0.037534,-0.022703,-0.000514,-0.008829,0.01549,-0.004703,-0.048206,0.017124,0.033965,0.019854,0.014163,0.014239
VULCAN MATERIALS CO,0.008151,0.018019,0.000113,0.008206,0.006526,-0.001565,0.010301,0.005098,-0.007278,-0.008664,0.010271,-0.038817,-0.003462,0.004284,0.007571,-0.004997,-0.012267,0.007931,-0.020328,-0.00815,0.008614,0.006651,-0.013997,-0.00686,0.002875,-0.010351,-0.003983,0.000889,-0.012792,0.018313,0.019388,-0.005158,0.014685,-0.002887,-0.035797,0.005478,-0.000928,-0.005776,-0.001097,0.007646,0.003713,-0.019945,0.005539,-0.004693,0.001189,-0.009172,0.001157,0.02258,0.028137,-0.008559,0.005505,0.035093,-0.026673,0.001134,0.000195,0.017451,-0.001765,-0.037056,0.013014,0.031288,0.010775,0.020678,0.016704
DATADOG INC,0.007331,-0.007594,-0.009485,0.021727,-0.114752,0.043416,-0.012023,0.026754,-0.005968,-0.012769,0.014732,0.018064,-0.004477,0.010161,0.008575,0.003433,-0.005132,0.012119,-0.012055,-0.003521,-0.034763,-0.061899,-0.007624,-0.004573,0.015068,-0.007784,-0.001368,0.032155,0.016904,0.036641,0.00361,-0.014221,-0.005686,-0.005718,-0.003605,0.012836,0.007825,0.005401,0.034081,0.042698,0.009654,0.006246,0.009579,-0.001898,0.02327,-0.016052,-0.04358,-0.002685,0.007126,0.004796,0.012637,0.01047,-0.073488,-0.019313,0.001767,0.018399,0.016416,-0.047805,0.025486,-0.016624,-0.003296,-0.027476,0.015347
DIAMONDBACK ENERGY INC,-0.025456,0.008265,0.019582,0.01335,-0.002498,-0.002258,0.00246,-0.00751,-0.007023,-0.003736,-0.006614,-0.010928,0.015828,0.000809,-0.00642,-0.021469,-0.001976,0.007814,0.022227,-0.013855,0.011896,0.009729,-0.042909,-0.007813,-0.000159,0.009778,-0.003873,0.019285,-0.001547,-0.000103,-0.017041,-0.02301,0.00855,0.006984,0.020437,-0.009599,0.037458,-0.000757,-0.004649,0.011322,0.00502,0.017583,0.005842,0.009907,-0.016431,-0.000884,-0.003688,-0.001037,0.023618,-0.014481,0.03311,-0.008865,0.008993,-0.004314,-0.021711,-0.003845,-0.030877,0.002369,0.004879,0.004805,-0.012403,-0.000958,0.021355
DISCOVER FINANCIAL SERVICES,-0.024856,0.007525,0.004257,0.002559,-0.01396,-0.000324,0.003804,-0.00516,0.00624,0.001852,0.01873,-0.01515,0.004887,-0.006458,0.004574,-0.001358,-0.012067,0.003339,-0.011362,-0.001149,-0.004684,0.012798,0.001223,-0.013924,0.008505,0.005158,0.017432,0.007286,-0.03235,0.015854,-0.010835,-0.002698,0.03041,0.009705,0.006697,-0.006339,0.005513,-0.009791,-0.008464,-0.012924,0.057221,0.01636,0.004438,-0.011083,-0.024004,-0.000233,0.008847,-0.006154,0.017647,-0.001521,0.044028,0.034729,-0.002891,0.010466,-0.007838,-0.013755,-0.001573,0.004728,0.009696,0.004731,0.001898,0.015152,-0.005044
ARCH CAPITAL GROUP LTD NEW,0.024161,-0.006576,-0.007986,0.028916,0.011015,0.007331,0.007076,0.004216,-0.021389,-0.000102,-0.000306,0.009707,0.021959,-0.00812,0.014775,0.01033,-0.007498,0.014029,-0.010739,-0.006846,-0.001379,0.01203,-0.009062,-0.00826,-0.011699,0.004013,0.004896,9.9e-05,-0.009942,-0.004218,-0.000101,-0.019062,0.020049,0.016027,0.016369,-0.005466,0.0053,-0.002734,-0.023299,0.012529,-0.001287,-0.002379,-0.006458,-0.0235,0.00512,0.001121,-0.002646,-0.005102,-0.005128,-0.005155,0.006839,-0.000515,0.007826,0.00378,-0.021783,0.004891,-0.003521,0.001767,-0.020073,0.025883,0.001032,0.012267,-0.024644
DELL TECHNOLOGIES INC,-0.047015,0.038811,0.013859,0.033813,-0.013763,0.031831,0.000532,0.008278,-0.013256,0.023739,0.112138,-0.019174,0.02201,-0.027221,0.012307,0.003667,0.03918,0.043042,0.036834,0.079058,-0.051839,-0.178672,-0.053955,0.028251,0.013995,-0.026878,-0.029785,0.019081,-0.006116,0.001291,0.024353,-0.000296,0.05223,0.05013,-0.004224,-0.023297,-0.051703,0.020282,-0.015034,0.008608,-0.010901,0.035603,0.004551,-0.005576,-0.026004,0.050446,-0.001576,0.000206,-0.034644,-0.008172,-0.016838,-0.021571,-0.067704,0.001358,0.00359,0.023452,-0.018992,-0.077314,-0.040389,0.019115,-0.020782,-0.023291,0.046681
KENVUE INC,0.001594,0.014324,0.004184,-0.00625,0.062893,0.018426,0.004401,0.0,-0.008763,0.013261,-0.004362,0.002921,-0.006311,-0.027846,0.003518,-0.004507,-0.022133,-0.00463,-0.005168,-0.01974,0.006359,0.016324,-0.003109,-0.004678,-0.008355,-0.018957,-0.012882,-0.005438,0.009841,-0.027612,0.003898,0.002218,0.039845,-0.014369,0.017279,-0.016454,0.019968,-0.013228,-0.003217,-0.009145,-0.013029,-0.012651,0.016156,0.003838,0.0,-0.003277,-0.001644,-0.02854,0.012429,0.023438,-0.012541,0.007731,0.010411,-0.006508,-0.003821,-0.001096,-0.016456,0.013385,0.004403,0.02411,0.005885,-0.00266,-0.013867
H P INC,-0.012104,0.006847,0.00859,0.008517,-0.000352,0.036255,0.007133,0.002361,0.007402,0.027388,0.019506,-0.009247,0.003862,0.020199,0.027341,0.009789,-0.010906,0.003063,0.011908,-0.01026,0.169512,-0.048488,-0.032329,0.000849,0.007921,0.015436,0.007463,-0.007407,0.00387,0.007037,0.004132,-0.025789,0.011828,0.022822,-0.013878,0.003587,-0.001925,-0.000826,-0.032534,-0.010829,0.008931,-0.001428,-0.004861,0.001437,-0.006313,0.019925,0.002831,0.018351,0.000832,0.017452,0.016608,0.017675,0.002895,-0.019155,-0.006153,0.023419,-0.008154,0.002917,-0.041512,0.002483,-0.005779,-0.016884,0.016047
FLUTTER ENTERTAINMENT PLC,0.018791,0.009591,0.025055,0.033201,-4.9e-05,-0.015427,0.024429,0.011581,-0.013719,-0.011608,0.049158,-0.019601,-0.005155,0.015981,-0.000524,-0.015547,-0.031778,0.021214,-0.077311,-0.013434,0.011302,0.022299,-0.015357,0.013535,-0.027074,0.021554,0.005354,-0.024641,-0.019697,-0.007207,-0.017874,-0.003472,0.060969,-0.021397,0.03047,-0.007195,-0.009099,-0.006727,-0.02709,0.009944,-0.002462,0.02166,0.021845,0.018594,0.006394,0.011734,0.007496,-0.002262,0.025141,0.018479,-9.6e-05,0.003571,-0.021303,-0.018377,0.005856,0.011645,-0.00123,-0.039549,0.000564,0.017989,-0.025827,-0.004496,0.024762
DUPONT DE NEMOURS INC,0.080138,-0.007151,-0.001029,0.011073,0.009678,-0.013747,0.007673,-0.000508,0.001397,-0.006593,-0.001659,-0.00831,0.030166,-0.000501,-0.004382,-0.012198,0.004838,0.027746,0.011958,-0.009989,0.006768,0.0088,-0.018622,-0.003597,0.003485,-0.004589,-0.002991,-0.001625,-0.002754,0.010921,-0.005588,-0.005245,0.00954,0.00373,-0.01053,-0.000501,0.015658,-0.007647,-0.005344,-0.000625,0.006377,-0.015157,0.001135,-0.002142,-0.002526,0.006077,-0.011828,0.013243,0.014327,0.002106,-0.008408,0.025062,-0.003406,-0.019285,-0.008836,0.008538,-0.001743,-0.007358,-0.007036,0.014552,0.009105,-0.00618,0.040915
EQUIFAX INC,0.00218,0.017356,0.011359,0.018895,0.023342,-0.010307,0.020999,0.009907,0.012997,0.010787,0.015887,-0.005412,-0.004761,0.011819,-0.054194,0.017055,-0.018834,0.012059,-0.014624,-0.023889,-0.005501,0.00784,-0.00108,0.015056,0.028472,-0.009449,-0.024015,-0.002272,-0.009882,0.057583,0.006073,-0.014641,-0.010596,0.011504,-0.008395,-0.000125,0.002461,-0.011859,-0.003074,0.012925,0.011051,-0.024911,0.014973,0.001875,0.007612,-0.00388,-0.00431,-0.001665,0.054323,0.020088,0.003876,0.02174,-0.020219,0.019055,-0.014724,0.035805,-0.017172,-0.015472,0.025451,0.015737,0.008059,0.015844,0.003953
C B R E GROUP INC,-0.007135,0.006028,-0.002074,-0.003348,0.002201,-0.000116,0.010867,0.031793,-0.023166,0.006695,0.039901,-0.002276,-0.008474,-0.011833,0.00255,-0.008958,-0.021873,-0.001711,-0.008457,-0.007838,0.009294,0.013697,-0.016805,-0.010971,0.009108,-0.00486,-0.004302,0.02324,-0.005478,0.021574,0.000225,-0.024034,0.005409,0.014879,0.01703,0.002218,-0.012392,-0.010755,-0.001472,0.003743,0.006893,-0.035237,0.012912,0.00356,-0.00206,0.013187,0.00464,0.013293,0.035242,0.01643,0.012678,0.014398,0.007097,-0.008476,0.007622,0.009608,0.003949,-0.008673,0.092879,0.029042,-9e-05,0.013208,0.006339
BLOCK INC,-0.084384,0.051766,-0.011807,0.058443,-0.026248,-0.006425,0.028957,-0.02582,-0.022017,0.020935,0.004494,0.003216,0.007108,0.017714,-0.027604,-0.058314,-0.010692,-0.004203,-0.003919,-0.007869,-0.008237,-0.014457,0.003433,-0.000778,0.00856,0.024691,-0.019578,-0.011674,-0.002798,0.007325,-0.035123,-0.003368,0.005632,-0.0096,0.01357,0.003666,0.022709,-0.005901,-0.011403,0.00158,0.017353,-0.010079,0.011592,-0.002168,0.020795,-0.023563,0.004359,-0.002635,0.033416,0.03384,0.048298,0.000139,-0.003053,-0.053584,0.001471,0.002203,-0.019927,-0.077441,-0.002107,-0.022735,0.009305,-0.010701,0.029789
CORNING INC,0.002996,0.002688,0.004468,-0.008304,-0.000598,0.01526,0.007958,-0.000877,0.003219,0.019545,0.004578,0.003133,0.003691,0.004809,0.027027,0.002741,-0.012575,0.00443,-0.011852,-0.008368,0.039662,0.015693,0.002684,-0.009368,0.01297,-0.002401,-0.012567,-0.001895,0.013294,0.017939,0.001578,-0.021796,0.040269,0.037677,-0.008953,0.005019,-0.003745,-0.003258,-0.037466,0.008098,0.006737,-0.004891,-0.006984,0.000781,0.000521,0.119927,0.037631,0.018133,-0.009455,0.012653,0.003069,0.009615,-0.007792,-0.018543,-0.015115,0.0,-0.005642,-0.002497,-0.025939,0.000934,-0.003967,-0.068885,0.006794
VANGUARD SCOTTSDALE FUNDS,0.001818,0.00327,0.002868,0.0,0.00013,-0.00026,0.00039,-0.00091,-0.00039,0.001301,0.002599,-0.000518,-0.000519,-0.00013,0.000519,-0.000648,-0.001687,0.00078,-0.000779,-0.00091,0.001822,0.001818,0.002049,0.001298,0.000843,0.000194,-0.003497,-0.00026,0.00143,0.002467,0.001683,-0.000194,-0.001487,0.001619,-0.000453,0.000129,6.5e-05,-0.000194,-0.000905,0.000777,-0.000323,-0.001024,0.00182,0.002465,0.00233,0.0,-0.000258,0.000646,0.00271,0.001802,-0.000642,0.0009,0.000128,-0.001156,-0.000514,0.000129,0.000257,0.000129,0.000386,0.001928,0.000834,0.000577,0.002178
COCA COLA EUROPACIFIC PARTNERS,-0.005971,-0.000838,0.003914,-0.006266,0.027186,0.003001,0.012378,0.00258,0.008533,0.0047,0.004278,-0.002795,-0.005472,-0.007516,0.000811,-0.010269,-0.0043,0.001988,-0.010537,-0.012308,0.010221,0.021622,0.000407,0.001763,-0.000542,0.011784,-0.003614,-0.001612,-0.009689,0.014812,-0.003482,-0.004972,0.005672,-0.017322,0.002596,0.020308,0.014828,-0.008556,-0.010356,-0.010733,-0.011798,0.002196,-0.003971,0.011685,0.003261,-0.005418,-0.016478,0.007754,0.014977,0.003114,-0.01498,0.012057,-0.000542,-0.001896,-0.000407,0.001086,-0.012612,0.00261,-0.004932,0.022715,-0.006596,-0.007724,0.007374
EXTRA SPACE STORAGE INC,0.032916,0.007859,0.01488,0.005709,0.004345,-0.016399,0.037389,0.003078,0.008318,0.005139,0.023074,-0.0048,0.003568,-0.010534,-0.028013,0.001985,-0.025552,-0.000351,-0.001543,-0.027817,0.023699,0.02181,0.001243,0.021456,0.002702,0.000135,-0.002559,0.011411,0.010014,0.023002,0.024294,-0.002145,-0.010602,0.02821,-0.008036,0.005886,0.002517,-0.013369,-0.001336,-0.007962,-0.002119,-0.022457,0.011848,0.003123,0.001038,0.001361,-0.006728,0.001238,0.033763,0.018942,0.002964,0.01484,0.018203,-0.003516,-0.018658,0.010177,0.004283,-0.027691,-0.00729,0.024395,-0.003766,-0.005427,-0.021337
CONSOLIDATED EDISON INC,0.004237,0.004747,0.003255,0.005965,0.014252,0.000718,0.005637,-0.004281,-0.000614,-0.001741,0.002794,0.0,0.001961,-0.006076,-0.001762,-0.00218,-0.02351,0.005966,-0.01292,-0.013947,0.005875,0.022715,-0.009202,0.000427,-0.011951,-0.007667,-0.003047,0.00775,-0.006174,-0.006649,-0.005815,0.002869,-0.002421,-0.002868,0.001549,-0.002099,0.010294,-0.020598,0.003132,0.000112,-0.002899,-0.006822,0.001802,-0.002922,0.006313,-0.009522,0.004863,0.01148,0.017692,0.007982,-0.020935,0.014292,0.02414,0.003733,-0.000744,0.00638,-0.014687,0.028204,0.000417,0.005421,0.004459,0.013317,-0.00652
ON SEMICONDUCTOR CORP,-0.016391,0.014491,0.005142,-0.009947,0.016076,-0.001695,0.008349,-0.011227,0.02654,0.009125,0.023976,-0.023281,0.002329,0.01517,-0.019655,0.047652,-0.060821,0.012701,0.015022,-0.035845,0.015491,0.012897,0.002054,-0.022817,0.042226,-0.028039,-0.001932,0.016457,0.006531,0.030278,-0.015482,-0.040912,-0.017229,0.0,-0.043829,0.01316,-0.010654,0.000738,0.004864,-0.004547,0.010168,0.00919,0.054062,-0.003291,0.009631,0.022213,-0.020397,0.042324,-0.030683,0.035426,-0.006504,0.031033,-0.041656,-0.000398,-0.038446,0.06618,-0.050951,-0.044693,-0.036657,0.03894,0.115434,-0.054938,0.057861
COUPANG INC,-0.012889,0.013057,0.022222,0.014783,0.013282,-0.0926,0.025629,0.022263,-0.012445,0.00135,0.012135,0.015542,0.005684,-0.001739,0.0,-0.023955,-0.002231,-0.000447,0.020582,0.001315,0.017075,-0.021093,-0.009235,-0.022637,-0.010445,0.004589,-0.002284,0.015568,-0.002705,0.025769,-0.043632,-0.013825,-0.040187,-0.007303,0.030898,0.015224,-0.013121,0.007597,0.002828,-0.008929,-0.006638,0.006205,-0.008539,0.000478,0.036346,-0.011998,-0.003269,0.001406,0.011699,0.009251,-0.029331,0.006138,-0.022994,-0.029299,-0.00099,0.020802,-0.000485,-0.03301,-0.006526,0.019707,0.005946,0.001478,0.020659
GARMIN LTD,0.131169,0.011688,0.003871,0.011508,0.01239,0.0,-0.003883,-0.002186,0.002545,0.003248,0.003767,-0.003342,0.005648,-0.004388,0.003173,-0.050782,0.004134,0.006637,-0.008608,-0.004557,0.006866,0.006635,-0.003967,-0.001042,0.00595,-0.000549,-0.003966,-0.00392,-0.006764,0.01653,-0.013765,-0.014821,0.009528,0.00262,-0.004729,0.009315,0.005203,-0.0122,0.005302,0.005274,0.005617,-0.011171,0.002421,-0.002105,0.00484,-0.00247,-0.000248,0.012137,0.020251,0.012233,0.00782,0.021279,-0.004259,-0.011098,-0.005904,0.015641,-0.003647,0.0043,0.00324,0.026182,-0.007755,0.015745,-0.04511
ISHARES TRUST,0.00561,0.004456,0.005657,-0.000772,0.004525,-0.002088,0.003744,-0.004059,0.001872,0.003518,0.008216,-0.003803,-0.0036,-0.001642,0.002961,-0.002296,-0.003945,0.00176,-0.005052,-0.003863,0.005097,0.003307,0.006485,0.004819,0.002616,0.000326,-0.008586,-0.001644,0.005161,0.006008,0.004669,0.000973,-0.003995,0.004337,-0.001295,0.000324,0.000324,-0.000756,-0.004756,0.00239,-0.005201,-0.007131,0.003082,0.005596,0.006547,-0.000434,0.000325,0.000976,0.005308,0.00334,-0.003759,0.003449,0.001719,-0.002681,-0.002043,-0.000215,-0.000862,-0.001618,0.001837,0.004206,0.001611,0.001072,0.00589
VICI PROPERTIES INC,0.012259,-0.00346,0.0,0.008681,0.017212,-0.009814,0.001367,0.006826,0.003729,0.009794,0.020401,-0.007539,0.003302,-0.005267,-0.003309,-0.019588,-0.031493,-0.01049,-0.001413,-0.012031,0.005014,0.023165,0.00209,-0.002086,-0.011494,0.002114,-0.002461,-0.009165,0.001067,0.008173,-0.00282,0.0,-0.003181,0.011525,-0.001067,0.000712,0.011744,-0.016884,0.001431,0.01572,0.007387,-0.025838,-0.004659,-0.00072,0.0,0.002883,-0.006827,0.009045,0.054141,0.001701,0.028523,-0.00066,0.019822,-0.008098,-0.010124,0.003959,0.000657,-0.007882,0.008937,0.013123,0.01101,0.006406,-0.005092
BARRICK GOLD CORP,-0.016827,0.011614,-0.005438,0.012758,0.004199,-0.001195,0.018541,-0.005872,0.000591,0.012397,0.015744,0.005741,0.021119,0.001677,-0.006696,-0.028652,-0.020243,0.004723,0.024677,-0.029817,0.011229,0.004676,0.01931,-0.053387,0.012735,0.037126,-0.067552,0.018576,-0.016413,0.013597,-0.020122,-0.002489,0.006862,0.016729,0.033516,-0.023585,0.009662,-0.007775,0.012658,0.002381,-0.009501,-0.007194,0.003623,0.040915,0.008093,-0.00344,0.003452,0.019495,0.019685,0.021511,-0.008639,0.048475,-0.019221,-0.018008,-0.008091,-0.001631,0.011438,-0.005924,-0.040087,0.00395,0.010118,0.00946,0.020397
HARTFORD FINANCIAL SVCS GRP INC,0.003406,0.002777,0.004206,0.012564,0.002118,0.003423,0.016553,0.005526,-0.01325,0.007858,-0.007106,0.015505,0.009788,-0.010565,0.000392,0.002546,-0.016898,0.006259,-0.00938,-0.005781,0.014937,0.021829,-0.013243,-0.010137,-0.003778,-0.004391,0.010926,0.000198,-0.014276,-0.000302,0.003219,-0.002507,0.017794,0.012545,0.011511,-0.007233,0.014377,-0.008427,-0.012556,0.004988,-0.021509,-0.006465,0.001402,-0.004099,-0.009135,0.004458,0.006051,0.003509,0.012388,0.004046,0.00914,0.003019,0.019905,0.00019,-0.037598,0.009594,-0.001567,0.000196,0.003826,0.071338,0.004196,0.015351,-0.007694
X C E L ENERGY INC,0.000931,0.000186,0.008552,0.002028,0.012141,-0.001636,0.005644,0.003983,0.006672,-0.004836,0.00414,0.001075,-0.005909,0.009906,0.011949,-0.021502,-0.026477,-0.006105,0.000372,-0.008188,0.019137,0.020803,-0.003066,0.013567,-0.015527,-0.006164,-0.001459,0.009134,-0.003621,-0.004906,-0.007851,-0.000414,-0.009857,-0.002254,0.007718,-0.002989,0.01143,-0.004446,0.00093,0.001115,-0.008171,-0.018349,0.014686,-0.008459,-0.001137,-0.011008,0.006908,0.002287,0.028332,0.003698,-0.019344,0.013151,0.025681,0.008406,0.002868,-0.003575,-0.010764,0.022126,0.009049,0.008616,0.005753,0.016294,-0.00597
METTLER TOLEDO INTERNATIONAL INC,0.016305,0.000104,0.001656,-0.000918,-0.002446,0.00432,0.029758,0.170355,-0.032187,0.023604,0.015874,0.007014,-0.005096,-0.002929,0.001976,-0.012825,-0.014969,0.000155,-0.016884,-0.011956,-0.037289,0.014831,-0.003319,0.005288,0.032129,-0.009642,0.000382,0.003649,-0.001683,0.012564,0.010229,-0.013361,-0.004798,0.023008,-0.016529,0.00473,-0.006491,-0.018694,0.00035,-0.014559,-0.006349,-0.022002,-0.007148,-0.002189,-0.005923,-0.011946,-0.016541,0.012309,0.025738,0.000758,-0.000493,0.017924,-0.003363,-0.016086,-0.008709,0.021097,-0.008028,0.016863,0.019096,0.027697,0.001324,0.039642,0.007598
XYLEM INC,0.001989,0.038409,0.008971,0.014503,0.005963,0.008355,0.009986,0.002735,-0.012098,0.005663,0.012107,-0.00772,0.004486,0.017095,0.001235,-0.005139,-0.010193,0.003688,-0.026967,-0.01717,0.013121,0.011621,-0.01709,-0.010894,0.018745,-0.020047,0.003288,0.014055,-0.005242,0.015593,-7.1e-05,-0.018838,0.011013,0.005948,-0.008121,-0.004022,-0.00238,-0.010192,-0.005258,0.001321,-0.005572,-0.030229,0.005626,0.003327,0.01168,-0.00149,-0.003506,0.020585,0.011222,0.003989,-0.008091,0.028842,-0.015999,-0.006907,-0.003984,0.013456,0.009904,-0.028496,0.003072,0.027055,0.004899,-0.056878,0.00015
LYONDELLBASELL INDUSTRIES N V,-0.004501,-0.007436,0.003442,0.006255,0.017145,0.007196,-0.005383,-0.002558,-0.000493,0.001974,-0.012313,-0.003291,0.009706,-0.008027,0.0004,-0.016177,-0.011165,0.011497,0.001725,-0.019147,0.004958,0.021788,-0.025951,-0.011204,0.006672,0.001894,0.00861,-0.005205,0.008058,-0.00436,-0.003649,-0.021139,0.004383,0.015221,-0.00346,0.001683,0.024262,-0.020919,0.003142,0.000522,-0.001774,-0.010663,0.003064,0.002528,-0.016707,0.009297,-0.013235,-0.003755,0.014109,0.009558,0.006207,0.02206,0.010025,-0.00557,-0.012119,0.004845,-0.014261,-0.008326,0.013854,0.006832,0.001337,0.008933,0.012213
COSTAR GROUP INC,-0.012783,-0.00664,0.016377,0.000767,0.012705,-0.023145,0.011293,-0.015984,-0.014464,-0.009031,0.007975,-0.003956,-0.007149,0.000229,-0.007655,0.003915,-0.017204,0.002801,-0.031072,-0.037593,-0.013478,-0.011132,-0.001535,0.007303,-0.007123,-0.012939,-0.010902,0.002887,0.003663,0.012124,-0.031427,-0.016888,-0.009874,-0.006421,0.004675,0.011906,0.00568,-0.006186,-0.014208,0.019355,-0.001616,-0.003507,0.004602,-0.005255,-0.00921,-0.007109,-0.014319,0.003492,0.046771,0.007846,0.002903,0.01263,-0.013642,-0.008562,-0.011558,0.014919,-0.008873,0.020176,0.019515,0.008607,0.003566,-0.003934,-0.005861
ROCKWELL AUTOMATION INC,-0.004466,0.001075,0.01485,0.012188,-0.019287,0.005698,-0.011294,0.016044,-0.017069,0.00714,0.016209,-0.014969,-0.004979,0.005412,-0.003171,0.001664,-0.032384,0.008167,-0.021122,-0.012838,0.007443,0.001361,0.00167,-0.011513,0.017844,-0.016491,0.002546,-0.002657,-0.000549,0.027716,-0.005493,-0.024279,0.016196,0.006963,0.000807,-0.007677,0.028431,0.0,0.004213,0.00251,0.028469,-0.035455,-0.002335,0.005436,-0.008523,0.003938,-0.014598,0.014699,0.034518,0.033257,0.006529,0.032153,-0.022115,-0.053498,-0.00991,0.022131,-0.012984,-0.033364,0.030144,0.022288,-0.017434,0.011829,0.011691
RESMED INC,0.004767,0.014604,-0.005363,-0.000184,-0.003595,-0.012953,0.018602,-0.013927,0.019035,-0.009362,0.022145,-0.002991,-0.006364,0.000778,-0.002103,-4.6e-05,-0.03065,0.00794,-0.028557,-0.005841,0.016411,-0.014379,0.005137,0.018275,0.009755,-0.007878,-0.003072,0.003556,-0.006992,0.003378,0.007065,-0.003061,-0.006518,0.009128,0.004711,-0.034885,-0.114804,0.009001,0.014632,0.027073,-0.000835,-0.023404,0.012892,0.000264,0.028194,-0.009346,-0.013425,0.010508,0.038736,0.025278,0.002343,0.007257,-0.00411,-0.010051,-0.003581,0.02033,0.010855,-0.015893,0.010378,-0.054238,0.058364,-0.002398,0.025043
DEUTSCHE BANK A G,0.007477,0.001237,0.017295,0.026108,0.023077,-0.001735,-0.004635,-0.002328,-0.005834,0.024061,0.004585,-0.020536,0.023232,-0.007611,-0.00413,-0.008886,-0.001793,0.020958,-0.002933,-0.025882,0.01087,-0.003584,0.010192,-0.026706,-0.00122,0.01221,-0.001809,-0.007251,-0.032867,0.016992,-0.028465,-0.01465,0.020685,0.0,0.000633,-0.020886,0.027796,-0.013836,0.001913,0.005092,0.0095,0.042033,-0.012041,0.037782,-0.00411,-0.013561,-0.004184,0.003001,-0.006583,0.00241,-0.004207,-0.00181,0.006046,-0.007211,-0.013317,0.03865,0.006497,-0.094484,0.012314,0.003201,-0.012125,0.020026,-0.014566
BIOGEN INC,0.006098,-0.012122,0.018735,0.017976,-0.011291,0.003654,0.01379,-0.005612,0.017336,0.006834,0.0372,-0.022438,0.002304,0.00438,-0.016798,-0.010892,-0.031748,-0.001146,0.004224,-0.01975,0.026398,0.022129,0.021606,0.018843,0.011062,-0.019981,-0.028277,0.00244,-0.001062,0.021662,0.013918,-0.009194,-0.022573,-0.012408,0.00863,-0.007004,0.011607,-0.015049,0.00569,0.018979,0.013554,-0.000216,-0.012728,-0.018399,0.00463,0.010725,0.004341,0.016109,0.017401,-0.028463,-0.03686,0.015525,0.01471,-0.013489,0.005105,0.001016,-0.010325,0.007758,0.006238,-0.071535,0.015438,-0.011845,0.006182
VEEVA SYSTEMS INC,0.001712,0.01272,0.010028,-0.001524,0.010682,-0.017242,0.010606,-0.000638,0.000393,-0.000196,0.037092,-0.008184,0.002957,-0.001474,-0.003429,-0.016632,-0.005735,-0.003373,-0.003924,-0.012753,-0.031471,-0.102683,-0.016298,0.043813,0.015482,0.018273,-0.010108,0.010102,0.016271,0.00484,-0.016622,-0.00576,-0.0268,-0.005619,0.028309,0.005876,0.009844,-0.002839,-0.010206,0.004776,-0.011558,-0.007322,0.006495,-0.008313,0.011747,-0.003107,-0.003609,-0.001152,0.021756,0.010431,-0.011601,0.007645,-0.027944,-0.008245,0.015629,0.020464,-0.001497,-0.013228,0.012483,0.03152,-0.003949,0.010226,-0.00878
EDISON INTERNATIONAL,0.003096,0.00968,0.005141,0.0094,0.011915,-0.000541,0.012322,0.001739,-0.006009,0.006448,0.010678,0.001849,0.0058,-0.002621,0.008804,-0.015892,-0.017207,0.00431,-0.005766,-0.010656,0.017996,0.029195,-0.007417,0.003146,-0.014245,-0.012329,-0.00698,-0.001757,-0.00325,-0.000815,-0.00136,-0.003268,-0.022948,-0.000699,0.005596,-0.003339,0.015634,-0.01237,-0.000139,0.002644,-0.003193,-0.008634,0.006181,0.002653,0.008076,-0.000691,-0.000559,0.012023,0.026109,0.007539,-0.023918,0.01191,0.019345,-0.003451,-0.001998,0.003469,-0.001197,0.012382,0.005129,0.027215,-0.003949,0.01509,0.007937
B C E INC,0.012481,-0.008118,0.01849,-0.001488,-0.002683,0.004782,0.005057,0.004439,0.0,0.006777,0.011706,-0.006653,0.0,-0.007863,-0.006457,0.008863,-0.010542,-0.006511,0.001192,-0.012496,0.014161,0.01634,0.004385,0.002619,0.001742,-0.000579,-0.007538,-0.009933,0.005016,0.006753,-0.009041,-0.011012,-0.007299,-0.004289,0.008923,-0.005795,0.019632,-0.015644,-0.004584,-0.005527,-0.000617,-0.00865,-0.023683,0.004469,0.004766,0.003479,-0.005988,0.007292,0.015738,0.006198,0.007083,0.007645,0.012747,-0.001199,-0.0036,-0.006926,-0.002729,0.008209,0.000302,0.005728,-0.002698,0.008717,0.005066
LULULEMON ATHLETICA INC,-0.017194,-0.010158,0.0124,-0.013825,-0.001113,-0.01212,0.021238,2.8e-05,-0.016432,0.01495,-0.01561,-0.024708,-0.009844,-0.023526,-0.012505,-0.072296,0.00035,0.01091,-0.025594,0.011143,0.014604,0.03001,-0.017212,0.000522,0.004857,0.04788,-0.016005,0.001258,-0.000691,-0.025877,-0.007488,-0.004813,0.022548,0.001023,-0.007854,0.003379,0.001475,-0.010279,-0.013783,0.01145,-0.031138,0.012253,-0.002282,-0.004475,-0.007259,-0.013786,-0.014148,-0.006175,0.003888,0.006431,-0.025218,0.028338,0.003153,-0.025796,-0.017168,0.017004,-0.012737,-0.033088,-0.090936,0.024988,0.021815,-0.011698,0.010391
HALLIBURTON CO,-0.030424,0.010184,0.000817,0.005173,0.007584,-0.004301,0.011879,-0.010939,0.007284,0.005892,-0.005325,0.003212,0.011206,0.001583,-0.008693,-0.033484,-0.010723,0.003613,0.011354,-0.019441,0.004189,0.020579,-0.053406,-0.025043,-0.006495,0.010155,0.007688,0.012617,-0.000869,0.00232,-0.022859,-0.02517,0.014885,-0.014068,0.01184,0.009301,0.020809,0.008154,-0.017042,-0.012342,0.005058,-0.010361,0.005683,0.004759,-0.02013,0.003323,-0.011442,0.005787,0.018171,0.009518,0.038008,0.020721,0.011124,0.0022,-0.055982,-0.029361,0.002995,-0.01493,0.035465,0.007026,-0.015116,0.012397,0.011079
ALNYLAM PHARMACEUTICALS INC,0.041751,0.002334,0.013439,-0.007287,0.020566,-0.013219,-0.006041,-0.005946,-0.003855,-0.013343,-0.003313,0.025916,-0.012036,0.005623,-0.004127,0.008555,-0.010073,-0.010845,0.015566,-0.020858,0.021099,-0.010665,0.013609,-0.004586,0.015358,-0.018151,0.023309,0.004516,0.019287,0.016685,0.006351,0.002124,-0.019266,-0.021869,0.023008,0.052732,0.345202,0.077389,0.020904,0.007464,-0.016194,0.001317,0.017631,0.004321,0.00945,0.016253,-0.00145,0.011855,0.012647,-0.001954,-0.016621,-0.024787,-0.039267,-0.013832,0.004774,-0.009419,-0.005518,0.009347,0.00592,-0.01278,0.006132,-0.010454,0.015611
STMICROELECTRONICS NV,-0.020728,0.011358,0.022716,0.00599,0.009427,-0.00811,-0.000991,0.004712,0.000247,0.032577,0.02414,-0.02147,-0.006916,0.009606,-0.02569,0.031983,-0.013485,0.004556,-0.000239,-0.037727,0.016129,0.024908,0.0,0.023112,0.033302,0.015551,-0.01265,-0.003372,-0.011728,0.032405,-0.021883,-0.040452,0.015073,-0.000464,-0.05571,0.002704,-0.013239,-0.001491,-0.00798,-0.019859,0.007438,-0.000764,0.028535,0.018578,0.031615,-0.000236,-0.021221,0.025777,-0.016205,0.01862,-0.012655,0.014004,-0.037921,0.012166,-0.040144,0.052091,-0.041657,-0.017884,-0.153515,0.015536,-0.01118,-0.030348,0.035901
INVESCO E T F TRUST II,-0.007041,0.012684,0.020211,0.011105,0.0,-0.000607,0.002209,0.002314,0.002419,0.006362,0.015531,-0.001932,-0.00043,0.006939,0.001977,-0.000267,-0.004373,0.009534,0.003714,-0.006872,-0.010805,0.000108,0.003336,0.002574,0.02011,-0.000157,-0.000891,0.003936,0.006901,0.012928,0.005587,0.005148,0.012272,0.000301,-0.007763,-0.002928,-0.010986,0.011382,0.00218,0.002479,-0.005449,0.006189,0.010437,0.008283,0.010541,0.002498,0.000733,0.010496,-0.022029,0.006076,0.002602,0.000294,-0.029179,-0.005043,-0.008819,0.014983,-0.003577,-0.035696,-0.011378,0.010607,0.001889,-0.013724,0.029051
IRON MOUNTAIN INC NEW,0.007482,-0.014085,-0.021818,0.01965,0.010417,0.00567,0.019862,0.002262,-0.0173,0.027299,0.022476,-0.004129,-0.002561,0.00379,0.009135,-0.022812,-0.020751,0.011983,-0.009099,-0.014088,0.016076,0.013184,0.000496,0.005203,0.014664,0.030362,0.007426,0.019071,0.002641,-0.000344,0.005384,0.002848,0.010225,0.004871,0.001466,0.000338,0.002588,-0.006173,-0.001017,0.008592,0.004596,0.000781,0.012933,0.010237,-0.001961,0.013865,0.0028,0.02169,-0.006621,0.014494,0.020232,0.021977,-0.007602,-0.013909,0.004497,0.018824,0.00809,-0.040024,0.0,0.016512,0.009949,0.018195,0.012538
TARGA RESOURCES CORP,-0.014466,0.00516,-0.006018,0.004363,0.000266,-0.003368,0.010138,-0.003433,-0.002562,0.013462,0.01005,0.004759,0.013261,-0.00102,0.00553,-0.02775,-0.009311,0.003777,0.010763,-0.007186,0.016568,0.014153,-0.014379,0.001716,0.012508,-0.001777,0.000254,0.0161,0.009924,0.003138,-0.010208,-0.010313,0.021849,0.015132,0.023331,-0.009658,0.027978,0.009565,-0.017947,0.008471,0.001555,0.019335,-0.002057,0.019847,-0.008308,0.000453,-0.001056,0.003625,0.005418,0.010778,-0.005257,0.003573,-0.006305,0.016422,0.001469,0.010193,-0.013284,-0.031708,0.002735,-0.003106,0.010945,0.008496,0.01409
ARES MANAGEMENT CORP,-0.010444,0.022324,-0.020276,0.032295,0.008225,0.010052,0.027187,-0.001193,-0.014901,0.034106,0.033741,-0.021092,-0.007228,-0.007143,-0.006503,0.007868,0.0,0.008705,-0.011438,-0.015034,0.005697,-0.019653,-0.014054,-0.02178,0.032325,-0.03984,-0.007985,0.029414,-0.007746,0.012594,-0.027129,-0.001495,0.010556,0.007237,-0.002148,-0.021676,0.015631,0.011207,0.000739,0.003691,-0.01964,0.021909,-0.005507,0.02141,-0.000651,-0.01801,-0.007292,0.029381,0.01701,0.010276,0.024062,0.013838,-0.028919,0.025536,-0.000611,0.023693,0.0,-0.041647,0.005467,0.012388,-0.011897,0.029102,0.024201
ISHARES TRUST,0.003947,0.004698,0.005547,0.000865,0.002593,-0.002802,0.003026,-0.003233,0.001189,0.002915,0.007537,-0.001923,-0.003105,-0.001504,0.002581,-0.001287,-0.003545,0.001294,-0.005599,-0.004872,0.005005,0.004655,0.006535,0.005476,0.003631,-0.000426,-0.010539,-0.002152,0.005283,0.005577,0.006613,0.002331,-0.004651,0.004354,-0.002538,0.000212,0.000848,0.000847,-0.006031,0.002235,-0.005311,-0.00742,0.003777,0.006665,0.005553,0.000319,-0.00138,0.000957,0.006373,0.002111,-0.00316,0.004437,0.000842,-0.002838,-0.003162,-0.000952,0.000741,-0.002221,0.002226,0.004759,0.001684,0.002102,0.00734
ARCHER DANIELS MIDLAND CO,-0.004944,0.016789,-0.003033,0.017239,0.02326,0.007144,0.00661,0.008648,-0.005557,-0.015328,-0.017675,0.025133,0.000487,-0.012171,0.006571,0.010282,-0.019063,-0.003788,0.006613,-0.014124,0.001832,0.038244,-0.007207,-0.002742,-0.012132,0.001637,0.001635,0.011098,-0.007425,-0.016588,0.0043,-0.020254,0.011092,-0.004156,0.018361,0.005573,0.012714,-0.023821,0.00033,-0.000989,-0.00264,0.003143,0.024571,0.009013,-0.021216,0.032921,-0.003944,0.017424,0.000311,0.000467,-0.01369,0.018297,0.017968,-0.014151,-0.009261,-0.000623,-0.030086,0.006911,0.010694,0.010423,-0.010628,-0.012638,-0.00784
P P G INDUSTRIES INC,0.015116,0.009927,0.005066,0.000903,0.008794,-0.005812,0.011767,0.007294,0.00303,-0.002652,-0.002512,-0.001925,-0.002523,-0.004984,-0.000299,0.007253,-0.02732,0.003053,-0.013849,-0.018904,0.015494,0.017736,0.001902,0.000152,0.011619,-0.019443,-0.016919,0.000389,0.008641,0.006483,-0.004754,-0.019031,0.007462,-0.003196,0.004693,0.001012,-0.003422,-0.022864,0.00024,-0.002794,0.007926,-0.015172,0.007259,-8e-05,0.002883,0.014134,-0.013701,0.011017,0.024242,0.007016,0.001991,0.017955,0.003978,-0.015326,-0.027864,0.002577,-0.012853,-0.011679,0.005589,0.012784,0.00149,-0.004149,-0.001808
VANGUARD SCOTTSDALE FUNDS,0.002866,0.004022,0.004355,0.00052,0.00104,-0.001385,0.002081,-0.00225,0.00052,0.002427,0.005188,-0.001548,-0.001895,-0.001036,0.001728,-0.00138,-0.002418,0.000519,-0.003288,-0.002778,0.003308,0.003645,0.003955,0.003801,0.00241,0.0,-0.007212,-0.000865,0.003289,0.003968,0.00464,0.001197,-0.003417,0.003257,-0.001538,0.000342,0.000342,0.000171,-0.003591,0.001545,-0.002228,-0.004338,0.002249,0.004316,0.004469,-0.000171,-0.000685,0.000514,0.005135,0.002044,-0.00136,0.002383,0.00034,-0.001697,-0.00187,-0.000511,0.000682,-0.000681,0.001363,0.003404,0.000848,0.001356,0.005585
VERTIV HOLDINGS CO,-0.048172,0.041234,0.009114,0.045694,-0.024162,0.029186,0.002662,-0.025934,-0.006289,0.041456,0.059455,-0.069885,-0.004934,0.025927,-0.001913,0.010088,0.011086,0.048696,-0.009513,-0.018543,-0.009011,-0.041162,-0.019986,-0.041827,0.054186,-0.093531,-0.003636,0.041287,-0.021906,0.009742,0.057003,-0.040185,-0.020824,0.064657,-0.050871,0.001437,-0.016332,0.028943,-0.051352,-0.001494,-0.003568,0.00104,0.015463,0.061591,-0.017555,0.005993,0.004657,0.014446,-0.013177,-0.034353,-0.019851,0.020822,-0.088498,0.009538,0.033309,0.029774,0.035857,-0.136374,-0.026848,0.008368,0.011411,-0.063718,0.077639
DEVON ENERGY CORP NEW,-0.01524,-0.001191,0.003973,0.006332,0.002359,-0.008238,0.005736,-0.014356,-0.004389,-0.001403,-0.002408,-0.009455,0.007717,0.008061,-0.004998,-0.01949,-0.01168,-0.001659,0.015784,-0.035167,0.008476,0.031309,-0.04075,-0.009133,-0.000643,0.003003,0.000642,0.007053,0.003608,-0.009304,-0.023266,0.003278,0.00439,-0.002404,0.007448,-0.003697,0.039721,-0.005668,-0.013722,0.006207,0.008296,0.006962,0.000838,0.007117,-0.022449,-0.010844,-0.009888,-0.003257,0.011109,0.001293,0.033778,0.003954,0.008499,-0.003906,-0.014858,-0.01969,-0.017949,-0.008268,0.015358,0.001296,-0.014027,0.010506,0.018627
ISHARES TRUST,0.004052,0.004504,0.004933,0.000892,0.001783,-0.00178,0.002006,-0.002447,0.000892,0.002228,0.006225,-0.001105,-0.002212,-0.001108,0.001997,-0.001329,-0.003327,0.001335,-0.004,-0.00357,0.00403,0.003791,0.0051,0.003548,0.002431,-0.000441,-0.007278,-0.001333,0.003782,0.004433,0.004413,0.001098,-0.00373,0.003965,-0.001975,0.0,0.000879,0.0,-0.004173,0.001323,-0.003965,-0.005264,0.0029,0.005783,0.004423,0.00022,-0.00066,0.000881,0.005062,0.002628,-0.003276,0.003944,0.000218,-0.002182,-0.002187,-0.000438,0.000439,-0.002849,0.001978,0.003948,0.001092,0.00131,0.005231
LAS VEGAS SANDS CORP,0.004058,0.047373,0.004716,0.007468,-0.00638,0.00107,0.009194,-0.013983,0.008165,-0.012788,-0.004534,0.011061,0.008795,-0.004465,-0.013029,-0.007358,-0.023327,0.001786,-0.003342,-0.018556,0.002278,0.023409,-0.003775,-0.028756,0.000689,0.001376,0.03115,-0.006442,-0.013637,0.00272,-0.003843,-0.018607,0.025434,-0.001127,0.006998,0.029141,-0.023307,-0.010482,-0.012621,0.007532,0.002492,-0.03096,-0.013293,0.005672,-0.010811,-0.015206,0.004101,-0.004565,0.021482,0.009688,-0.011233,0.015385,-0.013054,-0.029287,-0.00073,0.008279,-0.006762,-0.019694,-0.024306,-0.004067,0.009444,-0.002023,0.005067
HERSHEY CO,-0.001134,0.011255,0.010415,-0.007225,0.008499,0.009084,0.00065,0.02344,0.023098,-0.002959,-0.01666,0.020106,-0.005428,0.005072,-0.003556,-0.008585,-0.022036,-0.020096,0.003096,-0.020546,-0.00217,0.024336,-0.007127,0.018583,-0.008547,-0.005243,-0.006386,-0.025196,-0.002668,-0.017785,-0.008706,0.00749,-0.021018,-0.001748,-0.003995,0.000494,0.028612,-0.007368,-0.015437,0.003442,0.000817,-0.007507,0.012058,-0.004874,0.002177,0.003313,-0.010879,0.016033,0.005978,0.01151,-0.000106,0.005558,0.021214,-0.003402,-0.011327,0.000732,-0.007057,0.011372,0.002967,0.004464,-0.005012,0.007322,0.018096
AVALONBAY COMMUNITIES INC,-0.008651,0.024052,0.001871,0.012292,0.003638,-0.005054,0.011493,-0.001268,0.000508,0.002538,0.004912,-0.002066,0.004241,-0.007441,0.00537,-0.004384,-0.018421,0.007115,-0.015819,-0.019038,0.00737,0.014212,0.009238,0.012702,0.007871,-0.001058,-0.005346,0.010801,-0.010735,0.007911,0.005786,0.009904,-0.001436,0.003968,-0.002322,0.009706,0.01236,-0.010271,-0.002007,0.01187,0.0111,-0.012422,-0.000587,-0.015916,0.011545,-0.000738,0.003446,-0.000491,-0.004221,-0.004683,0.006439,0.011318,0.012165,0.003077,-0.006135,0.009162,-0.005161,-0.010231,-0.015675,0.017995,0.008911,-0.010465,-0.005918
C D W CORP NEW,-0.112668,0.017707,0.005265,0.010293,-0.005139,-0.001631,0.012028,-0.002287,-0.001843,-0.002117,0.008394,0.003133,-0.002231,0.020569,0.009376,0.025567,-0.017268,-0.002202,-0.025361,-0.019938,0.009651,0.0035,-0.000581,-0.00707,0.004596,-0.005024,0.010955,-0.001516,0.002055,0.008647,-0.005303,-0.008485,0.014158,0.018555,0.005986,0.01535,-0.016476,-0.03018,-0.006633,0.004168,-0.000982,-0.020774,-0.000319,-0.004609,-0.008299,0.002635,-0.009545,0.018948,0.022616,0.02091,0.018687,0.030373,-0.011925,-0.013841,-0.020796,0.016081,-0.010193,-0.004084,-0.002574,0.004899,0.007182,0.004667,-0.061771
SUN LIFE FINANCIAL INC,0.008817,0.01107,0.008068,0.012767,-0.005833,0.003407,0.012825,-0.067039,0.011377,0.002566,0.000591,0.013181,0.003884,-0.004255,-0.004662,-0.009758,-0.00808,0.014306,-0.009598,-0.015939,0.0,0.019732,-0.007979,-0.003217,-0.001412,-0.005252,-0.003249,0.007539,-0.013751,-0.004921,-0.021636,0.001896,0.005886,0.009404,-0.00207,0.005602,0.013617,-0.004071,-0.006744,0.00679,0.001226,-0.005511,0.004926,0.010212,-0.009705,0.003675,-0.00061,0.014655,0.004213,0.004395,0.00358,0.006342,-0.004529,-0.011078,-0.009002,0.010093,-0.007194,-0.005837,0.00324,0.007064,-0.007014,0.007467,-0.00621
M & T BANK CORP,0.012051,0.000958,0.002119,0.018147,-0.006232,0.019891,0.009256,0.006551,0.000846,0.008258,-0.003031,-0.007245,0.002085,-0.009949,0.007356,-0.002282,-0.023002,0.007692,-0.012213,-0.021234,0.015104,0.025294,-0.012863,-0.01207,-0.003208,-0.004999,0.010392,-0.020229,-0.020994,0.019953,-0.004456,-0.005734,0.018357,0.01402,0.006811,-0.002097,0.014101,-0.013704,-0.001491,0.00224,0.025127,-0.010174,0.012749,-0.017136,-0.017703,0.011673,0.010796,0.017223,0.0168,0.001743,0.020295,0.030058,0.00938,0.016581,-0.012726,0.034009,0.007608,-0.002846,0.010659,0.008011,-0.015552,0.008305,-0.008294
WILLIS TOWERS WATSON PUB LTD CO,0.014175,-0.008677,-0.00198,0.004286,0.007073,-0.007455,0.010476,0.005164,-0.012649,0.000828,0.006853,0.002934,0.003978,-0.016706,0.003121,0.009729,-0.015057,0.002772,-0.01015,-0.003791,0.006729,0.015635,-0.000979,0.000549,-0.006152,0.003588,0.003811,0.000509,0.00622,-0.005054,-0.000234,-0.002228,0.004701,-0.003899,0.017457,0.009502,0.015358,-0.012648,0.002205,0.001441,-0.003825,-0.010376,0.010331,-0.006715,0.004878,-0.007148,-0.00924,0.003186,0.014797,0.008512,-0.003331,0.00376,0.011917,-0.003103,-0.013164,0.008779,0.003617,0.002252,0.0397,0.019777,-0.014695,0.019682,-0.007524
FIFTH THIRD BANCORP,0.017554,-0.00566,0.018162,0.011715,0.000789,0.011833,0.004418,0.003363,-0.014956,0.007068,0.013257,-0.009749,-0.001036,-0.020747,0.007415,-0.01183,-0.020484,0.011678,-0.015302,-0.01145,0.013514,0.018231,-0.015233,-0.018453,0.005806,-0.007422,0.000554,-0.014116,-0.009545,0.021825,-0.012205,-0.010952,0.012209,0.009257,-0.001668,0.003898,0.016084,-0.019924,0.000557,-0.002227,0.027615,-0.006029,0.019575,-0.005408,-0.020935,0.006109,-0.000552,0.017675,0.038263,0.00575,0.017672,0.027069,0.019393,-0.018781,0.018891,-0.003172,0.009789,-0.006786,0.020742,0.010519,-0.006624,0.00643,0.001893
TRACTOR SUPPLY CO NEW,-0.006994,-0.016484,0.013161,-0.002479,0.002189,-0.012883,0.011438,0.006414,0.000884,0.010417,0.005319,0.000906,0.034249,-0.005706,0.005774,-0.010221,0.001768,-0.000565,-0.000497,-0.00298,-0.000783,0.01599,-0.062147,0.008036,0.002447,-0.002256,0.004337,0.009929,0.017104,0.005785,0.005609,-0.00437,0.033185,0.001485,-0.033623,0.004746,-0.014881,-0.046184,0.009223,0.00206,0.009157,-0.00837,-0.006387,-0.016464,0.003363,-0.006133,-0.014027,0.007735,0.013771,0.03139,-0.000849,0.045525,-0.015362,-0.031884,-0.005483,0.009797,-0.002656,-0.028998,-0.019351,0.019733,0.009752,-0.0126,0.006037
BROWN & BROWN INC,0.014226,0.001814,0.009415,0.008503,0.012231,-0.005045,0.009433,0.017054,0.004594,0.011204,0.002826,0.007892,0.00481,0.000334,-0.000111,0.01458,-0.022488,0.002806,-0.019919,-0.014387,0.016566,0.020057,-0.006927,0.011362,0.001112,-0.005222,0.008377,-0.007089,-0.000223,0.009484,0.000553,-0.004861,0.021314,0.004457,0.005194,0.001399,0.00344,-0.02357,-0.006144,-0.004637,-0.008319,-0.003355,0.00606,0.00435,0.005331,0.000552,-0.00541,0.009436,0.011437,0.019245,-0.005441,0.000858,0.002465,-0.003314,-0.008259,0.007571,0.05249,-0.004998,-0.001332,0.017859,-0.005143,0.01196,-0.004107
WABTEC CORP,-0.003352,0.008347,0.002039,0.004994,0.009631,0.005893,0.010691,0.006036,-0.020435,0.001516,0.023252,-0.013788,0.00996,0.013843,-0.003516,-0.002646,-0.000708,0.002478,-0.005775,-0.00729,0.009254,0.001124,-0.020741,-0.005612,0.005644,-0.010379,-0.005061,0.003493,-0.005558,0.014371,-0.010535,-0.01903,0.008046,0.00891,-0.008893,-0.003527,0.006086,-0.009444,-0.007041,-0.003828,-0.004347,-0.015818,-0.00045,0.016208,-0.009494,0.001406,0.003318,0.021178,0.012456,0.001845,0.00792,0.02729,-0.010199,-0.004912,-0.005479,0.024033,-0.006207,-0.064422,0.011763,0.003519,0.001691,-0.003626,0.011106
MICROSTRATEGY INC,-0.034516,0.098369,0.082866,0.037449,-0.008953,-0.019349,0.02475,-0.06581,0.055469,0.04147,0.158628,-0.042229,0.100363,0.090085,-0.041581,-0.005086,-0.062496,0.091168,-0.005633,-0.033814,-0.048002,-0.010714,0.067511,0.00698,0.034123,-0.022458,-0.036478,0.002331,-0.02777,0.030974,-0.074697,0.007858,0.007837,-0.025099,-0.002743,0.012529,-0.075221,0.09007,-0.025412,0.046422,-0.096971,-0.008356,-0.033515,-0.01371,-0.015644,0.006913,0.008671,0.003034,0.040468,0.028118,0.153584,0.032906,-0.044643,-0.021912,0.143612,0.012139,-0.043509,-0.028506,-0.039589,0.091032,-0.038717,-0.047945,0.006465
ATLASSIAN CORP PLC,0.002728,0.062395,-0.000163,-0.009536,0.012928,-0.030415,0.00745,-0.000556,0.017135,0.006837,0.000706,-0.010857,-0.013666,0.000668,-0.009953,-0.018253,-0.003547,-0.030543,-0.023925,0.005703,-0.032396,-0.022009,0.01632,-0.009284,-0.00038,0.035343,-0.000612,-0.007285,0.006105,-0.002023,-0.041823,0.026086,-0.021675,-0.021964,0.028333,0.031361,0.014096,0.016388,0.025142,0.007748,0.022487,0.007745,0.022609,-0.00011,0.027763,-0.029468,-0.021012,-0.019834,0.018229,0.021505,-0.008267,0.017894,-0.023203,-0.015761,0.002271,-0.005382,-0.002449,-0.042942,0.063365,-0.00505,0.004624,-0.021107,0.012559
GLOBALFOUNDRIES INC,-0.037643,0.026361,0.020505,0.009336,0.070983,-0.016898,-0.014515,-0.009884,0.030143,0.033441,0.001471,-0.005324,-0.004245,0.000927,0.015556,0.006747,-0.085492,0.00515,-0.014384,-0.027389,0.011922,-0.004672,-0.007959,-0.013989,0.024202,0.000204,-0.023829,-0.005425,0.015733,0.018174,-0.013996,0.023452,0.020302,0.001379,0.003541,0.001764,-0.013112,0.011303,-0.003137,-0.003934,-0.00158,-0.005934,0.01154,-0.001967,0.0473,0.006586,0.002056,0.027425,-0.038678,0.02909,0.004405,-0.005483,0.068174,0.004473,-0.049495,0.013333,-0.043919,-0.038311,-0.014891,0.015901,-0.005217,-0.038073,0.030089
FIRST CITIZENS BANCSHARES INC NC,-0.006385,0.022381,-0.002043,0.009257,-0.007822,0.011441,0.000577,0.002297,0.003426,-0.002731,-0.009349,0.020589,0.005833,-0.002314,0.007916,0.001536,-0.017942,0.018905,-0.00174,-0.019335,-0.010764,-0.014452,-0.003203,-0.013745,0.011661,0.003813,-0.004028,-0.010635,-0.014574,0.009602,-0.012519,-0.005885,0.011631,-0.006724,0.007776,-0.003837,-0.003153,-0.004315,0.009315,0.018429,0.002471,0.008286,0.018049,-0.007001,-0.013723,-0.003917,0.020268,0.01343,0.002409,0.000864,0.015307,0.031216,0.001846,-0.000976,5.5e-05,0.006335,0.015566,-0.005787,0.101371,0.028961,-0.006923,0.015588,-0.019178
DELTA AIR LINES INC,-0.000999,0.020192,0.01019,0.02677,-0.013792,0.001533,0.00899,-0.002844,0.009316,0.001321,0.003769,-0.014082,0.003618,0.005503,-0.014342,-0.012445,-0.007367,0.0125,-0.030093,-0.007558,0.004208,0.01816,-0.004508,-0.018311,0.019254,-0.007674,0.000198,0.00119,-0.02396,0.026983,-0.00889,-0.028902,0.02032,-0.002615,0.000605,-0.004636,0.000405,-0.011943,-0.012907,0.008717,-0.023868,-0.010961,-0.004476,0.014558,-0.028909,0.007171,0.011651,-0.00064,-0.039906,-0.030451,-0.014214,0.070233,-0.00565,-0.018357,0.011576,-0.035431,-0.005019,-0.015364,0.012343,0.015183,-0.021527,0.004632,-0.004858
TAKEDA PHARMACEUTICAL CO LTD,0.00841,0.006065,0.007536,-0.000748,-0.005988,-0.016566,0.023737,-0.008975,-0.010566,0.025934,-0.004461,-0.005975,-0.006762,0.004539,-0.006024,-0.010606,-0.003063,0.00768,-0.000762,-0.012967,0.006955,0.024559,0.000749,0.002994,0.008209,0.00148,-0.004435,0.00297,-0.012583,0.0,-0.01949,0.001529,0.005343,-0.037965,-0.004736,-0.000793,0.022222,0.007764,-0.004622,-0.000774,0.002324,0.004637,0.002308,0.00614,0.007628,-0.002271,-0.002276,0.007605,0.011321,0.002985,-0.00372,-0.006721,0.030075,-0.015329,-0.009637,0.011228,0.011103,-0.005857,0.006627,0.007315,-0.005084,-0.00365,0.01685
AMERICAN WATER WORKS CO INC,0.022891,0.006634,0.022231,0.011651,0.012054,0.007965,0.011365,0.008335,-0.007048,-0.004859,0.004657,0.003888,-0.003798,-0.00142,0.005914,-0.00454,-0.038505,-0.002877,-0.015519,-0.016873,0.017485,0.035556,0.0,0.015676,-0.008583,-0.00805,-0.018144,0.002417,-0.004978,0.001642,0.008507,0.000619,-0.004486,0.013595,-0.00161,0.00215,0.012563,-0.021259,0.001623,-0.002392,-0.000851,-0.010839,0.005479,-0.003892,0.016021,-0.000692,0.006158,0.011551,0.030175,0.020996,-0.019773,0.020172,0.024806,-0.008279,-0.001344,0.004534,-0.009238,0.013595,-0.016152,0.011492,-0.00247,0.016341,-0.009118
VISTRA CORP,0.013449,0.039162,0.020283,0.021475,-0.01802,0.091265,0.044507,0.002683,-0.034789,0.014417,0.059473,-0.038902,0.010092,-0.027317,0.029833,0.000318,0.019731,0.062103,0.040157,-0.024294,0.016889,-0.059694,-0.058841,-0.039678,0.027359,-0.062391,-0.013796,0.037028,0.034006,-0.007235,-0.023852,-0.009163,-0.04053,0.044711,0.006965,-0.015081,0.015773,0.013374,-0.039146,0.015249,-0.014217,0.015818,0.004122,0.045838,-0.025731,0.039391,-0.015935,0.009956,-0.007583,-0.003056,-0.056279,-0.003713,-0.112612,0.004593,-0.001045,0.035308,0.011368,-0.093543,-0.030311,0.010514,0.001687,-0.031443,0.148116
ANSYS INC,-0.010465,-0.021619,0.015865,0.006478,0.010728,0.005907,0.000887,0.003056,-0.000152,-0.00713,0.012337,-0.007124,0.00055,0.002685,-0.005478,-0.001316,0.005577,0.008928,-0.009151,-0.017191,-0.007846,-0.00769,-0.008505,0.007466,0.031441,-0.007154,-0.001324,-0.003053,-0.000557,0.010089,-0.004228,-0.005661,0.012548,-0.006402,0.001692,-0.001013,-0.013063,0.010215,-0.009433,0.001556,-0.000994,-0.001058,0.018496,-0.000459,0.013152,-0.010898,-0.000885,0.01115,-0.011269,0.006386,-0.005769,0.008887,-0.030693,-0.01424,-0.00358,0.013035,0.004519,-0.029774,0.000451,0.005053,-0.00839,-0.016761,0.030153
PULTE GROUP INC,0.00359,0.018154,0.024506,0.008659,-0.00595,-0.009919,0.010364,0.005898,-0.011047,-0.001718,0.050697,-0.027935,0.003455,0.001092,-0.010906,-0.031383,-0.012785,0.013837,-0.009099,-0.006357,0.028701,0.013389,-0.015598,-0.022513,0.02374,-0.009345,-0.025766,0.016676,-0.021605,0.039748,0.000954,-0.011951,0.002805,-0.026833,-0.004049,0.00795,0.009949,-0.023429,9.1e-05,-0.002726,0.003189,-0.03515,-0.016097,0.005166,-0.010565,0.012602,-0.00532,0.0234,0.062436,0.021873,-0.000774,0.071576,-0.0228,0.025304,-0.000321,0.007054,0.000239,-0.024747,0.019909,0.03992,0.022463,0.002031,-0.00886
ZSCALER INC,-0.003643,0.023562,0.004196,0.005816,-0.007017,-0.033298,0.005614,0.015469,0.002176,0.0104,0.024375,-0.010048,-0.00251,0.009728,-0.020044,-0.015934,-0.012919,-0.001571,-0.04358,0.001279,-0.046967,0.084967,-0.005531,0.00071,0.032104,0.024976,0.011513,0.016134,0.020336,0.006288,-0.041201,0.017509,0.000869,-0.026955,-0.004626,0.005432,0.00841,0.008064,-0.019724,0.057456,0.015803,0.033456,-0.009868,0.008848,0.016381,-9.9e-05,-0.021177,5.1e-05,-0.007347,0.030523,0.012729,-0.006602,-0.040321,-0.023393,-0.009613,-0.000689,0.014118,-0.048412,0.00099,-0.003516,-0.001158,-0.024289,0.01471
ICON PLC NEW,0.012522,-0.00179,0.026406,0.019805,-0.001904,-0.00887,0.010553,0.001111,-0.018644,0.019579,0.019742,-0.018552,-0.003515,0.01271,-0.002636,-0.002957,0.009655,0.00225,0.00106,-0.035944,0.043293,0.005884,-0.004095,-0.016724,0.036375,-0.023146,-0.008509,0.001754,-0.008754,0.008642,-0.005816,-0.014438,0.009766,0.00708,-0.008254,0.008797,-0.006054,-0.004387,-0.007861,0.000767,0.000798,0.009698,0.005655,-0.000911,0.008679,0.000468,0.009597,0.014352,0.016887,0.005476,0.014374,0.015666,-0.035471,-0.018328,0.005796,0.031028,-0.022652,-0.001385,-0.056274,0.033088,0.018148,0.003583,-0.006263
EBAY INC,-0.009313,-0.032707,0.005264,-0.005438,0.013973,-0.007589,0.013081,0.013111,0.019412,0.002116,0.006142,0.005342,-0.02315,-0.004662,0.01815,0.012076,0.000189,0.030297,-0.027752,-0.015312,0.024189,0.021368,-0.011251,0.002611,-0.013768,0.007168,-0.005806,0.001319,-0.002822,0.003585,0.0094,-0.029056,0.019375,0.026534,-0.013016,0.005758,-0.002585,-0.001111,-0.004819,-0.01192,0.01263,-0.01936,0.01082,-0.012019,0.004942,-0.001513,-0.002652,0.006268,0.01963,0.003147,-0.008673,0.031646,-0.015157,-0.003481,-0.014525,0.005784,-0.012428,0.007889,-0.010063,0.019955,0.007937,0.014466,0.003791
W E C ENERGY GROUP INC,-0.000605,0.005933,0.001685,-0.004566,0.011951,0.012883,0.007891,-0.001753,0.003336,-0.005419,0.007226,0.005645,-0.000117,-0.009474,-0.001299,-0.026839,-0.019925,0.000372,-0.012144,-0.010537,0.004818,0.022332,0.001851,0.011826,-0.013879,-0.008025,-0.006223,-0.005135,0.003902,-0.005517,-0.009709,0.004074,-0.006214,-0.004083,0.015375,-0.012871,0.014317,-0.012981,-0.002171,0.003839,0.000127,-0.009814,0.004505,-0.004613,0.002188,0.002569,-0.000513,0.002307,0.027497,0.005601,-0.014606,0.015073,0.019181,-0.003764,-0.006094,0.005886,-0.003413,0.022141,-0.002872,0.004921,0.004419,0.017836,0.005374
DEXCOM INC,-0.011853,0.006117,0.013581,0.009971,0.003471,-0.0206,0.005651,-0.008506,-0.016529,0.008163,0.02969,0.016961,-0.00417,-0.0051,0.001148,-0.002369,-0.037769,0.014092,7.8e-05,0.002041,-0.072391,0.003125,-0.029806,0.012844,0.011739,-0.023543,0.00425,0.006736,0.002831,0.002566,-0.028925,0.018803,0.005002,0.000944,-0.004887,0.004911,-0.052041,-0.002351,0.029009,0.009074,-0.010128,-0.010672,0.002853,-0.014046,0.025065,-0.023925,-0.001172,-0.000451,0.016879,0.012427,-0.009206,0.026989,-0.012494,-0.034116,0.008672,-9e-05,0.004299,-0.001694,-0.036538,-0.406583,0.054375,0.032899,-0.026973
WHEATON PRECIOUS METALS CORP,0.015919,0.001133,-0.006411,0.020497,0.001488,0.009471,0.026122,-0.015059,-0.006735,0.014477,0.010116,-0.001609,0.021136,0.013506,0.000692,-0.020927,-0.016428,0.013111,0.018614,-0.02306,0.003394,-0.018871,-0.000544,-0.041576,0.01648,0.035967,-0.053967,0.023198,-0.00892,0.003563,-0.011958,0.001135,-0.004722,0.0,0.022395,-0.015964,0.005659,-0.000375,-0.008257,0.00246,-0.01057,-0.007249,0.010953,0.036305,0.023661,0.006092,-0.001425,0.040307,0.016458,0.00506,-0.001678,0.044882,-0.013031,-0.006683,-0.014769,-0.000666,0.005667,-0.006629,-0.02002,-0.007491,0.005832,0.004093,0.014946
N V R INC,0.00244,0.002952,0.014379,0.005046,0.016996,-0.023138,0.01266,-0.002022,-0.012821,-0.000764,0.035392,-0.014807,-0.004409,0.001142,-0.007494,-0.021324,-0.008795,0.003271,-0.008116,-0.002837,0.016366,0.030236,-0.006954,-0.011031,0.013366,-0.007009,-0.012219,0.006206,-0.006552,0.021387,0.000364,-0.00725,0.011266,-0.01928,-0.0033,0.014843,0.014995,-0.021847,0.011155,0.000103,-0.008928,-0.014021,-0.002868,-0.000497,-0.004758,0.004386,0.004027,0.018664,0.058518,-0.000944,0.00083,0.05342,-0.022077,0.011466,0.002488,0.025217,-0.004768,-0.022725,0.008018,0.015194,2.8e-05,0.007109,-0.006292
DOLLAR GENERAL CORP NEW,-0.011567,-0.003126,0.002479,-0.009819,0.027619,-0.017012,0.024287,0.000639,-0.021426,0.017255,0.005345,0.039203,-0.030425,-0.030254,0.034608,-0.007363,-0.017167,0.043919,-0.020381,-0.021016,-0.081419,0.070111,0.019356,-0.036185,-0.000669,-0.036379,-0.022543,0.00853,-0.007205,-0.014514,-0.006484,0.013455,0.008745,-0.002364,0.007189,0.009961,0.013357,-0.015097,0.003735,0.009922,0.014968,-0.012478,-0.008501,-0.031204,0.022084,0.014977,-0.007608,-0.008091,0.032078,0.006307,-0.041232,0.004096,-0.024474,-0.022435,0.006992,0.007025,-0.023361,-0.027824,0.010765,-0.00186,-0.006182,0.022495,0.00325
EQUITY RESIDENTIAL,-0.00559,0.023735,0.005339,0.012289,-0.0003,-0.008995,0.014221,-0.00358,-0.000749,0.009588,0.002671,-0.007104,0.000596,-0.009832,0.004965,-0.008084,-0.013281,0.004894,-0.016134,-0.019493,0.008204,0.017684,0.005997,0.002904,0.001981,-0.007149,-0.003064,0.015061,-0.00757,0.003661,0.002584,0.011371,0.004497,0.012088,0.000442,0.00678,0.012883,-0.008672,-0.00831,0.004263,0.015078,-0.007571,0.000881,-0.010411,0.005631,0.001768,-0.000588,-0.001619,-0.002064,-0.007533,0.011014,0.01634,0.009125,0.005741,0.000999,0.012832,-0.002534,-0.011996,-0.006999,0.01798,0.007348,-0.024127,0.000862
TAKE TWO INTERACTIVE SOFTWR INC,-0.00049,0.002312,0.019641,0.016863,-6.7e-05,-0.015911,-0.001987,0.001373,-0.01323,0.007016,0.021523,-0.013506,0.012048,0.020698,0.003446,-0.005349,0.01142,0.014902,0.014166,0.018432,0.000626,0.00363,0.020454,0.014178,0.008857,-0.010512,-0.005432,-0.025672,-0.012645,0.007318,-0.012213,0.007862,-0.009814,-0.012897,-0.00251,0.020906,0.009417,-0.004195,-0.009432,-0.003555,-0.009492,-0.007718,0.002333,-0.007436,-0.011466,0.001713,-0.017368,-0.003548,0.018074,0.012078,-0.000261,0.005153,-0.02745,0.002869,0.000133,0.000865,0.008375,0.007778,-0.01694,0.002961,-0.000299,-0.004645,0.003533
VERALTO CORP,0.007472,-0.005616,0.021737,0.011472,0.002887,-0.005551,-0.008167,0.005837,-0.006528,0.011161,0.020219,-0.00455,0.001524,0.000203,0.009227,0.012358,-0.008932,0.023333,-0.014874,-0.021158,0.007002,-0.00655,0.003449,0.015366,0.003584,-0.014782,-0.000906,0.00635,0.003405,0.009382,-0.001187,-0.002574,-0.001787,0.006463,-0.009287,-0.014061,0.008901,-0.00802,-0.00576,-0.007827,-0.021002,-0.00021,-0.011524,0.010387,0.002832,0.003138,-0.002086,0.001149,0.013464,0.017096,-0.007594,0.012142,-0.011694,0.006018,-0.001724,0.010867,0.009143,-0.01135,0.003122,0.052806,0.002193,0.018649,-0.00467
NETAPP INC,-0.011936,0.011189,0.024677,0.031632,-0.005465,0.019747,-0.011874,0.002958,-0.003226,0.008229,0.01449,-0.007865,0.00656,0.016385,0.005967,0.01027,-0.000613,0.014293,0.02023,-0.004322,-0.008511,0.033734,-0.012206,0.000336,0.027395,-0.006462,-0.004034,0.015912,0.02087,0.002072,0.012487,-0.008877,-0.00103,0.021184,-0.009634,0.001334,-0.009872,0.010682,0.00548,0.004672,-0.001783,0.01118,-0.002764,0.002926,-0.00499,0.007979,0.01514,0.019154,-0.023473,-0.009813,0.001613,0.009281,-0.031689,-0.010438,0.001031,0.016796,0.006701,-0.02709,-0.001114,0.004699,-0.009195,-0.019362,0.03598
GLOBAL PAYMENTS INC,-0.111672,0.013571,0.007509,-0.002514,-0.00216,0.001894,0.004592,-0.020973,0.001373,0.007405,-0.012433,0.004135,-0.001007,-0.016306,-0.000186,-0.010153,-0.028512,-0.004649,-0.012554,-0.009658,0.000796,0.012727,-0.027197,-0.015543,0.009945,-0.007613,-0.000511,-0.003889,-0.006678,-0.012826,-0.01886,0.00833,-0.002973,-0.017893,0.023425,0.006994,0.021151,-0.014324,-0.005123,-0.003573,0.019827,-0.010548,0.014737,-0.00515,-0.003831,-0.007275,0.002827,-0.010126,0.021304,0.006299,0.021037,0.036281,0.003976,-0.022798,-0.00514,-0.002882,-0.004385,-0.015314,0.003659,0.024813,0.003755,0.002461,-0.001768
HEWLETT PACKARD ENTERPRISE CO,-0.032941,0.005474,0.019964,0.017794,-0.017483,0.01898,-0.006985,0.0,0.018757,0.015535,0.01813,-0.004452,-0.001677,-0.00336,-0.001124,0.02081,0.004959,0.00932,0.0,-0.012493,0.018702,-0.046976,0.016997,-0.019499,0.106818,0.005647,0.022461,0.027958,-0.001457,0.017023,0.04065,-0.007353,0.002778,0.014312,-0.016484,-0.026071,-0.021511,0.031754,-0.00947,0.005736,0.006179,-0.000472,-0.00189,-0.021307,-0.005806,0.016545,0.017233,0.004706,-0.007026,-0.001415,0.012754,-0.000466,-0.028931,-0.006728,-0.009192,0.005371,-0.002428,-0.023856,-0.029925,0.015938,-0.017713,-0.020608,0.047344
B P PLC,-0.014186,0.011774,0.000776,0.008786,-0.037398,-0.001331,0.013589,-0.005258,0.006871,-0.003675,-0.005269,-0.005662,0.01024,-0.006135,-0.005368,-0.013492,-0.003829,0.008237,0.018519,-0.007487,-0.005119,0.01733,-0.031142,-0.023077,-0.006468,0.003397,-0.00536,0.018718,-0.00696,-0.003084,-0.010405,-0.008525,0.006306,0.007975,0.009042,-0.005601,0.020839,-0.00469,-0.009978,0.006999,0.003614,0.009141,0.009058,0.005713,0.002164,-0.013495,-0.04788,0.002874,0.004298,0.003994,-0.004547,-0.003997,0.015191,0.0048,-0.005901,-0.001413,-0.010756,-0.008584,0.015296,0.00199,-0.008227,-0.004291,0.016662
JOINT STOCK COMPANY KASPI KZ,-0.019531,0.009267,0.016562,0.015786,0.001579,-0.018669,0.032299,-0.01548,-0.013561,0.011807,-0.0313,0.024136,-0.011763,-0.012923,-0.002584,0.019689,0.046228,0.004769,0.017676,-0.003699,0.008797,0.011281,0.015348,-0.02618,0.016243,0.011023,-0.014407,-0.004978,0.001112,0.024828,-0.001006,-0.018517,0.004815,0.014377,-0.001007,0.003644,0.006179,0.021265,0.021724,-0.026781,-0.02472,-0.002868,0.009095,0.033742,-0.012371,-0.005282,-0.029356,0.005627,0.017485,0.017719,0.008855,0.031429,-0.01309,0.013739,-0.006632,-0.053338,0.009659,-0.001443,-0.012242,0.006466,0.009101,-0.018493,0.004865
CHENIERE ENERGY PARTNERS L P,0.01259,0.022422,0.011762,0.000985,0.00748,-0.016217,-0.025838,-0.013676,-0.012605,0.032766,-0.015863,0.006908,0.029522,-0.003837,0.002838,-0.010916,0.007357,-0.003449,0.004886,-0.012966,-0.006979,-0.004341,-0.008927,-0.00796,0.015414,-0.010189,0.009664,0.020807,-0.009376,0.007613,-0.004901,-0.017443,-0.013158,-0.00127,0.006145,0.002949,0.01953,-0.006179,0.013057,-0.00266,0.007385,0.005701,-0.002632,0.008932,-0.017304,0.011466,0.012753,0.006596,0.021048,0.00914,-0.005011,0.021499,-0.013462,0.022872,-0.002067,0.023536,-0.015085,-0.01681,0.004749,0.017017,-0.003346,0.003731,-0.021372
STATE STREET CORP,0.008553,0.001231,0.016257,0.009679,0.003195,-0.000398,0.01248,0.004196,-0.005484,0.005252,0.013192,0.000773,0.004895,-0.011024,-0.000907,-0.007654,-0.021964,0.007753,-0.019631,-0.001082,0.005689,0.018047,-0.00344,-0.009027,-0.002143,0.000134,0.00349,-0.005484,-0.043309,0.014199,-0.007485,-0.009637,0.011282,0.009204,0.000415,-0.00221,0.00969,-0.004936,0.003858,0.002608,0.013005,0.003378,0.004078,0.003791,-0.005665,-0.004748,0.014311,0.014378,0.013114,0.027197,0.004837,0.074487,0.006131,-0.011835,0.001897,-0.005799,-0.002262,-0.010142,0.023264,0.004712,-0.004338,0.009185,-0.008518
T ROWE PRICE GROUP INC,0.006662,0.007797,0.003059,0.004574,-0.006785,0.002157,-0.001704,0.002695,0.009588,0.015,0.006296,0.008429,0.006118,0.003169,0.004269,0.000425,-0.006543,0.011034,-0.015821,-0.009198,0.002516,0.019732,-0.008487,-0.002225,0.002488,-0.005391,-0.00585,-0.004154,-0.00504,0.034064,-0.015373,-0.003689,0.018625,0.004528,0.005273,0.001946,0.003884,-0.012365,-0.007665,-0.00927,-0.00104,-0.012662,0.006588,0.010209,-0.008465,-0.001045,-0.001744,0.014065,0.00939,0.007254,0.006101,0.016928,-0.021532,-0.012611,-0.01603,0.01028,0.008968,-0.022477,0.009705,-0.029526,0.009101,-0.003537,0.013398
INTERNATIONAL FLAVORS & FRAG INC,-0.007797,0.033575,-0.001958,0.023315,0.063952,0.030743,-0.001748,0.001236,-0.006792,0.00114,-0.001242,0.013677,0.019013,-0.008727,-0.00931,-0.02002,-0.015322,0.017678,-0.010506,-0.004415,0.008764,0.006699,-0.000936,0.00229,0.017963,-0.001428,0.005924,-0.017364,0.00403,-0.003911,-0.017772,-0.00547,0.00275,0.014135,0.000312,0.002184,0.019587,-0.020029,0.003024,-0.004886,-0.005328,-0.021741,0.017178,0.002955,0.002842,0.020989,-0.004934,-0.005578,0.013504,0.007687,-0.021562,0.019855,-0.01376,-0.001447,-0.009832,0.025818,0.009171,-0.009693,-0.00938,0.017291,0.007285,0.000804,-0.001606
HUBSPOT INC,0.002017,-0.025079,0.015874,0.028237,-0.002851,-0.041286,-0.004915,0.018394,-0.000268,-0.013617,0.041567,-0.006187,0.008159,0.007557,-0.014581,0.003061,-0.029307,-0.007901,0.081724,0.015414,-0.064746,0.007901,-0.022748,0.019727,-0.0056,-0.011577,-0.003108,-0.001224,-0.012518,0.004911,-0.041177,0.031235,-0.023465,-0.015745,-0.008452,0.038008,-0.00835,0.020241,-0.02852,0.030764,0.00645,0.004731,-0.014243,0.013986,-0.008543,-0.001856,-0.044271,-0.121205,-0.005159,-0.02785,-0.008905,0.035856,-0.017287,0.002186,-0.003303,0.006648,0.011304,-0.030995,0.047388,-0.006132,0.012137,-0.021416,0.018462
DOVER CORP,-0.008087,-0.001687,0.00811,0.015308,0.00055,0.010559,0.006531,0.003244,-0.006952,-0.002985,0.007947,-0.005562,-0.000272,0.005378,0.005295,0.008008,-0.017435,-0.000543,-0.003801,-0.010573,0.000496,0.014865,-0.013764,-0.010205,0.008471,-0.016192,-0.00455,0.004119,-0.003821,0.025272,-0.001981,-0.022824,0.011171,0.019863,0.00279,-0.004364,0.010411,-0.023536,-0.007442,-0.001511,0.011208,-0.019174,-0.000169,5.6e-05,-0.001639,-0.001075,-0.007706,0.019585,0.019825,0.013289,0.002547,0.035137,-0.008773,-0.018281,-0.014168,-0.013881,-0.004306,-0.022398,0.056655,-0.00585,0.006694,-0.010511,-0.001355
NUTRIEN LTD,-0.005685,0.002859,0.005891,0.020404,0.023144,0.003076,0.049432,0.0,-0.020801,0.00948,-0.002783,-0.002965,0.01032,0.038262,-0.006503,0.012588,-0.018565,-0.005911,0.007475,-0.038111,0.004734,0.022684,-0.016038,-0.007976,-0.025695,0.002332,-0.008233,-0.005234,-0.034833,-0.014662,-0.021747,-0.00117,-0.009371,0.005321,0.018232,-0.007124,0.020942,-0.010067,0.000576,-0.003452,-0.010006,-0.014536,-0.003787,0.018407,-0.019057,-0.017024,-0.010595,-0.00556,0.028577,0.000201,0.006642,0.017996,0.025339,-0.02682,-0.005315,-0.001979,-0.016657,-0.002823,0.026289,0.009261,-0.01679,0.007744,0.008867
BROADRIDGE FINANCIAL SOLUTNS INC,0.000103,0.009926,0.017917,0.009203,0.003389,-0.054132,0.013651,0.013623,0.010782,0.010465,0.011257,0.00945,-0.002647,-0.015234,-0.002096,0.019953,-0.01113,-0.005702,-0.021492,-0.010753,0.008139,0.025907,-0.005927,0.002004,-0.010051,-0.001364,0.00172,-0.006009,-0.000914,0.001475,-0.003808,-0.001427,0.012914,0.008045,0.003513,0.004251,0.005229,-0.006688,-0.000349,-0.006037,-0.011094,-0.002234,0.008801,0.006102,0.013133,-0.001732,-0.008822,0.00295,0.014408,0.009731,0.013093,0.007687,-0.008582,-0.015004,-0.014305,0.014067,0.004005,-0.011676,0.024219,0.021916,-0.007572,0.020709,-0.006453
FORTIVE CORP,0.002259,0.008749,-0.000263,0.01183,0.000779,-0.00662,0.012414,-0.007744,-0.00065,0.00833,0.004131,-0.005913,-0.002198,-0.000259,-0.000519,-0.000389,-0.019333,0.004102,-0.017525,-0.020252,0.007255,0.012775,-0.020016,-0.00233,0.011954,-0.005431,-0.006826,0.005498,-0.004238,0.013866,-0.011916,-0.003289,0.0066,0.001366,-0.004638,0.008634,0.008696,-0.017241,0.001508,0.006843,0.007204,-0.026721,0.002496,-0.000277,0.001799,0.015606,-0.012238,0.014042,0.017513,0.008539,0.008467,0.035288,-0.013178,-0.010144,-0.019458,0.013626,0.000783,-0.081899,-0.005824,0.014288,0.004367,-0.001403,0.009129
TECK RESOURCES LTD,-0.015857,0.000826,0.017338,0.012173,0.00902,-0.014899,0.034886,0.007405,-0.004642,0.020987,-0.007804,-0.00633,0.038417,0.018219,-0.025014,-0.050375,-0.006113,0.019048,0.027453,-0.021414,-0.004841,0.012843,-0.01172,-0.061236,0.025678,0.030083,-0.03626,0.006101,-0.025268,-0.00477,-0.010836,0.006109,0.002115,-0.006699,0.012223,-0.016032,0.019044,-0.011213,0.01302,-0.005182,-0.001875,0.005219,0.0081,0.032345,0.006386,-0.032719,-0.01025,0.02879,-0.003221,0.025651,-0.01536,-0.0038,-0.028107,-0.050403,0.01762,-0.017956,-0.003047,-0.013756,0.011734,0.038293,0.001686,-0.002314,0.03353
D T E ENERGY CO,0.009155,0.00521,0.007506,-0.002306,0.007556,0.012264,0.013946,-0.007221,-0.001559,-0.004596,0.011413,0.005944,-0.001541,-0.002144,0.007134,-0.018092,-0.026073,0.008031,0.000354,-0.017965,0.01604,0.033526,-0.002489,0.002495,-0.017077,-0.008731,-0.010657,0.00276,0.009766,-0.009759,-0.000799,-0.003554,-0.00321,-0.001715,0.004974,-0.00189,0.017041,-0.024645,0.003908,0.007243,-0.002157,-0.017026,0.002566,-0.001463,0.004852,-0.006924,-0.003119,0.003773,0.037587,0.011486,-0.011793,0.013878,0.023017,-0.005625,-0.005057,0.009648,-0.011177,0.017343,0.002375,0.0,0.007784,0.012761,-0.000829
FRANCO NEVADA CORP,0.011877,-0.007551,0.019353,0.023935,-0.001347,0.00246,0.008232,0.003297,-0.014867,0.006751,-0.011519,0.003671,0.02171,0.004592,-0.005346,-0.030145,-0.026343,0.006434,0.023523,-0.022582,0.018024,-0.003702,0.002585,-0.042056,0.011943,0.033245,-0.054376,0.021011,-0.010497,0.004294,-0.018276,-0.004797,-0.000861,0.000775,0.01076,-0.005961,0.013794,-0.00338,0.006021,0.013318,-0.014141,-0.008859,0.015493,0.028418,0.008722,-0.008485,-0.000652,0.025118,0.013922,0.013025,-0.013942,0.029927,-0.027608,-0.010745,-0.012368,-0.00281,0.00475,0.00689,-0.011618,0.003462,0.010029,0.00977,0.014475
ENTERGY CORP NEW,0.0135,0.001683,0.008585,0.008697,0.014309,0.002261,0.005865,0.004575,-0.00125,-0.004917,0.01159,0.006928,-0.002999,-0.002035,0.012589,-0.013308,-0.029281,-0.002377,-0.014752,-0.007626,0.010027,0.0437,-0.006312,-0.0017,-0.006363,-0.009289,-0.012563,-0.00378,0.000925,-0.007396,-0.002422,-0.000747,-0.006074,-0.003008,0.002263,-0.004516,0.018146,-0.010025,-0.002344,0.003383,0.002248,-0.011776,0.001419,-0.003211,-0.001705,-0.005884,0.001909,0.009243,0.024264,0.006268,-0.021434,0.015352,0.020006,0.000813,-0.002258,0.004888,-0.006035,0.013684,-0.003934,0.019835,0.006424,0.017314,-0.00318
ISHARES TRUST,0.001992,0.001481,0.001602,-0.000123,0.000123,-0.000246,0.000861,-0.00086,0.000246,0.000984,0.001843,-0.000736,-0.000614,-0.000246,0.000491,-0.000737,-0.000492,0.000369,-0.00086,-0.000369,0.001107,0.001352,0.001131,0.000984,0.000983,0.000123,-0.002578,0.000123,0.001107,0.001352,0.001596,0.000123,-0.00098,0.001349,-0.000367,0.000368,0.000123,0.000123,-0.00098,0.000735,0.000123,-0.000853,0.000861,0.001475,0.001841,-0.000123,-0.000245,0.000368,0.002327,0.001466,0.0,0.000366,0.000122,-0.000488,-0.000488,0.000122,0.000488,0.000488,0.000122,0.001341,0.000122,0.000365,0.002069
CARDINAL HEALTH INC,-0.008443,0.007928,-0.039522,-0.003235,0.011462,-0.022864,0.006363,0.014991,-0.01497,-0.006222,-0.003284,0.016373,0.00385,-0.006258,-0.024883,0.003229,-0.002803,0.00354,-0.017014,0.01467,0.01633,0.015966,0.002418,-0.011959,-0.003662,0.008575,-0.002935,0.00335,0.00172,-0.000101,0.016263,-0.004075,0.007485,0.031105,0.00269,0.002491,0.002581,-0.016873,-0.019684,-0.014639,-0.01305,-0.000553,-0.01248,-0.008701,0.001985,0.010324,-0.00898,-0.004375,-0.011821,-0.003811,-0.003826,0.017815,0.005869,-0.006981,-0.002833,0.004104,0.004402,0.009078,0.002068,0.014859,-0.001729,0.021186,0.005685
ROBLOX CORP,0.028684,0.020776,0.050884,0.022171,0.010721,-0.037247,-0.2206,0.033859,-0.01558,0.02261,0.042641,-0.007573,0.004274,0.020973,-0.030962,0.017819,-0.035014,0.021896,0.008877,0.004551,0.001208,0.014178,0.02558,0.015081,0.017143,0.001124,-0.000281,-0.017962,0.01429,0.015216,-0.014155,-0.011824,0.022792,0.0,-0.001114,0.008366,-0.026825,0.00682,0.041773,0.008399,-0.000269,-0.004031,0.002159,0.016963,0.024093,0.029473,-0.010799,0.006855,-0.028744,0.052181,0.01431,0.004135,-0.031008,-0.00525,0.018346,0.011846,0.001951,-0.027264,0.014515,-0.00074,0.001481,0.011338,0.011943
KEYSIGHT TECHNOLOGIES INC,-0.020211,0.014074,0.014899,0.009519,-0.00332,0.004664,0.001393,-0.005298,-0.003329,0.011956,0.027723,0.006936,0.003317,0.015575,-0.083819,0.007652,-0.024681,0.00146,-0.010899,-0.022319,-0.005887,0.0,-0.010615,-0.00854,0.007509,-0.006284,-0.001397,0.006848,-0.004022,0.014098,-0.001014,-0.014424,0.007133,-0.006207,-0.004849,0.011518,-0.000657,0.004748,-0.012068,-0.005004,0.011315,-0.013309,0.011265,-0.008208,0.014927,0.005461,-0.014772,0.010731,0.017961,0.015144,0.024066,0.027005,-0.025826,-0.030563,-0.026568,0.020815,-0.007771,-0.02285,-0.000735,0.018471,-0.007876,-0.009905,0.026628
FIRSTENERGY CORP,0.00939,0.010078,0.003837,0.00344,0.01027,0.00305,0.009374,0.00251,-0.006259,0.003779,0.010542,-0.000993,-0.004475,0.0005,0.009236,-0.013109,-0.019048,-0.004343,-0.004619,-0.006703,0.011939,0.032572,-0.002235,0.000996,-0.01915,-0.008621,-0.007161,0.002834,-0.002826,-0.004379,0.000776,0.002327,-0.01367,-0.001831,0.001572,0.001046,0.00601,-0.003117,0.004169,-0.00026,-0.006748,0.001045,-0.001566,0.004967,0.003642,0.000259,0.001555,0.006986,0.014132,0.001267,-0.0167,0.002831,0.0136,-0.001013,0.003295,0.005304,0.00201,0.013541,0.000742,0.012114,0.014167,0.006744,0.002632
TYLER TECHNOLOGIES INC,-0.006543,0.012933,0.009775,0.014968,0.01126,-0.000748,0.001705,0.00606,-0.00755,0.007795,0.008848,-0.002392,0.002398,0.009772,0.004171,0.003085,-0.012824,0.001873,-0.026258,-0.007785,0.004165,0.006242,-0.012845,0.010355,0.009873,-0.004981,0.000872,-0.010003,0.010377,-0.007034,-0.008546,-0.00569,-0.009581,0.012049,0.012984,0.021084,0.004968,-0.006774,0.000799,0.010601,0.018165,-0.006484,0.018978,-0.000864,0.009556,-0.003779,-0.005122,0.005935,0.004747,0.017052,-0.004149,0.015377,-0.001683,-0.004015,-0.003004,0.009078,-0.005141,-0.020081,0.094106,0.046621,-0.023127,-0.004229,-0.011209
RAYMOND JAMES FINANCIAL INC,0.004508,0.011587,0.00363,0.009323,-0.002469,0.001038,-0.001914,0.004314,0.0,0.010024,0.002678,-0.013354,0.006529,-0.010204,-0.002717,-0.009536,-0.001699,0.020018,-0.018433,-0.014813,0.001479,0.007056,-0.014827,-0.016208,0.015466,-0.004801,-0.001664,-0.003999,-0.019072,0.013132,-0.013299,-0.013307,0.019798,0.008477,0.000841,0.013691,0.014003,-0.005638,-0.001397,0.000576,0.016613,0.000324,-0.009091,-0.011058,-0.010105,-0.01707,0.010215,0.009438,0.007597,0.002983,0.000413,-0.062753,-0.001321,-0.019937,-0.022322,0.012521,0.016639,0.003667,0.051595,-0.01127,-0.01037,0.000346,0.004242
CHURCH & DWIGHT INC,-0.015108,-0.003576,0.002172,-0.006597,0.01442,-0.001403,0.002529,0.002429,-0.001491,-0.000338,0.003276,-0.004665,-0.002718,0.001128,0.005164,0.002335,-0.008294,0.00047,-0.021696,-0.008161,0.010164,0.025393,0.002617,0.007643,-0.0037,0.001857,-0.004912,0.003166,0.001949,-0.014269,0.000846,0.011458,0.014856,0.005581,-0.009098,0.000184,-0.013311,-0.02447,-0.003529,-0.004498,-0.003173,0.011478,0.005435,0.000854,0.010045,-0.009476,-0.009187,0.002294,-0.010587,0.004145,-0.028703,0.011366,0.013584,-0.014944,0.004307,-0.019199,-0.004273,0.001397,-0.004983,0.015323,0.002071,-0.021262,-0.014281
TELUS CORP,0.009956,0.008626,0.000611,0.004884,-0.001823,-0.001826,0.00061,-0.018891,0.010559,0.010449,0.004258,-0.003029,0.009721,-0.007822,-0.006064,0.009152,-0.010278,-0.005498,0.001228,-0.018405,0.008125,0.019839,-0.000608,0.015207,-0.001798,0.003001,-0.008977,-0.011257,-0.001243,0.001245,-0.016781,-0.001264,-0.01076,-0.003839,0.010276,0.001907,0.005711,-0.020189,-0.021893,-0.000658,-0.002635,-0.001982,-0.013236,0.01006,0.013944,0.009168,0.001947,-0.009067,0.006536,0.009091,-0.00193,0.014184,0.006357,0.005054,-0.005657,-0.005689,-0.002543,0.004461,0.004442,0.003159,0.00063,0.006293,0.009381
STERIS PLC NEW,0.002346,0.005853,0.007661,0.00818,0.015989,-0.01306,0.075682,0.023629,0.005317,0.014792,-0.002288,-0.020088,0.008495,0.000258,-0.009237,0.0,-0.016435,0.010405,-0.025221,0.000134,-0.000895,-0.001523,0.024632,0.000569,0.006171,0.002479,-0.01575,-0.009081,0.002892,0.004081,-0.02121,-0.012486,-0.009941,0.001758,0.012979,-0.005426,-0.007152,-0.005218,0.003064,0.00162,0.014323,-0.004555,-0.000915,-0.004397,0.012283,-0.001,-0.02875,0.008852,0.011328,0.017811,-0.005502,0.032381,0.0047,-0.014254,-0.005145,0.019974,0.012808,8.6e-05,-0.017953,0.022983,0.015164,0.003893,0.006407
S B A COMMUNICATIONS CORP NEW,0.016119,0.025116,-0.004023,-0.002589,0.017706,0.006225,0.006389,-0.004887,0.002633,0.005403,0.016374,0.00252,-0.017203,-0.004865,-0.000202,-0.018249,-0.025701,-0.003708,-0.004253,-0.004859,0.036592,0.018012,0.000407,0.009504,-0.00876,-0.00772,-0.010135,-0.001189,-0.004193,0.020483,0.003668,-0.00533,-0.024342,0.0,-0.002144,0.02018,0.01305,-0.022823,0.004671,0.017461,-0.0033,-0.033215,-0.00411,0.016825,-0.007025,0.016402,0.008094,-0.001739,0.075158,0.014152,-0.012075,0.013317,0.005444,-0.013864,-0.010651,-0.000861,-0.007135,-0.009068,0.027355,0.017246,0.014485,0.000551,0.007341
C G I INC,-0.018376,0.027677,0.015376,0.000772,-0.006361,0.002619,-0.013834,0.003924,-0.006254,0.006293,0.018663,0.001631,0.006895,-0.00409,0.004489,-0.002472,-0.008292,0.001346,-0.011613,-0.030006,-0.01842,0.009689,-0.003232,0.00679,0.014796,0.008332,-0.003345,0.002764,-0.008169,0.000893,-0.009816,-0.001402,0.003509,-0.01309,0.010732,-0.006511,0.003731,0.021899,-0.014942,0.001497,-0.00548,-0.007915,0.023834,0.00799,-0.007633,0.000394,0.000591,0.013299,0.017208,0.011947,-0.008972,0.022301,-0.002797,-0.004861,-0.005449,0.015396,0.0,-0.003814,0.007377,0.008991,-0.007533,0.006387,0.048289
DECKERS OUTDOOR CORP,0.001234,0.016047,0.011662,0.023162,0.000615,-0.01032,0.024687,-0.014362,-0.013132,0.037359,0.024058,-0.019985,0.00332,0.016082,-0.003445,-0.007558,0.013114,0.141768,0.044767,-0.013177,0.016583,0.010475,-0.006719,-0.018167,0.024774,-0.025456,-0.019823,0.010188,-0.011963,-0.002696,-0.009004,-0.006222,-0.006115,-0.008944,-0.018792,-0.009399,-0.002102,-0.002822,0.00609,0.019006,-0.031963,-0.022367,-0.005981,-0.005262,0.00388,0.014244,-0.014328,-0.048645,-0.005295,0.0106,0.001693,0.014774,-0.025469,-0.003102,-0.017613,0.014543,-0.001674,-0.041238,-0.005366,0.063221,0.029641,-0.010844,0.012511
CLOUDFLARE INC,0.007323,0.010563,-0.163763,-0.001344,-0.002288,-0.022663,0.012284,-0.019362,0.022942,-0.00299,0.01227,0.011987,0.001198,0.005184,-0.016398,0.008067,-0.018138,0.007742,-0.004313,0.018005,-0.096011,-0.004266,-0.003841,0.00875,0.026904,0.020043,-0.007298,0.013997,0.012688,0.038414,-0.025325,0.028295,0.027649,0.018023,-0.007967,-0.006501,0.008468,0.026209,-0.017109,0.03166,0.012716,0.013522,0.013103,-0.006114,0.028747,-0.023919,-0.027097,-0.002543,-0.004249,0.002317,0.01484,0.006233,-0.040143,-0.025565,0.001783,0.0,0.029367,-0.061381,0.026842,0.000256,-0.008839,-0.017319,0.019335
I C I C I BANK LTD,0.000726,0.000726,-0.008342,0.006218,-0.014177,-0.006637,-0.007053,0.001495,0.004106,0.0,0.010781,-0.00331,0.004059,-0.004778,-0.002954,-0.008519,0.011954,0.00849,-0.019034,-0.016045,0.010239,0.003754,0.059088,-0.090042,0.034924,-0.007499,0.007934,0.0,-0.010495,0.001894,-0.015501,0.008449,0.003427,0.024288,0.02927,-0.00288,0.015884,0.023099,0.003821,0.003806,-0.006894,0.0,-0.004512,0.005927,0.013172,-0.003079,0.008236,0.002383,-0.004754,-0.004435,-0.000343,0.015427,-0.010804,0.005461,-0.003734,0.000341,-0.008515,-0.016833,-0.011181,0.016255,0.000695,0.003475,0.007964
LAUDER ESTEE COS INC,-0.131825,0.059433,-0.014821,-0.021514,-0.004536,0.000309,0.016444,0.002582,0.02053,-0.004825,0.014471,0.016471,-0.025246,-0.02679,0.012048,-0.014693,-0.035482,-0.000555,0.0,-0.035777,-0.001316,0.021666,0.006971,-0.005474,-0.004695,0.004473,-0.024613,-0.013779,-0.010184,-0.030442,0.000614,-0.001665,0.008604,-0.035602,0.01724,0.010204,0.011243,-0.010857,-0.005796,-0.020844,-0.040231,-0.009587,0.00465,0.005384,-0.000846,0.00141,-0.021502,-0.019192,-0.00587,0.017223,-0.022446,-0.000495,-0.00307,-0.037545,0.023529,0.018754,-0.010689,-0.001601,0.001002,0.008208,9.9e-05,-0.012807,0.00171
ROLLINS INC,0.002693,0.001343,0.030845,0.021249,0.002123,-0.011864,0.011149,-0.008083,-0.004718,0.010989,0.005328,-0.00212,-0.01997,0.014307,-0.006198,-0.008387,-0.015832,0.017849,-0.000649,-0.017548,0.011246,-0.003707,0.00766,0.027368,0.003171,-0.000843,-0.017718,0.004724,0.011541,0.012466,-0.001252,0.013372,0.015464,0.010152,-0.00804,0.0,0.01155,-0.001202,-0.008424,-0.00182,-0.011348,-0.009633,0.017177,0.023194,0.002187,-0.009524,-0.003606,-0.002815,-0.004637,0.00081,-0.02206,0.019454,0.001624,-0.001824,0.003858,0.024474,-0.01382,0.0,-0.064465,-0.01712,0.035924,0.008197,-0.001251
FIRST SOLAR INC,0.00726,0.0165,0.06116,0.011799,0.004437,-0.020291,0.015153,-0.013222,-0.007904,-0.013559,0.026528,0.014016,0.015261,-0.006326,0.08032,0.186884,-0.007706,0.107802,0.012358,-0.007032,-0.005068,-0.018137,0.003533,-0.024017,0.025886,0.001428,-0.022344,0.046607,0.052645,0.020983,-0.030428,-0.061565,-0.044881,0.00398,-0.008766,-0.004614,0.00931,-0.017376,-0.034315,0.008026,-0.097871,-0.012197,-0.026851,0.06635,-0.038899,0.02251,-0.008322,0.014829,0.02135,-0.0009,-0.084977,0.036688,-0.059119,0.025988,0.013344,0.017604,0.012577,-0.007533,-0.023223,0.0488,-0.027962,-0.043149,0.024183
WEYERHAEUSER CO,0.000994,0.026821,0.00258,-0.000322,-0.0074,-0.00389,0.013017,-0.00514,0.007749,-0.000641,0.00545,-0.007972,0.001929,-0.008341,0.00647,-0.013179,-0.019218,0.002989,-0.01457,-0.013441,0.012262,0.01716,-0.010656,-0.008078,-0.000679,0.010526,-0.013441,0.000341,-0.007831,0.002402,-0.006505,-0.000689,0.005172,-0.009605,-0.007967,0.013268,0.000689,-0.026171,-0.011316,0.009299,0.006024,-0.029236,-0.002903,-0.015648,0.014788,0.0051,-0.000725,0.000363,0.050036,0.01105,-0.008197,0.02376,0.025563,-0.005904,-0.005609,0.015262,-0.011111,-0.012888,0.014731,0.04256,-0.010443,0.01567,0.0
WESTERN DIGITAL CORP,-0.004518,-0.011204,0.017642,0.023256,-0.015289,0.007693,0.000694,-0.006797,-0.008799,0.036213,0.029236,-0.021007,-0.026991,0.013176,0.013142,-0.006351,0.008431,0.008765,0.017778,0.016943,-0.024797,-0.002914,-0.004117,-0.01387,0.040032,-0.021457,-0.003588,0.028274,-0.007523,0.034893,0.004925,-0.018346,0.022273,0.004633,-0.049109,-0.006816,-0.004883,0.019363,-0.018085,0.015238,-0.011094,0.008051,0.021864,-0.003331,-0.00797,0.017235,-0.000892,0.023078,-0.02991,0.011948,0.000635,-0.022329,-0.068388,-0.021591,-0.005979,0.046405,-0.001369,-0.013021,-0.076656,0.026621,-0.026809,-0.048924,0.061254
ZIMMER BIOMET HOLDINGS INC,-0.005986,-0.0092,0.027013,-0.009042,0.007216,-0.004776,0.004882,-0.001071,-0.014179,0.003178,0.008419,0.002066,-0.008661,-0.009403,-0.00042,0.002773,-0.029163,0.004834,-0.000687,-0.01023,-0.00608,0.006204,-0.017629,0.002829,-0.007052,0.006481,-0.000265,-0.004059,-0.032335,-0.016296,-0.004467,0.002057,-0.001493,-0.003177,-0.004124,0.015153,0.005563,-0.002213,0.001201,0.002497,0.001384,-0.02368,0.002926,0.002917,0.013417,-0.014999,-0.005922,0.010779,0.012067,0.004622,-0.019873,0.00873,0.033408,0.003062,-0.00799,-0.001538,-0.002991,0.005,0.000814,0.005875,-0.004493,0.005235,-0.00018
APPLOVIN CORP,-0.011761,0.039145,0.035877,0.023711,0.003123,-0.040083,0.144459,0.020546,-0.000694,-0.033924,0.00743,-0.009874,-0.008891,0.025215,-0.00674,-0.047619,-0.00925,0.036462,0.013147,0.00793,-0.016569,-0.012364,0.014973,-0.012817,0.024865,-0.005259,-0.01586,-0.018679,-0.037696,-0.010472,-0.011628,0.024719,0.012126,0.030334,-0.045275,0.018139,-0.006745,0.040487,-0.008989,0.032803,0.001203,0.019226,-0.01344,0.039197,-0.00184,-0.018664,-0.005518,-0.004132,-0.027857,0.034752,0.036177,-0.015922,-0.073269,0.009228,0.01075,0.017604,0.006848,-0.06121,-0.031901,0.017855,-0.008771,-0.026285,0.030335
EVERSOURCE ENERGY,0.016496,-0.014119,-0.012181,-0.004999,0.024452,-0.002125,0.011796,0.002591,-0.010336,-0.006201,0.005665,0.015364,-0.008135,-0.002953,0.007239,-0.023032,-0.038121,0.0,-0.012689,-0.000528,0.014092,0.028835,0.007598,0.019102,-0.021375,-0.011593,-0.00425,0.007852,0.000847,-0.002539,-0.003902,0.00511,-0.023047,0.006071,-0.000172,-0.013968,0.014341,-0.01569,-0.002102,0.003862,-0.008393,-0.002645,-0.000707,0.013977,-0.000698,0.000698,0.009248,0.004322,0.022551,0.015825,-0.017899,0.007762,0.030643,-0.0026,-0.004724,0.010802,-0.01522,0.036337,0.009043,0.014151,0.006822,0.015707,-0.015919
AXON ENTERPRISE INC,-0.006663,0.016626,0.005683,0.028536,-0.045507,-0.002782,-0.008882,-0.018312,-0.010546,-0.012557,-0.008467,-0.011941,-0.005681,0.011219,-0.013971,-0.010696,-0.017131,0.020144,0.008998,-0.013914,-0.008656,-0.000213,-0.011148,-0.008294,0.021396,-0.010563,0.004836,0.017469,0.005641,0.030765,-0.007977,-0.003919,0.016557,-0.012283,-0.001295,-0.006789,0.005324,-0.000239,0.000854,0.018677,-0.013776,-0.017095,0.013727,0.011529,0.006137,0.013741,-0.013125,-0.017487,-0.007262,0.005152,0.054603,0.03496,-0.005165,-0.038108,0.009095,0.026941,0.008808,-0.020153,-0.007346,-0.000708,-0.005119,-0.013851,-0.015457
PROSHARES TRUST,-0.021523,0.037016,0.059615,0.032804,0.0,-0.001878,0.005475,0.006806,0.006591,0.018637,0.046151,-0.006145,-0.002219,0.020655,0.005137,-0.000619,-0.014877,0.028001,0.010865,-0.02089,-0.032158,-0.001118,0.009755,0.007444,0.060368,-0.001186,-0.003711,0.010578,0.02064,0.039434,0.015981,0.014499,0.036268,0.00052,-0.023537,-0.009189,-0.033871,0.033389,0.00623,0.007252,-0.015733,0.016391,0.030654,0.02457,0.030292,0.006615,0.002191,0.03133,-0.065701,0.016257,0.00744,0.000739,-0.087946,-0.01497,-0.027109,0.043625,-0.010788,-0.107824,-0.033308,0.028608,0.005839,-0.040788,0.087434
ISHARES BITCOIN TRUST,-0.03515,0.043532,0.047337,0.017232,-0.002222,-0.015308,0.005653,-0.028106,0.041064,-0.025833,0.074137,-0.013804,0.030417,0.044148,-0.012509,0.006081,-0.036263,0.031095,-0.012164,-0.016932,0.021921,-0.015577,0.023087,0.018509,0.012447,-0.01254,-0.018426,0.004313,-0.0293,0.00052,-0.014304,-0.015831,0.018231,-0.035282,0.010917,-0.012419,-0.076955,0.045461,-0.016714,0.007779,-0.024014,0.054482,-0.021667,-0.022147,-0.065041,-0.001242,0.024876,-0.008799,0.000918,0.004587,0.100457,0.028216,-0.008878,-0.01683,0.060188,0.013802,-0.040843,0.002142,-0.015767,0.053218,-0.011601,-0.020605,-0.009854
PEMBINA PIPELINE CORP,-0.014205,0.019597,0.003674,0.010701,0.003901,0.012212,0.004661,0.005459,0.000814,0.005696,0.004585,-0.004027,-0.004313,0.007039,-0.001882,-0.013466,-0.009828,0.006893,0.006846,-0.010607,-0.003848,0.024559,-0.007002,-0.004882,-0.000818,0.018822,-0.0083,0.006479,-0.003487,0.005114,-0.006427,-0.001348,-0.012083,0.003601,-0.000552,-0.007457,0.019477,0.002183,-0.000272,0.013075,-0.002958,-0.005933,0.016007,0.004539,-0.003456,-0.006935,-0.001343,0.011565,-0.002393,0.006663,-0.006619,0.001333,0.002396,0.004514,0.001586,0.007126,0.005765,-0.003127,-0.00392,0.004723,-0.006007,0.009196,0.008592
DOLLAR TREE INC,0.002622,0.01029,0.007931,-0.004556,0.012398,-0.01726,0.004851,0.007407,-0.00694,-0.010982,-0.000673,0.021044,-0.032894,-0.032649,0.010751,-0.008108,0.007295,0.006719,-0.020369,0.007167,0.008434,0.027529,0.025689,-0.005621,-0.04921,-0.017573,-0.009611,-0.009884,-0.004991,-0.007023,-0.021494,-0.004694,0.02471,-0.012978,0.003171,-0.0066,0.004491,-0.018072,-0.018784,0.01721,0.014828,0.004496,-0.001305,-0.01083,0.00689,0.000375,-0.025206,-0.0149,0.041472,0.005903,-0.03288,0.009535,0.004961,0.012626,-0.001031,0.0061,-0.001865,-0.031025,-0.010223,0.012667,-0.001828,0.015327,-0.009399
VANECK E T F TRUST,-0.029147,0.020111,0.026883,0.022689,-0.008712,0.003035,-0.006414,0.015092,-0.000179,0.01711,0.030033,-0.007268,-0.008398,0.02063,-0.001404,0.008182,0.013652,0.018514,0.022804,-0.016731,-0.013759,-0.007388,0.012475,-0.003614,0.048681,-0.007861,-0.000792,0.014472,-0.001485,0.029787,0.01566,0.002545,0.017134,0.015708,-0.028328,-0.014986,-0.034392,0.023419,-0.003285,-0.007857,0.007108,0.001189,0.010038,0.022721,0.000371,0.016647,0.002188,0.023507,-0.036442,0.012656,-0.002259,-0.000438,-0.071207,0.005192,-0.028958,0.038607,-0.011097,-0.054461,-0.018342,0.015852,-0.007116,-0.038265,0.07635
WEST PHARMACEUTICAL SERVICES INC,0.016644,0.01384,-0.009336,0.004164,0.004938,-0.004588,-0.002918,-0.003829,-0.01653,-0.010302,-0.00835,0.007368,0.004321,-0.036216,-0.016776,-0.008071,-0.017051,0.009343,-0.012633,-0.014108,0.019421,0.006958,-0.008087,-0.031363,-0.002293,-0.007838,-0.00165,0.016461,0.02598,0.031234,-0.006294,-0.00904,0.008492,-0.041686,0.020399,0.012537,-0.005289,-0.022357,0.000247,0.015695,0.001916,-0.014694,-0.006008,-0.00527,0.005173,-0.007998,-0.004219,0.008537,0.037187,-0.030963,-0.008886,0.028115,-0.00629,-0.032718,0.004995,0.000314,-0.005786,0.024005,-0.14396,0.027421,0.011799,0.039532,0.022904
RESTAURANT BRANDS INTL INC,-0.034674,0.013521,0.02183,-0.00633,-0.013802,-0.012515,0.002998,-0.004891,-0.015429,-0.004992,-0.00446,0.00238,-0.010335,-0.012137,-0.014286,-0.010145,-0.015813,0.004612,-0.004442,-0.013982,0.007392,0.026954,0.021872,-0.001284,0.012288,0.003105,-0.032222,-0.01672,0.007689,0.010565,0.006824,-0.006345,0.005806,-0.006205,0.000436,0.013353,0.013721,-0.011398,-0.000865,0.002164,0.012809,-0.001137,-0.022478,0.017756,-0.004576,0.006034,-0.027988,0.025562,0.031657,0.012635,-0.007679,0.032887,0.002408,-0.033898,0.004835,-0.000687,-0.020361,-0.018115,-0.019308,-0.008604,0.020889,-0.004467,0.013027
LIVE NATION ENTERTAINMENT INC,0.004161,-0.011313,0.072392,0.012888,0.004798,-0.005709,0.012945,-0.000103,-0.014739,0.002511,0.006783,-0.001037,0.002179,0.029403,0.025646,-0.005687,-0.078107,0.026851,-0.01146,-0.009379,-0.007234,0.004501,0.006507,-0.008797,0.000855,-0.014423,-0.018645,-0.008616,0.000334,0.001114,-0.009123,-0.003481,0.01893,0.016698,0.003698,0.007369,-0.038511,0.005147,0.005343,0.005425,0.032265,0.010988,0.020365,-0.019752,0.005802,-0.009125,0.006881,-0.007254,0.015355,0.021485,0.004492,-0.012299,-0.004631,-0.020575,0.003906,-0.000315,0.005575,-0.030649,-0.004856,0.015398,0.019543,-0.008903,0.016593
VENTAS INC,-0.010614,0.05501,0.012332,0.005557,0.0017,0.006578,0.002319,0.00021,0.001051,0.007351,0.015638,0.0,0.004106,-0.00368,-0.007388,0.002067,-0.026408,0.006569,-0.006737,0.004875,0.033537,0.025714,-0.004576,-0.0006,-0.0046,0.001406,-0.002608,0.003822,-0.006212,-0.001412,0.010501,0.001199,-0.001996,0.0052,-0.00378,0.00699,0.005355,-0.015782,-0.000802,0.019258,0.008856,0.001366,0.017885,0.000579,0.012158,-0.010868,0.006939,-0.002489,0.016695,-0.009815,0.003431,0.008739,0.006215,-0.004118,0.001691,0.006942,-0.00205,-0.00056,-0.006352,0.010528,0.008186,0.012364,-0.007656
P P L CORP,0.019665,-0.002857,0.006089,0.0,0.009256,0.005996,0.013675,0.007956,0.00103,0.000686,0.013018,0.001353,-0.000675,0.000676,0.007768,-0.011059,-0.024737,-0.003475,-0.003835,-0.013301,0.013125,0.026961,-0.002387,0.002051,-0.01296,-0.008293,-0.010105,0.000264,0.006747,-0.00776,0.0,-0.001777,-0.006054,0.004658,0.000357,-0.003209,0.007511,-0.013135,-0.003597,0.001805,-0.003604,-0.010488,0.002193,0.004012,-0.004359,-0.000365,0.000365,0.00985,0.019509,0.007796,-0.016526,0.011441,0.014846,0.000348,-0.003482,0.013277,-0.007931,0.013903,0.001714,0.007529,0.007133,0.010793,-0.008342
HUNTINGTON BANCSHARES INC,0.013363,0.001465,0.00951,0.008696,-0.005029,0.01444,-0.002135,0.002853,-0.007112,0.008596,0.012784,-0.006311,0.002823,-0.014075,0.009993,-0.016254,-0.024425,0.011782,-0.005822,-0.013909,0.014105,0.019034,-0.01796,-0.013899,-0.003709,-0.003723,0.001495,-0.061194,-0.018283,0.007287,-0.008039,0.002431,0.014147,0.00565,0.004815,0.008786,0.027712,-0.01772,-0.003137,0.005507,0.031299,-0.001517,0.003799,-0.012869,-0.015337,0.011682,-0.00154,0.00771,0.029839,0.005944,0.014033,0.03933,0.011913,-0.009695,0.039161,0.010094,0.003997,-0.009954,0.009383,0.004648,-0.00727,0.008655,-0.013201
INVITATION HOMES INC,-0.003509,0.012324,-0.003188,0.011922,0.005172,-0.008005,0.008069,-0.005718,-0.000863,0.006619,0.019154,-0.012342,0.006816,-0.000564,-0.007056,-0.005685,-0.01315,-0.001159,-0.011891,-0.008512,0.007401,0.022333,-0.002587,0.007205,-0.006295,0.003743,0.004303,0.008569,-0.005947,-0.001424,-0.000571,0.013417,0.000282,0.006195,-0.003918,-0.004777,0.01214,-0.008647,-0.012099,0.014526,0.015563,-0.003065,0.007546,-0.00111,0.000833,0.002497,-0.00083,-0.007202,-0.011161,-0.001975,-0.002545,0.01559,-0.002233,0.004755,0.0,0.010579,0.005234,-0.014251,-0.077009,0.026205,0.006164,0.020712,0.008002
SEAGATE TECHNOLOGY HOLDINGS PLC,-0.001164,0.005594,0.014023,0.026857,-0.003784,0.006033,0.01799,0.025526,-0.009148,0.032958,0.025982,-0.004862,-0.030232,0.016165,-0.033158,0.011432,-0.012781,0.007811,0.028135,-0.026642,-0.005835,-0.005015,-0.020485,0.005694,0.051715,-0.006211,0.001146,0.03548,0.021302,0.011905,0.018571,-0.008591,0.020412,9.4e-05,-0.025191,0.004483,0.002425,0.003968,-0.009543,0.013139,-0.007973,-0.008037,0.006736,-0.017066,0.006609,0.013622,0.008895,0.022808,-0.005809,0.00933,0.01718,-0.002111,-0.034955,-0.013726,-0.008118,0.03459,-0.008288,0.040171,-0.050854,-0.002693,-0.002894,-0.041401,0.030979
TERADYNE INC,-0.02218,0.032091,0.025982,0.012537,-0.007052,-0.00545,0.018102,0.002528,0.015701,0.018102,0.038077,-0.003486,0.003194,0.057615,0.006308,0.018464,-0.01827,0.026809,0.008472,-0.023136,-0.004229,-0.002336,0.000568,-0.009928,0.041327,-0.014857,-0.016268,0.015472,0.009575,0.03053,-0.008196,-0.017475,-0.002206,0.048432,-0.025041,0.00338,-0.01967,0.014018,-0.004744,0.004766,0.004879,-0.003507,0.012384,0.014037,-0.003296,0.019643,-0.004476,0.036813,-0.027211,0.009884,0.020214,0.022008,-0.065337,-0.018576,-0.020733,0.054911,-0.014178,-0.057332,-0.133795,0.017091,0.011624,-0.051513,0.08093
P T C INC,-0.013977,-0.02492,0.030305,0.013939,0.000898,-0.00028,0.009365,0.0,-0.004889,0.007872,0.01839,0.001958,5.4e-05,-0.001194,-0.007228,0.005967,-0.006313,0.002191,-0.018798,-0.012531,-0.019457,0.013689,-0.012086,-0.015163,0.004141,0.014055,-0.000687,0.006075,-0.005925,0.014098,-0.015201,-0.004418,-0.004726,0.002027,0.017338,0.006703,0.002201,-0.00321,0.00322,0.020608,0.002262,-0.003578,0.01033,0.005905,0.013535,0.004612,-0.052531,-0.004451,0.017432,0.016465,0.009851,-0.002439,-0.023414,-0.020526,-0.000909,0.014154,-0.003587,-0.030658,0.008995,-0.000403,0.019678,-0.004232,0.00782
MARKEL GROUP INC,0.012301,0.067877,0.002861,0.007191,0.014268,0.000421,0.012829,0.009569,-0.010743,0.006565,-0.004753,0.009283,0.006432,-0.014268,-0.001385,0.006627,-0.019374,0.001337,-0.009047,-0.003374,0.014134,0.012808,-0.006408,-0.01602,-0.001639,-0.001542,0.000994,-0.013569,-0.015598,0.001273,-0.004348,-0.003999,0.006464,0.002928,0.007609,0.001586,0.012105,-0.008134,-0.005985,0.006065,-0.002185,-0.000203,0.00219,-0.019965,-0.007484,0.009846,0.001309,0.005564,0.008249,0.0152,-8.1e-05,0.007671,0.006085,-0.004438,-0.024569,-0.006826,0.000493,0.001132,0.003456,0.027811,0.006678,0.012689,-0.004156
HUBBELL INC,0.007503,-0.000964,0.018636,0.021348,0.013041,0.008421,0.032394,-0.004741,-0.012891,-0.002438,0.009201,-0.033109,0.003603,0.012808,0.015662,-0.007079,-0.001321,0.030928,-0.037143,-0.021073,0.003596,-0.001459,-0.008074,-0.036241,0.026495,-0.041088,0.002022,0.006354,-0.003523,0.042914,0.003964,-0.026675,0.018386,0.01601,-0.019781,-0.007051,0.00575,-0.004005,-0.016586,-0.005191,-0.011789,-0.017347,0.018572,0.014981,0.003932,0.011429,-0.015543,0.011235,0.009858,0.003826,-0.015428,0.044875,-0.063361,0.005919,0.003932,0.02439,0.000896,-0.059589,-0.004006,0.032457,-0.000545,0.035188,0.041733
WARNER BROS DISCOVERY INC,0.035326,0.043307,0.002516,-0.001255,-0.023869,0.003861,0.030769,0.013682,0.028221,0.02148,-0.042056,0.003659,-0.021871,0.004969,-0.024722,0.021546,-0.044665,0.003247,0.01877,-0.026684,0.05483,0.019802,0.010922,-0.010804,0.007282,0.004819,-0.008393,-0.018138,-0.009852,-0.028607,-0.066581,-0.006859,-0.01105,-0.023743,0.007153,0.019886,0.018106,-0.009576,0.001381,0.013793,0.012245,-0.045699,0.014085,0.004167,-0.002766,-0.01387,0.032349,-0.002725,0.008197,0.00271,0.002703,0.075472,0.042607,0.024039,0.017606,-0.013841,0.008187,-0.017401,-0.056671,0.04005,0.013237,0.042755,-0.014806
BERKLEY W R CORP,0.010524,0.015814,-0.005696,0.001909,-0.002033,0.000127,0.002928,0.012057,-0.014171,0.002799,-0.005835,0.002807,0.009161,-0.00807,0.007118,0.010854,-0.015483,0.00558,-0.009081,-0.007891,0.019885,0.019245,-0.011848,0.003372,-0.006224,-0.002881,0.007411,-0.005362,-0.016422,-0.003696,0.001279,-0.001533,0.02009,0.005645,0.010727,-0.006664,0.012051,0.000866,-0.019775,0.000883,-0.010078,0.005599,0.002404,-0.000505,-0.006694,0.012462,-0.010927,0.011175,-0.015007,0.022184,0.010664,0.00759,0.024986,0.007528,-0.083081,0.005433,0.007526,0.001532,0.003442,0.030494,-0.002219,0.027989,-0.00595
AMEREN CORP,0.008393,0.010203,-0.015415,-0.002564,0.006225,-0.001748,0.007275,-0.004948,0.000941,0.005506,0.00601,-0.005708,-0.002136,-0.004549,0.00215,-0.01824,-0.023224,-0.002238,-0.001542,-0.015864,0.020114,0.02601,0.005452,-0.000813,-0.018179,-0.003731,-0.014286,0.00605,-0.00042,-0.009235,-0.001996,0.001714,0.003993,-0.002983,0.012395,-0.011399,0.012811,-0.014055,-0.000285,0.01155,0.002396,-0.005063,0.010601,-0.013147,-0.001559,0.003691,0.009193,0.006306,0.018243,0.010394,-0.015295,0.01622,0.017719,-0.002525,-0.003065,0.012296,-0.008714,0.026106,0.00662,0.006318,0.00205,0.01688,-0.003144
VANGUARD SCOTTSDALE FUNDS,-0.003974,0.0133,0.017182,0.013138,0.0,-0.001621,0.003363,0.001156,0.000346,0.00577,0.01595,-0.003614,0.0,0.005214,0.002255,-0.003263,-0.003273,0.008607,0.004716,-0.005029,-0.013703,0.002847,0.00511,0.003276,0.017793,0.001438,-0.001436,0.004205,0.008814,0.013543,0.004526,0.003325,0.01005,0.001164,-0.006555,-0.001809,-0.010022,0.011093,0.005113,0.002656,-0.006986,0.009167,0.008239,0.008172,0.010911,0.000822,0.00113,0.009439,-0.020531,0.005915,0.003095,-0.001543,-0.028427,-0.007209,-0.005446,0.014924,0.000846,-0.037205,-0.010868,0.008435,0.002091,-0.014058,0.026846
NOVARTIS A G,0.003809,-0.001641,-0.000719,0.004729,0.013711,0.00535,0.006125,0.01886,0.001567,0.010268,-0.000871,-0.005135,-0.001169,0.002632,0.0,-0.008557,-0.008337,-0.005736,-0.008455,-0.00321,0.013486,0.024131,-0.003588,0.02102,0.004194,0.007308,-0.007538,0.000665,-0.008444,0.009951,0.004453,-0.00283,-0.007473,9.5e-05,0.007623,-0.004918,0.016442,0.003927,-0.002794,-0.004857,-0.000845,0.000751,-0.000939,0.003194,0.012643,-0.000647,0.001573,0.0158,0.005094,0.01086,-0.012265,0.001813,0.01149,-0.040966,-0.010166,0.024498,-0.009473,0.014763,0.005856,0.003548,0.003173,0.011385,-0.00402
LENNOX INTERNATIONAL INC,-0.017846,0.001406,0.00645,0.024829,0.002297,0.020076,0.016727,0.011889,-0.018261,0.02342,0.013022,-0.02416,-0.002647,0.002164,0.00495,0.010317,-0.013281,0.023586,-0.000973,-0.032052,0.014893,0.017285,-0.012515,-0.018376,0.025452,-0.016093,0.011148,0.019979,-0.003176,0.055031,0.012829,-0.011111,0.013895,0.016623,-0.012481,-0.001012,0.007956,-0.019002,-0.004935,0.01576,-0.012088,-0.021048,0.023448,0.020634,-0.004588,-0.002516,-0.013937,0.016897,0.023593,-0.000574,0.013012,0.024555,-0.046377,-0.001958,0.009738,0.008637,0.015431,-0.049296,0.008463,0.049603,-0.005587,0.007777,0.016497
STEEL DYNAMICS INC,-0.003612,0.008793,0.035783,-0.021186,0.00083,-0.014242,0.030729,0.002521,-0.002441,0.001631,0.013771,-0.01446,-0.007558,-0.006347,0.009543,-0.012058,0.006329,-0.001722,0.00705,-0.01899,0.013437,0.002772,-0.009412,-0.040495,-0.000629,0.009358,-0.022049,-0.014739,-0.017304,-0.006171,0.005299,-0.006012,0.048554,-0.012248,0.00544,0.019892,-0.014355,-0.021767,0.009629,0.002164,0.039264,-0.002703,-0.006581,-0.009119,-0.021317,-0.001206,-0.000161,0.024386,0.019563,-0.004238,0.020817,0.006065,-0.019893,-0.007227,-0.005343,-0.005216,-0.009001,-0.026299,0.034958,0.023041,-0.000153,-0.012795,0.033915
CHECK POINT SOFTWARE TECHS LTD,-0.003012,0.003356,0.011574,0.009722,0.013559,0.001228,-0.016459,-0.005316,-0.01016,-0.007465,0.000604,0.014094,0.000199,0.00483,-0.001844,0.012799,-0.00013,0.005993,-0.030501,-0.004409,-0.015163,0.025274,0.003787,-0.000265,0.018341,0.006632,0.01027,-0.001918,0.004996,0.007075,-0.002785,-0.006791,0.007285,0.009452,-0.002514,0.000819,-0.018067,-0.003077,0.006817,0.039218,0.014137,0.0,0.016545,0.005902,0.004327,-0.000295,0.002893,0.002472,-0.00182,0.010412,0.00163,0.015403,-0.017859,0.003031,-0.009355,-0.000117,-0.002757,0.059235,0.006109,0.008666,0.003447,-0.005126,0.005591
FORTIS INC,0.005854,0.006579,0.003268,0.00451,0.002744,0.005224,0.015343,0.001706,-0.006569,-0.001225,0.007602,0.003724,-0.00098,0.001717,0.001714,-0.011,-0.019278,0.005544,-0.015539,-0.021894,0.016138,0.024334,-0.002751,0.009027,0.01168,-0.000737,-0.01647,-0.002999,-0.005766,-0.006556,-0.002031,-0.005849,-0.00793,-0.007994,0.00182,-0.002076,0.024181,-0.006601,-0.011245,0.008271,-0.004358,-0.005922,0.003885,0.011094,-0.001531,0.002556,0.00051,0.014777,0.003013,0.0,-0.011014,0.007846,0.01105,0.010432,-0.004425,0.001975,-0.0069,0.01464,-0.004402,0.007615,0.001219,0.004383,0.014303
H D F C BANK LTD,0.009375,0.012556,-0.006115,-0.007349,-0.022727,-0.012156,-0.013198,0.003072,0.007207,0.000894,-0.005183,0.006827,0.013205,-0.004755,-0.006017,-0.000356,0.011042,0.021666,-0.003966,-0.013329,0.00386,0.011709,0.057696,-0.093418,0.052603,0.011124,0.000169,0.0,-0.000677,0.021507,-0.00116,0.006805,0.004616,0.011651,0.025791,0.002688,0.012774,0.01308,-0.000922,-0.002,-0.008324,-0.003575,0.044774,-0.004928,-0.071279,0.000485,-0.010174,-0.015174,-0.000663,0.001989,-0.002647,0.010949,-0.009518,-0.000994,-0.013433,0.021516,-0.003785,-0.01404,0.008544,0.007309,-0.00841,-0.003659,0.001669
ISHARES TRUST,0.001673,0.003155,0.002752,0.000392,-0.000392,-0.000392,0.000392,-0.00098,0.0,0.001374,0.002939,-0.000586,-0.000782,0.0,0.000391,-0.000587,-0.001566,0.000784,-0.000979,-0.000588,0.001569,0.001567,0.002237,0.001175,0.000978,0.000195,-0.003516,-0.000196,0.001372,0.002349,0.001758,-0.000195,-0.00156,0.001953,-0.00078,0.00039,0.0,-0.000195,-0.00117,0.000976,-0.00039,-0.000805,0.00196,0.002152,0.002538,-0.000584,0.0,0.000974,0.00253,0.001941,-0.000969,0.001164,0.000387,-0.001452,-0.000679,0.000388,0.000194,0.0,0.000582,0.001745,0.000967,0.000387,0.002319
E Q T CORP,-0.03567,0.021211,0.02001,0.019121,-0.009077,-0.014811,0.002756,-0.027236,0.022091,0.023121,0.005404,-0.010262,0.016292,0.018217,-0.017414,0.000486,-0.031546,0.006014,0.027148,-0.013337,0.012534,-0.00267,-0.002677,-0.008785,0.007878,-0.006839,-0.002951,0.014554,0.000972,-0.009716,-0.011528,-0.023821,-0.019573,-0.009593,-0.011518,-0.020922,0.041926,0.000779,-0.020493,-0.012712,-0.008047,-0.007842,0.007359,0.002165,-0.019439,0.001652,0.004398,0.002737,0.015011,0.000538,-0.010212,-0.025794,-0.007804,-0.007022,0.014993,-0.005853,-0.017382,0.001427,-0.020513,-0.002036,-0.006995,0.02172,-0.008618
ALEXANDRIA REAL EST EQUITIES INC,0.00794,0.011816,0.019802,-0.005311,-0.001335,-0.013449,0.020661,0.008711,-0.007155,0.027336,0.009273,-0.008868,0.000887,-0.003705,-0.001778,-0.005749,-0.034126,-0.001602,-0.012078,-0.014705,0.009111,0.023216,-0.011177,-0.00136,-0.010127,0.000774,-0.016494,-0.004979,-0.00316,0.019109,0.011665,-0.006491,-0.009887,0.004341,-0.002853,0.010577,0.012612,-0.014912,-0.005074,0.006138,0.016153,-0.009917,0.010794,0.000256,-0.002477,-0.001284,-0.005229,0.007756,0.067471,0.009533,0.008253,0.004171,0.011678,-0.021382,-0.008787,0.005032,-0.035203,-0.048102,0.003807,0.025084,-0.012614,0.013626,-0.014535
CORPAY INC,-0.019494,0.00908,0.001171,0.01106,0.007006,-0.000722,-0.069885,0.000777,0.014359,-0.014643,-0.014966,0.013617,-0.011773,-0.002111,-0.020901,-0.001245,-0.010338,-0.007483,-0.017803,0.00323,0.009166,0.004654,-0.034819,-0.001664,0.001939,0.011919,-0.009522,0.000695,-0.009916,-0.011496,-0.006583,-0.009286,0.009773,0.001388,0.039612,0.017908,0.009433,0.00241,7.4e-05,-0.004069,-0.010511,-0.000563,0.007511,-0.003243,0.011556,0.003993,-0.007696,0.013916,0.026352,0.021753,0.010854,0.013742,0.013317,-0.011932,-0.009321,-0.003022,-0.003341,-0.011749,-0.001469,0.023148,0.00486,0.013795,-0.019554
GODADDY INC,-0.000735,0.016682,-0.00555,0.038014,0.023453,0.000914,0.003499,0.015084,-0.002613,-0.005615,0.02733,-0.010553,0.005111,0.016655,0.006596,0.002952,-0.005169,0.011403,-0.011774,0.006282,-0.008252,0.010274,0.004727,-0.010621,0.00598,-0.006947,0.005048,0.019231,-0.013658,-0.01449,0.000797,-0.004704,0.003708,-0.007244,0.006349,-0.001813,0.005448,0.020013,-0.009633,0.003004,-0.003779,0.012812,0.010177,0.005247,0.002018,-0.002292,0.005082,-0.013298,-0.002387,0.022587,0.010046,0.005791,-0.022826,0.001109,0.005262,0.013706,0.003329,-0.030202,0.000559,0.002512,0.001323,-0.000278,0.011474
GENUINE PARTS CO,-0.002799,-0.00287,0.006973,-0.004574,-0.011296,-0.003679,0.006414,-0.000451,0.014555,-0.012379,-0.003664,-0.005871,-0.007852,-0.006279,-0.002764,-0.012672,-0.026339,-0.002952,-0.023757,-0.017846,0.010342,0.024595,-0.000208,0.00458,-0.012295,0.011329,0.010926,-0.018734,-0.003018,0.00528,-0.013166,-0.029877,0.023409,-0.004003,0.014928,7.1e-05,0.004384,-0.020767,-0.007405,-0.004853,0.006696,-0.032316,0.015913,-0.01912,-0.006973,0.003247,-0.013847,0.010989,0.03042,0.013039,0.02126,0.00347,0.016511,-0.026378,-0.014259,0.000796,-0.008383,-0.010714,0.016428,0.028992,0.005776,0.030114,0.000136
REGIONS FINANCIAL CORP NEW,0.015568,0.003577,0.008147,0.001515,-0.009077,0.00458,0.002026,0.002528,0.005043,0.00853,0.00796,-0.007897,0.00398,-0.014866,0.000503,-0.020613,-0.028747,0.010571,-0.003138,-0.022036,0.019313,0.018421,-0.009819,-0.013742,0.003751,-0.004805,-0.002146,-0.022043,0.0,0.027488,0.00321,-0.005333,0.013405,0.004233,-0.003688,0.001058,0.020074,-0.015018,-0.007361,0.016949,0.04375,-0.006986,0.009548,-0.009955,-0.019105,0.014352,0.01617,0.003978,0.025755,-0.011589,0.025892,0.036667,0.015618,-0.000905,0.0,0.013581,0.0,-0.012506,0.0199,0.009313,-0.014499,0.013375,-0.015838
BUILDERS FIRSTSOURCE INC,0.008588,0.023591,0.037459,0.025893,-0.190462,0.005165,0.035483,-0.013589,0.002456,0.013981,0.01314,-0.038095,0.010037,0.01305,-0.007623,-0.01173,0.00235,0.028493,-0.049153,-0.041306,0.026864,0.003934,-0.053921,-0.036813,0.023546,-0.028873,0.004394,0.00458,-0.023614,0.053457,0.0,-0.010586,0.002541,-0.003268,-0.031451,-0.010709,-0.006774,-0.040149,0.001685,0.008191,0.00399,-0.031934,0.005597,-0.002672,-0.013246,0.014253,-0.001413,0.018019,0.074386,0.039758,0.002881,0.080107,-0.039652,0.000378,-0.005914,0.018101,0.018774,-0.059556,0.029912,0.055188,0.003582,-0.002737,-0.001551
CINCINNATI FINANCIAL CORP,0.013917,-0.009719,0.006715,0.003763,-0.001533,0.002048,0.007408,0.004733,-0.004543,-0.001014,-0.007783,0.010487,0.012994,-0.017575,0.005426,0.001939,-0.014392,0.004867,-0.016485,-0.009331,0.013431,0.011876,-0.010461,-0.012978,-0.001916,0.00253,0.009225,-0.006122,-0.011799,-0.001844,-0.000264,-0.01223,0.013717,0.005887,0.01522,-0.001646,0.012152,-0.006775,-0.007598,0.015138,0.01217,0.00923,-0.002853,-0.017922,-0.008739,0.00847,0.002143,0.018558,0.019396,0.00766,0.00752,0.015171,0.016303,-0.009122,-0.039521,-0.005288,0.006728,-0.009653,0.002249,0.030424,0.020087,0.029498,0.00338
ERIE INDEMNITY CO,0.000209,0.005748,0.013171,0.026974,0.012259,-0.002318,0.014907,-0.009646,-0.009445,-0.021255,0.001776,0.003545,0.001363,0.00126,-0.001711,-0.020699,-0.014031,0.015641,-0.028461,-0.026092,0.016086,-0.030806,0.000359,-0.003917,-0.001468,0.004409,-0.013032,0.002965,-0.013276,-0.001159,-0.007499,-0.002566,0.016065,0.004108,-0.009751,0.015817,0.009248,0.009632,-0.018616,0.008886,0.000552,0.005243,0.006149,-0.002319,0.00134,0.007947,-0.030494,0.00387,0.012656,0.018705,0.014408,0.014336,0.005869,-0.002434,-0.01023,0.018339,0.010254,-0.01203,0.010377,0.087404,0.011723,0.038258,-0.003344
SYNCHRONY FINANCIAL,-0.000455,0.029345,0.01326,0.014035,-0.020978,0.007511,0.010743,-0.008026,-0.017931,0.006012,-0.023019,-0.014952,0.01058,0.005234,0.014263,-0.028125,-0.015618,0.010966,-0.002539,-0.019436,0.014394,0.018842,-0.005479,-0.023875,0.006585,0.006075,0.014863,0.014645,-0.042174,0.027784,-0.018328,-0.027071,0.033581,0.012532,0.029796,-0.010238,0.023611,-0.007909,-0.0062,-0.014483,0.066923,0.019496,-0.001663,-0.01395,-0.009291,0.015985,0.016363,-0.00743,0.020171,0.001019,0.032784,0.019519,0.009863,-0.026618,-0.016919,0.011007,0.00574,-0.018304,0.010024,0.00794,-0.005317,0.009503,-0.003922
MOLINA HEALTHCARE INC,-0.009442,0.002007,0.000383,0.010392,0.019259,-0.015465,0.016318,0.013056,-0.006345,-0.006755,-0.011801,-0.002429,0.007594,-0.010874,-0.004421,0.008997,-0.012739,-0.026012,-0.024207,-0.028048,-0.028444,0.027905,-0.013288,-0.008666,-0.003965,0.022546,-0.012253,-0.005104,0.013962,-0.023825,0.010891,-0.003634,0.003387,-0.007044,0.00608,-0.001007,0.004944,-0.014791,-0.000559,-0.004635,-0.018261,-0.017289,-0.000548,0.015034,-0.010797,-0.001398,-0.018717,-0.001218,0.010873,0.011308,-0.031941,0.082224,-0.029935,-0.034851,0.002155,0.0043,-0.009323,0.006344,0.122783,0.034519,-0.007127,0.053338,-0.026972
WATERS CORP,0.022263,-0.001076,0.017967,-0.004327,0.019384,-0.006931,0.038975,0.043666,-0.005212,0.0278,0.0078,-0.003538,-0.012649,-0.005422,-0.006695,-0.008105,-0.034432,-0.00098,-0.013731,-0.012627,-0.061132,0.004161,0.003237,-0.008519,-0.000228,-0.021615,0.005124,-0.002052,-0.003218,0.001531,-0.018109,-0.001929,-0.002339,0.00051,-0.014946,0.000931,-0.003445,-0.007951,0.011604,-0.013193,0.012741,-0.025576,0.006332,0.01058,-0.004487,-0.002236,-0.009105,0.018871,0.04568,0.003052,0.001753,0.045555,-0.00742,-0.017177,-0.02026,0.014865,-0.0208,0.014892,0.016311,0.024719,0.011259,0.019033,0.026308
WILLIAMS SONOMA INC,-0.011054,0.030429,0.042636,0.011782,-0.021636,0.010941,0.044372,-0.007882,-0.001013,0.004848,0.009743,-0.022421,-0.011372,0.022876,-0.006949,-0.109581,0.01654,0.011421,-0.012126,-0.00619,0.02042,0.01696,0.01521,-0.050155,0.054111,-0.005167,-0.013457,0.01511,0.008116,0.038918,0.033215,-0.061339,0.01167,0.048207,-0.049742,-0.001908,0.013812,-0.04253,0.007539,-0.031649,-0.01716,-0.019407,0.009534,0.005044,-0.003631,0.018791,-0.002595,0.028266,0.050191,0.032687,-0.023518,0.052431,-0.079207,-0.008729,-0.008873,0.03622,0.02523,-0.031338,-0.003176,0.032057,-0.01119,-0.029527,0.03659
KELLANOVA,-0.015209,0.075465,-0.012565,-0.007767,0.026649,0.011194,-0.011712,0.004221,0.010184,0.00112,-0.011669,0.005014,-0.009334,0.008447,0.002738,-0.009799,-0.005029,-0.004729,-0.025229,0.001681,-0.004362,0.016852,0.001823,0.009851,-0.011243,0.00485,-0.007655,-0.009056,0.010493,-0.01591,-0.000511,-0.020603,0.010431,0.0117,-0.018367,-0.004158,0.01357,-0.003261,-0.011882,0.005228,0.0,-0.016644,-0.000353,-0.000529,-0.005117,-0.00337,0.003203,0.009225,-0.000879,-0.005278,-0.003891,0.012962,0.033304,-0.002036,-0.014788,-0.006039,-0.017358,0.010952,0.000874,0.003317,-0.005916,0.007352,0.010426
VANGUARD SCOTTSDALE FUNDS,0.001681,0.001738,0.001561,-0.000173,0.000173,-0.000173,0.000693,-0.000519,0.0,0.000693,0.001904,-0.000518,-0.000518,0.0,0.000346,-0.000691,-0.000692,0.000173,-0.000692,-0.000173,0.001039,0.001384,0.000969,0.001039,0.001038,0.000173,-0.00242,0.0,0.001213,0.001038,0.001729,0.000518,-0.001208,0.001382,-0.00069,0.00069,0.0,0.000345,-0.001035,0.00069,0.000173,-0.000835,0.000693,0.001211,0.002074,-0.000173,0.0,0.000173,0.002242,0.001377,0.000172,0.000516,-0.000172,-0.000344,-0.000516,0.000172,0.000516,0.000687,-0.000172,0.001374,0.000343,0.000171,0.0024
BALL CORP,-0.018543,-0.004247,0.008825,0.00452,0.004499,0.009825,-0.004006,-0.006465,0.00159,0.010972,0.00714,-0.004395,-0.001567,-0.000285,0.003139,-0.002702,-0.022248,0.004667,-0.020616,-0.013638,0.031861,0.011215,0.006193,-0.008039,0.01288,-0.002858,-0.018914,-0.001022,-0.007895,-0.01061,-0.013703,-0.003171,0.006514,-0.062914,-0.029393,0.003806,0.015167,-0.002923,-0.012052,0.006924,-0.017354,-0.007831,0.002687,0.005359,-0.006497,0.004695,-0.01769,0.007305,0.020408,0.004959,0.005099,0.0162,-0.002899,-0.003391,-0.010857,0.004423,0.022835,-0.010365,-0.000161,0.019339,-0.000158,0.000158,0.00917
CAMECO CORP,0.028271,0.031969,-0.000206,0.047924,0.020107,-0.022995,0.03303,-0.025273,-0.03791,0.020417,-0.0002,-0.002802,0.06462,0.017908,-0.005,-0.029592,-0.008631,0.02515,0.021514,0.00388,0.007913,0.013511,-0.025401,-0.008872,0.012309,0.021923,-0.037318,0.003745,-0.052052,0.03208,0.009153,-0.019274,-0.011753,0.021642,-0.003435,-0.012447,-0.021912,-0.00793,0.008993,0.025153,-0.049459,0.020732,-0.009757,0.01669,-0.012461,-0.024034,0.005336,0.09655,0.0,-0.015823,-0.012294,-0.016277,-0.07592,-0.021487,0.003875,0.021017,-0.005251,-0.01837,-0.041084,0.013683,-0.012171,-0.008065,0.027326
AERCAP HOLDINGS N V,0.012191,0.015201,0.008984,0.007877,-0.009627,0.03065,0.018975,-0.007187,-0.016014,0.011593,0.02292,-0.023268,0.008934,0.002842,0.00218,-0.003381,-0.001751,0.013922,-0.00746,-0.015795,0.016713,0.009253,0.004854,-0.011164,-0.004234,-0.005124,-0.009533,0.018918,-0.02139,0.009653,-0.01022,-0.011547,0.020218,0.016184,-0.002709,0.013688,0.0,0.038581,-0.023424,-0.007713,-0.007561,-0.009227,0.01971,-0.002761,-0.003514,-0.004061,0.008906,-0.00117,0.0197,0.000731,0.008557,0.010347,-0.018536,-0.016173,-0.00753,0.015174,0.005158,-0.023877,-0.000107,0.004077,0.003313,-0.009479,0.010215
TELEDYNE TECHNOLOGIES,0.004063,0.00671,-0.000674,0.013235,0.006634,-0.003333,0.002298,0.002216,-0.006785,0.013254,0.01899,-0.003122,0.010366,0.002756,0.000859,0.003236,-0.020136,0.003766,-0.018733,-0.022813,0.020107,0.008255,-0.008414,0.004548,-0.001012,-0.005063,-0.010026,5.1e-05,-0.002442,0.023343,-0.007452,-0.011744,-0.005108,-0.003199,0.00044,0.005329,0.006768,-0.015515,-0.002285,0.005543,0.004063,-0.013068,0.004309,0.007073,-0.015002,0.003591,-0.003004,0.018366,0.013609,0.000305,0.001928,0.021653,-0.003371,-0.007312,-0.015509,0.012241,0.011138,0.036875,-0.003117,0.014097,0.003511,0.002222,-0.005
ILLUMINA INC,0.013247,-0.005534,-0.048875,0.008904,-0.051773,-0.0195,0.006599,-0.007364,0.020266,0.024918,-0.004932,-0.004782,-0.029617,-0.022869,-0.008477,-0.002044,-0.01434,0.005952,-0.013618,-0.031134,-0.006977,0.031964,-0.008726,-0.012673,0.046345,0.074211,-0.008848,-0.034125,0.025223,-0.036238,0.006543,-0.005127,0.003773,-0.008893,0.001388,0.002956,0.015382,0.022073,-0.037873,0.007381,-0.019538,0.01073,9.5e-05,-0.00218,0.030775,-0.006266,-0.010757,0.060836,0.042679,-0.016187,0.004049,0.074382,-0.042642,-0.034198,-0.011227,0.027251,-0.01709,0.005969,0.008685,0.026684,0.009383,0.007733,0.000816
ARCELORMITTAL S A LUXEMBOURG,0.002399,0.039888,0.005754,-0.008009,-0.013456,-0.010912,0.004334,0.001177,0.007837,0.010109,-0.002694,0.02856,0.001515,-0.012103,0.00268,-0.014509,-0.010461,0.009005,0.000776,-0.029469,0.036356,0.021203,0.008683,-0.033308,-0.012776,0.012549,-0.027111,0.000398,-0.026263,-0.010217,-0.009496,-0.030429,0.015047,0.011859,0.004604,-0.014583,0.000846,-0.008027,-0.022147,-0.010453,0.009243,-0.004361,0.001752,0.018365,-0.002147,-0.010327,-0.028261,0.010738,0.023904,0.018591,-0.005093,-0.013225,0.005188,-0.018495,-0.011832,0.017295,-0.017437,-0.01331,0.01214,0.009329,-0.005282,-0.016814,0.028803
PURE STORAGE INC,-0.005357,0.025933,0.01575,0.032734,-0.014273,0.005077,0.012348,0.005544,-0.00147,0.038285,0.056373,-0.012418,0.005098,0.016399,-0.003493,0.006677,-0.004974,0.017331,0.024079,0.007678,0.003968,-0.046798,-0.008127,0.010702,0.050298,0.008822,0.014054,0.017863,0.006959,0.004958,0.021079,-0.009078,0.001921,0.007963,-0.034967,-0.022438,-0.025745,0.001592,-0.003338,0.039388,-0.014882,0.020246,-0.041826,0.014657,0.015544,0.007576,0.010895,0.027778,-0.035445,-0.001684,0.009356,-0.028415,-0.051767,-0.014514,-0.010879,0.033672,0.002455,-0.047681,-0.015432,0.014803,-0.001201,-0.02921,0.060708
LEIDOS HOLDINGS INC,0.014049,0.003305,-0.00694,0.006706,0.001613,0.018551,0.009141,0.004427,-0.009425,0.003491,0.004434,0.002105,0.007522,0.005179,0.005621,-0.002396,-0.001,0.009214,-0.023619,-0.012603,-0.00302,0.012183,-0.010405,-0.006872,0.007957,-0.009817,0.004229,-0.000898,-0.006495,0.005564,-0.002974,-0.000486,0.001113,6.9e-05,0.014875,0.003835,0.013577,-0.001817,-0.012813,0.005397,-0.008833,-0.002194,0.002061,0.005348,-0.007706,0.000344,-0.003504,0.026129,0.000739,0.006512,-0.006403,0.019133,-0.010342,0.003727,-0.005703,0.020408,0.01268,-0.031238,0.012792,-0.014406,0.020957,-0.045695,-0.010823
TEXAS PACIFIC LAND CORP,-0.030557,-0.000233,0.005478,0.017485,-0.00301,-0.010918,0.091801,0.0138,-0.029565,0.003965,-0.010104,0.011604,0.002794,0.011275,0.001912,-0.016594,0.000674,0.004651,0.009603,-0.005445,0.001254,-0.000374,-0.028243,-0.018983,0.014611,-0.000455,-0.018018,0.2426,0.060046,0.013773,-0.017073,-0.018325,0.013347,0.010145,0.011124,-0.027633,-0.00942,0.00337,-0.009597,-0.012355,0.000586,0.000803,0.013989,0.017415,-0.000348,0.005284,-0.001983,0.035947,0.01049,0.02057,0.026845,0.00158,-0.006735,-0.001906,-0.003036,-0.008705,-0.009215,-0.008101,0.017758,0.01398,-0.002345,0.011507,0.022473
CITIZENS FINANCIAL GROUP INC,0.017297,0.008357,0.011432,0.010455,-0.005313,0.010683,0.001947,0.001111,-0.003328,0.013634,0.011255,-0.008686,0.017525,-0.01803,0.002192,-0.018048,-0.022,0.006549,-0.019519,-0.013272,0.00614,0.025574,-0.016152,-0.015841,-0.001756,-0.001466,0.002642,0.006735,-0.011926,0.035031,-0.019056,-0.012178,0.012621,0.007826,-0.002588,0.002595,0.017831,-0.011303,-0.006002,-0.004313,0.040427,-0.005551,0.01535,-0.009071,-0.022469,0.008797,0.021097,0.010468,0.04144,0.0,0.012042,0.024315,0.033333,-0.004154,0.006135,0.009756,0.021739,-0.001891,0.024159,-0.000231,-0.00532,0.004651,-0.002546
MCCORMICK & CO INC,-0.019853,0.007914,0.004126,0.004109,0.005544,-0.008139,-0.002912,0.010751,-0.005384,-0.015052,0.000402,-0.00201,-0.00631,0.003513,-0.003635,-0.004865,-0.020234,0.000832,-0.012464,-0.015846,0.007695,0.02121,-0.004431,-0.042142,-0.008131,0.013322,-0.009246,-0.006853,0.016004,-0.002023,-0.016507,-0.001914,0.02493,-0.012234,-0.00102,0.00175,0.007571,-0.009538,-0.012693,0.043298,0.004816,-0.013956,0.004146,-0.005268,0.014455,-0.01439,0.009073,0.017982,-0.001963,0.003652,0.018195,0.007835,0.015412,-0.002955,-0.008622,-0.002174,0.006945,0.003922,0.007275,0.013642,0.004354,0.009853,0.001821
C M S ENERGY CORP,0.003795,0.007068,0.004733,0.000812,0.009901,0.008357,0.00781,-0.004745,-0.000318,-7.9e-05,0.009617,0.00254,0.001425,-0.007748,-0.002231,-0.012298,-0.015686,0.0092,-0.003093,-0.012737,0.01439,0.026088,-0.004608,0.003831,-0.014313,-0.010003,-0.011897,-0.002144,-0.001818,-0.009604,-0.001003,-0.001674,-0.006203,-0.005736,0.009162,0.001177,0.020487,-0.026658,0.007777,0.005871,-0.007171,-0.012263,0.002891,-0.001696,0.001019,-0.003903,0.002726,0.005606,0.024835,0.008737,-0.014381,0.016084,0.013871,-0.008531,-0.004221,0.00163,-0.000651,0.017427,0.011846,-0.003955,0.011118,0.022777,-0.004761
CARLISLE COMPANIES,-0.007907,0.025676,0.008606,0.017567,0.000197,0.007249,0.022326,-0.002347,-0.004656,0.0102,0.005801,-0.014952,0.008264,0.005244,0.016626,-0.007685,-0.000756,0.011153,-0.01519,-0.016326,0.006344,0.002685,-0.031007,-0.006489,0.011249,0.000688,0.003313,0.000318,-9.8e-05,0.016262,-0.004812,-0.020044,0.024352,0.01674,-0.00507,-0.006572,0.022075,-0.025819,-0.007198,-0.00291,-0.014639,-0.018756,0.019743,0.008361,-0.004647,0.007814,-0.006169,0.022767,0.021997,0.010539,0.000859,0.021281,-0.032244,-0.006715,-0.014254,0.024868,0.004937,-0.040072,-0.003881,0.034066,0.003509,-0.021096,0.003404
ISHARES TRUST,0.004774,0.005918,0.00464,0.005774,0.0041,0.003757,0.009276,0.001612,0.001127,0.004181,0.005284,-0.000239,0.001753,-0.003738,0.001676,-0.008128,-0.016631,0.006373,-0.008281,-0.01277,0.012355,0.019494,-0.006829,-0.003074,-0.00211,-0.003984,-0.004327,-0.002296,-0.004353,8.3e-05,-0.00366,-0.006762,0.004034,0.004688,0.005582,-0.00058,0.013928,-0.010711,-0.003471,-0.001991,0.005402,-0.005538,0.00399,-0.001987,-0.004645,0.002,0.00183,0.010212,0.019724,0.007737,0.00088,0.01638,0.009827,-0.00833,-0.004475,0.005441,-0.003373,0.003463,0.005176,0.010299,-0.000927,0.005797,-0.000154
BROOKFIELD ASSET MANAGEMENT LTD,0.0,0.00995,0.014519,0.020445,-0.003757,-0.015837,0.021711,-0.00625,-0.005031,0.010367,0.001502,-0.001249,0.011008,0.001732,0.000494,-0.018765,-0.002265,0.014376,-0.014172,-0.033291,0.031829,0.00177,0.001529,-0.005598,0.013818,-0.017163,-0.025424,0.000527,-0.017909,0.026012,-0.000261,-0.006275,0.003683,-0.004456,-0.002106,0.001583,0.00843,0.001829,-0.009648,0.005529,-0.003666,-0.014455,0.02,0.019085,-0.01334,-0.00832,-0.006817,0.031679,0.028659,0.013433,0.014237,0.020329,-0.01352,-0.003126,-0.008683,0.029441,-0.004491,-0.023979,0.008514,0.015437,0.002613,0.024639,0.008786
ATMOS ENERGY CORP,0.006446,0.003287,0.002268,0.001089,0.007451,0.002077,-0.007463,-0.020971,-0.007254,0.007909,0.004776,0.006366,0.000675,-0.003034,0.00186,-0.011055,-0.027306,-0.005044,-0.005062,-0.006248,0.011227,0.029576,-0.003537,0.00329,-0.007593,0.003826,-0.005803,0.006099,0.002338,0.003715,-8.6e-05,-0.000172,0.001205,0.006105,0.001538,-0.007595,0.014877,-0.012625,-0.003604,0.00379,0.000858,-0.005744,0.004656,-0.011672,-0.004689,-0.004711,0.006048,0.019517,0.024442,0.008926,-0.00091,0.012497,0.018882,-0.011472,-0.002191,0.004555,0.008339,0.01092,-0.007705,0.009846,0.006975,0.009288,-0.002652
COTERRA ENERGY INC,-0.016447,0.00929,0.037923,0.005676,-0.009524,-0.000356,0.014963,-0.014391,-0.003917,0.006793,-0.004972,0.007192,0.006426,0.008514,-0.020753,-0.012572,-0.015278,0.002216,0.01585,-0.003991,0.011293,0.027378,-0.0277,-0.009016,0.002911,0.003628,-0.002892,0.019579,0.006046,-0.015553,-0.025494,-0.015107,-0.002245,0.000375,0.007871,-0.010041,0.038693,0.0,-0.018083,-0.01105,-0.006704,-0.004874,0.009043,0.004107,-0.024544,0.012962,-0.003387,0.005665,0.013519,0.004076,0.005535,0.004404,-0.013153,0.003702,-0.011435,-0.002985,-0.022081,-0.013012,-0.002714,0.002333,-0.002715,-0.000389,0.003891
OMNICOM GROUP INC,0.008725,-0.010892,0.001296,0.004744,0.016203,0.003907,0.006522,0.001359,0.005009,0.002908,0.011183,-0.010342,-0.00538,0.000832,-0.012889,0.003054,-0.010918,0.009446,-0.019977,-0.022422,-0.00439,0.024691,-0.027969,0.009517,0.000987,-0.003833,0.001429,-0.004721,-0.003446,-0.005354,0.002467,-0.010963,0.018889,0.011989,-0.015467,0.008022,0.002874,-0.01025,-0.012361,0.003383,0.007978,-0.022408,0.015851,0.001684,-0.003698,0.007986,0.010044,0.007182,0.012176,0.011163,0.004823,0.017067,-0.040168,0.006228,-0.011836,0.008242,0.005668,-0.016473,0.02865,0.022282,0.000524,0.025555,0.001226
PINTEREST INC,0.210164,0.000494,-0.002222,0.024004,0.012567,0.017661,0.000235,-0.01524,-0.003571,0.004062,0.009995,0.007776,0.000234,-0.003273,-0.026501,-0.003132,-0.001933,0.00339,0.001448,0.01494,-0.017569,0.002658,-0.00699,-0.012621,0.013029,0.036884,0.032296,-0.001587,-0.005677,0.002512,-0.015262,0.006477,0.007355,0.008898,-0.004749,-0.008862,-0.011463,0.043136,-0.012895,-0.006306,-0.001133,-0.022464,0.004178,-0.003236,0.009045,-0.001609,-0.002302,-0.013844,-0.014506,-0.019706,0.001695,-0.014507,-0.001472,0.006388,-0.004395,0.007847,-0.006813,-0.049241,-0.023963,-0.008712,-0.00506,-0.000268,-0.144578
ISHARES TRUST,0.000305,0.000454,0.000182,9.1e-05,9.1e-05,0.000182,0.000363,0.000181,0.000182,9.1e-05,0.000272,0.000272,0.000181,0.000181,9.1e-05,0.000181,0.000498,9.1e-05,-4.5e-05,9.1e-05,0.000272,0.000362,0.000202,0.000182,9.1e-05,0.000273,0.000272,0.000182,9.1e-05,0.000363,9.1e-05,0.000454,9.1e-05,0.000272,0.000181,0.000453,9.1e-05,0.000181,0.0,0.000272,0.000453,0.000147,0.000182,0.000273,0.000363,0.000272,0.0,9.1e-05,0.000272,0.000544,0.000181,9.1e-05,9.1e-05,0.000181,0.000544,9.1e-05,0.000136,0.000136,9.1e-05,0.000543,0.000181,9.1e-05,9e-05
WESTLAKE CORP,0.012351,0.002212,0.018327,0.006897,0.020548,-0.009652,0.015296,0.00534,-0.011887,0.005887,-0.006425,-0.007171,0.017864,0.018374,0.002184,-0.0208,-0.003434,0.01187,0.002523,-0.014155,0.017676,0.006772,-0.024352,-0.015448,0.014783,-0.014248,-0.008232,-0.017777,0.011844,0.005195,0.002355,-0.022125,0.003604,0.004456,-0.006157,-0.014256,0.016828,-0.027117,0.001503,-0.004093,-0.008082,-0.010358,-0.003977,0.009527,-0.014642,0.004507,-0.017106,0.008203,0.033746,0.003627,-0.001977,0.020634,0.006293,-0.015035,-0.016412,-0.001648,-0.002614,-0.02586,0.010265,0.002242,0.005244,0.012797,0.015383
HOLOGIC INC,0.006731,-0.00485,0.008299,-0.00797,0.002239,-0.003154,-0.00145,-0.008053,0.005723,0.001059,-0.010443,0.001202,0.000934,-0.002266,-0.004008,0.003488,-0.010961,-0.002568,-0.005962,-0.013223,0.002625,0.016533,0.010165,0.00161,-0.005358,0.007138,-0.003611,-0.007247,-0.014465,-0.005761,-0.004691,-0.004852,-0.005015,0.00056,0.010354,0.01191,-0.008074,-0.011452,0.008653,0.026844,0.000539,-0.00202,-0.007692,-0.00068,0.008438,0.005803,0.002952,0.013645,0.009502,0.015688,-0.004505,0.014482,0.005481,-0.015591,0.005794,0.003457,-0.003572,0.003073,-0.005872,0.00963,0.012845,0.036037,-0.010908
APTIV PLC,-0.017606,0.115269,0.038951,0.044296,-0.016588,0.00241,0.005889,-0.010874,-0.000483,0.001209,-0.013399,0.006852,-0.002187,-0.00207,0.004515,-0.00729,-0.017501,0.028276,0.007026,-0.019367,0.005397,0.015861,0.016695,-0.01016,-0.026256,-0.003554,0.001476,-0.021616,-0.04243,-0.013241,-0.010097,-0.056503,0.009246,-0.004651,0.037242,0.026758,0.011701,-0.035879,-0.079335,0.021321,0.020876,-0.028117,0.014611,0.00504,0.005588,-0.007125,-0.008611,0.007527,0.030891,0.013519,-0.006326,0.015915,-0.013622,-0.010082,-0.039202,0.015391,-0.019162,-0.022015,0.011181,0.013416,0.002328,-0.018433,0.026024
PRINCIPAL FINANCIAL GROUP INC,0.008971,0.00789,0.009071,0.017732,-0.002299,0.006306,0.006146,0.005629,-0.000476,0.003217,0.007008,-0.005898,0.010085,-0.018677,-0.000599,-0.002515,-0.022334,0.009826,-0.013379,-0.009246,0.010825,0.009847,-0.007192,-0.012138,-0.001379,-0.00339,-0.001386,-0.000631,-0.019313,0.007337,-0.011372,-0.009177,0.015784,0.006549,0.023858,-0.002991,0.010249,-0.008908,-0.005867,-0.00226,-0.012711,-0.005609,0.016024,-0.001262,-0.00998,0.001148,0.030716,0.008409,0.028571,0.012518,0.013541,0.009178,0.006792,-0.02424,-0.007382,0.007437,-0.004336,-0.014593,0.008241,-0.034234,-0.001227,0.004912,-0.003911
